task,task_label,reference_layer,target_layer,objective,feature_set,feature_cost_level,n_molecules,n_features,model,split,shape,n_replicates,ci_source,kendall_tau_b_replicate_spread,mae_ev,mae_ev_lo,mae_ev_hi,rmse_ev,rmse_ev_lo,rmse_ev_hi,r2,r2_lo,r2_hi,kendall_tau_b,kendall_tau_b_lo,kendall_tau_b_hi,spearman_rho,spearman_rho_lo,spearman_rho_hi,kendall_tau_b_vs_reference,kendall_tau_b_vs_reference_lo,kendall_tau_b_vs_reference_hi,top_k_overlap_10%,top_k_overlap_10%_lo,top_k_overlap_10%_hi,top_k_overlap_20%,top_k_overlap_20%_lo,top_k_overlap_20%_hi,top_k_overlap_30%,top_k_overlap_30%_lo,top_k_overlap_30%_hi,jaccard_10%,jaccard_10%_lo,jaccard_10%_hi,jaccard_20%,jaccard_20%_lo,jaccard_20%_hi,jaccard_30%,jaccard_30%_lo,jaccard_30%_hi,selection_regret_10%,selection_regret_10%_lo,selection_regret_10%_hi,selection_regret_20%,selection_regret_20%_lo,selection_regret_20%_hi,selection_regret_30%,selection_regret_30%_lo,selection_regret_30%_hi,dropped_molecules
M,method (P0 -> P1),P0,P1,oxidation,X0,X0,18,12,constant,random,direct,5,seeds,0.23256,0.521725,0.350073,0.725157,0.660809,0.445616,0.856447,0.591999,,,0.401324,0.0617589,0.689677,0.573347,0.12497,0.849087,0.673203,,,1,0,1,0.5,0,1,0.4,0.2,1,1,0,1,0.333333,0,1,0.25,0.111111,1,0,0,1.42703,0.567826,0,1.04842,0.573369,0,0.914124,
M,method (P0 -> P1),P0,P1,oxidation,X0,X0,18,12,ridge,random,direct,5,seeds,0.183007,0.569189,0.319958,0.840422,0.783668,0.452968,1.00548,0.426182,,,0.503268,0.159363,0.819444,0.638803,0.179214,0.929387,0.673203,,,0,0,1,0.5,0,1,0.6,0,1,0,0,1,0.333333,0,1,0.428571,0,1,1.40132,0,2.5216,0.826598,0,1.66994,0.62343,0,1.39641,
M,method (P0 -> P1),P0,P1,oxidation,X0,X0,18,12,krr,random,direct,5,seeds,0.313725,0.617882,0.36521,0.911491,0.852307,0.530763,1.12766,0.321263,,,0.398693,0.0588022,0.71223,0.529412,0.0779996,0.84171,0.673203,,,0,0,1,0.5,0,0.75,0.6,0.2,0.8,0,0,1,0.333333,0,0.6,0.428571,0.111111,0.666667,1.40132,0,2.5216,0.677712,0.010261,1.64573,0.736732,0.0435424,1.39669,
M,method (P0 -> P1),P0,P1,oxidation,X0,X0,18,12,gpr,random,direct,5,seeds,0.248366,0.627973,0.315542,0.997059,0.968702,0.510553,1.3525,0.12322,,,0.424837,0.0975246,0.724138,0.589267,0.137804,0.856873,0.673203,,,0.5,0,1,0.75,0.25,1,0.8,0.2,1,0.333333,0,1,0.6,0.142857,1,0.666667,0.111111,1,0.408917,0,1.83595,0.630401,0,1.42156,0.504321,0,1.20432,
M,method (P0 -> P1),P0,P1,oxidation,X0,X0,18,12,rf,random,direct,5,seeds,0.20915,0.662418,0.366284,0.997045,0.949666,0.519952,1.27661,0.157342,,,0.281046,-0.0715394,0.586268,0.424149,-0.0752128,0.769714,0.673203,,,0,0,0.5,0.25,0,0.75,0.4,0,0.8,0,0,0.333333,0.142857,0,0.6,0.25,0,0.666667,1.7932,0.391885,2.5216,1.17686,0.208568,1.85835,0.792939,0.11664,1.61314,
M,method (P0 -> P1),P0,P1,oxidation,X0,X0,18,12,gbdt,random,direct,5,seeds,0.20915,0.741078,0.466678,1.03633,0.976148,0.646747,1.26831,0.109689,,,0.215686,-0.166667,0.539621,0.353973,-0.163428,0.74739,0.673203,,,0,0,0,0,0,0.5,0.2,0,0.8,0,0,0,0,0,0.333333,0.111111,0,0.666667,1.7932,0.595664,2.5216,1.37305,0.392266,2.0002,1.06059,0.281729,1.78453,
M,method (P0 -> P1),P0,P1,oxidation,X0,X0,18,12,constant,random,shift,5,seeds,0.0653595,0.361492,0.243179,0.498332,0.453433,0.288829,0.596564,0.807896,,,0.751634,0.534166,0.90411,0.894737,0.67049,0.972804,0.673203,,,1,0,1,1,0.5,1,0.8,0.4,1,1,0,1,1,0.333333,1,0.666667,0.25,1,0,0,0.5368,0,0,0.243909,0.0756572,0,0.223722,
M,method (P0 -> P1),P0,P1,oxidation,X0,X0,18,12,ridge,random,shift,5,seeds,0.0784314,0.419523,0.2331,0.63982,0.622689,0.338642,0.866132,0.637713,,,0.581699,0.273909,0.833333,0.727554,0.331872,0.930608,0.673203,,,0,0,1,0.75,0,1,0.6,0.2,1,0,0,1,0.6,0,1,0.428571,0.111111,1,0.826174,0,2.0616,0.496201,0,1.52469,0.40517,0,1.17593,
M,method (P0 -> P1),P0,P1,oxidation,X0,X0,18,12,krr,random,shift,5,seeds,0.248366,0.476767,0.246979,0.7047,0.64858,0.367503,0.925917,0.60696,,,0.620915,0.300682,0.85034,0.779154,0.437505,0.946196,0.673203,,,0,0,1,0.5,0,1,0.6,0.2,1,0,0,1,0.333333,0,1,0.428571,0.111111,1,0.826174,0,1.58108,0.656341,0,1.32767,0.60073,0,1.17394,
M,method (P0 -> P1),P0,P1,oxidation,X0,X0,18,12,gpr,random,shift,5,seeds,0.156863,0.454226,0.227999,0.712656,0.698543,0.381745,0.962228,0.544072,,,0.647059,0.347818,0.876712,0.770898,0.415657,0.957947,0.673203,,,0,0,1,0.5,0,1,0.6,0.2,1,0,0,1,0.333333,0,1,0.428571,0.111111,1,0.826174,0,1.7932,0.656341,0,1.43152,0.472527,0,1.17554,
M,method (P0 -> P1),P0,P1,oxidation,X0,X0,18,12,rf,random,shift,5,seeds,0.0653595,0.519797,0.282957,0.806454,0.774493,0.383312,1.08276,0.439539,,,0.529412,0.179812,0.819476,0.669763,0.235977,0.918539,0.673203,,,0,0,1,0.5,0,1,0.4,0,0.8,0,0,1,0.333333,0,1,0.25,0,0.666667,0.826174,0,1.94646,0.896602,0,1.67018,0.792939,9.08e-05,1.49045,
M,method (P0 -> P1),P0,P1,oxidation,X0,X0,18,12,gbdt,random,shift,5,seeds,0.130719,0.526029,0.278486,0.819724,0.803119,0.426141,1.12956,0.397344,,,0.477124,0.124957,0.802817,0.583075,0.134333,0.903871,0.673203,,,0,0,1,0.5,0,1,0.4,0,0.8,0,0,1,0.333333,0,1,0.25,0,0.666667,0.826174,0,2.23,0.896602,0,1.70652,0.792939,0.0082088,1.50316,
M,method (P0 -> P1),P0,P1,oxidation,X0,X0,18,12,constant,group,direct,1,molecules,0,0.790235,0.495028,1.12076,1.0487,0.700873,1.35554,-0.0275798,,,0.0538968,-0.434836,0.442277,0.171253,-0.467321,0.638916,0.673203,,,0,0,0.5,0.5,0,0.75,0.4,0,0.8,0,0,0.333333,0.333333,0,0.6,0.25,0,0.666667,1.21806,0.391194,2.5216,0.896602,0.250522,2.13798,1.07042,0.221387,1.94603,
M,method (P0 -> P1),P0,P1,oxidation,X0,X0,18,12,ridge,group,direct,1,molecules,0,0.643913,0.364738,0.938154,0.897811,0.545022,1.18815,0.246853,,,0.30719,-0.0555751,0.643937,0.397317,-0.104212,0.789965,0.673203,,,0,0,1,0.5,0,0.75,0.4,0,0.8,0,0,1,0.333333,0,0.6,0.25,0,0.666667,0.826174,0,2.33885,1.03523,0.0939637,1.80435,0.83639,0.116642,1.63577,
M,method (P0 -> P1),P0,P1,oxidation,X0,X0,18,12,krr,group,direct,1,molecules,0,0.701682,0.392742,1.03425,1.00664,0.604925,1.32743,0.0531913,,,0.411765,0.027388,0.762299,0.535604,0.0345969,0.876888,0.673203,,,0,0,0.5,0.25,0,0.75,0.6,0,0.8,0,0,0.333333,0.142857,0,0.6,0.428571,0,0.666667,1.67806,0.27674,2.5216,1.08228,0.14569,1.76386,0.717282,0.0082088,1.55756,
M,method (P0 -> P1),P0,P1,oxidation,X0,X0,18,12,gpr,group,direct,1,molecules,0,0.704057,0.404162,1.06674,1.01232,0.564973,1.4174,0.0424873,,,0.346405,0.0140845,0.655172,0.477812,-0.00631524,0.809902,0.673203,,,0,0,1,0.5,0,1,0.4,0,0.8,0,0,1,0.333333,0,1,0.25,0,0.666667,0.826174,0,2.23,0.896602,0,2.25937,0.792848,0.0082088,2.16864,
M,method (P0 -> P1),P0,P1,oxidation,X0,X0,18,12,rf,group,direct,1,molecules,0,0.671484,0.354939,1.01324,0.982063,0.545961,1.31836,0.0988681,,,0.333333,-0.0638527,0.684951,0.4613,-0.108144,0.827847,0.673203,,,0,0,0.5,0.25,0,0.75,0.4,0,0.8,0,0,0.333333,0.142857,0,0.6,0.25,0,0.666667,1.77268,0.391886,2.5216,1.08228,0.145803,1.85837,0.941484,0.101729,1.62412,
M,method (P0 -> P1),P0,P1,oxidation,X0,X0,18,12,gbdt,group,direct,1,molecules,0,0.803077,0.521126,1.11837,1.03681,0.690281,1.33755,-0.00440869,,,0.267974,-0.0821918,0.551056,0.459236,-0.0250039,0.757641,0.673203,,,0,0,0.5,0.25,0,0.75,0.4,0,0.8,0,0,0.333333,0.142857,0,0.6,0.25,0,0.666667,1.67806,0.27674,2.2532,1.17686,0.250271,1.92525,0.941484,0.1923,1.70936,
M,method (P0 -> P1),P0,P1,oxidation,X0,X0,18,12,constant,group,shift,1,molecules,0,0.476888,0.222826,0.761024,0.763862,0.336797,1.10129,0.45482,,,0.529412,0.194378,0.816933,0.665635,0.222022,0.924851,0.673203,,,0,0,1,0.5,0,1,0.6,0,1,0,0,1,0.333333,0,1,0.428571,0,1,0.826174,0,1.6016,0.656341,0,1.49001,0.60073,0,1.41708,
M,method (P0 -> P1),P0,P1,oxidation,X0,X0,18,12,ridge,group,shift,1,molecules,0,0.513669,0.293221,0.777547,0.734211,0.427502,1.00327,0.496324,,,0.51634,0.191422,0.771469,0.663571,0.238481,0.885802,0.673203,,,0,0,1,0.5,0,1,0.6,0,0.8,0,0,1,0.333333,0,1,0.428571,0,0.666667,0.826174,0,2.04108,0.896602,0,1.64688,0.717282,9.08e-05,1.45909,
M,method (P0 -> P1),P0,P1,oxidation,X0,X0,18,12,krr,group,shift,1,molecules,0,0.55273,0.328322,0.825751,0.764891,0.464964,1.0389,0.453351,,,0.607843,0.257009,0.867764,0.729618,0.292171,0.952003,0.673203,,,0,0,1,0.5,0,1,0.6,0,1,0,0,1,0.333333,0,1,0.428571,0,1,0.826174,0,1.9848,0.896602,0,1.64002,0.717282,0,1.46121,
M,method (P0 -> P1),P0,P1,oxidation,X0,X0,18,12,gpr,group,shift,1,molecules,0,0.588171,0.352991,0.8528,0.806603,0.468268,1.07715,0.392103,,,0.51634,0.219056,0.771438,0.688338,0.304708,0.895515,0.673203,,,0,0,1,0.5,0,1,0.4,0,1,0,0,1,0.333333,0,1,0.25,0,1,0.826174,0,1.77,0.750799,0,1.6228,0.792848,0,1.41418,
M,method (P0 -> P1),P0,P1,oxidation,X0,X0,18,12,rf,group,shift,1,molecules,0,0.531688,0.305252,0.817297,0.781284,0.426251,1.0857,0.429668,,,0.568627,0.208633,0.847249,0.706914,0.283569,0.937436,0.673203,,,0,0,1,0.5,0,1,0.6,0,1,0,0,1,0.333333,0,1,0.428571,0,1,0.826174,0,2.04108,0.896602,0,1.65649,0.717282,0,1.48614,
M,method (P0 -> P1),P0,P1,oxidation,X0,X0,18,12,gbdt,group,shift,1,molecules,0,0.519986,0.29319,0.806519,0.766456,0.434879,1.06323,0.45111,,,0.542484,0.225294,0.81295,0.698658,0.290929,0.922513,0.673203,,,0,0,1,0.5,0,1,0.6,0,1,0,0,1,0.333333,0,1,0.428571,0,1,0.826174,0,2.0616,0.896602,0,1.67435,0.717282,0,1.4654,
M,method (P0 -> P1),P0,P1,oxidation,X0,X0,18,12,constant,lofo,direct,1,molecules,0,0.848541,0.512646,1.25071,1.17295,0.75157,1.55939,-0.285501,,,-0.725243,-0.924681,-0.431659,-0.838703,-0.974498,-0.544969,0.673203,,,0,0,0,0,0,0,0,0,0,0,0,0,0,0,0,0,0,0,2.78746,1.77771,4.54511,2.81429,1.48516,3.57618,2.40879,1.32534,3.23814,
M,method (P0 -> P1),P0,P1,oxidation,X0,X0,18,12,ridge,lofo,direct,1,molecules,0,0.910264,0.508118,1.38332,1.30076,0.753537,1.78315,-0.58089,,,0.0588235,-0.387783,0.510869,0.0485036,-0.511119,0.594844,0.673203,,,0,0,0.5,0.5,0,0.75,0.4,0,0.8,0,0,0.333333,0.333333,0,0.6,0.25,0,0.666667,2.78746,0.408917,3.28442,1.39373,0.344921,2.65326,1.23409,0.323861,2.21911,
M,method (P0 -> P1),P0,P1,oxidation,X0,X0,18,12,krr,lofo,direct,1,molecules,0,0.848576,0.529793,1.18854,1.109,0.743566,1.43728,-0.149148,,,0.294118,-0.144828,0.680611,0.366357,-0.196326,0.780693,0.673203,,,0,0,1,0.5,0,0.75625,0.4,0,0.8,0,0,1,0.333333,0,0.61,0.25,0,0.666667,0.826174,0,2.79035,1.08731,0.0100045,2.25124,1.06205,0.166903,1.98536,
M,method (P0 -> P1),P0,P1,oxidation,X0,X0,18,12,gpr,lofo,direct,1,molecules,0,0.825714,0.509792,1.19045,1.10407,0.677703,1.4848,-0.13894,,,0.124183,-0.267606,0.50372,0.149639,-0.38881,0.637643,0.673203,,,0,0,1,0.5,0,1,0.4,0,0.8,0,0,1,0.333333,0,1,0.25,0,0.666667,0.826174,0,2.67445,0.973025,0,2.60575,1.12319,0.0082088,2.50685,
M,method (P0 -> P1),P0,P1,oxidation,X0,X0,18,12,rf,lofo,direct,1,molecules,0,0.780559,0.497244,1.09334,1.03213,0.635537,1.35112,0.00465215,,,0.24183,-0.144828,0.662089,0.195046,-0.311694,0.775012,0.673203,,,0,0,0.5,0,0,0.75,0.4,0,0.8,0,0,0.333333,0,0,0.6,0.25,0,0.666667,1.48108,0.378162,2.23022,1.30836,0.252248,1.85565,0.898146,0.180862,1.65143,
M,method (P0 -> P1),P0,P1,oxidation,X0,X0,18,12,gbdt,lofo,direct,1,molecules,0,0.806847,0.512804,1.12285,1.03574,0.659632,1.35487,-0.00233316,,,0.163399,-0.122327,0.426573,0.364293,-0.0686142,0.620833,0.673203,,,0,0,0.5,0,0,0.75,0.4,0,0.8,0,0,0.333333,0,0,0.6,0.25,0,0.666667,1.4813,0.378389,2.23,1.30836,0.280253,1.87023,1.00884,0.224203,1.73345,
M,method (P0 -> P1),P0,P1,oxidation,X0,X0,18,12,constant,lofo,shift,1,molecules,0,0.527201,0.281628,0.822648,0.80189,0.361672,1.15073,0.399186,,,0.594771,0.219133,0.85918,0.72549,0.289448,0.943811,0.673203,,,0,0,1,0.5,0,1,0.6,0,1,0,0,1,0.333333,0,1,0.428571,0,1,0.826174,0,1.66972,0.656341,0,1.53149,0.60073,0,1.43999,
M,method (P0 -> P1),P0,P1,oxidation,X0,X0,18,12,ridge,lofo,shift,1,molecules,0,0.778052,0.44686,1.17036,1.10353,0.637783,1.5219,-0.137823,,,0.24183,-0.2286,0.662028,0.298246,-0.322966,0.776739,0.673203,,,0,0,1,0.5,0,0.75,0.4,0,0.8,0,0,1,0.333333,0,0.6,0.25,0,0.666667,1.78273,0,3.28442,1.39373,0.316684,2.42346,1.12319,0.294254,2.06306,
M,method (P0 -> P1),P0,P1,oxidation,X0,X0,18,12,krr,lofo,shift,1,molecules,0,0.627781,0.395623,0.872987,0.809819,0.538068,1.06177,0.387247,,,0.568627,0.222222,0.821918,0.702786,0.274571,0.923077,0.673203,,,0,0,1,0.5,0,1,0.6,0,1,0,0,1,0.333333,0,1,0.428571,0,1,0.826174,0,1.94646,0.896602,0,1.6228,0.717282,0,1.41739,
M,method (P0 -> P1),P0,P1,oxidation,X0,X0,18,12,gpr,lofo,shift,1,molecules,0,0.653115,0.43656,0.902414,0.838333,0.553383,1.09498,0.343337,,,0.542484,0.227586,0.818182,0.684211,0.29989,0.910605,0.673203,,,0,0,1,0.5,0,1,0.4,0,1,0,0,1,0.333333,0,1,0.25,0,1,0.826174,0,1.7932,0.750799,0,1.59971,0.792848,0,1.43884,
M,method (P0 -> P1),P0,P1,oxidation,X0,X0,18,12,rf,lofo,shift,1,molecules,0,0.598195,0.355642,0.882721,0.837435,0.484012,1.14331,0.344742,,,0.542484,0.146803,0.834511,0.669763,0.173948,0.93474,0.673203,,,0,0,1,0.5,0,1,0.6,0,0.8,0,0,1,0.333333,0,1,0.428571,0,0.666667,0.826174,0,2.0616,0.896602,0,1.72008,0.717282,9.08e-05,1.52504,
M,method (P0 -> P1),P0,P1,oxidation,X0,X0,18,12,gbdt,lofo,shift,1,molecules,0,0.559679,0.334067,0.809675,0.766495,0.435785,1.03266,0.451055,,,0.555556,0.232824,0.823139,0.711042,0.299246,0.918754,0.673203,,,0,0,1,0.5,0,1,0.4,0,1,0,0,1,0.333333,0,1,0.25,0,1,0.826174,0,1.94646,0.896602,0,1.6474,0.792848,0,1.45281,
M,method (P0 -> P1),P0,P1,reduction,X0,X0,18,12,constant,random,direct,5,seeds,0.0789491,0.368835,0.195101,0.569204,0.549137,0.272377,0.765715,-0.0433331,,,0.36427,-0.0411066,0.707867,0.510859,0.00734823,0.844265,0.594771,,,0.5,0,1,0.5,0.25,1,0.8,0.4,1,0.333333,0,1,0.333333,0.142857,1,0.666667,0.25,1,0.430398,0,1.0397,0.162062,0,0.579437,0.119231,0,0.498143,
M,method (P0 -> P1),P0,P1,reduction,X0,X0,18,12,ridge,random,direct,5,seeds,0.130719,0.419555,0.302635,0.540232,0.493207,0.375137,0.613644,0.158371,,,0.320261,-0.0822203,0.642882,0.426213,-0.1079,0.788218,0.594771,,,0.5,0,1,0.5,0,1,0.6,0.2,1,0.333333,0,1,0.333333,0,1,0.428571,0.111111,1,0.40807,0,0.816139,0.341053,0,0.578153,0.24331,0,0.512366,
M,method (P0 -> P1),P0,P1,reduction,X0,X0,18,12,krr,random,direct,5,seeds,0.0915033,0.421601,0.302978,0.567843,0.513662,0.344958,0.682385,0.087112,,,0.346405,0.0069906,0.652189,0.486068,-0.00950747,0.795585,0.594771,,,0.5,0,1,0.5,0,1,0.6,0.2,1,0.333333,0,1,0.333333,0,1,0.428571,0.111111,1,0.586969,0,1.17394,0.285319,0,0.609165,0.24331,0,0.497041,
M,method (P0 -> P1),P0,P1,reduction,X0,X0,18,12,gpr,random,direct,5,seeds,0.235294,0.307836,0.200943,0.421476,0.392404,0.257843,0.509594,0.467242,,,0.490196,0.211194,0.730591,0.70485,0.337509,0.878593,0.594771,,,0,0,1,0.5,0,1,0.8,0.2,1,0,0,1,0.333333,0,1,0.666667,0.111111,1,0.793121,0,1.17394,0.3304,0,0.700952,0.234788,0,0.572361,
M,method (P0 -> P1),P0,P1,reduction,X0,X0,18,12,rf,random,direct,5,seeds,0.156863,0.31938,0.214493,0.442642,0.405222,0.269635,0.520842,0.431869,,,0.568627,0.277778,0.77931,0.752322,0.372203,0.914057,0.594771,,,0.5,0,1,0.5,0,1,0.6,0.2,1,0.333333,0,1,0.333333,0,1,0.428571,0.111111,1,0.586969,0,1.2186,0.351479,0,0.791767,0.281183,0,0.633489,
M,method (P0 -> P1),P0,P1,reduction,X0,X0,18,12,gbdt,random,direct,5,seeds,0.235294,0.300275,0.224794,0.384363,0.349567,0.271358,0.421398,0.577211,,,0.555556,0.236111,0.804196,0.731682,0.350767,0.918752,0.594771,,,0.5,0,1,0.25,0,1,0.6,0.2,0.8,0.333333,0,1,0.142857,0,1,0.428571,0.111111,0.666667,0.40807,0,0.883062,0.388394,0,0.647009,0.281183,0.0212787,0.563024,
M,method (P0 -> P1),P0,P1,reduction,X0,X0,18,12,constant,random,shift,5,seeds,0.0653595,0.516076,0.26176,0.877427,0.876759,0.346326,1.32293,-1.65964,,,0.542484,0.282759,0.768893,0.737874,0.465553,0.893756,0.594771,,,0.5,0,1,0.5,0,1,0.6,0.2,1,0.333333,0,1,0.333333,0,1,0.428571,0.111111,1,0.586969,0,1.17394,0.415221,0,0.803426,0.332177,0,0.678543,
M,method (P0 -> P1),P0,P1,reduction,X0,X0,18,12,ridge,random,shift,5,seeds,0.339869,0.427015,0.284431,0.660749,0.619671,0.354605,0.922362,-0.328571,,,0.294118,-0.100051,0.637586,0.395253,-0.122355,0.771728,0.594771,,,1,0,1,0.5,0,1,0.6,0.2,1,1,0,1,0.333333,0,1,0.428571,0.111111,1,0,0,0.682106,0.341053,0,0.568123,0.24331,0,0.519671,
M,method (P0 -> P1),P0,P1,reduction,X0,X0,18,12,krr,random,shift,5,seeds,0.156863,0.53814,0.329379,0.80006,0.729038,0.398506,1.06149,-0.838916,,,0.398693,0.0281592,0.70218,0.531476,0.0617,0.834047,0.594771,,,0.5,0,1,0.5,0.25,1,0.6,0.2,1,0.333333,0,1,0.333333,0.142857,1,0.428571,0.111111,1,0.40807,0,0.816139,0.23572,0,0.545944,0.159043,0,0.493092,
M,method (P0 -> P1),P0,P1,reduction,X0,X0,18,12,gpr,random,shift,5,seeds,0.196078,0.572621,0.33095,0.898599,0.843566,0.409988,1.27184,-1.46207,,,0.359477,0.0273973,0.673469,0.550052,0.0958333,0.830024,0.594771,,,0.5,0,1,0.5,0,1,0.4,0.2,1,0.333333,0,1,0.333333,0,1,0.25,0.111111,1,0.430398,0,1.2186,0.263022,0,0.677935,0.278274,0,0.514203,
M,method (P0 -> P1),P0,P1,reduction,X0,X0,18,12,rf,random,shift,5,seeds,0.117647,0.65065,0.405094,0.942432,0.881846,0.540172,1.18865,-1.69059,,,0.594771,0.342852,0.808219,0.785346,0.495728,0.924773,0.594771,,,1,0,1,0.5,0.25,1,0.6,0.2,1,1,0,1,0.333333,0.142857,1,0.428571,0.111111,1,0,0,0.493938,0.246884,0,0.392512,0.197507,0,0.342366,
M,method (P0 -> P1),P0,P1,reduction,X0,X0,18,12,gbdt,random,shift,5,seeds,0.222222,0.534344,0.32881,0.775575,0.717997,0.455804,0.963068,-0.783641,,,0.555556,0.299202,0.768734,0.731682,0.393501,0.897277,0.594771,,,0.5,0,1,0.5,0,1,0.4,0.2,1,0.333333,0,1,0.333333,0,1,0.25,0.111111,1,0.554694,0,0.798167,0.246884,0,0.554693,0.278274,0,0.421657,
M,method (P0 -> P1),P0,P1,reduction,X0,X0,18,12,constant,group,direct,1,molecules,0,0.39181,0.233336,0.565762,0.526922,0.323973,0.704016,0.0393739,,,0.363803,-0.0212966,0.679131,0.514798,0.00315941,0.846447,0.594771,,,0.5,0,1,0.5,0,1,0.4,0,0.8,0.333333,0,1,0.333333,0,1,0.25,0,0.666667,0.609298,0,1.2186,0.192212,0,0.915695,0.446303,0.0345384,0.852881,
M,method (P0 -> P1),P0,P1,reduction,X0,X0,18,12,ridge,group,direct,1,molecules,0,0.46551,0.312118,0.675042,0.613776,0.352464,0.895985,-0.303414,,,0.267974,-0.11115,0.611326,0.362229,-0.165337,0.758671,0.594771,,,0.5,0,1,0.5,0,1,0.4,0,0.8,0.333333,0,1,0.333333,0,1,0.25,0,0.666667,0.40807,0,0.729889,0.296103,0,0.621433,0.352966,0.056648,0.588538,
M,method (P0 -> P1),P0,P1,reduction,X0,X0,18,12,krr,group,direct,1,molecules,0,0.447454,0.306804,0.62636,0.574103,0.349183,0.80991,-0.14036,,,0.30719,-0.0354737,0.608766,0.405573,-0.0885206,0.757971,0.594771,,,0.5,0,1,0.5,0,1,0.4,0,0.8,0.333333,0,1,0.333333,0,1,0.25,0,0.666667,0.586969,0,0.862719,0.285319,0,0.628872,0.344419,0.07156,0.56653,
M,method (P0 -> P1),P0,P1,reduction,X0,X0,18,12,gpr,group,direct,1,molecules,0,0.389093,0.270537,0.502444,0.471139,0.35548,0.571298,0.232,,,0.267974,-0.146905,0.594406,0.4613,-0.0979453,0.791703,0.594771,,,0.5,0,1,0.5,0,1,0.4,0,0.8,0.333333,0,1,0.333333,0,1,0.25,0,0.666667,0.586969,0,1.17394,0.296103,0,0.676419,0.304739,0.067857,0.585253,
M,method (P0 -> P1),P0,P1,reduction,X0,X0,18,12,rf,group,direct,1,molecules,0,0.340443,0.226003,0.469878,0.430509,0.305925,0.547528,0.358751,,,0.464052,0.0702354,0.741053,0.684211,0.194937,0.897602,0.594771,,,0,0,1,0.5,0,0.75,0.4,0,0.8,0,0,1,0.333333,0,0.6,0.25,0,0.666667,1.06196,0,1.30779,0.285319,0.08945,0.947377,0.317954,0.07156,0.751369,
M,method (P0 -> P1),P0,P1,reduction,X0,X0,18,12,gbdt,group,direct,1,molecules,0,0.30616,0.20589,0.42052,0.387197,0.271755,0.496703,0.481288,,,0.594771,0.227586,0.840637,0.764706,0.34924,0.937596,0.594771,,,0.5,0,1,0.5,0,1,0.4,0,0.8,0.333333,0,1,0.333333,0,1,0.25,0,0.666667,0.586969,0,1.24086,0.285319,0,0.791767,0.252375,0.0191132,0.633414,
M,method (P0 -> P1),P0,P1,reduction,X0,X0,18,12,constant,group,shift,1,molecules,0,0.959518,0.644195,1.31199,1.21286,0.802613,1.59415,-4.08959,,,0.111111,-0.357352,0.531973,0.141383,-0.487014,0.64581,0.594771,,,0.5,0,1,0.25,0,0.75,0.2,0,0.8,0.333333,0,1,0.142857,0,0.6,0.111111,0,0.666667,0.586969,0,1.19627,0.540369,0.137759,0.995039,0.518541,0.126163,0.864928,
M,method (P0 -> P1),P0,P1,reduction,X0,X0,18,12,ridge,group,shift,1,molecules,0,0.538225,0.329136,0.818455,0.758423,0.383176,1.12154,-0.990148,,,0.254902,-0.180619,0.614299,0.358101,-0.234325,0.755767,0.594771,,,0.5,0,1,0.5,0,1,0.4,0,0.8,0.333333,0,1,0.333333,0,1,0.25,0,0.666667,0.40807,0,0.816139,0.296103,0,0.662097,0.389006,0.0482229,0.635608,
M,method (P0 -> P1),P0,P1,reduction,X0,X0,18,12,krr,group,shift,1,molecules,0,0.497669,0.313535,0.704803,0.65306,0.430425,0.848334,-0.475597,,,0.254902,-0.170102,0.58338,0.384933,-0.207187,0.758096,0.594771,,,1,0,1,0.5,0,1,0.4,0,1,1,0,1,0.333333,0,1,0.25,0,1,0,0,0.639789,0.296103,0,0.55623,0.352966,0,0.528134,
M,method (P0 -> P1),P0,P1,reduction,X0,X0,18,12,gpr,group,shift,1,molecules,0,0.589397,0.354491,0.919698,0.86421,0.443353,1.31218,-1.58405,,,0.346405,-0.0416813,0.687097,0.4613,-0.0583734,0.809429,0.594771,,,0.5,0,1,0.5,0,0.75,0.4,0,0.8,0.333333,0,1,0.333333,0,0.6,0.25,0,0.666667,0.430398,0,1.2186,0.263022,0.0816951,0.673222,0.362541,0.0973892,0.592542,
M,method (P0 -> P1),P0,P1,reduction,X0,X0,18,12,rf,group,shift,1,molecules,0,0.787355,0.477143,1.15058,1.07747,0.670926,1.44068,-3.01673,,,0.437908,0.0758621,0.714336,0.607843,0.137415,0.866667,0.594771,,,1,0,1,0.5,0,1,0.4,0,1,1,0,1,0.333333,0,1,0.25,0,1,0,0,0.548372,0.246884,0,0.489403,0.221626,0,0.48276,
M,method (P0 -> P1),P0,P1,reduction,X0,X0,18,12,gbdt,group,shift,1,molecules,0,0.56123,0.324024,0.823952,0.775162,0.479058,1.01948,-1.07896,,,0.542484,0.244708,0.787272,0.719298,0.343796,0.90977,0.594771,,,1,0,1,0.5,0.25,1,0.6,0.2,1,1,0,1,0.333333,0.142857,1,0.428571,0.111111,1,0,0,0.493768,0.246884,0,0.392597,0.197507,0,0.335851,
M,method (P0 -> P1),P0,P1,reduction,X0,X0,18,12,constant,lofo,direct,1,molecules,0,0.473887,0.308526,0.649838,0.607314,0.404251,0.779272,-0.276112,,,-0.642358,-0.900809,-0.354895,-0.755146,-0.961957,-0.416314,0.594771,,,0,0,0,0,0,0.25,0,0,0.2,0,0,0,0,0,0.142857,0,0,0.111111,1.17018,0.669598,1.9189,1.15711,0.594157,1.64183,0.949805,0.534426,1.53078,
M,method (P0 -> P1),P0,P1,reduction,X0,X0,18,12,ridge,lofo,direct,1,molecules,0,0.428775,0.331998,0.529349,0.481118,0.371861,0.582213,0.199122,,,0.281046,-0.0821918,0.602742,0.370485,-0.134433,0.750046,0.594771,,,0.5,0,1,0.5,0,1,0.4,0,0.8,0.333333,0,1,0.333333,0,1,0.25,0,0.666667,0.586969,0,1.17394,0.263022,0,0.635395,0.326581,0.0695584,0.580632,
M,method (P0 -> P1),P0,P1,reduction,X0,X0,18,12,krr,lofo,direct,1,molecules,0,0.544411,0.386516,0.717127,0.660373,0.458842,0.845047,-0.508833,,,0.0718954,-0.309871,0.457143,0.0299278,-0.483895,0.545588,0.594771,,,0.5,0,1,0.25,0,0.75,0.4,0,0.8,0.333333,0,1,0.142857,0,0.6,0.25,0,0.666667,0.40807,0,1.17394,0.533599,0.113983,0.772333,0.344419,0.129047,0.650626,
M,method (P0 -> P1),P0,P1,reduction,X0,X0,18,12,gpr,lofo,direct,1,molecules,0,0.451061,0.30764,0.607033,0.554562,0.388793,0.713197,-0.0640497,,,0.111111,-0.287671,0.442177,0.182663,-0.391053,0.620836,0.594771,,,0,0,0,0,0,0.5,0,0,0.6,0,0,0,0,0,0.333333,0,0,0.428571,1.08353,0.471439,1.35092,0.82163,0.303843,1.20609,0.76484,0.254889,1.09842,
M,method (P0 -> P1),P0,P1,reduction,X0,X0,18,12,rf,lofo,direct,1,molecules,0,0.398236,0.271091,0.533361,0.493937,0.341324,0.62875,0.155877,,,0.359477,-0.0206897,0.638889,0.508772,-0.0180768,0.79106,0.594771,,,0,0,0.5,0,0,0.75,0.2,0,0.8,0,0,0.333333,0,0,0.6,0.111111,0,0.666667,1.06196,0.407964,1.33538,0.870407,0.174783,1.14716,0.542305,0.137069,0.997038,
M,method (P0 -> P1),P0,P1,reduction,X0,X0,18,12,gbdt,lofo,direct,1,molecules,0,0.375674,0.256006,0.501187,0.462238,0.333933,0.58141,0.260748,,,0.294118,-0.0923242,0.62765,0.399381,-0.130899,0.777571,0.594771,,,0,0,0.5,0,0,0.75,0.2,0,0.6,0,0,0.333333,0,0,0.6,0.111111,0,0.428571,1.06196,0.389252,1.33538,0.870407,0.171336,1.14894,0.542305,0.139897,1.0141,
M,method (P0 -> P1),P0,P1,reduction,X0,X0,18,12,constant,lofo,shift,1,molecules,0,2.12975,1.53065,2.8289,2.5539,1.64921,3.3297,-21.5669,,,0.555556,0.221419,0.826118,0.76677,0.425576,0.934946,0.594771,,,1,0,1,0.5,0,1,0.4,0,1,1,0,1,0.333333,0,1,0.25,0,1,0,0,0.570638,0.263022,0,0.471145,0.278274,0,0.435999,
M,method (P0 -> P1),P0,P1,reduction,X0,X0,18,12,ridge,lofo,shift,1,molecules,0,0.988589,0.444577,1.69201,1.67356,0.57811,2.52358,-8.69042,,,-0.111111,-0.464789,0.251883,-0.178535,-0.624224,0.356472,0.594771,,,0,0,0,0,0,0.25,0,0,0.4,0,0,0,0,0,0.142857,0,0,0.25,1.08353,0.492328,1.35234,0.921241,0.398228,1.22942,0.761113,0.350407,1.14597,
M,method (P0 -> P1),P0,P1,reduction,X0,X0,18,12,krr,lofo,shift,1,molecules,0,0.78395,0.544567,1.05747,0.96851,0.648757,1.25496,-2.24541,,,0.30719,-0.0340136,0.597222,0.430341,-0.0493324,0.751079,0.594771,,,1,0,1,0.5,0,1,0.4,0,1,1,0,1,0.333333,0,1,0.25,0,1,0,0,0.559929,0.23572,0,0.577191,0.304739,0,0.562596,
M,method (P0 -> P1),P0,P1,reduction,X0,X0,18,12,gpr,lofo,shift,1,molecules,0,0.832069,0.490332,1.30975,1.22675,0.587936,1.87673,-4.2068,,,0.24183,-0.177386,0.617021,0.333333,-0.254611,0.748194,0.594771,,,0.5,0,1,0.5,0,1,0.4,0,0.8,0.333333,0,1,0.333333,0,1,0.25,0,0.666667,0.430398,0,1.2186,0.263022,0,0.661095,0.362541,0.0829943,0.606884,
M,method (P0 -> P1),P0,P1,reduction,X0,X0,18,12,rf,lofo,shift,1,molecules,0,1.12665,0.627413,1.69618,1.64956,0.812797,2.31273,-8.41455,,,0.51634,0.196941,0.777816,0.70485,0.303965,0.920427,0.594771,,,1,0,1,0.5,0,1,0.4,0.2,1,1,0,1,0.333333,0,1,0.25,0.111111,1,0,0,0.541551,0.246884,0,0.419814,0.221626,0,0.403071,
M,method (P0 -> P1),P0,P1,reduction,X0,X0,18,12,gbdt,lofo,shift,1,molecules,0,0.921465,0.468646,1.50938,1.45464,0.664966,2.13672,-6.32109,,,0.529412,0.225352,0.781054,0.723426,0.343733,0.916499,0.594771,,,1,0,1,0.5,0.25,1,0.6,0.2,1,1,0,1,0.333333,0.142857,1,0.428571,0.111111,1,0,0,0.548372,0.246884,0,0.399452,0.197507,0,0.346434,
E,environment (P1 -> P2),P1,P2,oxidation,X0+P1,X0+P1,18,14,constant,random,direct,5,seeds,0.100452,0.417761,0.236508,0.622766,0.593339,0.295347,0.815815,0.551681,,,0.382857,-0.0211387,0.689683,0.551939,0.0283736,0.850732,0.895425,,,1,0,1,0.5,0,1,0.4,0.2,1,1,0,1,0.333333,0,1,0.25,0.111111,1,0,0,1.46861,0.536276,0,1.139,0.48369,0,0.992247,
E,environment (P1 -> P2),P1,P2,oxidation,X0+P1,X0+P1,18,14,ridge,random,direct,5,seeds,0.0784314,0.204074,0.10569,0.335463,0.335513,0.157723,0.470277,0.856649,,,0.830065,0.636364,0.959184,0.933953,0.766127,0.99175,0.895425,,,0.5,0,1,1,0.5,1,0.8,0.4,1,0.333333,0,1,1,0.333333,1,0.666667,0.25,1,0.201222,0,0.402444,0,0,0.201222,0.0153422,0,0.134473,
E,environment (P1 -> P2),P1,P2,oxidation,X0+P1,X0+P1,18,14,krr,random,direct,5,seeds,0.222222,0.315358,0.176073,0.481284,0.466655,0.265678,0.654245,0.722685,,,0.738562,0.496596,0.957746,0.880289,0.61634,0.987487,0.895425,,,0.5,0,1,1,0.25,1,0.8,0.4,1,0.333333,0,1,1,0.142857,1,0.666667,0.25,1,0.091358,0,0.513388,0,0,0.42203,0.0153422,0,0.443457,
E,environment (P1 -> P2),P1,P2,oxidation,X0+P1,X0+P1,18,14,gpr,random,direct,5,seeds,0.248366,0.301132,0.154841,0.511208,0.503382,0.213108,0.756859,0.677316,,,0.764706,0.479406,0.957447,0.847265,0.549472,0.9875,0.895425,,,0.5,0,1,1,0.5,1,0.8,0.4,1,0.333333,0,1,1,0.333333,1,0.666667,0.25,1,0.091358,0,0.402444,0,0,0.14629,0.0153422,0,0.121905,
E,environment (P1 -> P2),P1,P2,oxidation,X0+P1,X0+P1,18,14,rf,random,direct,5,seeds,0.235294,0.401029,0.226991,0.5906,0.561794,0.295749,0.780342,0.598083,,,0.581699,0.248056,0.832197,0.719298,0.29233,0.933339,0.895425,,,0.5,0,1,0.5,0,1,0.4,0.2,1,0.333333,0,1,0.333333,0,1,0.25,0.111111,1,0.201222,0,1.78639,0.620421,0,1.23007,0.522406,0,1.13824,
E,environment (P1 -> P2),P1,P2,oxidation,X0+P1,X0+P1,18,14,gbdt,random,direct,5,seeds,0.156863,0.291167,0.160308,0.450591,0.444698,0.199489,0.61724,0.748167,,,0.686275,0.464789,0.886545,0.845201,0.610438,0.956182,0.895425,,,0.5,0,1,0.75,0.25,1,0.6,0.2,1,0.333333,0,1,0.6,0.142857,1,0.428571,0.111111,1,0.201222,0,0.917319,0.0921018,0,0.716098,0.0890236,0,0.523737,
E,environment (P1 -> P2),P1,P2,oxidation,X0+P1,X0+P1,18,14,constant,random,shift,5,seeds,0.0392157,0.216256,0.14431,0.297774,0.277083,0.180718,0.370626,0.902231,,,0.882353,0.668966,1,0.950464,0.791878,1,0.895425,,,1,0.5,1,1,0.5,1,0.8,0.4,1,1,0.333333,1,1,0.333333,1,0.666667,0.25,1,0,0,0.0383555,0,0,0.107175,0.0153422,0,0.119416,
E,environment (P1 -> P2),P1,P2,oxidation,X0+P1,X0+P1,18,14,ridge,random,shift,5,seeds,0.0784314,0.163658,0.101428,0.249646,0.232851,0.123022,0.316623,0.930954,,,0.934641,0.82069,1,0.985552,0.906348,1,0.895425,,,1,0.5,1,1,0.5,1,0.8,0.6,1,1,0.333333,1,1,0.333333,1,0.666667,0.428571,1,0,0,0.0383555,0,0,0.051765,0.0153422,0,0.0545852,
E,environment (P1 -> P2),P1,P2,oxidation,X0+P1,X0+P1,18,14,krr,random,shift,5,seeds,0.0261438,0.186548,0.107662,0.286446,0.269409,0.142021,0.372904,0.907571,,,0.921569,0.808186,1,0.983488,0.911555,1,0.895425,,,1,0.5,1,0.75,0.5,1,0.8,0.6,1,1,0.333333,1,0.6,0.333333,1,0.666667,0.428571,1,0,0,0.0544675,0.0272338,0,0.054822,0.0153422,0,0.0545852,
E,environment (P1 -> P2),P1,P2,oxidation,X0+P1,X0+P1,18,14,gpr,random,shift,5,seeds,0.0653595,0.167667,0.102229,0.257367,0.24061,0.124162,0.355999,0.926276,,,0.947712,0.857143,1,0.991744,0.943455,1,0.895425,,,1,0.5,1,1,0.75,1,0.8,0.6,1,1,0.333333,1,1,0.6,1,0.666667,0.428571,1,0,0,0.0383555,0,0,0.0191778,0.0153422,0,0.0306844,
E,environment (P1 -> P2),P1,P2,oxidation,X0+P1,X0+P1,18,14,rf,random,shift,5,seeds,0.0261438,0.174891,0.122874,0.23113,0.209326,0.14492,0.266743,0.944201,,,0.934641,0.829757,1,0.985552,0.918789,1,0.895425,,,1,0.5,1,0.75,0.5,1,0.8,0.6,1,1,0.333333,1,0.6,0.333333,1,0.666667,0.428571,1,0,0,0.0544675,0.0272338,0,0.0544675,0.0153422,0,0.0521396,
E,environment (P1 -> P2),P1,P2,oxidation,X0+P1,X0+P1,18,14,gbdt,random,shift,5,seeds,0.0392157,0.185829,0.122147,0.22948,0.208187,0.14775,0.253455,0.944806,,,0.934641,0.80596,1,0.983488,0.911579,1,0.895425,,,1,0.5,1,0.75,0.5,1,0.8,0.6,1,1,0.333333,1,0.6,0.333333,1,0.666667,0.428571,1,0,0,0.0544675,0.0272338,0,0.0544675,0.0153422,0,0.0521396,
E,environment (P1 -> P2),P1,P2,oxidation,X0+P1,X0+P1,18,14,constant,group,direct,1,molecules,0,0.721946,0.473061,0.993333,0.920097,0.608463,1.18908,-0.0780755,,,0.0404226,-0.401701,0.440781,0.0965247,-0.508624,0.597806,0.895425,,,0,0,0,0,0,0.5,0,0,0.6,0,0,0,0,0,0.333333,0,0,0.428571,1.08968,0.450314,2.37275,1.17706,0.359626,2.03301,1.28646,0.383055,1.89215,
E,environment (P1 -> P2),P1,P2,oxidation,X0+P1,X0+P1,18,14,ridge,group,direct,1,molecules,0,0.231497,0.161597,0.30736,0.283624,0.194237,0.357923,0.897561,,,0.869281,0.694391,0.986301,0.946336,0.777303,0.997919,0.895425,,,0.5,0,1,0.75,0.5,1,0.8,0.4,1,0.333333,0,1,0.6,0.333333,1,0.666667,0.25,1,0.091358,0,0.182716,0.0272338,0,0.091358,0.0153422,0,0.0831842,
E,environment (P1 -> P2),P1,P2,oxidation,X0+P1,X0+P1,18,14,krr,group,direct,1,molecules,0,0.30226,0.193636,0.431425,0.393934,0.250616,0.548313,0.802381,,,0.777778,0.546067,0.944828,0.894737,0.651355,0.987343,0.895425,,,0.5,0,1,0.75,0.25,1,0.8,0.4,1,0.333333,0,1,0.6,0.142857,1,0.666667,0.25,1,0.091358,0,0.567855,0.0272338,0,0.476498,0.0153422,0,0.381198,
E,environment (P1 -> P2),P1,P2,oxidation,X0+P1,X0+P1,18,14,gpr,group,direct,1,molecules,0,0.313903,0.220767,0.417471,0.382686,0.270326,0.484816,0.813505,,,0.803922,0.6,0.971228,0.909185,0.696315,0.993665,0.895425,,,0.5,0,1,0.75,0.25,1,0.8,0.4,1,0.333333,0,1,0.6,0.142857,1,0.666667,0.25,1,0.091358,0,0.567855,0.238249,0,0.476498,0.0153422,0,0.381198,
E,environment (P1 -> P2),P1,P2,oxidation,X0+P1,X0+P1,18,14,rf,group,direct,1,molecules,0,0.426746,0.246366,0.635351,0.603633,0.355669,0.809888,0.535989,,,0.529412,0.214286,0.787234,0.688338,0.260469,0.915727,0.895425,,,0,0,1,0.5,0,1,0.6,0.2,1,0,0,1,0.333333,0,1,0.428571,0.111111,1,0.677719,0,1.19954,0.544839,0,0.996694,0.260614,0,0.886837,
E,environment (P1 -> P2),P1,P2,oxidation,X0+P1,X0+P1,18,14,gbdt,group,direct,1,molecules,0,0.387192,0.235725,0.573525,0.530202,0.305945,0.725381,0.642015,,,0.607843,0.328569,0.827338,0.775026,0.426734,0.931332,0.895425,,,0,0,1,0.5,0,0.75,0.4,0.2,1,0,0,1,0.333333,0,0.6,0.25,0.111111,1,0.677719,0,1.20617,0.333824,0.0191777,0.974354,0.334296,0,0.817069,
E,environment (P1 -> P2),P1,P2,oxidation,X0+P1,X0+P1,18,14,constant,group,shift,1,molecules,0,0.260339,0.151364,0.394033,0.371793,0.213856,0.523933,0.823971,,,0.843137,0.645351,0.972222,0.940144,0.768491,0.993826,0.895425,,,1,0.5,1,0.75,0.5,1,0.8,0.4,1,1,0.333333,1,0.6,0.333333,1,0.666667,0.25,1,0,0,0.0544675,0.0272338,0,0.103226,0.0153422,0,0.11118,
E,environment (P1 -> P2),P1,P2,oxidation,X0+P1,X0+P1,18,14,ridge,group,shift,1,molecules,0,0.217595,0.139458,0.322193,0.29825,0.16541,0.436117,0.886723,,,0.921569,0.788695,1,0.977296,0.888871,1,0.895425,,,1,0.5,1,0.75,0.5,1,0.8,0.6,1,1,0.333333,1,0.6,0.333333,1,0.666667,0.428571,1,0,0,0.0544675,0.0272338,0,0.0577243,0.0153422,0,0.0545852,
E,environment (P1 -> P2),P1,P2,oxidation,X0+P1,X0+P1,18,14,krr,group,shift,1,molecules,0,0.227616,0.146391,0.327785,0.306558,0.18341,0.432709,0.880324,,,0.895425,0.763889,0.986397,0.973168,0.879289,0.997923,0.895425,,,1,0.5,1,0.75,0.5,1,0.8,0.4,1,1,0.333333,1,0.6,0.333333,1,0.666667,0.25,1,0,0,0.0547352,0.0272338,0,0.0651745,0.0153422,0,0.0570308,
E,environment (P1 -> P2),P1,P2,oxidation,X0+P1,X0+P1,18,14,gpr,group,shift,1,molecules,0,0.198476,0.126549,0.294175,0.270467,0.147021,0.392113,0.906844,,,0.921569,0.788732,1,0.97936,0.885248,1,0.895425,,,1,0.5,1,0.75,0.5,1,0.8,0.6,1,1,0.333333,1,0.6,0.333333,1,0.666667,0.428571,1,0,0,0.0651745,0.0272338,0,0.0651745,0.0153422,0,0.0545852,
E,environment (P1 -> P2),P1,P2,oxidation,X0+P1,X0+P1,18,14,rf,group,shift,1,molecules,0,0.190556,0.13841,0.24499,0.22148,0.161754,0.275156,0.937533,,,0.921569,0.79021,1,0.97936,0.897249,1,0.895425,,,1,0.5,1,0.75,0.5,1,0.6,0.4,1,1,0.333333,1,0.6,0.333333,1,0.428571,0.25,1,0,0,0.0812865,0.0272338,0,0.0736453,0.0478568,0,0.0696438,
E,environment (P1 -> P2),P1,P2,oxidation,X0+P1,X0+P1,18,14,gbdt,group,shift,1,molecules,0,0.185665,0.135903,0.238499,0.216392,0.161471,0.268824,0.94037,,,0.921569,0.785714,1,0.97936,0.880999,1,0.895425,,,1,0.5,1,0.75,0.49375,1,0.6,0.4,1,1,0.333333,1,0.6,0.328571,1,0.428571,0.25,1,0,0,0.0812865,0.0272338,0,0.0789988,0.0478568,0,0.0696438,
E,environment (P1 -> P2),P1,P2,oxidation,X0+P1,X0+P1,18,14,constant,lofo,direct,1,molecules,0,0.79447,0.520183,1.07854,1.00157,0.697646,1.24758,-0.277459,,,-0.725243,-0.926932,-0.428696,-0.83348,-0.976096,-0.506262,0.895425,,,0,0,0,0,0,0,0,0,0,0,0,0,0,0,0,0,0,0,2.54446,1.6475,3.17307,2.43143,1.30109,2.84963,2.08617,1.10282,2.63492,
E,environment (P1 -> P2),P1,P2,oxidation,X0+P1,X0+P1,18,14,ridge,lofo,direct,1,molecules,0,0.328424,0.210787,0.452541,0.41558,0.286554,0.52789,0.780066,,,0.843137,0.666667,0.985714,0.93808,0.769134,0.997886,0.895425,,,0.5,0,1,0.75,0.5,1,0.8,0.4,1,0.333333,0,1,0.6,0.333333,1,0.666667,0.25,1,0.091358,0,0.402444,0.0272338,0,0.14629,0.0153422,0,0.0985264,
E,environment (P1 -> P2),P1,P2,oxidation,X0+P1,X0+P1,18,14,krr,lofo,direct,1,molecules,0,0.471096,0.31893,0.642943,0.589137,0.384892,0.782778,0.558008,,,0.594771,0.333333,0.842885,0.762642,0.450905,0.926554,0.895425,,,0,0,1,0.5,0,1,0.4,0,1,0,0,1,0.333333,0,1,0.25,0,1,0.677719,0,1.19411,0.544839,0,1.06332,0.464387,0,0.921485,
E,environment (P1 -> P2),P1,P2,oxidation,X0+P1,X0+P1,18,14,gpr,lofo,direct,1,molecules,0,0.383421,0.292717,0.470639,0.429357,0.340625,0.508211,0.765242,,,0.803922,0.60538,0.958904,0.913313,0.717573,0.991675,0.895425,,,0.5,0,1,0.75,0.25,1,0.8,0.4,1,0.333333,0,1,0.6,0.142857,1,0.666667,0.25,1,0.091358,0,0.567855,0.238249,0,0.476497,0.0153422,0,0.381198,
E,environment (P1 -> P2),P1,P2,oxidation,X0+P1,X0+P1,18,14,rf,lofo,direct,1,molecules,0,0.47253,0.277265,0.680856,0.644574,0.401897,0.849741,0.470913,,,0.529412,0.197279,0.804196,0.69453,0.252057,0.923001,0.895425,,,0.5,0,1,0.75,0,1,0.6,0.2,1,0.333333,0,1,0.6,0,1,0.428571,0.111111,1,0.201222,0,1.23859,0.358049,0,0.912535,0.314954,0,0.820596,
E,environment (P1 -> P2),P1,P2,oxidation,X0+P1,X0+P1,18,14,gbdt,lofo,direct,1,molecules,0,0.419332,0.267453,0.596805,0.551273,0.334197,0.730493,0.612996,,,0.568627,0.268966,0.805602,0.73581,0.361819,0.928504,0.895425,,,0,0,1,0.5,0,0.75,0.4,0.2,0.8,0,0,1,0.333333,0,0.6,0.25,0.111111,0.666667,0.704538,0,1.22636,0.333824,0.0191777,0.971306,0.334296,0.0125218,0.81815,
E,environment (P1 -> P2),P1,P2,oxidation,X0+P1,X0+P1,18,14,constant,lofo,shift,1,molecules,0,0.241089,0.149359,0.349488,0.320862,0.20861,0.42919,0.868895,,,0.882353,0.702074,1,0.956656,0.809095,1,0.895425,,,1,0.5,1,0.75,0.25,1,0.6,0.4,1,1,0.333333,1,0.6,0.142857,1,0.428571,0.25,1,0,0,0.0812865,0.0272338,0,0.108654,0.0478568,0,0.105958,
E,environment (P1 -> P2),P1,P2,oxidation,X0+P1,X0+P1,18,14,ridge,lofo,shift,1,molecules,0,0.280881,0.182002,0.394233,0.362357,0.242131,0.474663,0.832793,,,0.882353,0.75,0.985302,0.96904,0.865962,0.99787,0.895425,,,0.5,0,1,0.75,0.5,1,0.6,0.4,1,0.333333,0,1,0.6,0.333333,1,0.428571,0.25,1,0.091358,0,0.182716,0.0272338,0,0.091358,0.0478568,0,0.0730864,
E,environment (P1 -> P2),P1,P2,oxidation,X0+P1,X0+P1,18,14,krr,lofo,shift,1,molecules,0,0.248492,0.168878,0.34448,0.310707,0.201364,0.421306,0.877062,,,0.882353,0.736111,0.986014,0.966976,0.851906,0.997908,0.895425,,,1,0.5,1,0.75,0.25,1,0.6,0.4,1,1,0.333333,1,0.6,0.142857,1,0.428571,0.25,1,0,0,0.0812865,0.0272338,0,0.0812865,0.0478568,0,0.0739266,
E,environment (P1 -> P2),P1,P2,oxidation,X0+P1,X0+P1,18,14,gpr,lofo,shift,1,molecules,0,0.195458,0.119754,0.287464,0.270268,0.152259,0.386225,0.906981,,,0.908497,0.776224,1,0.975232,0.882955,1,0.895425,,,1,0.5,1,0.75,0.5,1,0.8,0.6,1,1,0.333333,1,0.6,0.333333,1,0.666667,0.428571,1,0,0,0.0651745,0.0272338,0,0.0651745,0.0153422,0,0.0545852,
E,environment (P1 -> P2),P1,P2,oxidation,X0+P1,X0+P1,18,14,rf,lofo,shift,1,molecules,0,0.205792,0.155933,0.258221,0.234303,0.183677,0.282646,0.93009,,,0.921569,0.785676,1,0.97936,0.892139,1,0.895425,,,1,0.5,1,0.75,0.25,1,0.6,0.4,1,1,0.333333,1,0.6,0.142857,1,0.428571,0.25,1,0,0,0.0812865,0.0272338,0,0.0789987,0.0478568,0,0.0674818,
E,environment (P1 -> P2),P1,P2,oxidation,X0+P1,X0+P1,18,14,gbdt,lofo,shift,1,molecules,0,0.187822,0.134163,0.247271,0.227597,0.163912,0.285685,0.934034,,,0.921569,0.791667,1,0.97936,0.897265,1,0.895425,,,1,0.5,1,0.75,0.5,1,0.6,0.4,1,1,0.333333,1,0.6,0.333333,1,0.428571,0.25,1,0,0,0.0812865,0.0272338,0,0.0812865,0.0478568,0,0.0696438,
E,environment (P1 -> P2),P1,P2,reduction,X0+P1,X0+P1,18,14,constant,random,direct,5,seeds,0.0609789,0.2807,0.175018,0.399829,0.376491,0.241636,0.487095,0.352304,,,0.414483,0.0909091,0.642637,0.706612,0.296054,0.844217,0.673203,,,0.5,0,1,0.75,0.25,1,0.6,0.4,1,0.333333,0,1,0.6,0.142857,1,0.428571,0.25,1,0.0407465,0,0.228891,0.114371,0,0.259027,0.151261,0,0.242758,
E,environment (P1 -> P2),P1,P2,reduction,X0+P1,X0+P1,18,14,ridge,random,direct,5,seeds,0.287582,0.303848,0.184528,0.444904,0.405889,0.223262,0.591174,0.247204,,,0.503268,0.163121,0.805556,0.616099,0.0768267,0.918796,0.673203,,,0.5,0,1,0.5,0,1,0.4,0.2,1,0.333333,0,1,0.333333,0,1,0.25,0.111111,1,0.037044,0,0.565964,0.207273,0,0.503309,0.247401,0,0.450872,
E,environment (P1 -> P2),P1,P2,reduction,X0+P1,X0+P1,18,14,krr,random,direct,5,seeds,0.326797,0.249104,0.150987,0.356706,0.324514,0.19698,0.400618,0.518795,,,0.673203,0.438313,0.862069,0.836945,0.576956,0.951933,0.673203,,,0.5,0,1,0.5,0.25,1,0.6,0.2,1,0.333333,0,1,0.333333,0.142857,1,0.428571,0.111111,1,0.037044,0,0.488106,0.207273,0,0.368974,0.0953374,0,0.295281,
E,environment (P1 -> P2),P1,P2,reduction,X0+P1,X0+P1,18,14,gpr,random,direct,5,seeds,0.104575,0.247886,0.170115,0.343071,0.30793,0.205334,0.412643,0.566722,,,0.594771,0.309846,0.83339,0.791538,0.479564,0.933266,0.673203,,,0.5,0,1,0.5,0,1,0.4,0.2,1,0.333333,0,1,0.333333,0,1,0.25,0.111111,1,0.037044,0,0.565964,0.207273,0,0.463723,0.247401,0,0.403834,
E,environment (P1 -> P2),P1,P2,reduction,X0+P1,X0+P1,18,14,rf,random,direct,5,seeds,0.104575,0.210242,0.143624,0.27967,0.255162,0.185373,0.322757,0.702494,,,0.72549,0.527778,0.902778,0.869969,0.648477,0.970621,0.673203,,,0.5,0,1,0.75,0.25,1,0.6,0.2,1,0.333333,0,1,0.6,0.142857,1,0.428571,0.111111,1,0.240351,0,0.480701,0.0444667,0,0.300338,0.0953374,0,0.25618,
E,environment (P1 -> P2),P1,P2,reduction,X0+P1,X0+P1,18,14,gbdt,random,direct,5,seeds,0.0915033,0.184999,0.123525,0.245684,0.223692,0.159315,0.278388,0.771355,,,0.764706,0.564551,0.916084,0.898865,0.696568,0.977011,0.673203,,,0.5,0,1,0.75,0.25,1,0.8,0.4,1,0.333333,0,1,0.6,0.142857,1,0.666667,0.25,1,0.240351,0,0.480701,0.0444667,0,0.274275,0.0256588,0,0.217939,
E,environment (P1 -> P2),P1,P2,reduction,X0+P1,X0+P1,18,14,constant,random,shift,5,seeds,0.0915033,0.265745,0.169146,0.371668,0.344815,0.216176,0.458307,0.456706,,,0.607843,0.241379,0.875,0.772962,0.356919,0.954119,0.673203,,,0.5,0,1,0.5,0,1,0.4,0.2,0.8,0.333333,0,1,0.333333,0,1,0.25,0.111111,0.666667,0.037044,0,0.706894,0.299584,0,0.565373,0.32125,0.0099146,0.492069,
E,environment (P1 -> P2),P1,P2,reduction,X0+P1,X0+P1,18,14,ridge,random,shift,5,seeds,0.235294,0.252493,0.142213,0.393248,0.357488,0.197021,0.481357,0.416037,,,0.581699,0.202727,0.854015,0.721362,0.357545,0.94391,0.673203,,,0.5,0,1,0.5,0,1,0.4,0.2,1,0.333333,0,1,0.333333,0,1,0.25,0.111111,1,0.037044,0,0.61767,0.277178,0,0.503334,0.306832,0,0.458896,
E,environment (P1 -> P2),P1,P2,reduction,X0+P1,X0+P1,18,14,krr,random,shift,5,seeds,0.0784314,0.194096,0.135005,0.25428,0.234298,0.171519,0.286488,0.749158,,,0.72549,0.521112,0.888889,0.880289,0.673439,0.962575,0.673203,,,0.5,0,1,0.75,0.25,1,0.6,0.4,1,0.333333,0,1,0.6,0.142857,1,0.428571,0.25,1,0.037044,0,0.228743,0.0870982,0,0.261295,0.151261,0,0.240901,
E,environment (P1 -> P2),P1,P2,reduction,X0+P1,X0+P1,18,14,gpr,random,shift,5,seeds,0.0261438,0.281357,0.194209,0.373796,0.340945,0.237706,0.436421,0.468831,,,0.568627,0.255043,0.793103,0.760578,0.38898,0.918948,0.673203,,,0.5,0,1,0.5,0,1,0.4,0.2,0.8,0.333333,0,1,0.333333,0,1,0.25,0.111111,0.666667,0.037044,0,0.698526,0.277178,0,0.57024,0.32125,0.0039268,0.50471,
E,environment (P1 -> P2),P1,P2,reduction,X0+P1,X0+P1,18,14,rf,random,shift,5,seeds,0.0915033,0.249679,0.179617,0.330053,0.300247,0.206884,0.386099,0.588072,,,0.555556,0.287671,0.776263,0.737874,0.407098,0.896081,0.673203,,,0,0,1,0.5,0,1,0.6,0.2,0.8,0,0,1,0.333333,0,1,0.428571,0.111111,0.666667,0.36636,0,0.658632,0.277178,0,0.515694,0.221743,0.0039268,0.45628,
E,environment (P1 -> P2),P1,P2,reduction,X0+P1,X0+P1,18,14,gbdt,random,shift,5,seeds,0.156863,0.239737,0.167813,0.315679,0.288448,0.204044,0.362358,0.619813,,,0.633987,0.408451,0.835644,0.799794,0.541829,0.935221,0.673203,,,0,0,1,0.5,0,1,0.4,0.2,1,0,0,1,0.333333,0,1,0.25,0.111111,1,0.36636,0,0.658632,0.277178,0,0.487442,0.247401,0,0.391434,
E,environment (P1 -> P2),P1,P2,reduction,X0+P1,X0+P1,18,14,constant,group,direct,1,molecules,0,0.216245,0.117744,0.336819,0.324269,0.160545,0.469251,0.519522,,,0.498545,0.10714,0.7818,0.645574,0.134692,0.907681,0.673203,,,0.5,0,1,0.75,0.25,1,0.6,0.2,1,0.333333,0,1,0.6,0.142857,1,0.428571,0.111111,1,0.037044,0,0.654841,0.136777,0,0.766831,0.361443,0,0.698513,
E,environment (P1 -> P2),P1,P2,reduction,X0+P1,X0+P1,18,14,ridge,group,direct,1,molecules,0,0.469486,0.236289,0.753876,0.734947,0.303115,1.04164,-1.46817,,,0.24183,-0.166871,0.619718,0.306502,-0.23272,0.764835,0.673203,,,0,0,1,0.5,0,0.75,0.4,0,0.8,0,0,1,0.333333,0,0.6,0.25,0,0.666667,0.465718,0,0.857348,0.256952,0.0320735,0.854933,0.457584,0.0355734,0.78044,
E,environment (P1 -> P2),P1,P2,reduction,X0+P1,X0+P1,18,14,krr,group,direct,1,molecules,0,0.253757,0.170295,0.348913,0.320674,0.226625,0.406876,0.530116,,,0.620915,0.371389,0.812975,0.810114,0.509947,0.932153,0.673203,,,0.5,0,1,0.5,0.25,1,0.6,0.2,1,0.333333,0,1,0.333333,0.142857,1,0.428571,0.111111,1,0.037044,0,0.665322,0.256953,0,0.469438,0.135081,0,0.378135,
E,environment (P1 -> P2),P1,P2,reduction,X0+P1,X0+P1,18,14,gpr,group,direct,1,molecules,0,0.242242,0.164407,0.338894,0.310053,0.199526,0.422214,0.560727,,,0.633987,0.372242,0.856141,0.801858,0.513241,0.939883,0.673203,,,0.5,0,1,0.5,0,1,0.4,0.2,1,0.333333,0,1,0.333333,0,1,0.25,0.111111,1,0.037044,0,0.565964,0.256953,0,0.488438,0.265326,0,0.436117,
E,environment (P1 -> P2),P1,P2,reduction,X0+P1,X0+P1,18,14,rf,group,direct,1,molecules,0,0.22618,0.165566,0.291761,0.263639,0.188234,0.327031,0.6824,,,0.686275,0.468462,0.859155,0.851393,0.594471,0.949897,0.673203,,,0.5,0,1,0.75,0.25,1,0.6,0.4,1,0.333333,0,1,0.6,0.142857,1,0.428571,0.25,1,0.037044,0,0.329284,0.0444667,0,0.258873,0.120663,0,0.221113,
E,environment (P1 -> P2),P1,P2,reduction,X0+P1,X0+P1,18,14,gbdt,group,direct,1,molecules,0,0.17611,0.115669,0.244533,0.223325,0.151199,0.287173,0.772104,,,0.647059,0.333219,0.866691,0.832817,0.506795,0.958312,0.673203,,,0,0,1,0.75,0.25,1,0.6,0.4,1,0,0,1,0.6,0.142857,1,0.428571,0.25,1,0.281097,0,0.488106,0.0444667,0,0.28852,0.120663,0,0.255298,
E,environment (P1 -> P2),P1,P2,reduction,X0+P1,X0+P1,18,14,constant,group,shift,1,molecules,0,0.314787,0.188919,0.46709,0.44551,0.24376,0.632704,0.0930623,,,0.568627,0.191489,0.872407,0.649123,0.14047,0.948213,0.673203,,,0,0,1,0.25,0,0.75,0.6,0.2,0.8,0,0,1,0.142857,0,0.6,0.428571,0.111111,0.666667,0.21695,0,0.709476,0.367131,0.0123932,0.558084,0.221743,0.0099146,0.50783,
E,environment (P1 -> P2),P1,P2,reduction,X0+P1,X0+P1,18,14,ridge,group,shift,1,molecules,0,0.444981,0.223824,0.720093,0.705931,0.268367,1.00777,-1.27713,,,0.281046,-0.138889,0.673759,0.341589,-0.223028,0.81704,0.673203,,,0,0,1,0.5,0,0.75,0.4,0,0.8,0,0,1,0.333333,0,0.6,0.25,0,0.666667,0.465718,0,0.857674,0.256952,0.0320735,0.855936,0.457584,0.0355734,0.790001,
E,environment (P1 -> P2),P1,P2,reduction,X0+P1,X0+P1,18,14,krr,group,shift,1,molecules,0,0.194444,0.120556,0.2648,0.249518,0.166289,0.317001,0.71551,,,0.673203,0.440559,0.830986,0.863777,0.602931,0.944984,0.673203,,,0.5,0,1,0.75,0.25,1,0.6,0.4,1,0.333333,0,1,0.6,0.142857,1,0.428571,0.25,1,0.0407465,0,0.273815,0.136777,0,0.310974,0.169186,0,0.288522,
E,environment (P1 -> P2),P1,P2,reduction,X0+P1,X0+P1,18,14,gpr,group,shift,1,molecules,0,0.230763,0.148405,0.325374,0.304636,0.184526,0.421894,0.575943,,,0.620915,0.36618,0.82072,0.810114,0.516431,0.935287,0.673203,,,0.5,0,1,0.5,0.25,1,0.6,0.2,1,0.333333,0,1,0.333333,0.142857,1,0.428571,0.111111,1,0.037044,0,0.576958,0.1752,0,0.494532,0.221743,0,0.447655,
E,environment (P1 -> P2),P1,P2,reduction,X0+P1,X0+P1,18,14,rf,group,shift,1,molecules,0,0.25871,0.178516,0.347203,0.317038,0.209567,0.418313,0.540713,,,0.594771,0.337725,0.80423,0.77709,0.461354,0.91816,0.673203,,,0,0,1,0.5,0,1,0.6,0.2,1,0,0,1,0.333333,0,1,0.428571,0.111111,1,0.36636,0,0.658632,0.1752,0,0.509258,0.221743,0,0.450526,
E,environment (P1 -> P2),P1,P2,reduction,X0+P1,X0+P1,18,14,gbdt,group,shift,1,molecules,0,0.238025,0.157926,0.325358,0.296778,0.202083,0.379307,0.597536,,,0.660131,0.401361,0.857168,0.820433,0.517157,0.943633,0.673203,,,0,0,1,0.25,0,0.75,0.6,0.2,1,0,0,1,0.142857,0,0.6,0.428571,0.111111,1,0.36636,0,0.658632,0.367131,0.0049085,0.539816,0.221743,0,0.452254,
E,environment (P1 -> P2),P1,P2,reduction,X0+P1,X0+P1,18,14,constant,lofo,direct,1,molecules,0,0.439085,0.293833,0.580667,0.539651,0.381155,0.666939,-0.330725,,,-0.628544,-0.844315,-0.320448,-0.810502,-0.934579,-0.500431,0.673203,,,0,0,0,0,0,0,0,0,0,0,0,0,0,0,0,0,0,0,0.844724,0.606456,1.55572,0.96072,0.526727,1.28442,0.911054,0.494213,1.20964,
E,environment (P1 -> P2),P1,P2,reduction,X0+P1,X0+P1,18,14,ridge,lofo,direct,1,molecules,0,0.462446,0.261118,0.71086,0.669539,0.345525,0.96645,-1.0484,,,0.215686,-0.197185,0.57449,0.337461,-0.212588,0.746849,0.673203,,,0,0,1,0.5,0,0.75,0.4,0,0.8,0,0,1,0.333333,0,0.6,0.25,0,0.666667,0.465718,0,0.870615,0.256952,0.018522,0.881377,0.457584,0.0296352,0.800577,
E,environment (P1 -> P2),P1,P2,reduction,X0+P1,X0+P1,18,14,krr,lofo,direct,1,molecules,0,0.254734,0.150619,0.39757,0.366572,0.19978,0.554093,0.385982,,,0.51634,0.132821,0.801453,0.634675,0.150862,0.917043,0.673203,,,0.5,0,1,0.5,0.25,1,0.6,0.2,1,0.333333,0,1,0.333333,0.142857,1,0.428571,0.111111,1,0.037044,0,0.565964,0.207273,0,0.532399,0.155904,0,0.496438,
E,environment (P1 -> P2),P1,P2,reduction,X0+P1,X0+P1,18,14,gpr,lofo,direct,1,molecules,0,0.251847,0.167729,0.34129,0.319054,0.196351,0.431,0.534851,,,0.555556,0.278883,0.788769,0.739938,0.402278,0.912795,0.673203,,,0.5,0,1,0.5,0.25,1,0.4,0.2,1,0.333333,0,1,0.333333,0.142857,1,0.25,0.111111,1,0.037044,0,0.599168,0.256953,0,0.495468,0.265326,0,0.449399,
E,environment (P1 -> P2),P1,P2,reduction,X0+P1,X0+P1,18,14,rf,lofo,direct,1,molecules,0,0.270012,0.197507,0.348359,0.315169,0.226771,0.389732,0.546111,,,0.686275,0.426526,0.887344,0.830753,0.53653,0.960169,0.673203,,,0.5,0,1,0.75,0.25,1,0.6,0.4,1,0.333333,0,1,0.6,0.142857,1,0.428571,0.25,1,0.240351,0,0.488106,0.0444667,0,0.286687,0.120663,0,0.249749,
E,environment (P1 -> P2),P1,P2,reduction,X0+P1,X0+P1,18,14,gbdt,lofo,direct,1,molecules,0,0.222265,0.160577,0.285954,0.261303,0.202002,0.314752,0.688002,,,0.594771,0.251658,0.834483,0.770898,0.391001,0.936375,0.673203,,,0.5,0,1,0.5,0,1,0.6,0.2,1,0.333333,0,1,0.333333,0,1,0.428571,0.111111,1,0.240351,0,0.488106,0.23893,0,0.419616,0.120663,0,0.335664,
E,environment (P1 -> P2),P1,P2,reduction,X0+P1,X0+P1,18,14,constant,lofo,shift,1,molecules,0,0.270293,0.191584,0.365226,0.330228,0.227412,0.438104,0.501702,,,0.660131,0.404218,0.85918,0.818369,0.527526,0.945925,0.673203,,,0.5,0,1,0.5,0,1,0.6,0.2,1,0.333333,0,1,0.333333,0,1,0.428571,0.111111,1,0.037044,0,0.540694,0.1752,0,0.476053,0.221743,0,0.433033,
E,environment (P1 -> P2),P1,P2,reduction,X0+P1,X0+P1,18,14,ridge,lofo,shift,1,molecules,0,0.39407,0.206809,0.635917,0.611324,0.260595,0.937111,-0.707676,,,0.437908,0.103448,0.75,0.560372,0.105725,0.880902,0.673203,,,0,0,1,0.5,0,1,0.4,0.2,0.8,0,0,1,0.333333,0,1,0.25,0.111111,0.666667,0.465718,0,0.857348,0.256952,0,0.867457,0.457584,0.0078536,0.814382,
E,environment (P1 -> P2),P1,P2,reduction,X0+P1,X0+P1,18,14,krr,lofo,shift,1,molecules,0,0.243417,0.160243,0.327773,0.306766,0.219517,0.382548,0.569991,,,0.738562,0.566357,0.875925,0.898865,0.708901,0.962265,0.673203,,,0.5,0,1,0.75,0.25,1,0.8,0.4,1,0.333333,0,1,0.6,0.142857,1,0.666667,0.25,1,0.037044,0,0.174197,0.0123932,0,0.223876,0.0696786,0,0.221269,
E,environment (P1 -> P2),P1,P2,reduction,X0+P1,X0+P1,18,14,gpr,lofo,shift,1,molecules,0,0.236523,0.160589,0.335593,0.301372,0.193797,0.417832,0.584982,,,0.633987,0.375,0.835644,0.812178,0.499371,0.937376,0.673203,,,0.5,0,1,0.5,0.25,1,0.6,0.2,1,0.333333,0,1,0.333333,0.142857,1,0.428571,0.111111,1,0.037044,0,0.554357,0.1752,0,0.482019,0.221743,0,0.452298,
E,environment (P1 -> P2),P1,P2,reduction,X0+P1,X0+P1,18,14,rf,lofo,shift,1,molecules,0,0.28128,0.207461,0.363107,0.327962,0.236452,0.419437,0.508516,,,0.581699,0.328669,0.793103,0.75645,0.450186,0.905982,0.673203,,,0,0,1,0.5,0,1,0.6,0.2,1,0,0,1,0.333333,0,1,0.428571,0.111111,1,0.36636,0,0.658632,0.1752,0,0.492123,0.221743,0,0.431651,
E,environment (P1 -> P2),P1,P2,reduction,X0+P1,X0+P1,18,14,gbdt,lofo,shift,1,molecules,0,0.250605,0.1766,0.333888,0.302428,0.215132,0.384043,0.582068,,,0.633987,0.393103,0.833333,0.80805,0.538292,0.937174,0.673203,,,0.5,0,1,0.5,0.25,1,0.6,0.2,1,0.333333,0,1,0.333333,0.142857,1,0.428571,0.111111,1,0.037044,0,0.501817,0.1752,0,0.413843,0.221743,0,0.372375,
C,coordination (C0 -> C1),C0,C1,oxidation,X0,X0,10,12,constant,random,direct,5,seeds,0.208365,0.782947,0.450835,1.07497,0.922359,0.635135,1.17061,0.146643,,,0.224733,-0.463483,0.736868,0.364743,-0.552839,0.870736,0.688889,,,0,0,1,1,0,1,0.666667,0,1,0,0,1,1,0,1,0.5,0,1,0.877966,0,1.51233,0,0,1.21014,0.50411,0,1.05171,EMC|DEC|PC|FEC|VC|TEGDME|EA|MA
C,coordination (C0 -> C1),C0,C1,oxidation,X0,X0,10,12,ridge,random,direct,5,seeds,0.488889,1.01126,0.605684,1.39507,1.2087,0.746544,1.55228,-0.465444,,,-0.0666667,-0.578947,0.500305,-0.0909091,-0.708907,0.63522,0.688889,,,0,0,1,0,0,0.5,0,0,0.666667,0,0,1,0,0,0.333333,0,0,0.5,2.09462,0,3.23795,2.2273,0.0402765,3.23795,1.68633,0.200042,2.60266,EMC|DEC|PC|FEC|VC|TEGDME|EA|MA
C,coordination (C0 -> C1),C0,C1,oxidation,X0,X0,10,12,krr,random,direct,5,seeds,0.355556,0.818355,0.355961,1.34511,1.13124,0.551187,1.62891,-0.28363,,,-0.0222222,-0.692308,0.65,-0.0545455,-0.80013,0.753571,0.688889,,,0,0,1,0,0,0.5,0,0,0.666667,0,0,1,0,0,0.333333,0,0,0.5,2.30525,0,3.23795,1.74071,0.21711,3.17273,1.68633,0.20146,2.61627,EMC|DEC|PC|FEC|VC|TEGDME|EA|MA
C,coordination (C0 -> C1),C0,C1,oxidation,X0,X0,10,12,gpr,random,direct,5,seeds,0.33936,0.893315,0.479992,1.3197,1.12121,0.621838,1.52911,-0.260968,,,-0.314627,-0.85,0.365854,-0.38906,-0.924528,0.46499,0.688889,,,0,0,0,0,0,0.5,0,0,0.666667,0,0,0,0,0,0.333333,0,0,0.5,3.17273,0.604379,3.23795,2.31238,0.521239,3.20534,1.83236,0.386584,2.74605,EMC|DEC|PC|FEC|VC|TEGDME|EA|MA
C,coordination (C0 -> C1),C0,C1,oxidation,X0,X0,10,12,rf,random,direct,5,seeds,0.711111,0.861482,0.465295,1.37482,1.17194,0.615384,1.63919,-0.377657,,,-0.155556,-0.692308,0.47619,-0.212121,-0.811321,0.565217,0.688889,,,0,0,0,0,0,0.5,0,0,0.666667,0,0,0,0,0,0.333333,0,0,0.5,3.23795,0.644852,3.23795,2.33262,0.43422,3.23795,1.69982,0.324306,2.8229,EMC|DEC|PC|FEC|VC|TEGDME|EA|MA
C,coordination (C0 -> C1),C0,C1,oxidation,X0,X0,10,12,gbdt,random,direct,5,seeds,0.311111,0.971783,0.559162,1.45804,1.2451,0.736513,1.62716,-0.555031,,,-0.0666667,-0.65,0.578947,-0.115152,-0.7875,0.692308,0.688889,,,0,0,1,0,0,1,0.333333,0,0.666667,0,0,1,0,0,1,0.2,0,0.5,3.23795,0,3.23795,2.33262,0,3.23795,1.00161,0.0702107,2.61615,EMC|DEC|PC|FEC|VC|TEGDME|EA|MA
C,coordination (C0 -> C1),C0,C1,oxidation,X0,X0,10,12,constant,random,shift,5,seeds,0.0444444,0.5243,0.311544,0.751419,0.634231,0.40464,0.819731,0.596517,,,0.555556,-0.0559959,1,0.648485,-0.093197,1,0.688889,,,1,0,1,1,0,1,0.666667,0.333333,1,1,0,1,1,0,1,0.5,0.2,1,0,0,0.43422,0,0,0.756165,0.14474,0,0.798044,EMC|DEC|PC|FEC|VC|TEGDME|EA|MA
C,coordination (C0 -> C1),C0,C1,oxidation,X0,X0,10,12,ridge,random,shift,5,seeds,0.311111,0.420807,0.222132,0.653975,0.540082,0.278402,0.765737,0.707416,,,0.644444,0.110965,1,0.745455,0.149688,1,0.688889,,,1,0,1,0.5,0,1,0.666667,0.333333,1,1,0,1,0.333333,0,1,0.5,0.2,1,0,0,1.21665,0.608325,0,1.21665,0.14474,0,0.811099,EMC|DEC|PC|FEC|VC|TEGDME|EA|MA
C,coordination (C0 -> C1),C0,C1,oxidation,X0,X0,10,12,krr,random,shift,5,seeds,0.0888889,0.37636,0.194387,0.586971,0.492599,0.242646,0.720169,0.756602,,,0.733333,0.368357,1,0.842424,0.4,1,0.688889,,,1,0,1,1,0,1,0.666667,0.333333,1,1,0,1,1,0,1,0.5,0.2,1,0,0,0.43422,0,0,0.436159,0.14474,0,0.435513,EMC|DEC|PC|FEC|VC|TEGDME|EA|MA
C,coordination (C0 -> C1),C0,C1,oxidation,X0,X0,10,12,gpr,random,shift,5,seeds,0.0444444,0.402367,0.200065,0.631031,0.531028,0.251383,0.763773,0.717144,,,0.644444,0.0855985,1,0.733333,0.123043,1,0.688889,,,1,0,1,1,0,1,0.666667,0.333333,1,1,0,1,1,0,1,0.5,0.2,1,0,0,0.43422,0,0,0.763327,0.14474,0,0.710344,EMC|DEC|PC|FEC|VC|TEGDME|EA|MA
C,coordination (C0 -> C1),C0,C1,oxidation,X0,X0,10,12,rf,random,shift,5,seeds,0.0444444,0.419988,0.213255,0.675547,0.571667,0.251137,0.840625,0.672194,,,0.6,0.0243902,1,0.69697,-0.00644458,1,0.688889,,,1,0,1,1,0,1,0.666667,0.333333,1,1,0,1,1,0,1,0.5,0.2,1,0,0,0.43422,0,0,0.624615,0.14474,0,0.710344,EMC|DEC|PC|FEC|VC|TEGDME|EA|MA
C,coordination (C0 -> C1),C0,C1,oxidation,X0,X0,10,12,gbdt,random,shift,5,seeds,0.222222,0.397559,0.206629,0.564959,0.4726,0.251302,0.678419,0.775964,,,0.644444,0.2,1,0.806061,0.232704,1,0.688889,,,1,0,1,1,0,1,0.666667,0.333333,1,1,0,1,1,0,1,0.5,0.2,1,0,0,0.644852,0,0,0.539536,0.214951,0,0.508885,EMC|DEC|PC|FEC|VC|TEGDME|EA|MA
C,coordination (C0 -> C1),C0,C1,oxidation,X0,X0,10,12,constant,group,direct,1,molecules,0,1.04825,0.580157,1.5292,1.30632,0.818448,1.72984,-0.711718,,,-0.80904,-1,-0.487179,-0.924016,-1,-0.643312,0.688889,,,0,0,0,0,0,0,0,0,0,0,0,0,0,0,0,0,0,0,3.17273,1.09243,3.23795,2.76636,1.11072,3.23795,2.35312,0.978976,3.17273,EMC|DEC|PC|FEC|VC|TEGDME|EA|MA
C,coordination (C0 -> C1),C0,C1,oxidation,X0,X0,10,12,ridge,group,direct,1,molecules,0,1.3358,0.93302,1.73275,1.49204,1.03897,1.86943,-1.23303,,,0.0222222,-0.523872,0.609988,0.00606061,-0.66043,0.7375,0.688889,,,0,0,1,0,0,0.5,0,0,0.666667,0,0,1,0,0,0.333333,0,0,0.5,2.09462,0,3.23795,2.2273,0.21711,3.20534,1.68633,0.20146,2.6529,EMC|DEC|PC|FEC|VC|TEGDME|EA|MA
C,coordination (C0 -> C1),C0,C1,oxidation,X0,X0,10,12,krr,group,direct,1,molecules,0,0.869829,0.390174,1.42569,1.22218,0.526354,1.78039,-0.498312,,,-0.511111,-1,0.121951,-0.515152,-1,0.320755,0.688889,,,0,0,0,0,0,0,0,0,0.333333,0,0,0,0,0,0,0,0,0.2,3.23795,0.97318,3.23795,2.33262,0.733877,3.23795,2.05919,0.644532,2.92356,EMC|DEC|PC|FEC|VC|TEGDME|EA|MA
C,coordination (C0 -> C1),C0,C1,oxidation,X0,X0,10,12,gpr,group,direct,1,molecules,0,0.910385,0.473675,1.3902,1.18512,0.671834,1.64516,-0.408819,,,-1,-1,-1,-1,-1,-1,0.688889,,,0,0,0,0,0,0,0,0,0,0,0,0,0,0,0,0,0,0,3.23795,1.14334,3.23795,2.77352,1.07811,3.23795,2.35312,0.986414,3.00287,EMC|DEC|PC|FEC|VC|TEGDME|EA|MA
C,coordination (C0 -> C1),C0,C1,oxidation,X0,X0,10,12,rf,group,direct,1,molecules,0,0.964584,0.480468,1.49949,1.28113,0.69925,1.73619,-0.646329,,,-0.333333,-0.8,0.2,-0.406061,-0.896186,0.333437,0.688889,,,0,0,0,0,0,0.5,0,0,0.666667,0,0,0,0,0,0.333333,0,0,0.5,3.23795,0.644852,3.23795,2.33262,0.624208,3.23795,1.69982,0.461996,2.85684,EMC|DEC|PC|FEC|VC|TEGDME|EA|MA
C,coordination (C0 -> C1),C0,C1,oxidation,X0,X0,10,12,gbdt,group,direct,1,molecules,0,1.0553,0.551083,1.56993,1.33248,0.788591,1.7538,-0.780958,,,-0.244444,-0.789474,0.350396,-0.321212,-0.874253,0.456848,0.688889,,,0,0,0,0,0,0.5,0,0,0.666667,0,0,0,0,0,0.333333,0,0,0.5,3.23795,0.644852,3.23795,2.33262,0.506321,3.23795,1.69982,0.408031,2.85684,EMC|DEC|PC|FEC|VC|TEGDME|EA|MA
C,coordination (C0 -> C1),C0,C1,oxidation,X0,X0,10,12,constant,group,shift,1,molecules,0,0.495822,0.256729,0.729097,0.627808,0.385407,0.814819,0.604647,,,0.555556,-0.0953571,1,0.648485,-0.129925,1,0.688889,,,1,0,1,1,0,1,0.666667,0.333333,1,1,0,1,1,0,1,0.5,0.2,1,0,0,0.43422,0,0,0.756165,0.14474,0,0.798044,EMC|DEC|PC|FEC|VC|TEGDME|EA|MA
C,coordination (C0 -> C1),C0,C1,oxidation,X0,X0,10,12,ridge,group,shift,1,molecules,0,0.430738,0.235966,0.641362,0.542439,0.310955,0.728004,0.704856,,,0.6,0.188947,0.941258,0.769697,0.222222,0.986127,0.688889,,,1,0,1,0.5,0,1,0.333333,0,1,1,0,1,0.333333,0,1,0.2,0,1,0,0,1.38681,0.608325,0,1.30173,0.607009,0,0.924539,EMC|DEC|PC|FEC|VC|TEGDME|EA|MA
C,coordination (C0 -> C1),C0,C1,oxidation,X0,X0,10,12,krr,group,shift,1,molecules,0,0.401096,0.208535,0.639862,0.526279,0.26411,0.743322,0.722181,,,0.6,0.134962,1,0.721212,0.142723,1,0.688889,,,1,0,1,0.5,0,1,0.666667,0.333333,1,1,0,1,0.333333,0,1,0.5,0.2,1,0,0,1.21665,0.608325,0,1.21665,0.14474,0,0.811099,EMC|DEC|PC|FEC|VC|TEGDME|EA|MA
C,coordination (C0 -> C1),C0,C1,oxidation,X0,X0,10,12,gpr,group,shift,1,molecules,0,0.426324,0.195713,0.732384,0.60182,0.266855,0.89177,0.636701,,,0.6,-0.0526316,1,0.672727,-0.0943396,1,0.688889,,,1,0,1,1,0,1,0.666667,0.333333,1,1,0,1,1,0,1,0.5,0.2,1,0,0,0.43422,0,0,0.763327,0.14474,0,0.723835,EMC|DEC|PC|FEC|VC|TEGDME|EA|MA
C,coordination (C0 -> C1),C0,C1,oxidation,X0,X0,10,12,rf,group,shift,1,molecules,0,0.417823,0.201624,0.680325,0.569176,0.256697,0.821691,0.675044,,,0.6,-0.025641,1,0.672727,-0.0458578,1,0.688889,,,1,0,1,1,0,1,0.666667,0.333333,1,1,0,1,1,0,1,0.5,0.2,1,0,0,0.604379,0,0,0.763327,0.14474,0,0.723914,EMC|DEC|PC|FEC|VC|TEGDME|EA|MA
C,coordination (C0 -> C1),C0,C1,oxidation,X0,X0,10,12,gbdt,group,shift,1,molecules,0,0.358816,0.184917,0.552079,0.462307,0.234536,0.661088,0.785616,,,0.644444,0.157895,1,0.793939,0.220057,1,0.688889,,,1,0,1,1,0,1,0.666667,0.333333,1,1,0,1,1,0,1,0.5,0.2,1,0,0,0.43422,0,0,0.519299,0.14474,0,0.508885,EMC|DEC|PC|FEC|VC|TEGDME|EA|MA
C,coordination (C0 -> C1),C0,C1,oxidation,X0,X0,10,12,constant,lofo,direct,1,molecules,0,0.897017,0.457981,1.37968,1.17834,0.662068,1.63676,-0.392737,,,-0.79566,-1,-0.324443,-0.847577,-1,-0.338238,0.688889,,,0,0,0,0,0,0.5,0,0,0.666667,0,0,0,0,0,0.333333,0,0,0.5,3.23795,1.07549,3.23795,2.77352,0.932446,3.23795,2.35312,0.76492,2.98633,EMC|DEC|PC|FEC|VC|TEGDME|EA|MA
C,coordination (C0 -> C1),C0,C1,oxidation,X0,X0,10,12,ridge,lofo,direct,1,molecules,0,1.27692,0.835757,1.72182,1.4607,0.972952,1.85005,-1.14019,,,0.0222222,-0.55,0.6,0.0424242,-0.672956,0.762593,0.688889,,,0,0,0,0,0,0.5,0,0,0.666667,0,0,0,0,0,0.333333,0,0,0.5,2.09462,0.43422,3.23795,2.2273,0.21711,3.20534,1.68633,0.20146,2.63144,EMC|DEC|PC|FEC|VC|TEGDME|EA|MA
C,coordination (C0 -> C1),C0,C1,oxidation,X0,X0,10,12,krr,lofo,direct,1,molecules,0,0.922252,0.438679,1.46742,1.23982,0.634082,1.73265,-0.541871,,,0.111111,-0.470666,0.714484,0.0666667,-0.647799,0.811321,0.688889,,,0,0,1,0,0,0.5,0,0,0.666667,0,0,1,0,0,0.333333,0,0,0.5,2.09462,0,3.23795,1.74071,0.21711,2.7716,1.68633,0.20146,2.603,EMC|DEC|PC|FEC|VC|TEGDME|EA|MA
C,coordination (C0 -> C1),C0,C1,oxidation,X0,X0,10,12,gpr,lofo,direct,1,molecules,0,0.893581,0.441891,1.37877,1.17599,0.639842,1.6534,-0.387189,,,-0.80904,-1,-0.368421,-0.851068,-1,-0.393581,0.688889,,,0,0,0,0,0,0.5,0,0,0.666667,0,0,0,0,0,0.333333,0,0,0.5,3.23795,1.14334,3.23795,2.77352,1.03263,3.23795,2.35312,0.745258,3.1775,EMC|DEC|PC|FEC|VC|TEGDME|EA|MA
C,coordination (C0 -> C1),C0,C1,oxidation,X0,X0,10,12,rf,lofo,direct,1,molecules,0,0.936436,0.458299,1.42507,1.25223,0.644165,1.68171,-0.572889,,,-0.244444,-0.8,0.351714,-0.29697,-0.910856,0.467553,0.688889,,,0,0,0,0,0,0.5,0,0,0.666667,0,0,0,0,0,0.333333,0,0,0.5,3.23795,0.644852,3.23795,2.33262,0.591906,3.23795,1.69982,0.451125,2.6344,EMC|DEC|PC|FEC|VC|TEGDME|EA|MA
C,coordination (C0 -> C1),C0,C1,oxidation,X0,X0,10,12,gbdt,lofo,direct,1,molecules,0,1.06233,0.563658,1.59966,1.34518,0.82215,1.78054,-0.815063,,,-0.244444,-0.783784,0.368421,-0.369697,-0.895508,0.440275,0.688889,,,0,0,0,0,0,0.5,0,0,0.666667,0,0,0,0,0,0.333333,0,0,0.5,3.23795,0.644852,3.23795,2.33262,0.607914,3.23795,2.06396,0.451324,2.91008,EMC|DEC|PC|FEC|VC|TEGDME|EA|MA
C,coordination (C0 -> C1),C0,C1,oxidation,X0,X0,10,12,constant,lofo,shift,1,molecules,0,0.481006,0.228718,0.769153,0.645853,0.332473,0.918157,0.581593,,,0.6,0.05,1,0.709091,0.0777952,1,0.688889,,,1,0,1,1,0,1,0.666667,0.333333,1,1,0,1,1,0,1,0.5,0.2,1,0,0,0.43422,0,0,0.763327,0.14474,0,0.723835,EMC|DEC|PC|FEC|VC|TEGDME|EA|MA
C,coordination (C0 -> C1),C0,C1,oxidation,X0,X0,10,12,ridge,lofo,shift,1,molecules,0,0.508681,0.293777,0.76048,0.64278,0.340354,0.891181,0.585566,,,0.555556,0.1,0.933529,0.69697,0.106831,0.984653,0.688889,,,1,0,1,0.5,0,1,0.333333,0,1,1,0,1,0.333333,0,1,0.2,0,1,0,0,1.38681,0.608325,0,1.30173,0.607009,0,0.924539,EMC|DEC|PC|FEC|VC|TEGDME|EA|MA
C,coordination (C0 -> C1),C0,C1,oxidation,X0,X0,10,12,krr,lofo,shift,1,molecules,0,0.470857,0.237845,0.743744,0.63517,0.298019,0.913559,0.59532,,,0.644444,0.210263,1,0.745455,0.2,1,0.688889,,,1,0,1,0.5,0,1,0.666667,0.333333,1,1,0,1,0.333333,0,1,0.5,0.2,1,0,0,1.21665,0.608325,0,1.21665,0.14474,0,0.811099,EMC|DEC|PC|FEC|VC|TEGDME|EA|MA
C,coordination (C0 -> C1),C0,C1,oxidation,X0,X0,10,12,gpr,lofo,shift,1,molecules,0,0.45438,0.211971,0.738845,0.625276,0.303677,0.907672,0.60783,,,0.6,0.0526316,1,0.709091,0.0827765,1,0.688889,,,1,0,1,1,0,1,0.666667,0.333333,1,1,0,1,1,0,1,0.5,0.2,1,0,0,0.43422,0,0,0.763327,0.14474,0,0.723835,EMC|DEC|PC|FEC|VC|TEGDME|EA|MA
C,coordination (C0 -> C1),C0,C1,oxidation,X0,X0,10,12,rf,lofo,shift,1,molecules,0,0.426988,0.197497,0.700123,0.590304,0.236802,0.861207,0.650472,,,0.6,0.0768293,1,0.709091,0.0616003,1,0.688889,,,1,0,1,1,0,1,0.666667,0.333333,1,1,0,1,1,0,1,0.5,0.2,1,0,0,0.43422,0,0,0.763327,0.14474,0,0.710682,EMC|DEC|PC|FEC|VC|TEGDME|EA|MA
C,coordination (C0 -> C1),C0,C1,oxidation,X0,X0,10,12,gbdt,lofo,shift,1,molecules,0,0.366133,0.195618,0.573547,0.473613,0.241524,0.67752,0.775002,,,0.644444,0.157735,0.952381,0.781818,0.184507,0.987654,0.688889,,,1,0,1,1,0,1,0.666667,0.333333,1,1,0,1,1,0,1,0.5,0.2,1,0,0,0.43422,0,0,0.539536,0.14474,0,0.561488,EMC|DEC|PC|FEC|VC|TEGDME|EA|MA
C,coordination (C0 -> C1),C0,C1,reduction,X0,X0,10,12,constant,random,direct,5,seeds,0.199756,0.347138,0.179545,0.517004,0.439421,0.276269,0.559228,-1.83713,,,-0.53936,-0.854269,-0.12833,-0.741645,-0.944476,-0.194807,-0.466667,,,0,0,0,0,0,0,0,0,0.333333,0,0,0,0,0,0,0,0,0.2,0.696609,0.324523,0.825413,0.686004,0.25491,0.825413,0.547632,0.19847,0.739544,EMC|DEC|PC|FEC|VC|TEGDME|EA|MA
C,coordination (C0 -> C1),C0,C1,reduction,X0,X0,10,12,ridge,random,direct,5,seeds,0.488889,0.235957,0.14684,0.329367,0.279189,0.184345,0.338439,-0.145289,,,0.155556,-0.55,0.684413,0.272727,-0.552821,0.846154,-0.466667,,,0,0,1,0.5,0,1,0.666667,0,1,0,0,1,0.333333,0,1,0.5,0,1,0.150013,0,0.381578,0.189817,0,0.419483,0.096828,0,0.397367,EMC|DEC|PC|FEC|VC|TEGDME|EA|MA
C,coordination (C0 -> C1),C0,C1,reduction,X0,X0,10,12,krr,random,direct,5,seeds,0.488889,0.289139,0.19203,0.355009,0.308165,0.231798,0.379295,-0.39535,,,-0.155556,-0.692308,0.450114,-0.224242,-0.850046,0.551282,-0.466667,,,0,0,0,0,0,0.5,0.333333,0,0.666667,0,0,0,0,0,0.333333,0.2,0,0.5,0.529646,0.019598,0.696609,0.309397,0.014378,0.67215,0.38883,0.0191707,0.640955,EMC|DEC|PC|FEC|VC|TEGDME|EA|MA
C,coordination (C0 -> C1),C0,C1,reduction,X0,X0,10,12,gpr,random,direct,5,seeds,0.222222,0.243647,0.131048,0.353513,0.303056,0.190326,0.388458,-0.34947,,,-0.466667,-0.891963,0.128205,-0.648485,-0.961051,0.0769231,-0.466667,,,0,0,0,0,0,0.5,0,0,0.666667,0,0,0,0,0,0.333333,0,0,0.5,0.825413,0.261728,0.825413,0.592724,0.184596,0.825413,0.488925,0.182199,0.746166,EMC|DEC|PC|FEC|VC|TEGDME|EA|MA
C,coordination (C0 -> C1),C0,C1,reduction,X0,X0,10,12,rf,random,direct,5,seeds,0.222222,0.240066,0.142472,0.327012,0.282824,0.181775,0.356798,-0.175305,,,0.111111,-0.526316,0.589744,0.0666667,-0.600432,0.740741,-0.466667,,,0,0,0,0,0,0.5,0.333333,0,0.666667,0,0,0,0,0,0.333333,0.2,0,0.5,0.529646,0.028756,0.529646,0.44484,0.014378,0.529646,0.29656,0.00455833,0.515502,EMC|DEC|PC|FEC|VC|TEGDME|EA|MA
C,coordination (C0 -> C1),C0,C1,reduction,X0,X0,10,12,gbdt,random,direct,5,seeds,0.311111,0.234027,0.165451,0.329906,0.281341,0.182994,0.352518,-0.163014,,,0.155556,-0.368496,0.7,0.284848,-0.490758,0.844206,-0.466667,,,0,0,0,0,0,0.5,0.333333,0,0.666667,0,0,0,0,0,0.333333,0.2,0,0.5,0.529646,0.009158,0.529646,0.44484,0.004579,0.529646,0.268818,0.00455833,0.50089,EMC|DEC|PC|FEC|VC|TEGDME|EA|MA
C,coordination (C0 -> C1),C0,C1,reduction,X0,X0,10,12,constant,random,shift,5,seeds,0.311111,0.832117,0.433782,1.313,1.10202,0.530096,1.56454,-16.8443,,,-0.644444,-1,-0.134962,-0.781818,-1,-0.207547,-0.466667,,,0,0,0,0,0,0.5,0,0,0.666667,0,0,0,0,0,0.333333,0,0,0.5,0.696609,0.186561,0.825413,0.686004,0.195719,0.825413,0.649167,0.176549,0.771823,EMC|DEC|PC|FEC|VC|TEGDME|EA|MA
C,coordination (C0 -> C1),C0,C1,reduction,X0,X0,10,12,ridge,random,shift,5,seeds,0.4,0.622094,0.39996,0.848165,0.719602,0.514749,0.906544,-6.60856,,,0.155556,-0.487179,0.761975,0.139394,-0.698113,0.86755,-0.466667,,,0,0,1,0.5,0,1,0.333333,0,1,0,0,1,0.333333,0,1,0.2,0,1,0.150013,0,0.814655,0.348304,0,0.755632,0.424034,0,0.616888,EMC|DEC|PC|FEC|VC|TEGDME|EA|MA
C,coordination (C0 -> C1),C0,C1,reduction,X0,X0,10,12,krr,random,shift,5,seeds,0.666667,0.577407,0.29021,0.79881,0.678367,0.417662,0.862049,-5.76157,,,-0.2,-0.795,0.365854,-0.272727,-0.898852,0.4625,-0.466667,,,0,0,1,0.5,0,1,0.333333,0,0.666667,0,0,1,0.333333,0,1,0.2,0,0.5,0.239162,0,0.825413,0.412706,0,0.825413,0.401682,0.00653267,0.626815,EMC|DEC|PC|FEC|VC|TEGDME|EA|MA
C,coordination (C0 -> C1),C0,C1,reduction,X0,X0,10,12,gpr,random,shift,5,seeds,0.222222,0.654627,0.34711,1.01589,0.849865,0.409816,1.17796,-9.6125,,,-0.466667,-0.95,0.150737,-0.527273,-0.987421,0.225931,-0.466667,,,0,0,0,0,0,0.5,0.333333,0,0.666667,0,0,0,0,0,0.333333,0.2,0,0.5,0.825413,0.089149,0.825413,0.457281,0.0445745,0.825413,0.496685,0.089149,0.768237,EMC|DEC|PC|FEC|VC|TEGDME|EA|MA
C,coordination (C0 -> C1),C0,C1,reduction,X0,X0,10,12,rf,random,shift,5,seeds,0.266667,0.546346,0.285217,0.844572,0.711351,0.350405,0.993834,-6.43508,,,-0.422222,-0.902439,0.268293,-0.527273,-0.9625,0.304348,-0.466667,,,0,0,0,0,0,0.5,0.333333,0,0.666667,0,0,0,0,0,0.333333,0.2,0,0.5,0.825413,0.089149,0.825413,0.745027,0.089149,0.825413,0.496685,0.104588,0.771823,EMC|DEC|PC|FEC|VC|TEGDME|EA|MA
C,coordination (C0 -> C1),C0,C1,reduction,X0,X0,10,12,gbdt,random,shift,5,seeds,0.177778,0.577964,0.337235,0.826675,0.700518,0.444636,0.92653,-6.21036,,,-0.288889,-0.82869,0.421053,-0.393939,-0.920013,0.49359,-0.466667,,,0,0,1,0,0,0.5,0.333333,0,0.666667,0,0,1,0,0,0.333333,0.2,0,0.5,0.825413,0,0.825413,0.457281,0.0445745,0.825413,0.466969,0.0594327,0.742106,EMC|DEC|PC|FEC|VC|TEGDME|EA|MA
C,coordination (C0 -> C1),C0,C1,reduction,X0,X0,10,12,constant,group,direct,1,molecules,0,0.276715,0.142558,0.416665,0.355303,0.221694,0.464399,-0.854877,,,-0.6742,-1,-0.21693,-0.790277,-1,-0.279378,-0.466667,,,0,0,0,0,0,0,0,0,0,0,0,0,0,0,0,0,0,0,0.825413,0.324523,0.825413,0.745027,0.307504,0.825413,0.593513,0.218311,0.771823,EMC|DEC|PC|FEC|VC|TEGDME|EA|MA
C,coordination (C0 -> C1),C0,C1,reduction,X0,X0,10,12,ridge,group,direct,1,molecules,0,0.247774,0.150338,0.343466,0.29184,0.18969,0.36947,-0.25143,,,-0.111111,-0.658537,0.513514,-0.127273,-0.798742,0.647059,-0.466667,,,0,0,1,0.5,0,1,0.333333,0,0.666667,0,0,1,0.333333,0,1,0.2,0,0.5,0.529646,0,0.529646,0.264823,0,0.557949,0.266844,0.00305267,0.559279,EMC|DEC|PC|FEC|VC|TEGDME|EA|MA
C,coordination (C0 -> C1),C0,C1,reduction,X0,X0,10,12,krr,group,direct,1,molecules,0,0.249185,0.160395,0.339815,0.290058,0.195553,0.364513,-0.2362,,,0.0222222,-0.560976,0.658537,-0.030303,-0.761006,0.698207,-0.466667,,,0,0,1,0.5,0,1,0.333333,0,0.666667,0,0,1,0.333333,0,1,0.2,0,0.5,0.529646,0,0.825413,0.264823,0,0.677529,0.371966,0.00958533,0.60028,EMC|DEC|PC|FEC|VC|TEGDME|EA|MA
C,coordination (C0 -> C1),C0,C1,reduction,X0,X0,10,12,gpr,group,direct,1,molecules,0,0.224625,0.119353,0.330089,0.281888,0.17563,0.364982,-0.167536,,,-0.733333,-1,-0.263158,-0.806061,-1,-0.217269,-0.466667,,,0,0,0,0,0,0,0,0,0,0,0,0,0,0,0,0,0,0,0.825413,0.324523,0.825413,0.745027,0.307504,0.825413,0.593513,0.218739,0.768237,EMC|DEC|PC|FEC|VC|TEGDME|EA|MA
C,coordination (C0 -> C1),C0,C1,reduction,X0,X0,10,12,rf,group,direct,1,molecules,0,0.230333,0.140449,0.317802,0.270511,0.18413,0.344413,-0.0751952,,,0.155556,-0.43625,0.578947,0.333333,-0.4692,0.730896,-0.466667,,,0,0,1,0,0,0.5,0.333333,0,0.666667,0,0,1,0,0,0.333333,0.2,0,0.5,0.529646,0,0.529646,0.44484,0.00678104,0.529646,0.266844,0.00305267,0.503992,EMC|DEC|PC|FEC|VC|TEGDME|EA|MA
C,coordination (C0 -> C1),C0,C1,reduction,X0,X0,10,12,gbdt,group,direct,1,molecules,0,0.214981,0.144278,0.301209,0.251064,0.161416,0.335725,0.07384,,,0.333333,-0.25,0.85,0.478788,-0.254738,0.925477,-0.466667,,,0,0,1,0.5,0,1,0.333333,0,1,0,0,1,0.333333,0,1,0.2,0,1,0.529646,0,0.529646,0.264823,0,0.529646,0.263791,0,0.449925,EMC|DEC|PC|FEC|VC|TEGDME|EA|MA
C,coordination (C0 -> C1),C0,C1,reduction,X0,X0,10,12,constant,group,shift,1,molecules,0,0.632656,0.355093,0.97457,0.79627,0.431688,1.14836,-8.31619,,,-0.733333,-1,-0.2,-0.806061,-1,-0.207547,-0.466667,,,0,0,0,0,0,0.5,0,0,0.666667,0,0,0,0,0,0.333333,0,0,0.5,0.825413,0.150013,0.825413,0.745027,0.250163,0.825413,0.649167,0.17199,0.778892,EMC|DEC|PC|FEC|VC|TEGDME|EA|MA
C,coordination (C0 -> C1),C0,C1,reduction,X0,X0,10,12,ridge,group,shift,1,molecules,0,0.443267,0.190786,0.712361,0.611358,0.331053,0.82623,-4.49173,,,0.155556,-0.55,0.804878,0.175758,-0.685604,0.899402,-0.466667,,,0,0,1,0.5,0,1,0.666667,0,1,0,0,1,0.333333,0,1,0.5,0,1,0.150013,0,0.814655,0.407327,0,0.814655,0.271552,0,0.593108,EMC|DEC|PC|FEC|VC|TEGDME|EA|MA
C,coordination (C0 -> C1),C0,C1,reduction,X0,X0,10,12,krr,group,shift,1,molecules,0,0.424471,0.194915,0.696102,0.582162,0.241664,0.829221,-3.97973,,,-0.288889,-0.853659,0.368421,-0.357576,-0.95,0.5472,-0.466667,,,0,0,1,0,0,1,0.666667,0,1,0,0,1,0,0,1,0.5,0,1,0.825413,0,0.825413,0.457281,0,0.825413,0.275138,0,0.695688,EMC|DEC|PC|FEC|VC|TEGDME|EA|MA
C,coordination (C0 -> C1),C0,C1,reduction,X0,X0,10,12,gpr,group,shift,1,molecules,0,0.626756,0.319225,0.967306,0.830733,0.366692,1.17531,-9.14007,,,-0.288889,-0.853659,0.513514,-0.454545,-0.949693,0.441243,-0.466667,,,0,0,0,0,0,0.5,0.333333,0,0.666667,0,0,0,0,0,0.333333,0.2,0,0.5,0.825413,0.089149,0.825413,0.457281,0.0445745,0.825413,0.496685,0.0652397,0.732474,EMC|DEC|PC|FEC|VC|TEGDME|EA|MA
C,coordination (C0 -> C1),C0,C1,reduction,X0,X0,10,12,rf,group,shift,1,molecules,0,0.473107,0.222884,0.762728,0.651463,0.264444,0.928918,-5.23588,,,-0.333333,-0.897436,0.315822,-0.418182,-0.961551,0.407516,-0.466667,,,0,0,1,0,0,0.5,0.333333,0,0.666667,0,0,1,0,0,0.333333,0.2,0,0.5,0.825413,0,0.825413,0.457281,0.0445745,0.825413,0.496685,0.0297163,0.745692,EMC|DEC|PC|FEC|VC|TEGDME|EA|MA
C,coordination (C0 -> C1),C0,C1,reduction,X0,X0,10,12,gbdt,group,shift,1,molecules,0,0.540358,0.297467,0.789974,0.673628,0.424656,0.887637,-5.66741,,,-0.333333,-0.837838,0.297365,-0.454545,-0.923077,0.316232,-0.466667,,,0,0,0,0,0,0.5,0,0,0.666667,0,0,0,0,0,0.333333,0,0,0.5,0.825413,0.150013,0.825413,0.592724,0.150013,0.825413,0.58698,0.11428,0.76474,EMC|DEC|PC|FEC|VC|TEGDME|EA|MA
C,coordination (C0 -> C1),C0,C1,reduction,X0,X0,10,12,constant,lofo,direct,1,molecules,0,0.21809,0.120046,0.325422,0.274953,0.170355,0.360834,-0.110801,,,-0.477396,-0.94875,0.0918282,-0.591474,-0.987265,0.175364,-0.466667,,,0,0,0,0,0,0.5,0.333333,0,0.666667,0,0,0,0,0,0.333333,0.2,0,0.5,0.814655,0.089149,0.825413,0.451902,0.119581,0.820034,0.496685,0.109437,0.768237,EMC|DEC|PC|FEC|VC|TEGDME|EA|MA
C,coordination (C0 -> C1),C0,C1,reduction,X0,X0,10,12,ridge,lofo,direct,1,molecules,0,0.259368,0.156452,0.361997,0.309681,0.200431,0.398329,-0.409116,,,0.111111,-0.571537,0.6925,0.175758,-0.730896,0.798774,-0.466667,,,0,0,1,0.5,0,1,0.333333,0,0.666667,0,0,1,0.333333,0,1,0.2,0,0.5,0.529646,0,0.529646,0.264823,0,0.529646,0.266844,0.00610533,0.525088,EMC|DEC|PC|FEC|VC|TEGDME|EA|MA
C,coordination (C0 -> C1),C0,C1,reduction,X0,X0,10,12,krr,lofo,direct,1,molecules,0,0.20882,0.11391,0.312458,0.264725,0.128192,0.355682,-0.029693,,,0.2,-0.428571,0.85,0.224242,-0.551389,0.924528,-0.466667,,,0,0,1,0.5,0,1,0.666667,0,1,0,0,1,0.333333,0,1,0.5,0,1,0.529646,0,0.529646,0.264823,0,0.570503,0.176549,0,0.531879,EMC|DEC|PC|FEC|VC|TEGDME|EA|MA
C,coordination (C0 -> C1),C0,C1,reduction,X0,X0,10,12,gpr,lofo,direct,1,molecules,0,0.218111,0.119326,0.32294,0.274993,0.166804,0.359404,-0.111124,,,-0.494413,-0.95122,0.05,-0.632222,-0.9875,0.0566038,-0.466667,,,0,0,0,0,0,0.5,0.333333,0,0.666667,0,0,0,0,0,0.333333,0.2,0,0.5,0.814655,0.089149,0.825413,0.451902,0.119581,0.820034,0.496685,0.111578,0.768237,EMC|DEC|PC|FEC|VC|TEGDME|EA|MA
C,coordination (C0 -> C1),C0,C1,reduction,X0,X0,10,12,rf,lofo,direct,1,molecules,0,0.215262,0.129959,0.305961,0.256282,0.172458,0.335929,0.0349427,,,0.333333,-0.277885,0.837945,0.539394,-0.25,0.924528,-0.466667,,,0,0,0,0,0,1,0.333333,0,1,0,0,0,0,0,1,0.2,0,1,0.529646,0.019598,0.529646,0.44484,0,0.529646,0.29656,0,0.473109,EMC|DEC|PC|FEC|VC|TEGDME|EA|MA
C,coordination (C0 -> C1),C0,C1,reduction,X0,X0,10,12,gbdt,lofo,direct,1,molecules,0,0.217294,0.138885,0.300245,0.254581,0.15831,0.33631,0.0477085,,,0.422222,-0.150518,0.894737,0.551515,-0.195031,0.961051,-0.466667,,,0,0,1,0.5,0,1,0.333333,0,1,0,0,1,0.333333,0,1,0.2,0,1,0.529646,0,0.529646,0.264823,0,0.529646,0.263791,0,0.479642,EMC|DEC|PC|FEC|VC|TEGDME|EA|MA
C,coordination (C0 -> C1),C0,C1,reduction,X0,X0,10,12,constant,lofo,shift,1,molecules,0,0.680439,0.348838,1.05746,0.888692,0.3988,1.27259,-10.6043,,,-0.511111,-1,0.0952381,-0.563636,-1,0.18239,-0.466667,,,0,0,0,0,0,0.5,0.333333,0,0.666667,0,0,0,0,0,0.333333,0.2,0,0.5,0.825413,0.089149,0.825413,0.457281,0.0750065,0.825413,0.496685,0.0797207,0.768237,EMC|DEC|PC|FEC|VC|TEGDME|EA|MA
C,coordination (C0 -> C1),C0,C1,reduction,X0,X0,10,12,ridge,lofo,shift,1,molecules,0,0.536215,0.246175,0.843363,0.713133,0.377817,0.98433,-6.47238,,,-0.0222222,-0.75,0.631579,0.030303,-0.863502,0.761044,-0.466667,,,0,0,1,0.5,0,1,0.333333,0,1,0,0,1,0.333333,0,1,0.2,0,1,0.150013,0,0.814655,0.407327,0,0.814655,0.36838,0,0.639931,EMC|DEC|PC|FEC|VC|TEGDME|EA|MA
C,coordination (C0 -> C1),C0,C1,reduction,X0,X0,10,12,krr,lofo,shift,1,molecules,0,0.402307,0.205514,0.62483,0.526596,0.263811,0.760333,-3.07449,,,0.0222222,-0.609756,0.707317,-0.0424242,-0.780645,0.810127,-0.466667,,,0,0,1,0.5,0,1,0.666667,0,1,0,0,1,0.333333,0,1,0.5,0,1,0.150013,0,0.529646,0.119581,0,0.67215,0.176549,0,0.615064,EMC|DEC|PC|FEC|VC|TEGDME|EA|MA
C,coordination (C0 -> C1),C0,C1,reduction,X0,X0,10,12,gpr,lofo,shift,1,molecules,0,0.656041,0.334411,1.03679,0.863118,0.39045,1.22539,-9.94606,,,-0.288889,-0.853659,0.526316,-0.454545,-0.95,0.430469,-0.466667,,,0,0,0,0,0,0.5,0.333333,0,0.666667,0,0,0,0,0,0.333333,0.2,0,0.5,0.825413,0.089149,0.825413,0.457281,0.0445745,0.825413,0.496685,0.0797207,0.768237,EMC|DEC|PC|FEC|VC|TEGDME|EA|MA
C,coordination (C0 -> C1),C0,C1,reduction,X0,X0,10,12,rf,lofo,shift,1,molecules,0,0.535968,0.253827,0.875863,0.734978,0.311747,1.06931,-6.93717,,,-0.288889,-0.8,0.368421,-0.357576,-0.899371,0.509434,-0.466667,,,0,0,0,0,0,0.5,0.333333,0,0.666667,0,0,0,0,0,0.333333,0.2,0,0.5,0.825413,0.089149,0.825413,0.457281,0.0445745,0.825413,0.496685,0.0601932,0.764651,EMC|DEC|PC|FEC|VC|TEGDME|EA|MA
C,coordination (C0 -> C1),C0,C1,reduction,X0,X0,10,12,gbdt,lofo,shift,1,molecules,0,0.590942,0.36863,0.854212,0.715904,0.447635,0.959234,-6.53056,,,-0.288889,-0.842105,0.365854,-0.393939,-0.923077,0.414013,-0.466667,,,0,0,0,0,0,0.5,0.333333,0,0.666667,0,0,0,0,0,0.333333,0.2,0,0.5,0.825413,0.089149,0.825413,0.457281,0.0445745,0.825413,0.496685,0.0797207,0.76474,EMC|DEC|PC|FEC|VC|TEGDME|EA|MA
C,coordination (C0 -> C1),C0,C1,oxidation,X0+X1,X0+X1,10,18,constant,random,direct,5,seeds,0.208365,0.782947,0.463331,1.09728,0.922359,0.634274,1.19321,0.146643,,,0.224733,-0.487347,0.750266,0.364743,-0.548975,0.884032,0.688889,,,0,0,1,1,0,1,0.666667,0,1,0,0,1,1,0,1,0.5,0,1,0.877966,0,1.51233,0,0,1.29522,0.50411,0,1.05171,EMC|DEC|PC|FEC|VC|TEGDME|EA|MA
C,coordination (C0 -> C1),C0,C1,oxidation,X0+X1,X0+X1,10,18,ridge,random,direct,5,seeds,0.311111,0.840087,0.55352,1.18306,0.975757,0.625715,1.3609,0.0449763,,,0.244444,-0.238224,0.692308,0.369697,-0.320261,0.849057,0.688889,,,0,0,1,0.5,0,1,0.333333,0,1,0,0,1,0.333333,0,1,0.2,0,1,2.09462,0,2.26477,1.04731,0,2.40776,0.899665,0,2.15864,EMC|DEC|PC|FEC|VC|TEGDME|EA|MA
C,coordination (C0 -> C1),C0,C1,oxidation,X0+X1,X0+X1,10,18,krr,random,direct,5,seeds,0.222222,0.791335,0.386387,1.27818,1.07996,0.546305,1.50695,-0.169894,,,0.2,-0.3,0.809524,0.224242,-0.459119,0.9125,0.688889,,,0,0,1,0,0,1,0,0,1,0,0,1,0,0,1,0,0,1,2.09462,0,2.30525,1.74071,0,2.75136,1.37542,0,2.32825,EMC|DEC|PC|FEC|VC|TEGDME|EA|MA
C,coordination (C0 -> C1),C0,C1,oxidation,X0+X1,X0+X1,10,18,gpr,random,direct,5,seeds,0.266667,0.881994,0.50114,1.26619,1.05673,0.656188,1.45518,-0.120111,,,0.0666667,-0.4,0.560976,0.0424242,-0.602564,0.719798,0.688889,,,0,0,1,0,0,0.5,0,0,0.666667,0,0,1,0,0,0.333333,0,0,0.5,2.09462,0,2.53271,1.74071,0.113734,2.53271,1.45125,0.0758223,2.31086,EMC|DEC|PC|FEC|VC|TEGDME|EA|MA
C,coordination (C0 -> C1),C0,C1,oxidation,X0+X1,X0+X1,10,18,rf,random,direct,5,seeds,0.133333,0.716115,0.39037,1.06737,0.912232,0.500101,1.24696,0.165278,,,0.244444,-0.368421,0.804878,0.357576,-0.45466,0.909162,0.688889,,,0,0,1,0.5,0,1,0.666667,0,1,0,0,1,0.333333,0,1,0.5,0,1,2.09462,0,3.23795,1.17999,0,3.23795,0.525853,0,2.15864,EMC|DEC|PC|FEC|VC|TEGDME|EA|MA
C,coordination (C0 -> C1),C0,C1,oxidation,X0+X1,X0+X1,10,18,gbdt,random,direct,5,seeds,0.0888889,0.828894,0.553764,1.11912,0.943462,0.662885,1.19967,0.107147,,,0.288889,-0.4,0.837945,0.381818,-0.415584,0.925466,0.688889,,,1,0,1,0.5,0,1,0.333333,0,1,1,0,1,0.333333,0,1,0.2,0,1,0,0,2.35999,0.608325,0,1.78832,0.931403,0,1.57333,EMC|DEC|PC|FEC|VC|TEGDME|EA|MA
C,coordination (C0 -> C1),C0,C1,oxidation,X0+X1,X0+X1,10,18,constant,random,shift,5,seeds,0.0444444,0.5243,0.318181,0.747933,0.634231,0.409679,0.818686,0.596517,,,0.555556,-0.0731707,1,0.648485,-0.111146,1,0.688889,,,1,0,1,1,0,1,0.666667,0.333333,1,1,0,1,1,0,1,0.5,0.2,1,0,0,0.43422,0,0,0.756165,0.14474,0,0.79327,EMC|DEC|PC|FEC|VC|TEGDME|EA|MA
C,coordination (C0 -> C1),C0,C1,oxidation,X0+X1,X0+X1,10,18,ridge,random,shift,5,seeds,0.0444444,0.447197,0.25066,0.661141,0.577893,0.330325,0.775632,0.665015,,,0.644444,0.230488,1,0.781818,0.245164,1,0.688889,,,1,0,1,0.5,0,1,0.666667,0.333333,1,1,0,1,0.333333,0,1,0.5,0.2,1,0,0,1.21665,0.608325,0,1.21665,0.14474,0,0.811099,EMC|DEC|PC|FEC|VC|TEGDME|EA|MA
C,coordination (C0 -> C1),C0,C1,oxidation,X0+X1,X0+X1,10,18,krr,random,shift,5,seeds,0.133333,0.407186,0.214799,0.639292,0.532532,0.276702,0.77643,0.71554,,,0.644444,0.133205,1,0.745455,0.137458,1,0.688889,,,1,0,1,1,0,1,0.666667,0.333333,1,1,0,1,1,0,1,0.5,0.2,1,0,0,0.43422,0,0,0.519299,0.14474,0,0.631361,EMC|DEC|PC|FEC|VC|TEGDME|EA|MA
C,coordination (C0 -> C1),C0,C1,oxidation,X0+X1,X0+X1,10,18,gpr,random,shift,5,seeds,0.0888889,0.425029,0.195751,0.691417,0.585364,0.267216,0.872675,0.656297,,,0.6,0.0526316,1,0.709091,0.087473,1,0.688889,,,1,0,1,1,0,1,0.666667,0.333333,1,1,0,1,1,0,1,0.5,0.2,1,0,0,0.43422,0,0,0.763327,0.14474,0,0.723835,EMC|DEC|PC|FEC|VC|TEGDME|EA|MA
C,coordination (C0 -> C1),C0,C1,oxidation,X0+X1,X0+X1,10,18,rf,random,shift,5,seeds,0.0444444,0.357707,0.164548,0.62329,0.524069,0.191319,0.776681,0.724509,,,0.688889,0.142857,1,0.769697,0.163326,1,0.688889,,,1,0,1,1,0,1,0.666667,0.333333,1,1,0,1,1,0,1,0.5,0.2,1,0,0,0.43422,0,0,0.519299,0.14474,0,0.547659,EMC|DEC|PC|FEC|VC|TEGDME|EA|MA
C,coordination (C0 -> C1),C0,C1,oxidation,X0+X1,X0+X1,10,18,gbdt,random,shift,5,seeds,0.177778,0.363677,0.202157,0.545959,0.450821,0.217057,0.639794,0.796137,,,0.688889,0.210526,1,0.806061,0.255587,1,0.688889,,,1,0,1,1,0,1,0.666667,0.333333,1,1,0,1,1,0,1,0.5,0.2,1,0,0,0.43422,0,0,0.519299,0.14474,0,0.508885,EMC|DEC|PC|FEC|VC|TEGDME|EA|MA
C,coordination (C0 -> C1),C0,C1,oxidation,X0+X1,X0+X1,10,18,constant,group,direct,1,molecules,0,1.04825,0.579695,1.55979,1.30632,0.832772,1.7416,-0.711718,,,-0.80904,-1,-0.487179,-0.924016,-1,-0.643312,0.688889,,,0,0,0,0,0,0,0,0,0,0,0,0,0,0,0,0,0,0,3.17273,1.14334,3.23795,2.76636,1.11771,3.23795,2.35312,1.01995,3.18227,EMC|DEC|PC|FEC|VC|TEGDME|EA|MA
C,coordination (C0 -> C1),C0,C1,oxidation,X0+X1,X0+X1,10,18,ridge,group,direct,1,molecules,0,0.874114,0.497204,1.30979,1.08254,0.602956,1.47489,-0.175491,,,0.2,-0.365854,0.756098,0.224242,-0.487574,0.870232,0.688889,,,0,0,1,0,0,1,0,0,1,0,0,1,0,0,1,0,0,1,2.09462,0,3.23795,1.74071,0,2.75136,1.68633,0,2.53245,EMC|DEC|PC|FEC|VC|TEGDME|EA|MA
C,coordination (C0 -> C1),C0,C1,oxidation,X0+X1,X0+X1,10,18,krr,group,direct,1,molecules,0,0.998413,0.567651,1.47875,1.25167,0.613883,1.73339,-0.57149,,,0.155556,-0.4,0.75,0.151515,-0.554176,0.861657,0.688889,,,0,0,1,0,0,1,0,0,1,0,0,1,0,0,1,0,0,1,2.09462,0,2.30525,1.74071,0,2.75136,1.37542,0,2.3601,EMC|DEC|PC|FEC|VC|TEGDME|EA|MA
C,coordination (C0 -> C1),C0,C1,oxidation,X0+X1,X0+X1,10,18,gpr,group,direct,1,molecules,0,0.973442,0.621843,1.40433,1.17587,0.703458,1.64378,-0.386904,,,-0.2,-0.809598,0.470666,-0.260606,-0.899759,0.503426,0.688889,,,0,0,0,0,0,0.5,0,0,0.666667,0,0,0,0,0,0.333333,0,0,0.5,2.09462,0.43422,3.17308,1.74071,0.21711,2.7716,1.37542,0.20146,2.67117,EMC|DEC|PC|FEC|VC|TEGDME|EA|MA
C,coordination (C0 -> C1),C0,C1,oxidation,X0+X1,X0+X1,10,18,rf,group,direct,1,molecules,0,0.851723,0.454818,1.32719,1.10366,0.586866,1.56783,-0.221805,,,-0.0666667,-0.609756,0.513514,-0.0909091,-0.730769,0.660426,0.688889,,,0,0,1,0,0,1,0.333333,0,0.666667,0,0,1,0,0,1,0.2,0,0.5,3.23795,0,3.23795,2.2273,0,3.23795,0.931403,0.013491,2.56419,EMC|DEC|PC|FEC|VC|TEGDME|EA|MA
C,coordination (C0 -> C1),C0,C1,oxidation,X0+X1,X0+X1,10,18,gbdt,group,direct,1,molecules,0,0.993974,0.638419,1.39292,1.16856,0.70228,1.54694,-0.369733,,,-0.0222222,-0.631815,0.560976,-0.0181818,-0.773585,0.700032,0.688889,,,0,0,1,0,0,1,0.333333,0,1,0,0,1,0,0,1,0.2,0,1,2.09462,0,3.23795,2.2273,0,3.23795,0.931403,0,2.47573,EMC|DEC|PC|FEC|VC|TEGDME|EA|MA
C,coordination (C0 -> C1),C0,C1,oxidation,X0+X1,X0+X1,10,18,constant,group,shift,1,molecules,0,0.495822,0.277064,0.737306,0.627808,0.395426,0.82097,0.604647,,,0.555556,-0.0527047,1,0.648485,-0.111111,1,0.688889,,,1,0,1,1,0,1,0.666667,0.333333,1,1,0,1,1,0,1,0.5,0.2,1,0,0,0.604379,0,0,0.756165,0.14474,0,0.79947,EMC|DEC|PC|FEC|VC|TEGDME|EA|MA
C,coordination (C0 -> C1),C0,C1,oxidation,X0+X1,X0+X1,10,18,ridge,group,shift,1,molecules,0,0.547796,0.298062,0.825406,0.693033,0.400276,0.936115,0.518231,,,0.6,0.0996429,1,0.709091,0.0691609,1,0.688889,,,1,0,1,0.5,0,1,0.333333,0,1,1,0,1,0.333333,0,1,0.2,0,1,0,0,1.38681,0.608325,0,1.30173,0.607009,0,0.924539,EMC|DEC|PC|FEC|VC|TEGDME|EA|MA
C,coordination (C0 -> C1),C0,C1,oxidation,X0+X1,X0+X1,10,18,krr,group,shift,1,molecules,0,0.377551,0.205646,0.610214,0.503177,0.278092,0.741434,0.746036,,,0.733333,0.35,1,0.842424,0.396226,1,0.688889,,,1,0,1,1,0,1,0.666667,0.333333,1,1,0,1,1,0,1,0.5,0.2,1,0,0,0.43422,0,0,0.519299,0.14474,0,0.429901,EMC|DEC|PC|FEC|VC|TEGDME|EA|MA
C,coordination (C0 -> C1),C0,C1,oxidation,X0+X1,X0+X1,10,18,gpr,group,shift,1,molecules,0,0.494474,0.282437,0.755041,0.626669,0.337775,0.895377,0.606081,,,0.6,0.0269924,1,0.709091,0.0369073,1,0.688889,,,1,0,1,1,0,1,0.666667,0.333333,1,1,0,1,1,0,1,0.5,0.2,1,0,0,0.43422,0,0,0.763327,0.14474,0,0.723835,EMC|DEC|PC|FEC|VC|TEGDME|EA|MA
C,coordination (C0 -> C1),C0,C1,oxidation,X0+X1,X0+X1,10,18,rf,group,shift,1,molecules,0,0.365627,0.16519,0.605258,0.516235,0.212308,0.761359,0.732684,,,0.688889,0.170732,1,0.769697,0.17487,1,0.688889,,,1,0,1,1,0,1,0.666667,0.333333,1,1,0,1,1,0,1,0.5,0.2,1,0,0,0.43422,0,0,0.519299,0.14474,0,0.547659,EMC|DEC|PC|FEC|VC|TEGDME|EA|MA
C,coordination (C0 -> C1),C0,C1,oxidation,X0+X1,X0+X1,10,18,gbdt,group,shift,1,molecules,0,0.381593,0.225163,0.573419,0.472271,0.26584,0.663775,0.776276,,,0.644444,0.179268,1,0.793939,0.230769,1,0.688889,,,1,0,1,1,0,1,0.666667,0.333333,1,1,0,1,1,0,1,0.5,0.2,1,0,0,0.43422,0,0,0.519299,0.14474,0,0.574641,EMC|DEC|PC|FEC|VC|TEGDME|EA|MA
C,coordination (C0 -> C1),C0,C1,oxidation,X0+X1,X0+X1,10,18,constant,lofo,direct,1,molecules,0,0.897017,0.461471,1.39013,1.17834,0.647868,1.64022,-0.392737,,,-0.79566,-1,-0.324338,-0.847577,-1,-0.313493,0.688889,,,0,0,0,0,0,0.5,0,0,0.666667,0,0,0,0,0,0.333333,0,0,0.5,3.23795,1.09243,3.23795,2.77352,0.922096,3.23795,2.35312,0.76492,2.98113,EMC|DEC|PC|FEC|VC|TEGDME|EA|MA
C,coordination (C0 -> C1),C0,C1,oxidation,X0+X1,X0+X1,10,18,ridge,lofo,direct,1,molecules,0,0.832074,0.421084,1.27446,1.07642,0.587199,1.45904,-0.162245,,,0.244444,-0.317073,0.8,0.29697,-0.459119,0.900016,0.688889,,,0,0,1,0,0,1,0,0,1,0,0,1,0,0,1,0,0,1,2.09462,0,3.23795,1.74071,0,2.75136,1.68633,0,2.35999,EMC|DEC|PC|FEC|VC|TEGDME|EA|MA
C,coordination (C0 -> C1),C0,C1,oxidation,X0+X1,X0+X1,10,18,krr,lofo,direct,1,molecules,0,0.982109,0.517527,1.48921,1.26777,0.626064,1.76194,-0.612177,,,0.2,-0.35,0.777778,0.187879,-0.538462,0.870171,0.688889,,,0,0,1,0,0,1,0,0,1,0,0,1,0,0,1,0,0,1,2.09462,0,2.30525,1.74071,0,2.75136,1.37542,0,2.39393,EMC|DEC|PC|FEC|VC|TEGDME|EA|MA
C,coordination (C0 -> C1),C0,C1,oxidation,X0+X1,X0+X1,10,18,gpr,lofo,direct,1,molecules,0,0.922217,0.553256,1.38441,1.14439,0.624257,1.62296,-0.313637,,,-0.111111,-0.65874,0.515431,-0.127273,-0.798774,0.630869,0.688889,,,0,0,1,0,0,1,0,0,1,0,0,1,0,0,1,0,0,1,2.09462,0,2.30525,1.74071,0,2.72591,1.37542,0,2.56419,EMC|DEC|PC|FEC|VC|TEGDME|EA|MA
C,coordination (C0 -> C1),C0,C1,oxidation,X0+X1,X0+X1,10,18,rf,lofo,direct,1,molecules,0,0.828038,0.434733,1.31204,1.08152,0.537926,1.52083,-0.173283,,,0.0666667,-0.512195,0.609756,0.10303,-0.649351,0.783508,0.688889,,,0,0,1,0,0,1,0.333333,0,1,0,0,1,0,0,1,0.2,0,1,3.23795,0,3.23795,2.2273,0,3.23795,1.48487,0,2.56419,EMC|DEC|PC|FEC|VC|TEGDME|EA|MA
C,coordination (C0 -> C1),C0,C1,oxidation,X0+X1,X0+X1,10,18,gbdt,lofo,direct,1,molecules,0,0.940304,0.561587,1.38434,1.14853,0.668369,1.55306,-0.32316,,,0.0666667,-0.500305,0.609756,0.127273,-0.568194,0.776398,0.688889,,,0,0,1,0,0,1,0.333333,0,1,0,0,1,0,0,1,0.2,0,1,2.09462,0,3.23795,2.2273,0,2.79897,0.931403,0,2.47573,EMC|DEC|PC|FEC|VC|TEGDME|EA|MA
C,coordination (C0 -> C1),C0,C1,oxidation,X0+X1,X0+X1,10,18,constant,lofo,shift,1,molecules,0,0.481006,0.238359,0.763965,0.645853,0.323817,0.920978,0.581593,,,0.6,0.0996429,1,0.709091,0.115348,1,0.688889,,,1,0,1,1,0,1,0.666667,0.333333,1,1,0,1,1,0,1,0.5,0.2,1,0,0,0.43422,0,0,0.763327,0.14474,0,0.723835,EMC|DEC|PC|FEC|VC|TEGDME|EA|MA
C,coordination (C0 -> C1),C0,C1,oxidation,X0+X1,X0+X1,10,18,ridge,lofo,shift,1,molecules,0,0.602059,0.343401,0.894733,0.748514,0.441497,1.01282,0.438008,,,0.555556,0.0854945,0.947368,0.684848,0.0666234,0.987013,0.688889,,,1,0,1,0.5,0,1,0.333333,0,1,1,0,1,0.333333,0,1,0.2,0,1,0,0,1.38681,0.608325,0,1.30173,0.607009,0,0.924539,EMC|DEC|PC|FEC|VC|TEGDME|EA|MA
C,coordination (C0 -> C1),C0,C1,oxidation,X0+X1,X0+X1,10,18,krr,lofo,shift,1,molecules,0,0.601302,0.2903,0.942596,0.788783,0.406473,1.10543,0.375912,,,0.555556,0.0526316,1,0.624242,-0.0257962,1,0.688889,,,1,0,1,0.5,0,1,0.333333,0,1,1,0,1,0.333333,0,1,0.2,0,1,0,0,1.38681,0.608325,0,1.30173,0.607009,0,0.924539,EMC|DEC|PC|FEC|VC|TEGDME|EA|MA
C,coordination (C0 -> C1),C0,C1,oxidation,X0+X1,X0+X1,10,18,gpr,lofo,shift,1,molecules,0,0.515523,0.302044,0.79988,0.646638,0.358558,0.940681,0.580577,,,0.6,0.0243902,1,0.709091,0.0191023,1,0.688889,,,1,0,1,1,0,1,0.666667,0.333333,1,1,0,1,1,0,1,0.5,0.2,1,0,0,0.604379,0,0,0.763327,0.14474,0,0.728397,EMC|DEC|PC|FEC|VC|TEGDME|EA|MA
C,coordination (C0 -> C1),C0,C1,oxidation,X0+X1,X0+X1,10,18,rf,lofo,shift,1,molecules,0,0.378332,0.173352,0.635266,0.540293,0.217419,0.800109,0.707188,,,0.644444,0.121951,1,0.745455,0.157233,1,0.688889,,,1,0,1,1,0,1,0.666667,0.333333,1,1,0,1,1,0,1,0.5,0.2,1,0,0,0.43422,0,0,0.519299,0.14474,0,0.508885,EMC|DEC|PC|FEC|VC|TEGDME|EA|MA
C,coordination (C0 -> C1),C0,C1,oxidation,X0+X1,X0+X1,10,18,gbdt,lofo,shift,1,molecules,0,0.324602,0.169453,0.505958,0.432777,0.198839,0.629702,0.812129,,,0.644444,0.2,1,0.781818,0.245283,1,0.688889,,,1,0,1,1,0,1,0.666667,0.333333,1,1,0,1,1,0,1,0.5,0.2,1,0,0,0.43422,0,0,0.539536,0.14474,0,0.61787,EMC|DEC|PC|FEC|VC|TEGDME|EA|MA
C,coordination (C0 -> C1),C0,C1,reduction,X0+X1,X0+X1,10,18,constant,random,direct,5,seeds,0.199756,0.347138,0.178568,0.505092,0.439421,0.276993,0.556796,-1.83713,,,-0.53936,-0.85,-0.111111,-0.741645,-0.934313,-0.202532,-0.466667,,,0,0,0,0,0,0,0,0,0.333333,0,0,0,0,0,0,0,0,0.2,0.696609,0.270886,0.825413,0.686004,0.250445,0.820034,0.547632,0.201446,0.739544,EMC|DEC|PC|FEC|VC|TEGDME|EA|MA
C,coordination (C0 -> C1),C0,C1,reduction,X0+X1,X0+X1,10,18,ridge,random,direct,5,seeds,0.488889,0.268588,0.174731,0.362133,0.312252,0.229624,0.377201,-0.432613,,,-0.155556,-0.578947,0.385,-0.333333,-0.719877,0.382716,-0.466667,,,0,0,0,0,0,0.5,0,0,0.666667,0,0,0,0,0,0.333333,0,0,0.5,0.529646,0.028756,0.696609,0.447802,0.0219185,0.670692,0.38883,0.0717723,0.633885,EMC|DEC|PC|FEC|VC|TEGDME|EA|MA
C,coordination (C0 -> C1),C0,C1,reduction,X0+X1,X0+X1,10,18,krr,random,direct,5,seeds,0.488889,0.296301,0.192196,0.380376,0.333863,0.247881,0.412267,-0.63777,,,0.0666667,-0.523872,0.631579,0.0787879,-0.69625,0.761117,-0.466667,,,0,0,0,0,0,0.5,0,0,0.666667,0,0,0,0,0,0.333333,0,0,0.5,0.529646,0.019598,0.696609,0.447802,0.014378,0.613128,0.385777,0.0115597,0.576184,EMC|DEC|PC|FEC|VC|TEGDME|EA|MA
C,coordination (C0 -> C1),C0,C1,reduction,X0+X1,X0+X1,10,18,gpr,random,direct,5,seeds,0.449467,0.229606,0.123566,0.338395,0.291102,0.187151,0.380122,-0.245114,,,-0.449467,-0.842105,0.105263,-0.595747,-0.925477,0.125847,-0.466667,,,0,0,0,0,0,0.5,0,0,0.666667,0,0,0,0,0,0.333333,0,0,0.5,0.825413,0.270886,0.825413,0.592724,0.175438,0.825413,0.58698,0.180514,0.768237,EMC|DEC|PC|FEC|VC|TEGDME|EA|MA
C,coordination (C0 -> C1),C0,C1,reduction,X0+X1,X0+X1,10,18,rf,random,direct,5,seeds,0.222222,0.236667,0.15709,0.334382,0.28233,0.184552,0.368921,-0.171201,,,-0.111111,-0.65874,0.368421,-0.127273,-0.802469,0.528662,-0.466667,,,0,0,0,0,0,0.5,0,0,0.666667,0,0,0,0,0,0.333333,0,0,0.5,0.529646,0.028756,0.529646,0.44484,0.024103,0.657772,0.383803,0.018675,0.618116,EMC|DEC|PC|FEC|VC|TEGDME|EA|MA
C,coordination (C0 -> C1),C0,C1,reduction,X0+X1,X0+X1,10,18,gbdt,random,direct,5,seeds,0.4,0.240054,0.152078,0.336624,0.283189,0.182954,0.36615,-0.178341,,,0.2,-0.414795,0.641176,0.284848,-0.481551,0.777778,-0.466667,,,0,0,0,0,0,0.5,0,0,0.666667,0,0,0,0,0,0.333333,0,0,0.5,0.529646,0.028756,0.529646,0.44484,0.0211751,0.529646,0.385777,0.008507,0.510475,EMC|DEC|PC|FEC|VC|TEGDME|EA|MA
C,coordination (C0 -> C1),C0,C1,reduction,X0+X1,X0+X1,10,18,constant,random,shift,5,seeds,0.311111,0.832117,0.425048,1.3101,1.10202,0.539735,1.56569,-16.8443,,,-0.644444,-1,-0.179487,-0.781818,-1,-0.207547,-0.466667,,,0,0,0,0,0,0.5,0,0,0.666667,0,0,0,0,0,0.333333,0,0,0.5,0.696609,0.195719,0.825413,0.686004,0.227898,0.825413,0.649167,0.182199,0.768237,EMC|DEC|PC|FEC|VC|TEGDME|EA|MA
C,coordination (C0 -> C1),C0,C1,reduction,X0+X1,X0+X1,10,18,ridge,random,shift,5,seeds,0.311111,0.276999,0.144409,0.42779,0.357736,0.180927,0.497228,-0.880366,,,0.0666667,-0.619048,0.675676,0.175758,-0.698113,0.775106,-0.466667,,,0,0,1,0.5,0,1,0.333333,0,0.666667,0,0,1,0.333333,0,1,0.2,0,0.5,0.696609,0,0.696609,0.348304,0,0.696609,0.329031,0.00955837,0.580742,EMC|DEC|PC|FEC|VC|TEGDME|EA|MA
C,coordination (C0 -> C1),C0,C1,reduction,X0+X1,X0+X1,10,18,krr,random,shift,5,seeds,0.177778,0.492675,0.272101,0.720803,0.613073,0.362231,0.789009,-4.52259,,,-0.288889,-0.7,0.282143,-0.393939,-0.836504,0.34616,-0.466667,,,0,0,0,0,0,0.5,0.333333,0,0.666667,0,0,0,0,0,0.333333,0.2,0,0.5,0.696609,0.146982,0.814655,0.531283,0.0750065,0.755632,0.424034,0.068682,0.683889,EMC|DEC|PC|FEC|VC|TEGDME|EA|MA
C,coordination (C0 -> C1),C0,C1,reduction,X0+X1,X0+X1,10,18,gpr,random,shift,5,seeds,0.311111,0.465987,0.19715,0.800666,0.672392,0.237316,0.993272,-5.64297,,,-0.288889,-0.842105,0.371667,-0.454545,-0.923101,0.358491,-0.466667,,,0,0,1,0,0,0.5,0.333333,0,0.666667,0,0,1,0,0,0.333333,0.2,0,0.5,0.825413,0,0.825413,0.457281,0.0445745,0.825413,0.42762,0.0500043,0.702758,EMC|DEC|PC|FEC|VC|TEGDME|EA|MA
C,coordination (C0 -> C1),C0,C1,reduction,X0+X1,X0+X1,10,18,rf,random,shift,5,seeds,0.133333,0.452527,0.204459,0.762277,0.664727,0.266704,0.967571,-5.49239,,,-0.377778,-0.894737,0.2,-0.478788,-0.961051,0.304455,-0.466667,,,0,0,0,0,0,0.5,0.333333,0,0.666667,0,0,0,0,0,0.333333,0.2,0,0.5,0.825413,0.150013,0.825413,0.686004,0.0978595,0.825413,0.457336,0.0652397,0.732561,EMC|DEC|PC|FEC|VC|TEGDME|EA|MA
C,coordination (C0 -> C1),C0,C1,reduction,X0+X1,X0+X1,10,18,gbdt,random,shift,5,seeds,0.222222,0.47629,0.267007,0.741009,0.614159,0.295005,0.875461,-4.54216,,,-0.288889,-0.842105,0.368421,-0.369697,-0.923077,0.481782,-0.466667,,,0,0,0,0,0,0.5,0.333333,0,0.666667,0,0,0,0,0,0.333333,0.2,0,0.5,0.825413,0.089149,0.825413,0.588145,0.119581,0.825413,0.457336,0.105122,0.717239,EMC|DEC|PC|FEC|VC|TEGDME|EA|MA
C,coordination (C0 -> C1),C0,C1,reduction,X0+X1,X0+X1,10,18,constant,group,direct,1,molecules,0,0.276715,0.140589,0.423815,0.355303,0.221331,0.466124,-0.854877,,,-0.6742,-1,-0.22249,-0.790277,-1,-0.25,-0.466667,,,0,0,0,0,0,0,0,0,0,0,0,0,0,0,0,0,0,0,0.825413,0.324523,0.825413,0.745027,0.309972,0.825413,0.593513,0.217778,0.771823,EMC|DEC|PC|FEC|VC|TEGDME|EA|MA
C,coordination (C0 -> C1),C0,C1,reduction,X0+X1,X0+X1,10,18,ridge,group,direct,1,molecules,0,0.311684,0.226054,0.39513,0.342493,0.259996,0.413224,-0.723537,,,-0.0666667,-0.6,0.463415,-0.0545455,-0.720125,0.653858,-0.466667,,,0,0,0,0,0,0.5,0,0,0.666667,0,0,0,0,0,0.333333,0,0,0.5,0.529646,0.028756,0.529646,0.447802,0.024177,0.529646,0.385777,0.016118,0.529646,EMC|DEC|PC|FEC|VC|TEGDME|EA|MA
C,coordination (C0 -> C1),C0,C1,reduction,X0+X1,X0+X1,10,18,krr,group,direct,1,molecules,0,0.295089,0.206485,0.392494,0.332597,0.237679,0.426785,-0.625376,,,0.288889,-0.428571,0.85,0.369697,-0.496934,0.924528,-0.466667,,,0,0,1,0,0,1,0.333333,0,1,0,0,1,0,0,1,0.2,0,1,0.529646,0,0.529646,0.447802,0,0.529646,0.218814,0,0.475083,EMC|DEC|PC|FEC|VC|TEGDME|EA|MA
C,coordination (C0 -> C1),C0,C1,reduction,X0+X1,X0+X1,10,18,gpr,group,direct,1,molecules,0,0.224605,0.122534,0.329214,0.28185,0.174503,0.369859,-0.167227,,,-0.688889,-1,-0.111111,-0.721212,-1,0.0125,-0.466667,,,0,0,0,0,0,0,0,0,0,0,0,0,0,0,0,0,0,0,0.825413,0.324523,0.825413,0.745027,0.302592,0.825413,0.593513,0.214725,0.768326,EMC|DEC|PC|FEC|VC|TEGDME|EA|MA
C,coordination (C0 -> C1),C0,C1,reduction,X0+X1,X0+X1,10,18,rf,group,direct,1,molecules,0,0.24477,0.154031,0.336076,0.287781,0.194917,0.36626,-0.216867,,,-0.111111,-0.75,0.380952,-0.0545455,-0.863354,0.602627,-0.466667,,,0,0,0,0,0,0.5,0,0,0.666667,0,0,0,0,0,0.333333,0,0,0.5,0.529646,0.028756,0.529646,0.44484,0.028756,0.529646,0.38883,0.0257033,0.525088,EMC|DEC|PC|FEC|VC|TEGDME|EA|MA
C,coordination (C0 -> C1),C0,C1,reduction,X0+X1,X0+X1,10,18,gbdt,group,direct,1,molecules,0,0.227856,0.1188,0.342439,0.290514,0.175487,0.380576,-0.240089,,,0.244444,-0.268293,0.7,0.393939,-0.325,0.84908,-0.466667,,,0,0,1,0,0,1,0.333333,0,1,0,0,1,0,0,1,0.2,0,1,0.529646,0,0.529646,0.440262,0,0.529646,0.263791,0,0.470056,EMC|DEC|PC|FEC|VC|TEGDME|EA|MA
C,coordination (C0 -> C1),C0,C1,reduction,X0+X1,X0+X1,10,18,constant,group,shift,1,molecules,0,0.632656,0.37744,0.961474,0.79627,0.440026,1.14243,-8.31619,,,-0.733333,-1,-0.157895,-0.806061,-1,-0.180124,-0.466667,,,0,0,0,0,0,0.5,0,0,0.666667,0,0,0,0,0,0.333333,0,0,0.5,0.825413,0.150013,0.825413,0.745027,0.257904,0.825413,0.649167,0.17652,0.775306,EMC|DEC|PC|FEC|VC|TEGDME|EA|MA
C,coordination (C0 -> C1),C0,C1,reduction,X0+X1,X0+X1,10,18,ridge,group,shift,1,molecules,0,0.243319,0.14482,0.347633,0.298877,0.175374,0.395206,-0.312512,,,0.2,-0.435897,0.675676,0.333333,-0.51892,0.822785,-0.466667,,,0,0,1,0.5,0,1,0.333333,0,0.666667,0,0,1,0.333333,0,1,0.2,0,0.5,0.529646,0,0.529646,0.264823,0,0.529646,0.268818,0.00197433,0.506031,EMC|DEC|PC|FEC|VC|TEGDME|EA|MA
C,coordination (C0 -> C1),C0,C1,reduction,X0+X1,X0+X1,10,18,krr,group,shift,1,molecules,0,0.439361,0.215721,0.699439,0.590268,0.334753,0.821159,-4.11936,,,-0.511111,-0.9,-0.047619,-0.660606,-0.962264,-0.0767974,-0.466667,,,0,0,0,0,0,0.5,0,0,0.666667,0,0,0,0,0,0.333333,0,0,0.5,0.696609,0.150013,0.825413,0.538121,0.150013,0.761011,0.554164,0.127325,0.723238,EMC|DEC|PC|FEC|VC|TEGDME|EA|MA
C,coordination (C0 -> C1),C0,C1,reduction,X0+X1,X0+X1,10,18,gpr,group,shift,1,molecules,0,0.270122,0.107616,0.48684,0.419212,0.134235,0.644976,-1.58217,,,0.0222222,-0.666667,0.714286,-0.030303,-0.777849,0.847205,-0.466667,,,0,0,1,0.5,0,1,0.333333,0,1,0,0,1,0.333333,0,1,0.2,0,1,0.150013,0,0.825413,0.412706,0,0.705832,0.36238,0,0.61865,EMC|DEC|PC|FEC|VC|TEGDME|EA|MA
C,coordination (C0 -> C1),C0,C1,reduction,X0+X1,X0+X1,10,18,rf,group,shift,1,molecules,0,0.414856,0.163829,0.723364,0.620626,0.183607,0.925163,-4.65949,,,-0.333333,-0.9,0.3,-0.369697,-0.962264,0.509434,-0.466667,,,0,0,1,0,0,1,0.666667,0,1,0,0,1,0,0,1,0.5,0,1,0.825413,0,0.825413,0.457281,0,0.825413,0.275138,0,0.695688,EMC|DEC|PC|FEC|VC|TEGDME|EA|MA
C,coordination (C0 -> C1),C0,C1,reduction,X0+X1,X0+X1,10,18,gbdt,group,shift,1,molecules,0,0.408371,0.183335,0.676778,0.578249,0.204679,0.849155,-3.91302,,,-0.333333,-0.902439,0.365854,-0.418182,-0.962733,0.428617,-0.466667,,,0,0,0,0,0,0.5,0,0,0.666667,0,0,0,0,0,0.333333,0,0,0.5,0.825413,0.324523,0.825413,0.686004,0.250445,0.825413,0.549606,0.166963,0.732474,EMC|DEC|PC|FEC|VC|TEGDME|EA|MA
C,coordination (C0 -> C1),C0,C1,reduction,X0+X1,X0+X1,10,18,constant,lofo,direct,1,molecules,0,0.21809,0.118533,0.327018,0.274953,0.167578,0.363994,-0.110801,,,-0.477396,-0.952381,0.0810811,-0.591474,-0.987654,0.0955874,-0.466667,,,0,0,0,0,0,0.5,0.333333,0,0.666667,0,0,0,0,0,0.333333,0.2,0,0.5,0.814655,0.089149,0.825413,0.451902,0.089149,0.820034,0.496685,0.109405,0.768237,EMC|DEC|PC|FEC|VC|TEGDME|EA|MA
C,coordination (C0 -> C1),C0,C1,reduction,X0+X1,X0+X1,10,18,ridge,lofo,direct,1,molecules,0,0.275875,0.179728,0.372049,0.319737,0.221807,0.39605,-0.50212,,,0.0666667,-0.560976,0.61131,0.163636,-0.660377,0.773585,-0.466667,,,0,0,0,0,0,0.5,0,0,0.666667,0,0,0,0,0,0.333333,0,0,0.5,0.529646,0.028756,0.529646,0.447802,0.024177,0.529646,0.385777,0.0146006,0.520061,EMC|DEC|PC|FEC|VC|TEGDME|EA|MA
C,coordination (C0 -> C1),C0,C1,reduction,X0+X1,X0+X1,10,18,krr,lofo,direct,1,molecules,0,0.25697,0.165144,0.359898,0.306526,0.193277,0.412412,-0.380555,,,0.2,-0.5,0.729908,0.369697,-0.475232,0.861635,-0.466667,,,0,0,0,0,0,0.5,0,0,0.666667,0,0,0,0,0,0.333333,0,0,0.5,0.529646,0.028756,0.529646,0.447802,0.0219009,0.529646,0.385777,0.00653267,0.506031,EMC|DEC|PC|FEC|VC|TEGDME|EA|MA
C,coordination (C0 -> C1),C0,C1,reduction,X0+X1,X0+X1,10,18,gpr,lofo,direct,1,molecules,0,0.218089,0.118822,0.320851,0.274953,0.169896,0.362627,-0.110796,,,-0.466667,-0.953571,0.15,-0.587879,-0.987963,0.2,-0.466667,,,0,0,0,0,0,0.5,0.333333,0,0.666667,0,0,0,0,0,0.333333,0.2,0,0.5,0.814655,0.239162,0.825413,0.745027,0.162262,0.820034,0.496685,0.114707,0.768237,EMC|DEC|PC|FEC|VC|TEGDME|EA|MA
C,coordination (C0 -> C1),C0,C1,reduction,X0+X1,X0+X1,10,18,rf,lofo,direct,1,molecules,0,0.233411,0.147611,0.33086,0.277174,0.18406,0.363668,-0.128815,,,-0.0666667,-0.750152,0.400135,0.0545455,-0.864325,0.610063,-0.466667,,,0,0,0,0,0,0.5,0,0,0.666667,0,0,0,0,0,0.333333,0,0,0.5,0.529646,0.258935,0.529646,0.44484,0.135443,0.582766,0.38883,0.0902953,0.585483,EMC|DEC|PC|FEC|VC|TEGDME|EA|MA
C,coordination (C0 -> C1),C0,C1,reduction,X0+X1,X0+X1,10,18,gbdt,lofo,direct,1,molecules,0,0.214014,0.118928,0.315179,0.268183,0.156773,0.35577,-0.0567664,,,0.288889,-0.263286,0.737011,0.442424,-0.283951,0.863375,-0.466667,,,0,0,1,0,0,1,0.333333,0,1,0,0,1,0,0,1,0.2,0,1,0.529646,0,0.529646,0.440262,0,0.529646,0.263791,0,0.479642,EMC|DEC|PC|FEC|VC|TEGDME|EA|MA
C,coordination (C0 -> C1),C0,C1,reduction,X0+X1,X0+X1,10,18,constant,lofo,shift,1,molecules,0,0.680439,0.357004,1.05489,0.888692,0.406453,1.27496,-10.6043,,,-0.511111,-1,0.1,-0.563636,-1,0.18543,-0.466667,,,0,0,1,0,0,0.5,0.333333,0,0.666667,0,0,1,0,0,0.333333,0.2,0,0.5,0.825413,0,0.825413,0.457281,0.0445745,0.825413,0.496685,0.0797207,0.768237,EMC|DEC|PC|FEC|VC|TEGDME|EA|MA
C,coordination (C0 -> C1),C0,C1,reduction,X0+X1,X0+X1,10,18,ridge,lofo,shift,1,molecules,0,0.345261,0.178721,0.532136,0.448993,0.233506,0.621361,-1.96208,,,0.2,-0.428755,0.783784,0.272727,-0.544375,0.871795,-0.466667,,,0,0,1,0.5,0,1,0.333333,0,0.666667,0,0,1,0.333333,0,1,0.2,0,0.5,0.529646,0,0.529646,0.264823,0,0.529646,0.268818,0.00455833,0.515502,EMC|DEC|PC|FEC|VC|TEGDME|EA|MA
C,coordination (C0 -> C1),C0,C1,reduction,X0+X1,X0+X1,10,18,krr,lofo,shift,1,molecules,0,0.369152,0.20965,0.582024,0.47365,0.239449,0.700704,-2.29634,,,-0.111111,-0.7,0.476429,-0.127273,-0.823927,0.629826,-0.466667,,,0,0,0,0,0,0.5,0.333333,0,0.666667,0,0,0,0,0,0.333333,0.2,0,0.5,0.529646,0.019598,0.696609,0.538121,0.0212155,0.696609,0.329031,0.0191707,0.59095,EMC|DEC|PC|FEC|VC|TEGDME|EA|MA
C,coordination (C0 -> C1),C0,C1,reduction,X0+X1,X0+X1,10,18,gpr,lofo,shift,1,molecules,0,0.408553,0.124072,0.757462,0.654771,0.138972,0.966126,-5.29937,,,0.0222222,-0.631815,0.8,-0.0787879,-0.776504,0.907285,-0.466667,,,0,0,1,0,0,1,0.666667,0,1,0,0,1,0,0,1,0.5,0,1,0.825413,0,0.825413,0.457281,0,0.825413,0.275138,0,0.695688,EMC|DEC|PC|FEC|VC|TEGDME|EA|MA
C,coordination (C0 -> C1),C0,C1,reduction,X0+X1,X0+X1,10,18,rf,lofo,shift,1,molecules,0,0.449711,0.160198,0.769623,0.67919,0.221005,0.997773,-5.77798,,,-0.288889,-0.853659,0.368421,-0.357576,-0.95,0.538535,-0.466667,,,0,0,1,0,0,1,0.666667,0,1,0,0,1,0,0,1,0.5,0,1,0.825413,0,0.825413,0.457281,0,0.825413,0.275138,0,0.6754,EMC|DEC|PC|FEC|VC|TEGDME|EA|MA
C,coordination (C0 -> C1),C0,C1,reduction,X0+X1,X0+X1,10,18,gbdt,lofo,shift,1,molecules,0,0.456561,0.20359,0.760463,0.641459,0.243137,0.940673,-5.04583,,,-0.155556,-0.8,0.555556,-0.272727,-0.898734,0.640139,-0.466667,,,0,0,0,0,0,0.5,0.333333,0,0.666667,0,0,0,0,0,0.333333,0.2,0,0.5,0.825413,0.089149,0.825413,0.457281,0.089149,0.825413,0.457336,0.0797207,0.695688,EMC|DEC|PC|FEC|VC|TEGDME|EA|MA
