task,objective,baseline,repeat,n_T,kendall_tau_b,top_k_overlap_10%,top_k_overlap_20%,top_k_overlap_30%,selection_regret_10%,selection_regret_20%,selection_regret_30%
M,oxidation,random,0,4,0.372549,0,0,0.4,1.50183,1.14099,0.70804
M,oxidation,random,0,5,0.372549,0,0.5,0.6,0.941318,0.896602,0.51253
M,oxidation,random,0,6,0.372549,0,0.5,0.4,0.941318,0.750912,0.792939
M,oxidation,random,0,7,0.542484,0.5,0.5,0.4,0.532402,0.546454,0.552569
M,oxidation,random,0,8,0.594771,0.5,0.5,0.6,0.417257,0.692144,0.40517
M,oxidation,random,0,9,0.568627,0.5,0.75,0.6,0.417257,0.266201,0.288618
M,oxidation,random,0,10,0.581699,0.5,0.75,0.6,0.417257,0.266201,0.288618
M,oxidation,random,0,11,0.647059,0.5,0.75,0.6,0.417257,0.266201,0.288618
M,oxidation,random,0,12,0.895425,0.5,0.75,0.6,0.140517,0.350398,0.288527
M,oxidation,random,0,13,0.947712,0.5,1,0.8,0.140517,0,0.0082088
M,oxidation,random,0,14,0.973856,0.5,1,1,0.140517,0,0
M,oxidation,random,0,15,0.986928,1,1,1,0,0,0
M,oxidation,random,0,16,0.986928,1,1,1,0,0,0
M,oxidation,random,0,17,0.986928,1,1,1,0,0,0
M,oxidation,random,0,18,1,1,1,1,0,0,0
M,oxidation,diversity,0,4,0.372549,0,0,0.4,1.50183,1.14099,0.70804
M,oxidation,diversity,0,5,0.490196,0,0.5,0.6,0.826174,0.896602,0.717282
M,oxidation,diversity,0,6,0.607843,0.5,0.75,0.6,1.2608,0.630401,0.51253
M,oxidation,diversity,0,7,0.620915,0.5,0.75,0.6,1.2608,0.630401,0.51253
M,oxidation,diversity,0,8,0.633987,0.5,0.75,0.6,1.2608,0.630401,0.51253
M,oxidation,diversity,0,9,0.503268,0.5,0.5,0.6,1.2608,0.826344,0.51253
M,oxidation,diversity,0,10,0.712418,1,0.5,0.6,0,0.337826,0.232411
M,oxidation,diversity,0,11,0.777778,1,0.75,0.8,0,0.425943,0.340754
M,oxidation,diversity,0,12,0.869281,1,1,1,0,0,0
M,oxidation,diversity,0,13,0.830065,1,0.75,0.6,0,0.0575725,0.121715
M,oxidation,diversity,0,14,0.843137,1,0.75,0.6,0,0.0575725,0.121715
M,oxidation,diversity,0,15,0.960784,1,1,0.8,0,0,0.0082088
M,oxidation,diversity,0,16,0.986928,1,1,0.8,0,0,0.0082088
M,oxidation,diversity,0,17,1,1,1,1,0,0,0
M,oxidation,diversity,0,18,1,1,1,1,0,0,0
M,oxidation,uncertainty,0,4,0.372549,0,0,0.4,1.50183,1.14099,0.70804
M,oxidation,uncertainty,0,5,0.490196,0,0.5,0.6,0.826174,0.896602,0.717282
M,oxidation,uncertainty,0,6,0.529412,0,0.5,0.6,0.826174,0.896602,0.51253
M,oxidation,uncertainty,0,7,0.620915,0.5,0.75,0.6,1.2608,0.630401,0.51253
M,oxidation,uncertainty,0,8,0.581699,1,1,0.8,0,0,0.192209
M,oxidation,uncertainty,0,9,0.686275,1,0.5,0.6,0,0.337826,0.232411
M,oxidation,uncertainty,0,10,0.712418,1,0.5,0.6,0,0.337826,0.232411
M,oxidation,uncertainty,0,11,0.777778,1,0.75,0.8,0,0.425943,0.340754
M,oxidation,uncertainty,0,12,0.803922,1,0.75,0.6,0,0.0575725,0.121715
M,oxidation,uncertainty,0,13,0.830065,1,0.75,0.6,0,0.0575725,0.121715
M,oxidation,uncertainty,0,14,0.843137,1,0.75,0.6,0,0.0575725,0.121715
M,oxidation,uncertainty,0,15,0.960784,1,1,0.8,0,0,0.0082088
M,oxidation,uncertainty,0,16,0.960784,1,1,0.8,0,0,0.0082088
M,oxidation,uncertainty,0,17,0.986928,1,1,0.8,0,0,0.0082088
M,oxidation,uncertainty,0,18,1,1,1,1,0,0,0
M,oxidation,ranking_aware,0,4,0.372549,0,0,0.4,1.50183,1.14099,0.70804
M,oxidation,ranking_aware,0,5,0.477124,0,0.5,0.6,1.40132,0.886341,0.717282
M,oxidation,ranking_aware,0,6,0.263664,0,0,0.4,1.31268,1.12816,0.753985
M,oxidation,ranking_aware,0,7,0.435643,0,0.25,0.6,1.19754,0.936594,0.60073
M,oxidation,ranking_aware,0,8,0.46676,0,0.25,0.4,1.19754,0.936594,0.864681
M,oxidation,ranking_aware,0,9,0.49894,0,0.25,0.4,1.19754,0.936594,0.864681
M,oxidation,ranking_aware,0,10,0.466483,0,0.25,0.4,1.19754,0.936594,0.853888
M,oxidation,ranking_aware,0,11,0.520567,0,0.5,0.6,0.826174,0.656341,0.60073
M,oxidation,ranking_aware,0,12,0.751634,0,0.75,0.8,0.826174,0.25594,0.212961
M,oxidation,ranking_aware,0,13,0.777778,0.5,0.75,0.8,0.140517,0.25594,0.212961
M,oxidation,ranking_aware,0,14,0.908497,1,1,1,0,0,0
M,oxidation,ranking_aware,0,15,0.986928,1,1,1,0,0,0
M,oxidation,ranking_aware,0,16,0.986928,1,1,1,0,0,0
M,oxidation,ranking_aware,0,17,1,1,1,1,0,0,0
M,oxidation,ranking_aware,0,18,1,1,1,1,0,0,0
M,oxidation,random,1,4,0.1667,0,0,0.2,1.4813,1.21236,1.089
M,oxidation,random,1,5,0.215686,0,0,0.2,1.4813,1.21699,1.089
M,oxidation,random,1,6,0.330336,0,0.25,0.4,1.31268,0.798224,0.757688
M,oxidation,random,1,7,0.399156,0,0.25,0.4,0.920796,0.798224,0.714146
M,oxidation,random,1,8,0.313396,0,0.25,0.4,0.920796,0.798224,0.757688
M,oxidation,random,1,9,0.316847,0,0.25,0.4,0.920796,0.798224,0.757688
M,oxidation,random,1,10,0.43944,0.5,0.5,0.8,0.140517,0.313512,0.212961
M,oxidation,random,1,11,0.524593,0.5,0.5,0.8,0.140517,0.313512,0.212961
M,oxidation,random,1,12,0.603282,1,0.75,0.8,0,0.0473115,0.046058
M,oxidation,random,1,13,0.603282,1,0.75,0.8,0,0.0473115,0.046058
M,oxidation,random,1,14,0.620915,1,0.75,0.8,0,0.0473115,0.046058
M,oxidation,random,1,15,0.699346,1,1,1,0,0,0
M,oxidation,random,1,16,0.830065,1,1,1,0,0,0
M,oxidation,random,1,17,0.986928,1,1,1,0,0,0
M,oxidation,random,1,18,1,1,1,1,0,0,0
M,oxidation,diversity,1,4,0.1667,0,0,0.2,1.4813,1.21236,1.089
M,oxidation,diversity,1,5,0.372549,0,0,0.2,1.4813,1.21699,1.089
M,oxidation,diversity,1,6,0.333333,0,0,0.2,1.4813,1.21699,1.089
M,oxidation,diversity,1,7,0.320261,0,0,0.2,1.4813,1.2533,1.16
M,oxidation,diversity,1,8,0.333333,0,0,0.2,1.4813,1.2533,1.16
M,oxidation,diversity,1,9,0.45098,0.5,0.25,0.4,0.51188,0.714271,0.728782
M,oxidation,diversity,1,10,0.660131,0.5,0.5,0.6,0.140517,0.434018,0.422871
M,oxidation,diversity,1,11,0.764706,1,0.75,0.8,0,0.0473115,0.113506
M,oxidation,diversity,1,12,0.777778,1,0.75,0.8,0,0.0473115,0.113506
M,oxidation,diversity,1,13,0.803922,1,0.75,0.8,0,0.0473115,0.113506
M,oxidation,diversity,1,14,0.803922,1,0.75,0.8,0,0.0473115,0.113506
M,oxidation,diversity,1,15,0.921569,1,0.75,0.8,0,0.0473115,0.046058
M,oxidation,diversity,1,16,0.986928,1,1,1,0,0,0
M,oxidation,diversity,1,17,1,1,1,1,0,0,0
M,oxidation,diversity,1,18,1,1,1,1,0,0,0
M,oxidation,uncertainty,1,4,0.1667,0,0,0.2,1.4813,1.21236,1.089
M,oxidation,uncertainty,1,5,0.140028,0,0,0.2,1.58993,1.21699,1.089
M,oxidation,uncertainty,1,6,0.273388,0,0.25,0.4,0.920796,0.882421,0.821343
M,oxidation,uncertainty,1,7,0.314756,0,0.25,0.4,0.920796,0.936849,0.864885
M,oxidation,uncertainty,1,8,0.581699,0,0.25,0.4,0.920796,0.882421,0.821343
M,oxidation,uncertainty,1,9,0.529412,0,0.5,0.6,0.920796,0.740651,0.71163
M,oxidation,uncertainty,1,10,0.555556,0,0.25,0.6,0.920796,0.918729,0.697134
M,oxidation,uncertainty,1,11,0.607843,0.5,0.5,0.6,0.408917,0.532023,0.530231
M,oxidation,uncertainty,1,12,0.764706,1,0.75,0.8,0,0.0473115,0.113506
M,oxidation,uncertainty,1,13,0.777778,1,0.75,0.8,0,0.0473115,0.113506
M,oxidation,uncertainty,1,14,0.803922,1,0.75,0.8,0,0.0473115,0.113506
M,oxidation,uncertainty,1,15,0.921569,1,0.75,0.8,0,0.0473115,0.046058
M,oxidation,uncertainty,1,16,0.986928,1,1,1,0,0,0
M,oxidation,uncertainty,1,17,0.986928,1,1,1,0,0,0
M,oxidation,uncertainty,1,18,1,1,1,1,0,0,0
M,oxidation,ranking_aware,1,4,0.1667,0,0,0.2,1.4813,1.21236,1.089
M,oxidation,ranking_aware,1,5,0.260052,0,0.25,0.4,0.920796,0.93222,0.821343
M,oxidation,ranking_aware,1,6,0.356453,0,0.25,0.4,0.920796,0.93222,0.821343
M,oxidation,ranking_aware,1,7,0.43944,0,0.25,0.4,0.920796,0.798224,0.753985
M,oxidation,ranking_aware,1,8,0.446756,0,0.25,0.4,0.920796,0.798224,0.753985
M,oxidation,ranking_aware,1,9,0.488473,0,0.25,0.4,0.920796,0.852538,0.757688
M,oxidation,ranking_aware,1,10,0.629098,0,0.5,0.6,0.826174,0.656341,0.644182
M,oxidation,ranking_aware,1,11,0.647059,0.5,0.75,0.8,0.140517,0.25594,0.212961
M,oxidation,ranking_aware,1,12,0.858598,1,1,1,0,0,0
M,oxidation,ranking_aware,1,13,0.921569,1,1,1,0,0,0
M,oxidation,ranking_aware,1,14,0.908497,1,1,1,0,0,0
M,oxidation,ranking_aware,1,15,0.934641,1,1,1,0,0,0
M,oxidation,ranking_aware,1,16,0.947712,1,1,1,0,0,0
M,oxidation,ranking_aware,1,17,0.986928,1,1,1,0,0,0
M,oxidation,ranking_aware,1,18,1,1,1,1,0,0,0
M,oxidation,random,2,4,0.254902,0,0,0.4,1.4813,1.13279,0.701481
M,oxidation,random,2,5,0.3541,0,0,0.2,1.67022,1.21699,1.089
M,oxidation,random,2,6,0.294118,0,0,0.2,1.67022,1.21699,1.089
M,oxidation,random,2,7,0.320261,0,0,0.2,1.48108,1.21236,1.089
M,oxidation,random,2,8,0.45098,0,0,0.4,1.48108,1.30836,1.00884
M,oxidation,random,2,9,0.647059,0.5,0.5,0.6,0.78028,0.816083,0.661075
M,oxidation,random,2,10,0.699346,0,0.75,0.8,0.826174,0.630401,0.504321
M,oxidation,random,2,11,0.647059,0,0.75,0.6,0.826174,0.630401,0.51253
M,oxidation,random,2,12,0.673203,0,0.75,0.6,0.826174,0.630401,0.51253
M,oxidation,random,2,13,0.803922,1,1,0.8,0,0,0.0082088
M,oxidation,random,2,14,0.856209,1,1,0.8,0,0,0.0082088
M,oxidation,random,2,15,0.869281,1,1,0.8,0,0,0.192209
M,oxidation,random,2,16,0.908497,1,1,1,0,0,0
M,oxidation,random,2,17,0.908497,1,1,1,0,0,0
M,oxidation,random,2,18,1,1,1,1,0,0,0
M,oxidation,diversity,2,4,0.254902,0,0,0.4,1.4813,1.13279,0.701481
M,oxidation,diversity,2,5,0.385621,0,0.25,0.4,1.4813,1.16659,0.941484
M,oxidation,diversity,2,6,0.398693,0,0.25,0.6,1.4813,1.16659,0.78473
M,oxidation,diversity,2,7,0.45098,0,0.5,0.6,0.826174,0.896602,0.717282
M,oxidation,diversity,2,8,0.620915,0.5,0.75,0.6,0.408917,0.630401,0.51253
M,oxidation,diversity,2,9,0.633987,0.5,0.75,0.6,0.408917,0.630401,0.51253
M,oxidation,diversity,2,10,0.686275,0.5,0.75,0.6,0.408917,0.630401,0.51253
M,oxidation,diversity,2,11,0.594771,0.5,0.5,0.6,0.408917,0.532023,0.530231
M,oxidation,diversity,2,12,0.764706,1,0.75,0.8,0,0.141769,0.113416
M,oxidation,diversity,2,13,0.856209,1,0.75,0.8,0,0.141769,0.113416
M,oxidation,diversity,2,14,0.934641,1,0.75,0.8,0,0.0473115,0.113416
M,oxidation,diversity,2,15,0.986928,1,1,0.8,0,0,0.0082088
M,oxidation,diversity,2,16,0.986928,1,1,0.8,0,0,0.0082088
M,oxidation,diversity,2,17,1,1,1,1,0,0,0
M,oxidation,diversity,2,18,1,1,1,1,0,0,0
M,oxidation,uncertainty,2,4,0.254902,0,0,0.4,1.4813,1.13279,0.701481
M,oxidation,uncertainty,2,5,0.385621,0,0.25,0.4,1.4813,1.16659,0.941484
M,oxidation,uncertainty,2,6,0.398693,0,0.25,0.6,1.4813,1.16659,0.78473
M,oxidation,uncertainty,2,7,0.45098,0,0.5,0.6,0.826174,0.896602,0.717282
M,oxidation,uncertainty,2,8,0.620915,0.5,0.75,0.6,0.408917,0.630401,0.51253
M,oxidation,uncertainty,2,9,0.633987,0.5,0.75,0.6,0.408917,0.630401,0.51253
M,oxidation,uncertainty,2,10,0.686275,0.5,0.75,0.6,0.408917,0.630401,0.51253
M,oxidation,uncertainty,2,11,0.673203,0.5,0.75,0.6,0.408917,0.630401,0.51253
M,oxidation,uncertainty,2,12,0.79085,1,1,0.8,0,0,0.192209
M,oxidation,uncertainty,2,13,0.843137,1,1,0.8,0,0,0.192209
M,oxidation,uncertainty,2,14,0.960784,1,1,0.8,0,0,0.0755664
M,oxidation,uncertainty,2,15,1,1,1,1,0,0,0
M,oxidation,uncertainty,2,16,0.986928,1,1,0.8,0,0,0.0082088
M,oxidation,uncertainty,2,17,0.986928,1,1,0.8,0,0,0.0082088
M,oxidation,uncertainty,2,18,1,1,1,1,0,0,0
M,oxidation,ranking_aware,2,4,0.254902,0,0,0.4,1.4813,1.13279,0.701481
M,oxidation,ranking_aware,2,5,0.228758,0,0.5,0.6,1.4813,0.740651,0.78473
M,oxidation,ranking_aware,2,6,0.228758,0,0.5,0.6,0.826174,0.886341,0.717282
M,oxidation,ranking_aware,2,7,0.333333,0,0.5,0.6,1.19754,0.656341,0.60073
M,oxidation,ranking_aware,2,8,0.228758,0,0.5,0.6,1.19754,0.656341,0.60073
M,oxidation,ranking_aware,2,9,0.267974,0,0.5,0.6,0.826174,0.656341,0.77842
M,oxidation,ranking_aware,2,10,0.385621,0,0.5,0.6,0.826174,0.962764,0.77842
M,oxidation,ranking_aware,2,11,0.686275,0,0.5,0.6,0.826174,0.656341,0.60073
M,oxidation,ranking_aware,2,12,0.856209,0.5,0.75,0.8,0.140517,0.25594,0.280318
M,oxidation,ranking_aware,2,13,0.895425,1,1,1,0,0,0
M,oxidation,ranking_aware,2,14,0.921569,1,1,1,0,0,0
M,oxidation,ranking_aware,2,15,0.960784,1,1,1,0,0,0
M,oxidation,ranking_aware,2,16,0.947712,1,1,1,0,0,0
M,oxidation,ranking_aware,2,17,0.986928,1,1,1,0,0,0
M,oxidation,ranking_aware,2,18,1,1,1,1,0,0,0
M,oxidation,random,3,4,0.06882,0.5,0.5,0.4,0.140517,0.462398,0.714691
M,oxidation,random,3,5,0.0473243,0.5,0.5,0.4,0.140517,0.883102,0.959829
M,oxidation,random,3,6,0.289044,0.5,0.75,0.6,0.140517,0.266201,0.288618
M,oxidation,random,3,7,0.325396,0.5,0.75,0.6,0.140517,0.266201,0.288618
M,oxidation,random,3,8,0.455554,0.5,0.75,0.8,0.140517,0.266201,0.212961
M,oxidation,random,3,9,0.294118,0.5,0.75,0.6,0.140517,0.266201,0.566102
M,oxidation,random,3,10,0.424837,0.5,0.75,0.6,0.140517,0.697367,0.566102
M,oxidation,random,3,11,0.542484,0.5,0.75,0.6,0.140517,0.697367,0.566102
M,oxidation,random,3,12,0.72549,0.5,0.75,0.6,0.140517,0.266201,0.566102
M,oxidation,random,3,13,0.816993,0.5,0.75,0.8,0.140517,0.266201,0.0082088
M,oxidation,random,3,14,0.843137,0.5,1,1,0.140517,0,0
M,oxidation,random,3,15,0.921569,0.5,1,1,0.140517,0,0
M,oxidation,random,3,16,0.973856,0.5,1,1,0.140517,0,0
M,oxidation,random,3,17,0.986928,1,1,1,0,0,0
M,oxidation,random,3,18,1,1,1,1,0,0,0
M,oxidation,diversity,3,4,0.06882,0.5,0.5,0.4,0.140517,0.462398,0.714691
M,oxidation,diversity,3,5,0.0980392,0.5,0.5,0.4,0.140517,0.839136,0.786715
M,oxidation,diversity,3,6,0.346405,0.5,0.5,0.4,0.140517,0.839136,0.786715
M,oxidation,diversity,3,7,0.333333,0.5,0.5,0.4,0.140517,0.839136,0.786715
M,oxidation,diversity,3,8,0.411765,0.5,0.5,0.4,0.140517,0.839136,0.775922
M,oxidation,diversity,3,9,0.437908,0.5,0.5,0.4,0.140517,0.839136,0.786715
M,oxidation,diversity,3,10,0.424837,0.5,0.5,0.4,0.140517,0.839136,0.786715
M,oxidation,diversity,3,11,0.764706,1,1,1,0,0,0
M,oxidation,diversity,3,12,0.699346,1,0.75,0.6,0,0.141769,0.228822
M,oxidation,diversity,3,13,0.686275,1,0.75,0.6,0,0.141769,0.228822
M,oxidation,diversity,3,14,0.79085,1,0.75,0.8,0,0.0473115,0.113506
M,oxidation,diversity,3,15,0.934641,1,0.75,0.8,0,0.0473115,0.046058
M,oxidation,diversity,3,16,0.986928,1,1,1,0,0,0
M,oxidation,diversity,3,17,1,1,1,1,0,0,0
M,oxidation,diversity,3,18,1,1,1,1,0,0,0
M,oxidation,uncertainty,3,4,0.06882,0.5,0.5,0.4,0.140517,0.462398,0.714691
M,oxidation,uncertainty,3,5,0.128452,0.5,0.5,0.4,0.140517,0.744477,0.848929
M,oxidation,uncertainty,3,6,0.0849673,0.5,0.5,0.4,0.140517,1.18016,1.10149
M,oxidation,uncertainty,3,7,0.163399,0.5,0.5,0.4,0.140517,1.18016,1.10149
M,oxidation,uncertainty,3,8,0.424837,0.5,0.5,0.4,0.140517,0.839136,0.746966
M,oxidation,uncertainty,3,9,0.464052,0.5,0.5,0.4,0.140517,0.839136,0.746966
M,oxidation,uncertainty,3,10,0.477124,0.5,0.5,0.4,0.140517,0.839136,0.746966
M,oxidation,uncertainty,3,11,0.751634,1,1,1,0,0,0
M,oxidation,uncertainty,3,12,0.751634,1,0.75,0.6,0,0.141769,0.189073
M,oxidation,uncertainty,3,13,0.751634,1,0.75,0.6,0,0.141769,0.189073
M,oxidation,uncertainty,3,14,0.882353,1,0.75,0.6,0,0.0575725,0.121624
M,oxidation,uncertainty,3,15,0.960784,1,1,0.8,0,0,0.0082088
M,oxidation,uncertainty,3,16,0.960784,1,1,0.8,0,0,0.0082088
M,oxidation,uncertainty,3,17,0.986928,1,1,0.8,0,0,0.0082088
M,oxidation,uncertainty,3,18,1,1,1,1,0,0,0
M,oxidation,ranking_aware,3,4,0.06882,0.5,0.5,0.4,0.140517,0.462398,0.714691
M,oxidation,ranking_aware,3,5,-0.0262296,0.5,0.5,0.4,0.140517,0.750701,0.945333
M,oxidation,ranking_aware,3,6,0.0718954,0.5,0.5,0.4,0.140517,1.49082,1.29727
M,oxidation,ranking_aware,3,7,0.111111,0.5,0.5,0.4,0.140517,1.49082,1.26831
M,oxidation,ranking_aware,3,8,0.163399,0.5,0.5,0.4,0.140517,1.49082,1.26822
M,oxidation,ranking_aware,3,9,0.398693,0.5,0.5,0.4,0.140517,0.839136,0.775922
M,oxidation,ranking_aware,3,10,0.555556,0.5,0.5,0.4,0.140517,0.528476,0.538187
M,oxidation,ranking_aware,3,11,0.529412,0.5,0.5,0.4,0.140517,0.528476,0.538187
M,oxidation,ranking_aware,3,12,0.51634,0.5,0.5,0.4,0.140517,0.528476,0.538187
M,oxidation,ranking_aware,3,13,0.803922,1,0.75,0.6,0,0.141769,0.218029
M,oxidation,ranking_aware,3,14,0.856209,1,1,0.8,0,0,0.0082088
M,oxidation,ranking_aware,3,15,0.986928,1,1,0.8,0,0,0.0082088
M,oxidation,ranking_aware,3,16,0.986928,1,1,0.8,0,0,0.0082088
M,oxidation,ranking_aware,3,17,0.986928,1,1,1,0,0,0
M,oxidation,ranking_aware,3,18,1,1,1,1,0,0,0
M,oxidation,random,4,4,0.24183,0.5,0.25,0.2,1.39473,1.16908,1.06093
M,oxidation,random,4,5,0.380076,0.5,0.25,0.6,0.51188,0.593766,0.437163
M,oxidation,random,4,6,0.54761,1,0.5,0.6,0,0.243254,0.270261
M,oxidation,random,4,7,0.437908,1,1,0.8,0,0,0.253347
M,oxidation,random,4,8,0.673203,1,1,1,0,0,0
M,oxidation,random,4,9,0.699346,1,1,1,0,0,0
M,oxidation,random,4,10,0.647059,1,1,1,0,0,0
M,oxidation,random,4,11,0.79085,1,1,1,0,0,0
M,oxidation,random,4,12,0.751634,1,1,1,0,0,0
M,oxidation,random,4,13,0.79085,1,1,1,0,0,0
M,oxidation,random,4,14,0.816993,1,1,1,0,0,0
M,oxidation,random,4,15,0.908497,1,1,1,0,0,0
M,oxidation,random,4,16,0.947712,1,1,1,0,0,0
M,oxidation,random,4,17,0.986928,1,1,1,0,0,0
M,oxidation,random,4,18,1,1,1,1,0,0,0
M,oxidation,diversity,4,4,0.24183,0.5,0.25,0.2,1.39473,1.16908,1.06093
M,oxidation,diversity,4,5,0.346405,0.5,0.25,0.4,1.39473,1.16908,0.730509
M,oxidation,diversity,4,6,0.372549,0.5,0.25,0.2,0.700796,1.16908,1.06093
M,oxidation,diversity,4,7,0.45098,1,0.5,0.4,0,0.768878,0.730509
M,oxidation,diversity,4,8,0.424837,1,0.5,0.4,0,0.768878,0.730509
M,oxidation,diversity,4,9,0.764706,1,0.5,0.8,0,0.243254,0.156754
M,oxidation,diversity,4,10,0.816993,1,1,0.8,0,0,0.192209
M,oxidation,diversity,4,11,0.79085,1,0.5,0.8,0,0.243254,0.156754
M,oxidation,diversity,4,12,0.869281,1,1,1,0,0,0
M,oxidation,diversity,4,13,0.856209,1,0.75,0.8,0,0.0473115,0.046058
M,oxidation,diversity,4,14,0.856209,1,0.75,0.8,0,0.0473115,0.046058
M,oxidation,diversity,4,15,0.921569,1,0.75,0.8,0,0.0473115,0.046058
M,oxidation,diversity,4,16,0.986928,1,1,1,0,0,0
M,oxidation,diversity,4,17,1,1,1,1,0,0,0
M,oxidation,diversity,4,18,1,1,1,1,0,0,0
M,oxidation,uncertainty,4,4,0.24183,0.5,0.25,0.2,1.39473,1.16908,1.06093
M,oxidation,uncertainty,4,5,0.346405,0.5,0.25,0.4,1.39473,1.16908,0.730509
M,oxidation,uncertainty,4,6,0.385621,0.5,0.25,0.4,0.700796,1.16908,0.730509
M,oxidation,uncertainty,4,7,0.581699,0.5,0.5,0.6,0.51188,0.451883,0.437163
M,oxidation,uncertainty,4,8,0.581699,0.5,0.25,0.6,0.51188,0.62996,0.466119
M,oxidation,uncertainty,4,9,0.764706,1,0.5,0.8,0,0.243254,0.156754
M,oxidation,uncertainty,4,10,0.816993,1,1,0.8,0,0,0.192209
M,oxidation,uncertainty,4,11,0.843137,1,0.75,0.8,0,0.0473115,0.046058
M,oxidation,uncertainty,4,12,0.830065,1,0.75,0.8,0,0.0473115,0.046058
M,oxidation,uncertainty,4,13,0.856209,1,0.75,0.8,0,0.0473115,0.046058
M,oxidation,uncertainty,4,14,0.856209,1,0.75,0.8,0,0.0473115,0.046058
M,oxidation,uncertainty,4,15,0.921569,1,0.75,0.8,0,0.0473115,0.046058
M,oxidation,uncertainty,4,16,0.986928,1,1,1,0,0,0
M,oxidation,uncertainty,4,17,0.986928,1,1,1,0,0,0
M,oxidation,uncertainty,4,18,1,1,1,1,0,0,0
M,oxidation,ranking_aware,4,4,0.24183,0.5,0.25,0.2,1.39473,1.16908,1.06093
M,oxidation,ranking_aware,4,5,0.380076,0.5,0.25,0.6,0.51188,0.593766,0.437163
M,oxidation,ranking_aware,4,6,0.581699,0.5,0.25,0.6,0.51188,0.593766,0.437163
M,oxidation,ranking_aware,4,7,0.542484,0.5,0.5,0.6,0.51188,0.451883,0.437073
M,oxidation,ranking_aware,4,8,0.542484,0.5,0.5,0.6,0.51188,0.451883,0.437073
M,oxidation,ranking_aware,4,9,0.607843,0.5,0.5,0.6,0.51188,0.451883,0.437073
M,oxidation,ranking_aware,4,10,0.51634,0.5,0.75,0.8,1.14525,0.572624,0.458099
M,oxidation,ranking_aware,4,11,0.542484,0.5,0.75,0.8,0.140517,0.572624,0.458099
M,oxidation,ranking_aware,4,12,0.843137,0.5,0.75,0.8,0.140517,0.25594,0.212961
M,oxidation,ranking_aware,4,13,0.856209,1,1,1,0,0,0
M,oxidation,ranking_aware,4,14,0.921569,1,1,1,0,0,0
M,oxidation,ranking_aware,4,15,0.947712,1,1,1,0,0,0
M,oxidation,ranking_aware,4,16,0.947712,1,1,1,0,0,0
M,oxidation,ranking_aware,4,17,0.973856,1,1,1,0,0,0
M,oxidation,ranking_aware,4,18,1,1,1,1,0,0,0
M,oxidation,random,5,4,0.398693,0,0.5,0.4,1.21806,0.896602,0.842949
M,oxidation,random,5,5,0.301641,0,0.25,0.6,1.31268,0.79811,0.600639
M,oxidation,random,5,6,0.477124,0,0.25,0.6,0.920796,0.943913,0.717282
M,oxidation,random,5,7,0.568627,0,0.75,0.8,1.40132,0.630401,0.504321
M,oxidation,random,5,8,0.542484,0,0.75,0.8,1.40132,0.630401,0.504321
M,oxidation,random,5,9,0.555556,0,0.75,0.8,1.40132,0.630401,0.504321
M,oxidation,random,5,10,0.503268,0,0.75,0.8,1.67806,0.630401,0.504321
M,oxidation,random,5,11,0.503268,0,0.75,0.8,1.67806,0.630401,0.504321
M,oxidation,random,5,12,0.581699,0,0.5,0.6,0.826174,0.656341,0.600639
M,oxidation,random,5,13,0.633987,0,0.5,0.6,0.826174,0.656341,0.600639
M,oxidation,random,5,14,0.686804,0,0.5,0.6,0.826174,0.656341,0.600639
M,oxidation,random,5,15,0.738562,0.5,0.75,0.8,0.140517,0.25594,0.212961
M,oxidation,random,5,16,0.921569,1,1,1,0,0,0
M,oxidation,random,5,17,1,1,1,1,0,0,0
M,oxidation,random,5,18,1,1,1,1,0,0,0
M,oxidation,diversity,5,4,0.398693,0,0.5,0.4,1.21806,0.896602,0.842949
M,oxidation,diversity,5,5,0.529412,0,0.5,0.6,0.826174,0.896602,0.40517
M,oxidation,diversity,5,6,0.581699,0,0.5,0.6,0.920796,0.886341,0.78473
M,oxidation,diversity,5,7,0.633987,0,0.5,0.8,0.920796,0.886341,0.504321
M,oxidation,diversity,5,8,0.712418,0.5,0.75,0.8,1.2608,0.630401,0.504321
M,oxidation,diversity,5,9,0.686275,0.5,0.5,0.8,0.78028,0.677712,0.504321
M,oxidation,diversity,5,10,0.673203,0.5,0.5,0.8,0.78028,0.677712,0.504321
M,oxidation,diversity,5,11,0.738562,0.5,0.75,0.6,1.2608,0.630401,0.51253
M,oxidation,diversity,5,12,0.751634,0.5,0.75,0.8,1.2608,0.630401,0.504321
M,oxidation,diversity,5,13,0.882353,1,1,1,0,0,0
M,oxidation,diversity,5,14,0.869281,1,1,0.8,0,0,0.192209
M,oxidation,diversity,5,15,0.869281,1,1,0.8,0,0,0.192209
M,oxidation,diversity,5,16,0.986928,1,1,1,0,0,0
M,oxidation,diversity,5,17,1,1,1,1,0,0,0
M,oxidation,diversity,5,18,1,1,1,1,0,0,0
M,oxidation,uncertainty,5,4,0.398693,0,0.5,0.4,1.21806,0.896602,0.842949
M,oxidation,uncertainty,5,5,0.529412,0,0.5,0.6,0.826174,0.896602,0.40517
M,oxidation,uncertainty,5,6,0.581699,0,0.5,0.6,0.920796,0.886341,0.78473
M,oxidation,uncertainty,5,7,0.633987,0,0.5,0.8,0.920796,0.886341,0.504321
M,oxidation,uncertainty,5,8,0.712418,0.5,0.75,0.8,1.2608,0.630401,0.504321
M,oxidation,uncertainty,5,9,0.686275,0.5,0.5,0.8,0.78028,0.677712,0.504321
M,oxidation,uncertainty,5,10,0.673203,0.5,0.5,0.8,0.408917,0.677712,0.504321
M,oxidation,uncertainty,5,11,0.673203,0.5,0.5,0.8,0.408917,0.677712,0.504321
M,oxidation,uncertainty,5,12,0.751634,0.5,0.5,0.6,0.408917,0.447712,0.433827
M,oxidation,uncertainty,5,13,0.856209,1,0.75,0.8,0,0.0575725,0.0082088
M,oxidation,uncertainty,5,14,0.947712,1,1,0.8,0,0,0.0082088
M,oxidation,uncertainty,5,15,0.986928,1,1,0.8,0,0,0.0082088
M,oxidation,uncertainty,5,16,0.986928,1,1,1,0,0,0
M,oxidation,uncertainty,5,17,0.986928,1,1,1,0,0,0
M,oxidation,uncertainty,5,18,1,1,1,1,0,0,0
M,oxidation,ranking_aware,5,4,0.398693,0,0.5,0.4,1.21806,0.896602,0.842949
M,oxidation,ranking_aware,5,5,0.424837,0,0.5,0.6,1.67806,0.896602,0.51253
M,oxidation,ranking_aware,5,6,0.237635,0.5,0.5,0.6,0.685657,0.826344,0.51253
M,oxidation,ranking_aware,5,7,0.51634,0.5,0.75,0.6,1.2608,0.630401,0.51253
M,oxidation,ranking_aware,5,8,0.568627,0.5,0.75,0.8,0.408917,0.630401,0.192209
M,oxidation,ranking_aware,5,9,0.686275,0.5,0.75,0.8,0.408917,0.630401,0.192209
M,oxidation,ranking_aware,5,10,0.542484,1,1,0.8,0,0,0.192209
M,oxidation,ranking_aware,5,11,0.660131,1,1,0.8,0,0,0.192209
M,oxidation,ranking_aware,5,12,0.895425,1,1,0.8,0,0,0.0082088
M,oxidation,ranking_aware,5,13,0.947712,1,1,0.8,0,0,0.0082088
M,oxidation,ranking_aware,5,14,0.947712,1,1,0.8,0,0,0.0082088
M,oxidation,ranking_aware,5,15,0.947712,1,1,0.8,0,0,0.0082088
M,oxidation,ranking_aware,5,16,0.973856,1,1,1,0,0,0
M,oxidation,ranking_aware,5,17,0.986928,1,1,1,0,0,0
M,oxidation,ranking_aware,5,18,1,1,1,1,0,0,0
M,oxidation,random,6,4,0.51634,0.5,0.5,0.6,0.51188,0.397709,0.433574
M,oxidation,random,6,5,0.686275,0,0.75,1,0.920796,0.25594,0
M,oxidation,random,6,6,0.686275,0.5,0.75,1,0.140517,0.25594,0
M,oxidation,random,6,7,0.633987,0,0.5,0.6,0.826174,0.896602,0.51253
M,oxidation,random,6,8,0.647059,0,0.75,0.6,1.40132,0.630401,0.51253
M,oxidation,random,6,9,0.581699,0,0.5,0.6,1.40132,0.896602,0.717282
M,oxidation,random,6,10,0.673203,0.5,0.5,0.6,0.140517,0.397709,0.393825
M,oxidation,random,6,11,0.72549,0.5,0.5,0.8,0.140517,0.313512,0.212961
M,oxidation,random,6,12,0.843137,1,1,0.8,0,0,0.192209
M,oxidation,random,6,13,0.856209,1,1,0.8,0,0,0.192209
M,oxidation,random,6,14,0.986928,1,1,1,0,0,0
M,oxidation,random,6,15,0.986928,1,1,1,0,0,0
M,oxidation,random,6,16,1,1,1,1,0,0,0
M,oxidation,random,6,17,1,1,1,1,0,0,0
M,oxidation,random,6,18,1,1,1,1,0,0,0
M,oxidation,diversity,6,4,0.51634,0.5,0.5,0.6,0.51188,0.397709,0.433574
M,oxidation,diversity,6,5,0.555556,0,0.5,0.6,1.77268,0.886341,0.784639
M,oxidation,diversity,6,6,0.228758,0,0,0.2,1.4813,1.31924,1.13096
M,oxidation,diversity,6,7,0.503268,0,0.5,0.6,0.826174,0.896602,0.717282
M,oxidation,diversity,6,8,0.660131,0.5,0.75,0.6,0.408917,0.630401,0.51253
M,oxidation,diversity,6,9,0.699346,0.5,0.75,0.6,0.408917,0.630401,0.51253
M,oxidation,diversity,6,10,0.699346,0.5,0.75,0.6,1.2608,0.630401,0.51253
M,oxidation,diversity,6,11,0.660131,0.5,0.5,0.6,0.408917,0.532023,0.530231
M,oxidation,diversity,6,12,0.764706,1,0.75,0.8,0,0.141769,0.113416
M,oxidation,diversity,6,13,0.79085,1,0.75,0.8,0,0.141769,0.113416
M,oxidation,diversity,6,14,0.921569,1,0.75,0.8,0,0.0473115,0.113416
M,oxidation,diversity,6,15,0.986928,1,1,1,0,0,0
M,oxidation,diversity,6,16,1,1,1,1,0,0,0
M,oxidation,diversity,6,17,1,1,1,1,0,0,0
M,oxidation,diversity,6,18,1,1,1,1,0,0,0
M,oxidation,uncertainty,6,4,0.51634,0.5,0.5,0.6,0.51188,0.397709,0.433574
M,oxidation,uncertainty,6,5,0.555556,0,0.5,0.6,1.77268,0.886341,0.784639
M,oxidation,uncertainty,6,6,0.228758,0,0,0.2,1.4813,1.31924,1.13096
M,oxidation,uncertainty,6,7,0.503268,0,0.5,0.6,0.826174,0.896602,0.717282
M,oxidation,uncertainty,6,8,0.660131,0.5,0.75,0.6,0.408917,0.630401,0.51253
M,oxidation,uncertainty,6,9,0.699346,0.5,0.75,0.6,0.408917,0.630401,0.51253
M,oxidation,uncertainty,6,10,0.712418,0.5,0.75,0.8,0.408917,0.630401,0.504321
M,oxidation,uncertainty,6,11,0.712418,0.5,0.75,0.8,0.408917,0.630401,0.504321
M,oxidation,uncertainty,6,12,0.803922,1,1,0.8,0,0,0.192209
M,oxidation,uncertainty,6,13,0.843137,1,1,0.8,0,0,0.192209
M,oxidation,uncertainty,6,14,0.973856,1,1,1,0,0,0
M,oxidation,uncertainty,6,15,0.986928,1,1,1,0,0,0
M,oxidation,uncertainty,6,16,0.986928,1,1,1,0,0,0
M,oxidation,uncertainty,6,17,0.986928,1,1,1,0,0,0
M,oxidation,uncertainty,6,18,1,1,1,1,0,0,0
M,oxidation,ranking_aware,6,4,0.51634,0.5,0.5,0.6,0.51188,0.397709,0.433574
M,oxidation,ranking_aware,6,5,0.254902,0.5,0.25,0.2,1.39473,1.16908,1.06093
M,oxidation,ranking_aware,6,6,0.51634,0.5,0.25,0.4,0.700796,0.727649,0.657776
M,oxidation,ranking_aware,6,7,0.477124,0.5,0.25,0.6,0.51188,0.677963,0.337618
M,oxidation,ranking_aware,6,8,0.424837,0.5,0.25,0.4,0.51188,0.677963,0.657776
M,oxidation,ranking_aware,6,9,0.503268,0.5,0.25,0.4,0.51188,0.677963,0.657776
M,oxidation,ranking_aware,6,10,0.555556,0.5,0.25,0.4,0.51188,0.677963,0.646983
M,oxidation,ranking_aware,6,11,0.581699,0.5,0.25,0.4,0.51188,0.677963,0.646983
M,oxidation,ranking_aware,6,12,0.777778,0.5,0.5,0.6,0.51188,0.327451,0.337618
M,oxidation,ranking_aware,6,13,0.960784,1,1,1,0,0,0
M,oxidation,ranking_aware,6,14,0.934641,1,0.75,1,0,0.0473115,0
M,oxidation,ranking_aware,6,15,0.986928,1,1,1,0,0,0
M,oxidation,ranking_aware,6,16,0.947712,1,1,1,0,0,0
M,oxidation,ranking_aware,6,17,0.973856,1,1,1,0,0,0
M,oxidation,ranking_aware,6,18,1,1,1,1,0,0,0
M,oxidation,random,7,4,0.233988,0,0.25,0.2,0.941318,0.94711,1.3546
M,oxidation,random,7,5,0.351834,0.5,0.5,0.6,0.408917,0.676167,0.540934
M,oxidation,random,7,6,0.330049,0.5,0.5,0.6,0.408917,0.676167,0.540934
M,oxidation,random,7,7,0.327871,0.5,0.5,0.6,0.408917,0.532023,1.02253
M,oxidation,random,7,8,0.288526,0.5,0.75,0.6,0.408917,0.79345,0.987902
M,oxidation,random,7,9,0.432789,0.5,0.75,0.6,0.408917,0.79345,0.888107
M,oxidation,random,7,10,0.372549,0.5,0.5,0.4,0.408917,0.712475,0.689089
M,oxidation,random,7,11,0.882353,0.5,0.75,1,0.408917,0.0473115,0
M,oxidation,random,7,12,0.79085,0.5,0.75,0.8,0.408917,0.0473115,0.113416
M,oxidation,random,7,13,0.803922,0.5,0.75,0.8,0.408917,0.0473115,0.113416
M,oxidation,random,7,14,0.947712,0.5,0.75,1,0.408917,0.39014,0
M,oxidation,random,7,15,0.960784,0.5,1,1,0.408917,0,0
M,oxidation,random,7,16,0.973856,0.5,1,1,0.408917,0,0
M,oxidation,random,7,17,1,1,1,1,0,0,0
M,oxidation,random,7,18,1,1,1,1,0,0,0
M,oxidation,diversity,7,4,0.233988,0,0.25,0.2,0.941318,0.94711,1.3546
M,oxidation,diversity,7,5,0.346405,0,0.5,0.4,0.941318,0.853047,0.808105
M,oxidation,diversity,7,6,0.346405,0,0.5,0.4,1.18233,0.787107,0.787051
M,oxidation,diversity,7,7,0.437908,0.5,0.5,0.4,0.140517,0.541967,0.786715
M,oxidation,diversity,7,8,0.490196,0.5,0.5,0.4,0.140517,0.541967,0.786715
M,oxidation,diversity,7,9,0.490196,0.5,0.5,0.4,0.700796,0.541967,0.786715
M,oxidation,diversity,7,10,0.594771,1,0.75,0.6,0,0.141769,0.228822
M,oxidation,diversity,7,11,0.764706,1,0.75,0.8,0,0.0473115,0.113506
M,oxidation,diversity,7,12,0.777778,1,0.75,0.8,0,0.0473115,0.113506
M,oxidation,diversity,7,13,0.803922,1,0.75,0.8,0,0.0473115,0.113506
M,oxidation,diversity,7,14,0.803922,1,0.75,0.8,0,0.0473115,0.113506
M,oxidation,diversity,7,15,0.921569,1,0.75,0.8,0,0.0473115,0.046058
M,oxidation,diversity,7,16,0.986928,1,1,1,0,0,0
M,oxidation,diversity,7,17,1,1,1,1,0,0,0
M,oxidation,diversity,7,18,1,1,1,1,0,0,0
M,oxidation,uncertainty,7,4,0.233988,0,0.25,0.2,0.941318,0.94711,1.3546
M,oxidation,uncertainty,7,5,0.353404,0,0.25,0.4,0.920796,0.798224,0.753985
M,oxidation,uncertainty,7,6,0.264039,0,0.25,0.4,0.920796,0.93222,0.821343
M,oxidation,uncertainty,7,7,0.314756,0,0.25,0.4,0.920796,0.936849,0.864885
M,oxidation,uncertainty,7,8,0.581699,0,0.25,0.4,0.920796,0.882421,0.821343
M,oxidation,uncertainty,7,9,0.529412,0,0.5,0.6,0.920796,0.740651,0.71163
M,oxidation,uncertainty,7,10,0.555556,0,0.25,0.6,0.920796,0.918729,0.697134
M,oxidation,uncertainty,7,11,0.607843,0.5,0.5,0.6,0.408917,0.532023,0.530231
M,oxidation,uncertainty,7,12,0.764706,1,0.75,0.8,0,0.0473115,0.113506
M,oxidation,uncertainty,7,13,0.777778,1,0.75,0.8,0,0.0473115,0.113506
M,oxidation,uncertainty,7,14,0.803922,1,0.75,0.8,0,0.0473115,0.113506
M,oxidation,uncertainty,7,15,0.921569,1,0.75,0.8,0,0.0473115,0.046058
M,oxidation,uncertainty,7,16,0.986928,1,1,1,0,0,0
M,oxidation,uncertainty,7,17,0.986928,1,1,1,0,0,0
M,oxidation,uncertainty,7,18,1,1,1,1,0,0,0
M,oxidation,ranking_aware,7,4,0.233988,0,0.25,0.2,0.941318,0.94711,1.3546
M,oxidation,ranking_aware,7,5,0.353404,0,0.25,0.4,0.920796,0.798224,0.753985
M,oxidation,ranking_aware,7,6,0.356453,0,0.25,0.4,0.920796,0.798224,0.753985
M,oxidation,ranking_aware,7,7,0.288526,0,0.25,0.6,0.920796,1.5341,0.915169
M,oxidation,ranking_aware,7,8,0.385355,0,0.25,0.4,0.920796,0.798224,0.891926
M,oxidation,ranking_aware,7,9,0.5001,0.5,0.5,0.8,0.140517,0.313512,0.212961
M,oxidation,ranking_aware,7,10,0.6733,0.5,0.5,0.8,0.140517,0.313512,0.212961
M,oxidation,ranking_aware,7,11,0.620915,0.5,0.75,0.8,0.140517,0.25594,0.212961
M,oxidation,ranking_aware,7,12,0.72549,0.5,0.75,0.8,0.140517,0.25594,0.212961
M,oxidation,ranking_aware,7,13,0.764706,0.5,0.75,0.8,0.140517,0.25594,0.212961
M,oxidation,ranking_aware,7,14,0.738562,0.5,0.75,0.8,0.140517,0.25594,0.212961
M,oxidation,ranking_aware,7,15,0.921569,0.5,0.75,0.8,0.140517,0.25594,0.212961
M,oxidation,ranking_aware,7,16,0.986928,1,1,1,0,0,0
M,oxidation,ranking_aware,7,17,0.973856,1,1,1,0,0,0
M,oxidation,ranking_aware,7,18,1,1,1,1,0,0,0
M,oxidation,random,8,4,0.316847,0,0.5,0.6,1.10994,0.750912,0.60073
M,oxidation,random,8,5,0.320261,0,0.5,0.4,0.941318,0.896602,0.792939
M,oxidation,random,8,6,0.267974,0,0.5,0.6,1.40132,0.896602,0.717282
M,oxidation,random,8,7,0.372549,0.5,0.75,0.8,0.408917,0.630401,0.504321
M,oxidation,random,8,8,0.385621,0.5,0.75,0.6,0.408917,0.630401,0.51253
M,oxidation,random,8,9,0.464052,1,0.75,0.8,0,0.0473115,0.230058
M,oxidation,random,8,10,0.699346,1,0.75,0.8,0,0.141769,0.113416
M,oxidation,random,8,11,0.830065,1,1,0.8,0,0,0.0755664
M,oxidation,random,8,12,0.699346,1,0.75,0.8,0,0.0473115,0.113416
M,oxidation,random,8,13,0.830065,1,0.75,0.8,0,0.141769,0.113416
M,oxidation,random,8,14,0.869281,0.5,1,0.8,0.417257,0,0.0082088
M,oxidation,random,8,15,0.986928,1,1,1,0,0,0
M,oxidation,random,8,16,0.986928,1,1,1,0,0,0
M,oxidation,random,8,17,1,1,1,1,0,0,0
M,oxidation,random,8,18,1,1,1,1,0,0,0
M,oxidation,diversity,8,4,0.316847,0,0.5,0.6,1.10994,0.750912,0.60073
M,oxidation,diversity,8,5,0.437908,0,0.5,0.6,0.826174,0.896602,0.717282
M,oxidation,diversity,8,6,0.45098,0,0.5,0.6,0.826174,0.896602,0.717282
M,oxidation,diversity,8,7,0.581699,0.5,0.75,0.6,0.408917,0.630401,0.51253
M,oxidation,diversity,8,8,0.660131,0.5,0.75,0.6,0.408917,0.630401,0.51253
M,oxidation,diversity,8,9,0.699346,0.5,0.75,0.6,0.408917,0.630401,0.51253
M,oxidation,diversity,8,10,0.751634,0.5,0.75,0.6,0.408917,0.400401,0.395978
M,oxidation,diversity,8,11,0.738562,1,0.75,0.6,0,0.141883,0.218119
M,oxidation,diversity,8,12,0.72549,1,0.75,0.6,0,0.141883,0.218119
M,oxidation,diversity,8,13,0.72549,1,0.75,0.6,0,0.141883,0.218119
M,oxidation,diversity,8,14,0.843137,1,0.75,0.6,0,0.0575725,0.121715
M,oxidation,diversity,8,15,0.960784,1,1,0.8,0,0,0.0082088
M,oxidation,diversity,8,16,0.986928,1,1,0.8,0,0,0.0082088
M,oxidation,diversity,8,17,1,1,1,1,0,0,0
M,oxidation,diversity,8,18,1,1,1,1,0,0,0
M,oxidation,uncertainty,8,4,0.316847,0,0.5,0.6,1.10994,0.750912,0.60073
M,oxidation,uncertainty,8,5,0.372549,0,0.5,0.4,0.941318,0.896602,0.792939
M,oxidation,uncertainty,8,6,0.45098,0,0.5,0.6,0.826174,0.896602,0.717282
M,oxidation,uncertainty,8,7,0.581699,0.5,0.75,0.6,0.408917,0.630401,0.51253
M,oxidation,uncertainty,8,8,0.607843,0.5,0.75,0.6,0.408917,0.630401,0.51253
M,oxidation,uncertainty,8,9,0.699346,0.5,0.75,0.6,0.408917,0.630401,0.51253
M,oxidation,uncertainty,8,10,0.673203,0.5,0.75,0.6,0.408917,0.630401,0.51253
M,oxidation,uncertainty,8,11,0.843137,1,1,0.8,0,0,0.0082088
M,oxidation,uncertainty,8,12,0.843137,1,1,0.8,0,0,0.0756572
M,oxidation,uncertainty,8,13,0.856209,1,1,0.8,0,0,0.0756572
M,oxidation,uncertainty,8,14,0.869281,1,1,0.8,0,0,0.0756572
M,oxidation,uncertainty,8,15,0.960784,1,1,0.8,0,0,0.0082088
M,oxidation,uncertainty,8,16,0.960784,1,1,0.8,0,0,0.0082088
M,oxidation,uncertainty,8,17,0.986928,1,1,0.8,0,0,0.0082088
M,oxidation,uncertainty,8,18,1,1,1,1,0,0,0
M,oxidation,ranking_aware,8,4,0.316847,0,0.5,0.6,1.10994,0.750912,0.60073
M,oxidation,ranking_aware,8,5,0.176471,0,0.5,0.6,0.826174,0.896602,0.717282
M,oxidation,ranking_aware,8,6,0.202614,0,0.5,0.6,0.826174,0.896602,0.717282
M,oxidation,ranking_aware,8,7,0.124183,0,0.5,0.6,0.941318,0.750912,0.60073
M,oxidation,ranking_aware,8,8,0.202614,0,0.5,0.6,0.826174,0.656341,0.60073
M,oxidation,ranking_aware,8,9,0.267974,0,0.5,0.6,0.826174,0.656341,0.77842
M,oxidation,ranking_aware,8,10,0.600174,0,0.5,0.6,0.826174,0.656341,0.60073
M,oxidation,ranking_aware,8,11,0.647374,0.5,0.75,0.8,0.408917,0.39014,0.320321
M,oxidation,ranking_aware,8,12,0.75702,0.5,0.75,0.8,0.408917,0.39014,0.320321
M,oxidation,ranking_aware,8,13,0.76682,0.5,0.75,0.8,0.408917,0.39014,0.320321
M,oxidation,ranking_aware,8,14,0.76682,0.5,0.75,0.8,0.408917,0.39014,0.320321
M,oxidation,ranking_aware,8,15,0.869281,0.5,1,1,0.408917,0,0
M,oxidation,ranking_aware,8,16,0.908497,1,1,1,0,0,0
M,oxidation,ranking_aware,8,17,0.986928,1,1,1,0,0,0
M,oxidation,ranking_aware,8,18,1,1,1,1,0,0,0
M,oxidation,random,9,4,0.230669,0.5,0.75,0.6,0.140517,0.697367,0.566102
M,oxidation,random,9,5,0.290706,1,0.75,0.6,0,0.488738,0.5832
M,oxidation,random,9,6,0.277241,1,0.75,0.6,0,0.488738,0.735763
M,oxidation,random,9,7,0.382857,1,0.75,0.8,0,0.0575725,0.0082088
M,oxidation,random,9,8,0.435665,1,0.75,0.8,0,0.0575725,0.0082088
M,oxidation,random,9,9,0.567685,1,0.75,0.8,0,0.0575725,0.0082088
M,oxidation,random,9,10,0.660131,1,0.75,0.8,0,0.0575725,0.0082088
M,oxidation,random,9,11,0.747545,1,0.75,0.8,0,0.0473115,0.046058
M,oxidation,random,9,12,0.751634,1,0.75,0.8,0,0.0473115,0.046058
M,oxidation,random,9,13,0.816993,1,0.75,0.8,0,0.0473115,0.046058
M,oxidation,random,9,14,0.856209,1,0.75,0.8,0,0.0473115,0.046058
M,oxidation,random,9,15,0.882353,1,1,0.8,0,0,0.192209
M,oxidation,random,9,16,1,1,1,1,0,0,0
M,oxidation,random,9,17,1,1,1,1,0,0,0
M,oxidation,random,9,18,1,1,1,1,0,0,0
M,oxidation,diversity,9,4,0.230669,0.5,0.75,0.6,0.140517,0.697367,0.566102
M,oxidation,diversity,9,5,0.314756,0.5,0.5,0.6,0.140517,0.901762,0.683561
M,oxidation,diversity,9,6,0.322375,0.5,0.5,0.6,0.140517,0.901762,0.683561
M,oxidation,diversity,9,7,0.385621,0.5,0.5,0.6,0.140517,0.875445,0.495604
M,oxidation,diversity,9,8,0.424837,1,0.75,0.6,0,0.488738,0.5832
M,oxidation,diversity,9,9,0.699346,1,1,0.8,0,0,0.192209
M,oxidation,diversity,9,10,0.673203,1,0.75,0.6,0,0.287572,0.305624
M,oxidation,diversity,9,11,0.72549,1,1,0.8,0,0,0.0082088
M,oxidation,diversity,9,12,0.79085,1,1,0.8,0,0,0.0082088
M,oxidation,diversity,9,13,0.856209,1,1,0.8,0,0,0.0082088
M,oxidation,diversity,9,14,0.908497,1,1,1,0,0,0
M,oxidation,diversity,9,15,0.947712,1,1,1,0,0,0
M,oxidation,diversity,9,16,0.986928,1,1,1,0,0,0
M,oxidation,diversity,9,17,1,1,1,1,0,0,0
M,oxidation,diversity,9,18,1,1,1,1,0,0,0
M,oxidation,uncertainty,9,4,0.230669,0.5,0.75,0.6,0.140517,0.697367,0.566102
M,oxidation,uncertainty,9,5,0.383244,0.5,0.5,0.6,0.140517,0.397823,0.437367
M,oxidation,uncertainty,9,6,0.501675,0.5,0.75,0.8,0.140517,0.25594,0.212961
M,oxidation,uncertainty,9,7,0.542484,0.5,0.75,0.8,0.140517,0.25594,0.212961
M,oxidation,uncertainty,9,8,0.542484,0.5,0.75,0.8,0.140517,0.287572,0.192209
M,oxidation,uncertainty,9,9,0.555556,1,0.75,0.6,0,0.287572,0.305624
M,oxidation,uncertainty,9,10,0.607843,1,0.75,0.6,0,0.287572,0.305624
M,oxidation,uncertainty,9,11,0.79085,1,1,1,0,0,0
M,oxidation,uncertainty,9,12,0.830065,1,1,1,0,0,0
M,oxidation,uncertainty,9,13,0.856209,1,1,1,0,0,0
M,oxidation,uncertainty,9,14,0.908497,1,1,1,0,0,0
M,oxidation,uncertainty,9,15,0.947712,1,1,1,0,0,0
M,oxidation,uncertainty,9,16,0.986928,1,1,1,0,0,0
M,oxidation,uncertainty,9,17,0.986928,1,1,1,0,0,0
M,oxidation,uncertainty,9,18,1,1,1,1,0,0,0
M,oxidation,ranking_aware,9,4,0.230669,0.5,0.75,0.6,0.140517,0.697367,0.566102
M,oxidation,ranking_aware,9,5,0.383244,0.5,0.5,0.6,0.140517,0.397823,0.437367
M,oxidation,ranking_aware,9,6,0.264039,0.5,0.5,0.6,0.140517,0.397823,0.437367
M,oxidation,ranking_aware,9,7,0.275411,0.5,0.5,0.6,0.140517,0.397823,0.437367
M,oxidation,ranking_aware,9,8,0.367215,0.5,0.5,0.6,0.140517,0.397823,0.437367
M,oxidation,ranking_aware,9,9,0.459019,1,0.75,0.8,0,0.0473115,0.113506
M,oxidation,ranking_aware,9,10,0.555556,1,0.75,0.8,0,0.0473115,0.113506
M,oxidation,ranking_aware,9,11,0.555556,1,0.75,0.8,0,0.0473115,0.113506
M,oxidation,ranking_aware,9,12,0.673203,1,0.75,0.8,0,0.0473115,0.113506
M,oxidation,ranking_aware,9,13,0.816993,1,1,0.8,0,0,0.0082088
M,oxidation,ranking_aware,9,14,0.856209,1,1,1,0,0,0
M,oxidation,ranking_aware,9,15,0.882353,1,1,1,0,0,0
M,oxidation,ranking_aware,9,16,0.973856,1,1,1,0,0,0
M,oxidation,ranking_aware,9,17,0.986928,1,1,1,0,0,0
M,oxidation,ranking_aware,9,18,1,1,1,1,0,0,0
M,oxidation,random,10,4,0.424837,0,0.25,0.2,1.21806,1.08074,1.0568
M,oxidation,random,10,5,0.45098,0,0.5,0.4,0.826174,0.896602,0.842949
M,oxidation,random,10,6,0.542484,0,0.5,0.6,0.826174,0.896602,0.40517
M,oxidation,random,10,7,0.320261,0.5,0.5,0.6,0.826048,0.831504,0.627354
M,oxidation,random,10,8,0.51634,0.5,0.75,0.8,0.417257,0.195943,0.0082088
M,oxidation,random,10,9,0.542484,1,1,0.8,0,0,0.0082088
M,oxidation,random,10,10,0.633987,0.5,1,0.8,0.417257,0,0.0082088
M,oxidation,random,10,11,0.738562,1,1,0.8,0,0,0.192209
M,oxidation,random,10,12,0.830065,1,1,1,0,0,0
M,oxidation,random,10,13,0.908497,1,1,0.8,0,0,0.0082088
M,oxidation,random,10,14,0.986928,1,1,0.8,0,0,0.0082088
M,oxidation,random,10,15,1,1,1,1,0,0,0
M,oxidation,random,10,16,1,1,1,1,0,0,0
M,oxidation,random,10,17,1,1,1,1,0,0,0
M,oxidation,random,10,18,1,1,1,1,0,0,0
M,oxidation,diversity,10,4,0.424837,0,0.25,0.2,1.21806,1.08074,1.0568
M,oxidation,diversity,10,5,0.411765,0,0.25,0.4,1.21806,1.17674,0.792848
M,oxidation,diversity,10,6,0.51634,0.5,0.5,0.6,1.2608,0.826344,0.51253
M,oxidation,diversity,10,7,0.51634,0.5,0.5,0.6,1.2608,0.826344,0.51253
M,oxidation,diversity,10,8,0.673203,0.5,0.75,0.8,1.2608,0.630401,0.504321
M,oxidation,diversity,10,9,0.660131,0.5,0.5,0.8,0.78028,0.677712,0.504321
M,oxidation,diversity,10,10,0.751634,0.5,0.75,0.8,1.2608,0.630401,0.504321
M,oxidation,diversity,10,11,0.738562,0.5,0.75,0.8,1.2608,0.630401,0.504321
M,oxidation,diversity,10,12,0.856209,1,0.75,0.8,0,0.0473115,0.230058
M,oxidation,diversity,10,13,0.830065,1,1,0.8,0,0,0.0082088
M,oxidation,diversity,10,14,0.921569,1,1,1,0,0,0
M,oxidation,diversity,10,15,0.960784,1,1,1,0,0,0
M,oxidation,diversity,10,16,0.986928,1,1,1,0,0,0
M,oxidation,diversity,10,17,1,1,1,1,0,0,0
M,oxidation,diversity,10,18,1,1,1,1,0,0,0
M,oxidation,uncertainty,10,4,0.424837,0,0.25,0.2,1.21806,1.08074,1.0568
M,oxidation,uncertainty,10,5,0.411765,0,0.25,0.4,1.21806,1.17674,0.792848
M,oxidation,uncertainty,10,6,0.490196,0,0.5,0.6,0.826174,0.896602,0.717282
M,oxidation,uncertainty,10,7,0.607843,0,0.5,0.6,0.826174,0.886341,0.717282
M,oxidation,uncertainty,10,8,0.673203,0.5,0.75,0.8,1.2608,0.630401,0.504321
M,oxidation,uncertainty,10,9,0.660131,0.5,0.5,0.8,0.78028,0.677712,0.504321
M,oxidation,uncertainty,10,10,0.673203,0.5,0.5,0.8,0.408917,0.677712,0.504321
M,oxidation,uncertainty,10,11,0.79085,1,1,0.8,0,0,0.0082088
M,oxidation,uncertainty,10,12,0.79085,1,1,0.8,0,0,0.0082088
M,oxidation,uncertainty,10,13,0.830065,1,1,0.8,0,0,0.0082088
M,oxidation,uncertainty,10,14,0.921569,1,1,1,0,0,0
M,oxidation,uncertainty,10,15,0.960784,1,1,1,0,0,0
M,oxidation,uncertainty,10,16,0.986928,1,1,1,0,0,0
M,oxidation,uncertainty,10,17,0.986928,1,1,1,0,0,0
M,oxidation,uncertainty,10,18,1,1,1,1,0,0,0
M,oxidation,ranking_aware,10,4,0.424837,0,0.25,0.2,1.21806,1.08074,1.0568
M,oxidation,ranking_aware,10,5,0.51634,0,0.5,0.6,0.826174,0.896602,0.40517
M,oxidation,ranking_aware,10,6,0.333333,0.5,0.5,0.4,0.417257,1.04013,0.840315
M,oxidation,ranking_aware,10,7,0.542484,0.5,0.5,0.6,0.417257,0.692144,0.40517
M,oxidation,ranking_aware,10,8,0.660131,0.5,0.75,0.6,0.417257,0.266201,0.288527
M,oxidation,ranking_aware,10,9,0.607843,0.5,0.75,0.6,0.140517,0.266201,0.288527
M,oxidation,ranking_aware,10,10,0.712418,0.5,0.75,0.6,0.140517,0.266201,0.288527
M,oxidation,ranking_aware,10,11,0.816993,1,1,0.8,0,0,0.0082088
M,oxidation,ranking_aware,10,12,0.803922,1,1,0.8,0,0,0.0082088
M,oxidation,ranking_aware,10,13,0.843137,1,1,0.8,0,0,0.0082088
M,oxidation,ranking_aware,10,14,0.830065,1,1,0.8,0,0,0.0082088
M,oxidation,ranking_aware,10,15,0.960784,1,1,1,0,0,0
M,oxidation,ranking_aware,10,16,0.960784,1,1,1,0,0,0
M,oxidation,ranking_aware,10,17,0.973856,1,1,1,0,0,0
M,oxidation,ranking_aware,10,18,1,1,1,1,0,0,0
M,oxidation,random,11,4,0.171626,0,0.5,0.6,1.21806,0.656341,0.717282
M,oxidation,random,11,5,0.238624,0,0.25,0.6,1.38668,0.936594,0.60073
M,oxidation,random,11,6,0.211231,0,0.5,0.6,1.19754,0.656341,0.60073
M,oxidation,random,11,7,0.163399,0,0.5,0.6,0.826174,0.656341,0.77842
M,oxidation,random,11,8,0.24183,0,0.75,0.8,0.826174,0.25594,0.212961
M,oxidation,random,11,9,0.426026,0,0.5,0.6,0.826174,0.656341,0.869845
M,oxidation,random,11,10,0.33127,0,0.5,0.6,0.826174,0.656341,0.869845
M,oxidation,random,11,11,0.509268,0,0.5,0.6,0.826174,0.656341,0.60073
M,oxidation,random,11,12,0.528079,0,0.5,0.6,0.826174,0.656341,0.600639
M,oxidation,random,11,13,0.561131,0.5,0.75,0.8,0.408917,0.39014,0.320321
M,oxidation,random,11,14,0.673468,0.5,0.75,0.8,0.408917,0.39014,0.320321
M,oxidation,random,11,15,0.699704,0.5,0.75,0.8,0.408917,0.39014,0.320321
M,oxidation,random,11,16,0.960784,0.5,1,1,0.408917,0,0
M,oxidation,random,11,17,0.960784,1,1,1,0,0,0
M,oxidation,random,11,18,1,1,1,1,0,0,0
M,oxidation,diversity,11,4,0.171626,0,0.5,0.6,1.21806,0.656341,0.717282
M,oxidation,diversity,11,5,0.555556,0,0.5,0.6,0.826174,0.896602,0.717282
M,oxidation,diversity,11,6,0.581699,0,0.5,0.6,0.826174,0.896602,0.51253
M,oxidation,diversity,11,7,0.633987,0.5,0.75,0.6,1.2608,0.630401,0.51253
M,oxidation,diversity,11,8,0.699346,0.5,0.75,0.8,1.2608,0.630401,0.192209
M,oxidation,diversity,11,9,0.79085,0.5,1,0.8,0.408917,0,0.192209
M,oxidation,diversity,11,10,0.72549,0.5,0.75,0.8,1.2608,0.630401,0.192209
M,oxidation,diversity,11,11,0.72549,0.5,0.75,0.6,1.2608,0.630401,0.51253
M,oxidation,diversity,11,12,0.777778,1,0.75,0.8,0,0.425943,0.192209
M,oxidation,diversity,11,13,0.869281,1,1,0.8,0,0,0.192209
M,oxidation,diversity,11,14,0.856209,1,1,0.8,0,0,0.192209
M,oxidation,diversity,11,15,1,1,1,1,0,0,0
M,oxidation,diversity,11,16,1,1,1,1,0,0,0
M,oxidation,diversity,11,17,1,1,1,1,0,0,0
M,oxidation,diversity,11,18,1,1,1,1,0,0,0
M,oxidation,uncertainty,11,4,0.171626,0,0.5,0.6,1.21806,0.656341,0.717282
M,oxidation,uncertainty,11,5,0.437908,0,0.5,0.6,1.67806,0.896602,0.717282
M,oxidation,uncertainty,11,6,0.568627,0,0.5,0.6,0.826174,0.896602,0.717282
M,oxidation,uncertainty,11,7,0.594771,0,0.5,0.6,0.826174,0.896602,0.51253
M,oxidation,uncertainty,11,8,0.633987,0.5,0.75,0.6,1.2608,0.630401,0.51253
M,oxidation,uncertainty,11,9,0.673203,0.5,0.75,0.8,1.2608,0.630401,0.192209
M,oxidation,uncertainty,11,10,0.673203,0.5,0.75,0.8,0.408917,0.630401,0.192209
M,oxidation,uncertainty,11,11,0.620915,1,0.75,0.6,0,0.287572,0.305624
M,oxidation,uncertainty,11,12,0.738562,1,1,0.8,0,0,0.192209
M,oxidation,uncertainty,11,13,0.816993,1,1,0.8,0,0,0.192209
M,oxidation,uncertainty,11,14,0.856209,1,1,0.8,0,0,0.192209
M,oxidation,uncertainty,11,15,1,1,1,1,0,0,0
M,oxidation,uncertainty,11,16,0.986928,1,1,0.8,0,0,0.0082088
M,oxidation,uncertainty,11,17,0.986928,1,1,0.8,0,0,0.0082088
M,oxidation,uncertainty,11,18,1,1,1,1,0,0,0
M,oxidation,ranking_aware,11,4,0.171626,0,0.5,0.6,1.21806,0.656341,0.717282
M,oxidation,ranking_aware,11,5,0.0849673,0,0.5,0.4,0.826174,0.896602,1.31419
M,oxidation,ranking_aware,11,6,0.184828,0,0.5,0.6,0.826174,0.656341,0.869845
M,oxidation,ranking_aware,11,7,0.189542,0,0.5,0.6,0.826174,0.656341,0.77842
M,oxidation,ranking_aware,11,8,0.346405,0,0.5,0.6,1.55416,1.39373,0.802871
M,oxidation,ranking_aware,11,9,0.607843,0,0.5,0.8,0.826174,0.656341,0.212961
M,oxidation,ranking_aware,11,10,0.647059,0,0.5,0.8,0.826174,0.656341,0.212961
M,oxidation,ranking_aware,11,11,0.712418,0.5,0.75,0.8,0.140517,0.25594,0.212961
M,oxidation,ranking_aware,11,12,0.856209,1,1,1,0,0,0
M,oxidation,ranking_aware,11,13,0.895425,1,1,1,0,0,0
M,oxidation,ranking_aware,11,14,0.973856,1,1,1,0,0,0
M,oxidation,ranking_aware,11,15,0.973856,1,1,1,0,0,0
M,oxidation,ranking_aware,11,16,0.986928,1,1,1,0,0,0
M,oxidation,ranking_aware,11,17,1,1,1,1,0,0,0
M,oxidation,ranking_aware,11,18,1,1,1,1,0,0,0
M,oxidation,random,12,4,0.281046,0,0.25,0.4,0.920796,0.93222,0.753985
M,oxidation,random,12,5,0.169015,0.5,0.75,0.6,0.140517,0.266201,0.40517
M,oxidation,random,12,6,0.246716,1,1,0.8,0,0,0.0082088
M,oxidation,random,12,7,0.477124,1,0.75,0.8,0,0.0473115,0.113506
M,oxidation,random,12,8,0.464052,1,0.75,0.8,0,0.0473115,0.230058
M,oxidation,random,12,9,0.620915,1,0.75,0.8,0,0.0473115,0.230058
M,oxidation,random,12,10,0.607843,1,0.75,0.8,0,0.0473115,0.230058
M,oxidation,random,12,11,0.777778,1,1,0.8,0,0,0.0755664
M,oxidation,random,12,12,0.803922,1,1,0.8,0,0,0.192209
M,oxidation,random,12,13,0.803922,1,1,0.8,0,0,0.192209
M,oxidation,random,12,14,0.830065,1,1,0.8,0,0,0.192209
M,oxidation,random,12,15,0.882353,1,1,0.8,0,0,0.192209
M,oxidation,random,12,16,0.882353,1,1,1,0,0,0
M,oxidation,random,12,17,1,1,1,1,0,0,0
M,oxidation,random,12,18,1,1,1,1,0,0,0
M,oxidation,diversity,12,4,0.281046,0,0.25,0.4,0.920796,0.93222,0.753985
M,oxidation,diversity,12,5,0.45098,0,0.5,0.6,0.920796,0.740651,0.60073
M,oxidation,diversity,12,6,0.490196,0,0.5,0.6,0.920796,0.740651,0.71163
M,oxidation,diversity,12,7,0.529412,0,0.5,0.6,0.826174,0.886341,0.717282
M,oxidation,diversity,12,8,0.647059,0.5,0.75,0.6,0.408917,0.630401,0.51253
M,oxidation,diversity,12,9,0.699346,0.5,0.75,0.6,0.408917,0.630401,0.51253
M,oxidation,diversity,12,10,0.764706,0.5,0.5,0.8,0.408917,0.532023,0.387769
M,oxidation,diversity,12,11,0.764706,1,0.75,0.8,0,0.0473115,0.113506
M,oxidation,diversity,12,12,0.777778,1,0.75,0.8,0,0.0473115,0.113506
M,oxidation,diversity,12,13,0.803922,1,0.75,0.8,0,0.0473115,0.113506
M,oxidation,diversity,12,14,0.803922,1,0.75,0.8,0,0.0473115,0.113506
M,oxidation,diversity,12,15,0.921569,1,0.75,0.8,0,0.0473115,0.046058
M,oxidation,diversity,12,16,0.986928,1,1,1,0,0,0
M,oxidation,diversity,12,17,1,1,1,1,0,0,0
M,oxidation,diversity,12,18,1,1,1,1,0,0,0
M,oxidation,uncertainty,12,4,0.281046,0,0.25,0.4,0.920796,0.93222,0.753985
M,oxidation,uncertainty,12,5,0.359477,0,0.25,0.4,0.920796,0.918729,0.850389
M,oxidation,uncertainty,12,6,0.477124,0,0.5,0.6,1.40132,0.886341,0.717282
M,oxidation,uncertainty,12,7,0.529412,0,0.5,0.6,0.920796,0.886341,0.78473
M,oxidation,uncertainty,12,8,0.542484,0,0.5,0.6,0.826174,0.886341,0.717282
M,oxidation,uncertainty,12,9,0.660131,0.5,0.75,0.8,0.408917,0.630401,0.504321
M,oxidation,uncertainty,12,10,0.777778,1,0.75,0.8,0,0.0473115,0.046058
M,oxidation,uncertainty,12,11,0.764706,1,0.75,0.8,0,0.0473115,0.046058
M,oxidation,uncertainty,12,12,0.830065,1,0.75,0.8,0,0.0473115,0.046058
M,oxidation,uncertainty,12,13,0.856209,1,0.75,0.8,0,0.0473115,0.046058
M,oxidation,uncertainty,12,14,0.856209,1,0.75,0.8,0,0.0473115,0.046058
M,oxidation,uncertainty,12,15,0.921569,1,0.75,0.8,0,0.0473115,0.046058
M,oxidation,uncertainty,12,16,0.986928,1,1,1,0,0,0
M,oxidation,uncertainty,12,17,0.986928,1,1,1,0,0,0
M,oxidation,uncertainty,12,18,1,1,1,1,0,0,0
M,oxidation,ranking_aware,12,4,0.281046,0,0.25,0.4,0.920796,0.93222,0.753985
M,oxidation,ranking_aware,12,5,0.228758,0,0.5,0.6,0.920796,0.656341,0.60073
M,oxidation,ranking_aware,12,6,0.425919,0,0.5,0.6,0.920796,0.656341,0.60073
M,oxidation,ranking_aware,12,7,0.446756,0,0.5,0.6,0.920796,0.656341,0.60073
M,oxidation,ranking_aware,12,8,0.396059,0,0.5,0.6,0.826174,0.656341,0.60073
M,oxidation,ranking_aware,12,9,0.228758,0,0.5,0.6,0.826174,0.656341,0.77842
M,oxidation,ranking_aware,12,10,0.398693,0,0.5,0.6,0.826174,0.962764,0.77842
M,oxidation,ranking_aware,12,11,0.712418,0,0.5,0.8,0.826174,0.656341,0.212961
M,oxidation,ranking_aware,12,12,0.908497,0.5,0.75,0.8,0.140517,0.25594,0.280318
M,oxidation,ranking_aware,12,13,0.908497,0.5,1,1,0.140517,0,0
M,oxidation,ranking_aware,12,14,0.869281,1,1,1,0,0,0
M,oxidation,ranking_aware,12,15,0.947712,1,1,1,0,0,0
M,oxidation,ranking_aware,12,16,0.947712,1,1,1,0,0,0
M,oxidation,ranking_aware,12,17,0.986928,1,1,1,0,0,0
M,oxidation,ranking_aware,12,18,1,1,1,1,0,0,0
M,oxidation,random,13,4,0.246716,0,0,0.2,1.67022,1.36944,1.09556
M,oxidation,random,13,5,0.237635,0,0,0,1.67022,1.35595,1.20387
M,oxidation,random,13,6,0.24183,0,0,0.4,1.48108,1.21236,0.765136
M,oxidation,random,13,7,0.647059,0,0.5,0.6,0.920796,0.886341,0.717282
M,oxidation,random,13,8,0.555556,0.5,0.25,0.4,0.51188,0.677963,0.646983
M,oxidation,random,13,9,0.503268,0.5,0.5,0.6,0.140517,0.397709,0.393825
M,oxidation,random,13,10,0.477124,0.5,0.5,0.6,0.140517,0.397709,0.393825
M,oxidation,random,13,11,0.660131,0.5,0.5,0.8,0.140517,0.313512,0.212961
M,oxidation,random,13,12,0.647059,0.5,0.5,0.6,0.140517,1.0509,0.802871
M,oxidation,random,13,13,0.633987,0.5,0.5,0.6,1.14525,1.0509,0.802871
M,oxidation,random,13,14,0.803922,0.5,0.5,0.8,0.140517,0.313512,0.212961
M,oxidation,random,13,15,0.960784,1,1,1,0,0,0
M,oxidation,random,13,16,0.960784,1,1,1,0,0,0
M,oxidation,random,13,17,0.960784,1,1,1,0,0,0
M,oxidation,random,13,18,1,1,1,1,0,0,0
M,oxidation,diversity,13,4,0.246716,0,0,0.2,1.67022,1.36944,1.09556
M,oxidation,diversity,13,5,0.359477,0,0,0.2,1.48108,1.21699,1.089
M,oxidation,diversity,13,6,0.372549,0,0,0.2,1.48108,1.30836,1.1621
M,oxidation,diversity,13,7,0.568627,0,0.5,0.6,0.826174,0.886341,0.717282
M,oxidation,diversity,13,8,0.686275,0.5,0.75,0.6,0.408917,0.630401,0.51253
M,oxidation,diversity,13,9,0.751634,0.5,0.75,0.6,0.408917,0.630401,0.51253
M,oxidation,diversity,13,10,0.751634,0.5,0.75,0.6,0.408917,0.630401,0.51253
M,oxidation,diversity,13,11,0.738562,0.5,0.75,0.6,0.408917,0.630401,0.51253
M,oxidation,diversity,13,12,0.764706,0.5,0.75,0.8,0.408917,0.630401,0.504321
M,oxidation,diversity,13,13,0.882353,1,1,0.8,0,0,0.0082088
M,oxidation,diversity,13,14,0.895425,1,1,0.8,0,0,0.0755664
M,oxidation,diversity,13,15,0.960784,1,1,0.8,0,0,0.0082088
M,oxidation,diversity,13,16,1,1,1,1,0,0,0
M,oxidation,diversity,13,17,1,1,1,1,0,0,0
M,oxidation,diversity,13,18,1,1,1,1,0,0,0
M,oxidation,uncertainty,13,4,0.246716,0,0,0.2,1.67022,1.36944,1.09556
M,oxidation,uncertainty,13,5,0.206708,0,0,0.2,1.67022,1.22519,1.09926
M,oxidation,uncertainty,13,6,0.340068,0,0.25,0.4,1.10971,1.03951,0.831604
M,oxidation,uncertainty,13,7,0.393445,0,0.25,0.4,1.10971,1.03951,0.831604
M,oxidation,uncertainty,13,8,0.607843,0,0.5,0.6,0.826174,0.886341,0.717282
M,oxidation,uncertainty,13,9,0.699346,0.5,0.75,0.6,0.408917,0.630401,0.51253
M,oxidation,uncertainty,13,10,0.751634,0.5,0.75,0.6,0.408917,0.630401,0.51253
M,oxidation,uncertainty,13,11,0.72549,1,0.75,0.6,0,0.141769,0.189073
M,oxidation,uncertainty,13,12,0.856209,1,1,0.8,0,0,0.0082088
M,oxidation,uncertainty,13,13,0.882353,1,1,0.8,0,0,0.0082088
M,oxidation,uncertainty,13,14,0.895425,1,1,0.8,0,0,0.0755664
M,oxidation,uncertainty,13,15,0.960784,1,1,0.8,0,0,0.0082088
M,oxidation,uncertainty,13,16,0.960784,1,1,0.8,0,0,0.0082088
M,oxidation,uncertainty,13,17,0.986928,1,1,0.8,0,0,0.0082088
M,oxidation,uncertainty,13,18,1,1,1,1,0,0,0
M,oxidation,ranking_aware,13,4,0.246716,0,0,0.2,1.67022,1.36944,1.09556
M,oxidation,ranking_aware,13,5,0.264039,0,0,0.2,1.67022,1.21236,1.089
M,oxidation,ranking_aware,13,6,0.333333,0,0,0.4,1.77268,1.30836,0.841939
M,oxidation,ranking_aware,13,7,0.211231,0,0,0.2,1.67022,1.21236,1.089
M,oxidation,ranking_aware,13,8,0.294118,0,0.25,0.4,1.48108,1.02079,0.932039
M,oxidation,ranking_aware,13,9,0.150327,0,0,0.2,1.48108,1.19887,1.0745
M,oxidation,ranking_aware,13,10,0.424837,0,0.25,0.4,1.48108,0.677963,0.646983
M,oxidation,ranking_aware,13,11,0.542484,0,0,0.2,1.48108,1.19887,1.0745
M,oxidation,ranking_aware,13,12,0.607843,0,0.25,0.4,0.920796,0.882421,0.81055
M,oxidation,ranking_aware,13,13,0.803922,0,0.5,0.8,0.826174,0.656341,0.212961
M,oxidation,ranking_aware,13,14,0.79085,0,0.5,0.8,0.826174,0.656341,0.212961
M,oxidation,ranking_aware,13,15,0.947712,1,1,1,0,0,0
M,oxidation,ranking_aware,13,16,1,1,1,1,0,0,0
M,oxidation,ranking_aware,13,17,1,1,1,1,0,0,0
M,oxidation,ranking_aware,13,18,1,1,1,1,0,0,0
M,oxidation,random,14,4,0.082584,0.5,0.5,0.6,1.2608,0.826344,0.51253
M,oxidation,random,14,5,0.594771,0.5,0.5,0.6,1.2608,0.826344,0.51253
M,oxidation,random,14,6,0.699346,0.5,0.75,0.6,1.2608,0.630401,0.51253
M,oxidation,random,14,7,0.764706,0.5,0.75,0.8,0.408917,0.630401,0.192209
M,oxidation,random,14,8,0.398693,1,0.5,0.4,0,0.422023,0.456727
M,oxidation,random,14,9,0.751634,1,1,0.8,0,0,0.0082088
M,oxidation,random,14,10,0.79085,0.5,1,0.8,0.140517,0,0.0082088
M,oxidation,random,14,11,0.712418,0.5,1,0.8,0.140517,0,0.0082088
M,oxidation,random,14,12,0.738562,0.5,0.75,0.8,0.140517,0.266201,0.0082088
M,oxidation,random,14,13,0.751634,0.5,0.75,0.8,0.417257,0.195943,0.0082088
M,oxidation,random,14,14,0.72549,0.5,0.75,0.8,0.417257,0.195943,0.0082088
M,oxidation,random,14,15,0.830065,0.5,0.75,0.8,0.417257,0.195943,0.0082088
M,oxidation,random,14,16,0.960784,1,1,1,0,0,0
M,oxidation,random,14,17,0.960784,1,1,1,0,0,0
M,oxidation,random,14,18,1,1,1,1,0,0,0
M,oxidation,diversity,14,4,0.082584,0.5,0.5,0.6,1.2608,0.826344,0.51253
M,oxidation,diversity,14,5,0.594771,0.5,0.5,0.6,1.2608,0.826344,0.51253
M,oxidation,diversity,14,6,0.633987,0.5,0.5,0.6,1.2608,0.826344,0.51253
M,oxidation,diversity,14,7,0.542484,0.5,0.5,0.6,1.2608,0.826344,0.51253
M,oxidation,diversity,14,8,0.660131,0.5,0.75,0.6,0.408917,0.630401,0.51253
M,oxidation,diversity,14,9,0.633987,0.5,0.75,0.6,0.408917,0.630401,0.51253
M,oxidation,diversity,14,10,0.751634,1,0.75,0.6,0,0.141883,0.218119
M,oxidation,diversity,14,11,0.72549,1,0.75,0.6,0,0.141883,0.218119
M,oxidation,diversity,14,12,0.816993,1,1,0.8,0,0,0.0082088
M,oxidation,diversity,14,13,0.856209,1,1,0.8,0,0,0.0756572
M,oxidation,diversity,14,14,0.869281,1,1,0.8,0,0,0.0756572
M,oxidation,diversity,14,15,0.960784,1,1,0.8,0,0,0.0082088
M,oxidation,diversity,14,16,1,1,1,1,0,0,0
M,oxidation,diversity,14,17,1,1,1,1,0,0,0
M,oxidation,diversity,14,18,1,1,1,1,0,0,0
M,oxidation,uncertainty,14,4,0.082584,0.5,0.5,0.6,1.2608,0.826344,0.51253
M,oxidation,uncertainty,14,5,0.140028,0.5,0.5,0.6,0.685657,0.826344,0.51253
M,oxidation,uncertainty,14,6,0.372549,0.5,0.5,0.6,0.685657,0.826344,0.51253
M,oxidation,uncertainty,14,7,0.647059,0.5,0.75,0.6,1.2608,0.630401,0.51253
M,oxidation,uncertainty,14,8,0.660131,0.5,0.75,0.6,1.2608,0.630401,0.51253
M,oxidation,uncertainty,14,9,0.686275,1,0.75,0.8,0,0.141769,0.113416
M,oxidation,uncertainty,14,10,0.712418,1,0.75,0.6,0,0.280253,0.232411
M,oxidation,uncertainty,14,11,0.856209,1,0.75,1,0,0.185682,0
M,oxidation,uncertainty,14,12,0.843137,1,0.75,0.8,0,0.185682,0.224112
M,oxidation,uncertainty,14,13,0.856209,1,1,0.8,0,0,0.0756572
M,oxidation,uncertainty,14,14,0.869281,1,1,0.8,0,0,0.0756572
M,oxidation,uncertainty,14,15,0.960784,1,1,0.8,0,0,0.0082088
M,oxidation,uncertainty,14,16,0.960784,1,1,0.8,0,0,0.0082088
M,oxidation,uncertainty,14,17,0.986928,1,1,0.8,0,0,0.0082088
M,oxidation,uncertainty,14,18,1,1,1,1,0,0,0
M,oxidation,ranking_aware,14,4,0.082584,0.5,0.5,0.6,1.2608,0.826344,0.51253
M,oxidation,ranking_aware,14,5,0.209579,1,0.5,0.4,0,0.567712,0.462379
M,oxidation,ranking_aware,14,6,0.281046,1,0.5,0.6,0,0.768878,0.466557
M,oxidation,ranking_aware,14,7,0.555556,1,0.75,0.8,0,0.28014,0.224112
M,oxidation,ranking_aware,14,8,0.3541,1,0.75,0.6,0,0.79345,0.987902
M,oxidation,ranking_aware,14,9,0.620915,1,1,0.8,0,0,0.192209
M,oxidation,ranking_aware,14,10,0.607843,1,1,0.8,0,0,0.192209
M,oxidation,ranking_aware,14,11,0.577052,1,0.75,0.8,0,0.195943,0.0082088
M,oxidation,ranking_aware,14,12,0.699346,1,0.75,0.6,0,0.28014,0.299769
M,oxidation,ranking_aware,14,13,0.803922,1,0.75,0.8,0,0.195943,0.0082088
M,oxidation,ranking_aware,14,14,0.76682,1,1,0.8,0,0,0.0082088
M,oxidation,ranking_aware,14,15,0.960784,1,1,0.8,0,0,0.0082088
M,oxidation,ranking_aware,14,16,0.947712,1,1,1,0,0,0
M,oxidation,ranking_aware,14,17,0.973856,1,1,1,0,0,0
M,oxidation,ranking_aware,14,18,1,1,1,1,0,0,0
M,oxidation,random,15,4,0.28201,0,0,0.2,1.48108,1.27487,1.09556
M,oxidation,random,15,5,0.45098,0.5,0.25,0.4,0.51188,0.727762,0.701319
M,oxidation,random,15,6,0.45098,0.5,0.5,0.6,0.51188,0.451883,0.437163
M,oxidation,random,15,7,0.472134,0.5,0.5,0.6,0.51188,0.451883,0.437163
M,oxidation,random,15,8,0.550823,0.5,0.25,0.6,0.51188,0.593652,0.437073
M,oxidation,random,15,9,0.673203,1,1,0.8,0,0,0.192209
M,oxidation,random,15,10,0.686275,1,1,0.8,0,0,0.192209
M,oxidation,random,15,11,0.647059,1,0.75,0.8,0,0.425943,0.192209
M,oxidation,random,15,12,0.633987,0.5,1,1,0.140517,0,0
M,oxidation,random,15,13,0.751634,0.5,1,0.8,0.140517,0,0.192209
M,oxidation,random,15,14,0.673203,0.5,0.5,0.6,0.140517,0.313512,0.408175
M,oxidation,random,15,15,0.803922,0.5,0.75,0.8,0.140517,0.25594,0.212961
M,oxidation,random,15,16,1,1,1,1,0,0,0
M,oxidation,random,15,17,1,1,1,1,0,0,0
M,oxidation,random,15,18,1,1,1,1,0,0,0
M,oxidation,diversity,15,4,0.28201,0,0,0.2,1.48108,1.27487,1.09556
M,oxidation,diversity,15,5,0.51634,0,0,0.2,1.4813,1.21699,1.089
M,oxidation,diversity,15,6,0.542484,0,0.5,0.6,1.40132,0.886341,0.717282
M,oxidation,diversity,15,7,0.529412,0,0.5,0.6,1.40132,0.896602,0.717282
M,oxidation,diversity,15,8,0.581699,0,0.5,0.6,0.826174,0.896602,0.717282
M,oxidation,diversity,15,9,0.712418,0.5,0.75,0.6,0.408917,0.630401,0.51253
M,oxidation,diversity,15,10,0.72549,0.5,0.75,0.6,0.408917,0.630401,0.51253
M,oxidation,diversity,15,11,0.647059,0.5,0.5,0.6,0.408917,0.532023,0.544727
M,oxidation,diversity,15,12,0.79085,0.5,0.5,0.8,0.408917,0.532023,0.387769
M,oxidation,diversity,15,13,0.803922,1,0.75,0.8,0,0.0473115,0.113506
M,oxidation,diversity,15,14,0.79085,1,0.75,0.8,0,0.0473115,0.113506
M,oxidation,diversity,15,15,0.934641,1,0.75,0.8,0,0.0473115,0.046058
M,oxidation,diversity,15,16,0.986928,1,1,1,0,0,0
M,oxidation,diversity,15,17,1,1,1,1,0,0,0
M,oxidation,diversity,15,18,1,1,1,1,0,0,0
M,oxidation,uncertainty,15,4,0.28201,0,0,0.2,1.48108,1.27487,1.09556
M,oxidation,uncertainty,15,5,0.346405,0,0,0.2,1.48108,1.21236,1.1621
M,oxidation,uncertainty,15,6,0.542484,0,0.25,0.6,1.48108,0.677963,0.393825
M,oxidation,uncertainty,15,7,0.594771,0,0.5,0.6,1.40132,0.886341,0.717282
M,oxidation,uncertainty,15,8,0.594771,0.5,0.75,0.6,1.2608,0.630401,0.51253
M,oxidation,uncertainty,15,9,0.620915,0.5,0.75,0.6,1.2608,0.630401,0.51253
M,oxidation,uncertainty,15,10,0.712418,0.5,0.75,0.8,0.408917,0.630401,0.504321
M,oxidation,uncertainty,15,11,0.777778,0.5,0.75,0.8,0.408917,0.630401,0.504321
M,oxidation,uncertainty,15,12,0.843137,1,1,0.8,0,0,0.192209
M,oxidation,uncertainty,15,13,0.830065,1,1,0.8,0,0,0.192209
M,oxidation,uncertainty,15,14,0.947712,1,0.75,0.8,0,0.0473115,0.046058
M,oxidation,uncertainty,15,15,0.960784,1,1,1,0,0,0
M,oxidation,uncertainty,15,16,0.947712,1,1,1,0,0,0
M,oxidation,uncertainty,15,17,0.986928,1,1,1,0,0,0
M,oxidation,uncertainty,15,18,1,1,1,1,0,0,0
M,oxidation,ranking_aware,15,4,0.28201,0,0,0.2,1.48108,1.27487,1.09556
M,oxidation,ranking_aware,15,5,0.490196,0,0.5,0.8,1.67806,0.886341,0.504321
M,oxidation,ranking_aware,15,6,0.494048,0,0.25,0.4,1.19754,1.02079,0.935742
M,oxidation,ranking_aware,15,7,0.571662,0,0.25,0.4,1.19754,1.02079,0.935742
M,oxidation,ranking_aware,15,8,0.528995,0,0.25,0.4,1.19754,1.07048,0.932039
M,oxidation,ranking_aware,15,9,0.50664,0,0.25,0.4,1.19754,1.05699,0.960995
M,oxidation,ranking_aware,15,10,0.594771,0,0.5,0.6,1.19754,0.656341,0.60073
M,oxidation,ranking_aware,15,11,0.633144,0,0.5,0.6,0.826174,0.656341,0.600639
M,oxidation,ranking_aware,15,12,0.65578,0,0.5,0.6,0.826174,0.656341,0.600639
M,oxidation,ranking_aware,15,13,0.72549,0,0.5,0.6,0.826174,0.656341,0.60073
M,oxidation,ranking_aware,15,14,0.921569,0.5,1,1,0.140517,0,0
M,oxidation,ranking_aware,15,15,0.934641,1,1,1,0,0,0
M,oxidation,ranking_aware,15,16,0.973856,1,1,1,0,0,0
M,oxidation,ranking_aware,15,17,0.986928,1,1,1,0,0,0
M,oxidation,ranking_aware,15,18,1,1,1,1,0,0,0
M,oxidation,random,16,4,0.202614,0,0.5,0.6,0.826174,0.656341,0.717282
M,oxidation,random,16,5,0.202614,0,0.5,0.6,0.826174,0.896602,0.717282
M,oxidation,random,16,6,0.320261,0,0.5,0.6,1.21806,0.896602,0.717282
M,oxidation,random,16,7,0.333333,0.5,0.5,0.8,1.2608,0.816083,0.504321
M,oxidation,random,16,8,0.385621,0.5,0.75,0.8,1.2608,0.630401,0.504321
M,oxidation,random,16,9,0.464052,0.5,0.75,0.6,1.2608,0.630401,0.51253
M,oxidation,random,16,10,0.45098,0.5,0.75,0.8,1.2608,0.630401,0.504321
M,oxidation,random,16,11,0.555556,0.5,0.75,0.8,1.2608,0.630401,0.504321
M,oxidation,random,16,12,0.594771,0.5,0.75,0.8,1.2608,0.630401,0.504321
M,oxidation,random,16,13,0.738562,1,1,0.8,0,0,0.192209
M,oxidation,random,16,14,0.973856,1,1,1,0,0,0
M,oxidation,random,16,15,0.934641,1,1,1,0,0,0
M,oxidation,random,16,16,0.934641,1,1,1,0,0,0
M,oxidation,random,16,17,0.908497,1,1,1,0,0,0
M,oxidation,random,16,18,1,1,1,1,0,0,0
M,oxidation,diversity,16,4,0.202614,0,0.5,0.6,0.826174,0.656341,0.717282
M,oxidation,diversity,16,5,0.281046,0,0.5,0.6,0.826174,0.896602,0.51253
M,oxidation,diversity,16,6,0.490196,0,0.5,0.6,0.826174,0.896602,0.717282
M,oxidation,diversity,16,7,0.490196,0,0.5,0.6,0.826174,0.896602,0.717282
M,oxidation,diversity,16,8,0.620915,0.5,0.75,0.6,1.2608,0.630401,0.51253
M,oxidation,diversity,16,9,0.660131,0.5,0.75,0.6,1.2608,0.630401,0.51253
M,oxidation,diversity,16,10,0.686275,0.5,0.75,0.8,1.2608,0.630401,0.504321
M,oxidation,diversity,16,11,0.738562,1,0.75,0.6,0,0.28014,0.416321
M,oxidation,diversity,16,12,0.830065,1,0.75,1,0,0.185682,0
M,oxidation,diversity,16,13,0.856209,1,0.75,1,0,0.185682,0
M,oxidation,diversity,16,14,0.882353,1,0.75,1,0,0.0473115,0
M,oxidation,diversity,16,15,0.895425,1,1,1,0,0,0
M,oxidation,diversity,16,16,1,1,1,1,0,0,0
M,oxidation,diversity,16,17,0.986928,1,1,1,0,0,0
M,oxidation,diversity,16,18,1,1,1,1,0,0,0
M,oxidation,uncertainty,16,4,0.202614,0,0.5,0.6,0.826174,0.656341,0.717282
M,oxidation,uncertainty,16,5,0.424837,0,0.5,0.6,1.67806,0.896602,0.717282
M,oxidation,uncertainty,16,6,0.607843,0,0.75,0.8,1.40132,0.496201,0.192209
M,oxidation,uncertainty,16,7,0.490196,0,0.5,0.6,0.826174,0.896602,0.717282
M,oxidation,uncertainty,16,8,0.620915,0.5,0.75,0.6,1.2608,0.630401,0.51253
M,oxidation,uncertainty,16,9,0.633987,0.5,0.75,0.6,1.2608,0.630401,0.51253
M,oxidation,uncertainty,16,10,0.686275,0.5,0.75,0.8,1.2608,0.630401,0.504321
M,oxidation,uncertainty,16,11,0.686275,0.5,0.75,0.8,0.408917,0.630401,0.504321
M,oxidation,uncertainty,16,12,0.803922,1,1,0.8,0,0,0.192209
M,oxidation,uncertainty,16,13,0.869281,1,0.75,1,0,0.0473115,0
M,oxidation,uncertainty,16,14,0.856209,1,1,0.8,0,0,0.192209
M,oxidation,uncertainty,16,15,1,1,1,1,0,0,0
M,oxidation,uncertainty,16,16,1,1,1,1,0,0,0
M,oxidation,uncertainty,16,17,0.986928,1,1,1,0,0,0
M,oxidation,uncertainty,16,18,1,1,1,1,0,0,0
M,oxidation,ranking_aware,16,4,0.202614,0,0.5,0.6,0.826174,0.656341,0.717282
M,oxidation,ranking_aware,16,5,0.228758,0,0.5,0.6,0.826174,0.656341,0.717282
M,oxidation,ranking_aware,16,6,0.30719,0,0.5,0.6,0.826174,0.896602,0.717282
M,oxidation,ranking_aware,16,7,0.281046,0,0.5,0.6,0.826174,0.656341,0.65074
M,oxidation,ranking_aware,16,8,0.316847,0,0.5,0.6,0.826174,0.656341,0.869845
M,oxidation,ranking_aware,16,9,0.267974,0.5,0.5,0.6,0.140517,0.839136,0.63346
M,oxidation,ranking_aware,16,10,0.45098,0.5,0.75,0.6,0.140517,0.266201,0.809872
M,oxidation,ranking_aware,16,11,0.568627,1,1,0.8,0,0,0.0082088
M,oxidation,ranking_aware,16,12,0.660131,1,1,0.8,0,0,0.0082088
M,oxidation,ranking_aware,16,13,0.79085,1,1,0.8,0,0,0.0082088
M,oxidation,ranking_aware,16,14,0.79085,1,1,0.8,0,0,0.0082088
M,oxidation,ranking_aware,16,15,0.830065,1,1,0.8,0,0,0.0082088
M,oxidation,ranking_aware,16,16,0.856209,1,1,1,0,0,0
M,oxidation,ranking_aware,16,17,0.856209,1,1,1,0,0,0
M,oxidation,ranking_aware,16,18,1,1,1,1,0,0,0
M,oxidation,random,17,4,0.254902,0,0.5,0.4,1.67806,0.896602,0.842949
M,oxidation,random,17,5,0.45098,0,0.5,0.4,0.826174,0.896602,0.842949
M,oxidation,random,17,6,0.503268,0,0.5,0.6,0.826174,0.896602,0.51253
M,oxidation,random,17,7,0.555556,0,0.5,0.6,0.826174,0.896602,0.717282
M,oxidation,random,17,8,0.620915,0,0.5,0.6,0.826174,0.896602,0.717282
M,oxidation,random,17,9,0.633987,0,0.5,0.6,0.826174,0.896602,0.51253
M,oxidation,random,17,10,0.568627,0,0.5,0.6,0.826174,0.656341,0.60073
M,oxidation,random,17,11,0.607843,0,0.5,0.6,0.826174,0.656341,0.60073
M,oxidation,random,17,12,0.568627,0,0.5,0.6,0.826174,0.656341,0.60073
M,oxidation,random,17,13,0.869281,0.5,0.75,0.6,0.140517,0.350398,0.288527
M,oxidation,random,17,14,0.908497,0.5,1,0.8,0.140517,0,0.0082088
M,oxidation,random,17,15,0.947712,1,1,0.8,0,0,0.0082088
M,oxidation,random,17,16,0.947712,1,1,1,0,0,0
M,oxidation,random,17,17,0.973856,1,1,1,0,0,0
M,oxidation,random,17,18,1,1,1,1,0,0,0
M,oxidation,diversity,17,4,0.254902,0,0.5,0.4,1.67806,0.896602,0.842949
M,oxidation,diversity,17,5,0.45098,0,0.5,0.4,0.826174,0.896602,0.842949
M,oxidation,diversity,17,6,0.503268,0,0.5,0.6,0.826174,0.896602,0.717282
M,oxidation,diversity,17,7,0.620915,0.5,0.75,0.6,1.2608,0.630401,0.51253
M,oxidation,diversity,17,8,0.633987,0.5,0.75,0.6,1.2608,0.630401,0.51253
M,oxidation,diversity,17,9,0.673203,0.5,0.75,0.8,1.2608,0.630401,0.504321
M,oxidation,diversity,17,10,0.699346,1,0.75,0.6,0,0.28014,0.416321
M,oxidation,diversity,17,11,0.738562,1,0.75,0.6,0,0.28014,0.416321
M,oxidation,diversity,17,12,0.830065,1,0.75,1,0,0.185682,0
M,oxidation,diversity,17,13,0.856209,1,0.75,1,0,0.185682,0
M,oxidation,diversity,17,14,0.882353,1,0.75,1,0,0.0473115,0
M,oxidation,diversity,17,15,0.895425,1,1,1,0,0,0
M,oxidation,diversity,17,16,1,1,1,1,0,0,0
M,oxidation,diversity,17,17,0.986928,1,1,1,0,0,0
M,oxidation,diversity,17,18,1,1,1,1,0,0,0
M,oxidation,uncertainty,17,4,0.254902,0,0.5,0.4,1.67806,0.896602,0.842949
M,oxidation,uncertainty,17,5,0.45098,0,0.5,0.4,0.826174,0.896602,0.842949
M,oxidation,uncertainty,17,6,0.555556,0,0.5,0.6,0.826174,0.886341,0.717282
M,oxidation,uncertainty,17,7,0.594771,0,0.5,0.6,0.826174,0.886341,0.717282
M,oxidation,uncertainty,17,8,0.633987,0.5,0.75,0.8,1.2608,0.630401,0.504321
M,oxidation,uncertainty,17,9,0.660131,0.5,0.75,0.8,1.2608,0.630401,0.504321
M,oxidation,uncertainty,17,10,0.686275,0.5,0.75,0.8,0.408917,0.630401,0.504321
M,oxidation,uncertainty,17,11,0.79085,1,0.75,0.8,0,0.141769,0.0755664
M,oxidation,uncertainty,17,12,0.803922,1,1,0.8,0,0,0.192209
M,oxidation,uncertainty,17,13,0.856209,1,1,0.8,0,0,0.192209
M,oxidation,uncertainty,17,14,0.856209,1,1,0.8,0,0,0.192209
M,oxidation,uncertainty,17,15,1,1,1,1,0,0,0
M,oxidation,uncertainty,17,16,1,1,1,1,0,0,0
M,oxidation,uncertainty,17,17,0.986928,1,1,1,0,0,0
M,oxidation,uncertainty,17,18,1,1,1,1,0,0,0
M,oxidation,ranking_aware,17,4,0.254902,0,0.5,0.4,1.67806,0.896602,0.842949
M,oxidation,ranking_aware,17,5,0.294118,0,0.5,0.4,0.826174,0.896602,1.31419
M,oxidation,ranking_aware,17,6,0.563389,0,0.5,0.6,0.826174,0.656341,0.60073
M,oxidation,ranking_aware,17,7,0.604328,0,0.5,0.6,0.826174,0.656341,0.60073
M,oxidation,ranking_aware,17,8,0.575671,0,0.5,0.6,0.826174,0.656341,0.60073
M,oxidation,ranking_aware,17,9,0.590457,0,0.5,0.6,0.826174,0.656341,0.600639
M,oxidation,ranking_aware,17,10,0.581699,0.5,0.75,0.8,0.140517,0.25594,0.212961
M,oxidation,ranking_aware,17,11,0.51634,0.5,0.75,0.8,0.140517,0.25594,0.212961
M,oxidation,ranking_aware,17,12,0.647059,1,1,1,0,0,0
M,oxidation,ranking_aware,17,13,0.921569,1,1,1,0,0,0
M,oxidation,ranking_aware,17,14,0.934641,1,1,1,0,0,0
M,oxidation,ranking_aware,17,15,0.960784,1,1,1,0,0,0
M,oxidation,ranking_aware,17,16,0.973856,1,1,1,0,0,0
M,oxidation,ranking_aware,17,17,0.986928,1,1,1,0,0,0
M,oxidation,ranking_aware,17,18,1,1,1,1,0,0,0
M,oxidation,random,18,4,0.281046,0.5,0.5,0.6,0.417257,0.692144,0.40517
M,oxidation,random,18,5,0.477124,0.5,0.5,0.6,0.700796,0.776341,0.416321
M,oxidation,random,18,6,0.398693,0.5,0.5,0.4,0.700796,0.768878,0.807311
M,oxidation,random,18,7,0.542484,0.5,0.75,0.8,0.417257,0.496201,0.396961
M,oxidation,random,18,8,0.467976,0.5,0.5,0.8,0.417257,0.451883,0.212961
M,oxidation,random,18,9,0.633987,0.5,0.75,0.8,0.140517,0.25594,0.212961
M,oxidation,random,18,10,0.712418,0.5,0.75,1,0.140517,0.25594,0
M,oxidation,random,18,11,0.79085,1,1,1,0,0,0
M,oxidation,random,18,12,0.764706,1,1,1,0,0,0
M,oxidation,random,18,13,0.803922,1,1,1,0,0,0
M,oxidation,random,18,14,0.856209,1,1,1,0,0,0
M,oxidation,random,18,15,0.856209,1,1,1,0,0,0
M,oxidation,random,18,16,0.856209,1,1,1,0,0,0
M,oxidation,random,18,17,0.856209,1,1,1,0,0,0
M,oxidation,random,18,18,1,1,1,1,0,0,0
M,oxidation,diversity,18,4,0.281046,0.5,0.5,0.6,0.417257,0.692144,0.40517
M,oxidation,diversity,18,5,0.385621,0.5,0.25,0.2,0.700796,1.16908,1.06093
M,oxidation,diversity,18,6,0.398693,1,0.5,0.4,0,0.768878,0.730509
M,oxidation,diversity,18,7,0.411765,1,0.5,0.4,0,0.768878,0.730509
M,oxidation,diversity,18,8,0.411765,1,0.5,0.4,0,0.768878,0.730509
M,oxidation,diversity,18,9,0.51634,1,0.5,0.6,0,0.567712,0.305624
M,oxidation,diversity,18,10,0.79085,1,0.75,0.8,0,0.185682,0.156754
M,oxidation,diversity,18,11,0.803922,1,0.75,0.8,0,0.185682,0.156754
M,oxidation,diversity,18,12,0.843137,1,0.75,1,0,0.185682,0
M,oxidation,diversity,18,13,0.856209,1,1,1,0,0,0
M,oxidation,diversity,18,14,0.908497,1,1,1,0,0,0
M,oxidation,diversity,18,15,0.947712,1,1,1,0,0,0
M,oxidation,diversity,18,16,0.986928,1,1,1,0,0,0
M,oxidation,diversity,18,17,1,1,1,1,0,0,0
M,oxidation,diversity,18,18,1,1,1,1,0,0,0
M,oxidation,uncertainty,18,4,0.281046,0.5,0.5,0.6,0.417257,0.692144,0.40517
M,oxidation,uncertainty,18,5,0.385621,0.5,0.25,0.2,0.700796,1.16908,1.06093
M,oxidation,uncertainty,18,6,0.372549,0.5,0.25,0.4,1.39473,1.16908,0.730509
M,oxidation,uncertainty,18,7,0.620915,0.5,0.5,0.6,0.417257,0.451883,0.437163
M,oxidation,uncertainty,18,8,0.620915,0.5,0.5,0.6,0.417257,0.572388,0.466119
M,oxidation,uncertainty,18,9,0.581699,0.5,0.5,0.6,0.417257,0.451883,0.466119
M,oxidation,uncertainty,18,10,0.79085,1,0.75,0.8,0,0.185682,0.156754
M,oxidation,uncertainty,18,11,0.803922,1,0.75,0.8,0,0.185682,0.156754
M,oxidation,uncertainty,18,12,0.843137,1,0.75,1,0,0.185682,0
M,oxidation,uncertainty,18,13,0.856209,1,1,1,0,0,0
M,oxidation,uncertainty,18,14,0.908497,1,1,1,0,0,0
M,oxidation,uncertainty,18,15,0.947712,1,1,1,0,0,0
M,oxidation,uncertainty,18,16,0.986928,1,1,1,0,0,0
M,oxidation,uncertainty,18,17,0.986928,1,1,1,0,0,0
M,oxidation,uncertainty,18,18,1,1,1,1,0,0,0
M,oxidation,ranking_aware,18,4,0.281046,0.5,0.5,0.6,0.417257,0.692144,0.40517
M,oxidation,ranking_aware,18,5,0.445904,0.5,0.5,0.6,0.417257,0.451883,0.553715
M,oxidation,ranking_aware,18,6,0.56678,0.5,0.5,0.6,0.417257,0.681883,0.553715
M,oxidation,ranking_aware,18,7,0.60729,0.5,0.5,0.6,0.417257,0.451883,0.553715
M,oxidation,ranking_aware,18,8,0.629512,0.5,0.5,0.6,0.417257,0.451883,0.553715
M,oxidation,ranking_aware,18,9,0.729492,0.5,0.5,0.6,0.417257,0.451883,0.437163
M,oxidation,ranking_aware,18,10,0.70014,0.5,0.5,0.6,0.417257,0.53608,0.437073
M,oxidation,ranking_aware,18,11,0.699704,0.5,0.5,0.6,0.417257,0.53608,0.437073
M,oxidation,ranking_aware,18,12,0.72549,0.5,0.5,0.8,0.417257,0.451883,0.212961
M,oxidation,ranking_aware,18,13,0.764706,0.5,0.75,0.8,0.140517,0.25594,0.212961
M,oxidation,ranking_aware,18,14,0.839349,1,1,1,0,0,0
M,oxidation,ranking_aware,18,15,0.830065,1,1,1,0,0,0
M,oxidation,ranking_aware,18,16,0.816993,1,1,1,0,0,0
M,oxidation,ranking_aware,18,17,0.973856,1,1,1,0,0,0
M,oxidation,ranking_aware,18,18,1,1,1,1,0,0,0
M,oxidation,random,19,4,0.254902,0.5,0.5,0.4,1.2608,0.826344,0.736732
M,oxidation,random,19,5,0.30719,0.5,0.25,0.4,0.969423,0.861962,0.808679
M,oxidation,random,19,6,0.333333,0.5,0.5,0.6,0.800802,0.826344,0.51253
M,oxidation,random,19,7,0.281046,0.5,0.5,0.6,1.2608,0.826344,0.51253
M,oxidation,random,19,8,0.45098,0.5,0.5,0.6,1.2608,0.826344,0.51253
M,oxidation,random,19,9,0.424837,0.5,0.75,0.6,1.2608,0.630401,0.51253
M,oxidation,random,19,10,0.477124,0.5,0.75,0.6,1.2608,0.630401,0.51253
M,oxidation,random,19,11,0.633987,0.5,0.75,0.6,1.2608,0.630401,0.51253
M,oxidation,random,19,12,0.620492,0.5,0.5,0.4,0.685657,0.680541,0.62009
M,oxidation,random,19,13,0.660131,0.5,0.5,0.4,0.685657,0.680541,0.62009
M,oxidation,random,19,14,0.816993,1,0.75,0.8,0,0.195943,0.0082088
M,oxidation,random,19,15,0.803922,1,1,0.8,0,0,0.0082088
M,oxidation,random,19,16,0.960784,1,1,0.8,0,0,0.0082088
M,oxidation,random,19,17,0.986928,1,1,0.8,0,0,0.0082088
M,oxidation,random,19,18,1,1,1,1,0,0,0
M,oxidation,diversity,19,4,0.254902,0.5,0.5,0.4,1.2608,0.826344,0.736732
M,oxidation,diversity,19,5,0.45098,0.5,0.5,0.6,1.2608,0.826344,0.51253
M,oxidation,diversity,19,6,0.424837,0.5,0.25,0.4,0.969423,0.866591,0.797886
M,oxidation,diversity,19,7,0.45098,0.5,0.75,0.6,0.408917,0.630401,0.51253
M,oxidation,diversity,19,8,0.647059,0.5,0.75,0.6,0.408917,0.630401,0.51253
M,oxidation,diversity,19,9,0.699346,0.5,0.75,0.6,0.408917,0.630401,0.51253
M,oxidation,diversity,19,10,0.751634,0.5,0.75,0.6,0.408917,0.400401,0.395978
M,oxidation,diversity,19,11,0.738562,1,0.75,0.6,0,0.141883,0.218119
M,oxidation,diversity,19,12,0.72549,1,0.75,0.6,0,0.141883,0.218119
M,oxidation,diversity,19,13,0.72549,1,0.75,0.6,0,0.141883,0.218119
M,oxidation,diversity,19,14,0.843137,1,0.75,0.6,0,0.0575725,0.121715
M,oxidation,diversity,19,15,0.960784,1,1,0.8,0,0,0.0082088
M,oxidation,diversity,19,16,0.986928,1,1,0.8,0,0,0.0082088
M,oxidation,diversity,19,17,1,1,1,1,0,0,0
M,oxidation,diversity,19,18,1,1,1,1,0,0,0
M,oxidation,uncertainty,19,4,0.254902,0.5,0.5,0.4,1.2608,0.826344,0.736732
M,oxidation,uncertainty,19,5,0.45098,0.5,0.5,0.6,1.2608,0.826344,0.51253
M,oxidation,uncertainty,19,6,0.385621,0.5,0.5,0.6,1.2608,0.826344,0.51253
M,oxidation,uncertainty,19,7,0.490196,0.5,0.75,0.6,0.408917,0.630401,0.51253
M,oxidation,uncertainty,19,8,0.464052,0.5,0.75,0.6,1.2608,0.630401,0.51253
M,oxidation,uncertainty,19,9,0.699346,0.5,0.75,0.6,0.408917,0.630401,0.51253
M,oxidation,uncertainty,19,10,0.673203,0.5,0.75,0.6,0.408917,0.630401,0.51253
M,oxidation,uncertainty,19,11,0.843137,1,1,0.8,0,0,0.0082088
M,oxidation,uncertainty,19,12,0.843137,1,1,0.8,0,0,0.0756572
M,oxidation,uncertainty,19,13,0.856209,1,1,0.8,0,0,0.0756572
M,oxidation,uncertainty,19,14,0.869281,1,1,0.8,0,0,0.0756572
M,oxidation,uncertainty,19,15,0.960784,1,1,0.8,0,0,0.0082088
M,oxidation,uncertainty,19,16,0.960784,1,1,0.8,0,0,0.0082088
M,oxidation,uncertainty,19,17,0.986928,1,1,0.8,0,0,0.0082088
M,oxidation,uncertainty,19,18,1,1,1,1,0,0,0
M,oxidation,ranking_aware,19,4,0.254902,0.5,0.5,0.4,1.2608,0.826344,0.736732
M,oxidation,ranking_aware,19,5,0.118818,0.5,0.25,0.4,0.969423,0.866591,0.808679
M,oxidation,ranking_aware,19,6,0.171626,0.5,0.25,0.4,0.969423,0.997357,0.797886
M,oxidation,ranking_aware,19,7,0.215686,1,0.5,0.4,0,0.644135,1.11222
M,oxidation,ranking_aware,19,8,0.346405,1,0.5,0.4,0,0.471709,0.974278
M,oxidation,ranking_aware,19,9,0.477124,1,0.5,0.6,0,0.476451,0.381161
M,oxidation,ranking_aware,19,10,0.529412,1,0.5,0.6,0,0.327451,0.337618
M,oxidation,ranking_aware,19,11,0.542484,1,0.5,0.6,0,0.327451,0.337618
M,oxidation,ranking_aware,19,12,0.882353,1,0.75,1,0,0.185682,0
M,oxidation,ranking_aware,19,13,0.947712,1,1,1,0,0,0
M,oxidation,ranking_aware,19,14,0.934641,1,1,1,0,0,0
M,oxidation,ranking_aware,19,15,0.947712,1,1,1,0,0,0
M,oxidation,ranking_aware,19,16,0.947712,1,1,1,0,0,0
M,oxidation,ranking_aware,19,17,0.973856,1,1,1,0,0,0
M,oxidation,ranking_aware,19,18,1,1,1,1,0,0,0
M,reduction,random,0,4,0.0326797,0.5,0.5,0.6,0.311221,0.350654,0.396687
M,reduction,random,0,5,0.189542,1,0.5,0.4,0,0.329564,0.287771
M,reduction,random,0,6,0.372549,1,0.5,0.4,0,0.329564,0.287771
M,reduction,random,0,7,0.673203,1,1,1,0,0,0
M,reduction,random,0,8,0.816993,1,0.75,1,0,0.0130237,0
M,reduction,random,0,9,0.607843,0.5,0.75,0.8,0.40807,0.113983,0.0911864
M,reduction,random,0,10,0.620915,0.5,0.75,0.8,0.40807,0.113983,0.0807674
M,reduction,random,0,11,0.738562,0.5,0.75,0.8,0.40807,0.113983,0.0807674
M,reduction,random,0,12,0.699346,1,0.75,0.8,0,0.113983,0.0807674
M,reduction,random,0,13,0.699346,0.5,0.75,0.8,0.40807,0.113983,0.0807674
M,reduction,random,0,14,0.764706,1,0.75,0.8,0,0.113983,0.0807674
M,reduction,random,0,15,0.816993,1,0.75,0.8,0,0.113983,0.0807674
M,reduction,random,0,16,0.856209,1,0.75,0.8,0,0.113983,0.0807674
M,reduction,random,0,17,0.934641,1,0.75,0.8,0,0.113983,0.0807674
M,reduction,random,0,18,1,1,1,1,0,0,0
M,reduction,diversity,0,4,0.0326797,0.5,0.5,0.6,0.311221,0.350654,0.396687
M,reduction,diversity,0,5,0.437908,0.5,0.75,0.8,0.311221,0.0130237,0.126583
M,reduction,diversity,0,6,0.281046,0.5,0.75,1,0.311221,0.192525,0
M,reduction,diversity,0,7,0.464052,0.5,0.75,1,0.311221,0.192525,0
M,reduction,diversity,0,8,0.594771,0.5,0.75,1,0.385051,0.192525,0
M,reduction,diversity,0,9,0.699346,1,0.75,0.8,0,0.0130237,0.0911864
M,reduction,diversity,0,10,0.673203,1,0.75,1,0,0.0130237,0
M,reduction,diversity,0,11,0.686275,1,0.75,1,0,0.0130237,0
M,reduction,diversity,0,12,0.764706,1,0.75,1,0,0.0130237,0
M,reduction,diversity,0,13,0.843137,1,0.75,1,0,0.0130237,0
M,reduction,diversity,0,14,0.843137,1,0.75,1,0,0.0130237,0
M,reduction,diversity,0,15,0.934641,1,0.75,1,0,0.0130237,0
M,reduction,diversity,0,16,0.960784,1,0.75,1,0,0.0130237,0
M,reduction,diversity,0,17,0.973856,1,1,1,0,0,0
M,reduction,diversity,0,18,1,1,1,1,0,0,0
M,reduction,uncertainty,0,4,0.0326797,0.5,0.5,0.6,0.311221,0.350654,0.396687
M,reduction,uncertainty,0,5,0.437908,0.5,0.75,0.8,0.311221,0.0130237,0.126583
M,reduction,uncertainty,0,6,0.281046,0.5,0.75,1,0.311221,0.192525,0
M,reduction,uncertainty,0,7,0.464052,0.5,0.75,1,0.311221,0.192525,0
M,reduction,uncertainty,0,8,0.594771,0.5,0.75,1,0.385051,0.192525,0
M,reduction,uncertainty,0,9,0.699346,1,0.75,0.8,0,0.0130237,0.0911864
M,reduction,uncertainty,0,10,0.673203,1,0.75,1,0,0.0130237,0
M,reduction,uncertainty,0,11,0.686275,1,0.75,1,0,0.0130237,0
M,reduction,uncertainty,0,12,0.764706,1,0.75,1,0,0.0130237,0
M,reduction,uncertainty,0,13,0.816993,1,0.75,1,0,0.0130237,0
M,reduction,uncertainty,0,14,0.816993,1,0.75,1,0,0.0130237,0
M,reduction,uncertainty,0,15,0.895425,1,0.75,1,0,0.0130237,0
M,reduction,uncertainty,0,16,0.934641,1,0.75,1,0,0.0130237,0
M,reduction,uncertainty,0,17,0.973856,1,0.75,1,0,0.0130237,0
M,reduction,uncertainty,0,18,1,1,1,1,0,0,0
M,reduction,ranking_aware,0,4,0.0326797,0.5,0.5,0.6,0.311221,0.350654,0.396687
M,reduction,ranking_aware,0,5,0.359477,0.5,0.75,1,0.311221,0.192525,0
M,reduction,ranking_aware,0,6,0.294118,0.5,0.75,1,0.311221,0.192525,0
M,reduction,ranking_aware,0,7,0.320261,0.5,0.75,0.8,0.311221,0.192525,0.234788
M,reduction,ranking_aware,0,8,0.228758,0.5,0.75,0.8,0.311221,0.192525,0.446554
M,reduction,ranking_aware,0,9,0.333333,1,1,1,0,0,0
M,reduction,ranking_aware,0,10,0.359477,1,1,1,0,0,0
M,reduction,ranking_aware,0,11,0.477124,1,1,1,0,0,0
M,reduction,ranking_aware,0,12,0.738562,1,1,1,0,0,0
M,reduction,ranking_aware,0,13,0.843137,1,1,1,0,0,0
M,reduction,ranking_aware,0,14,0.934641,1,1,1,0,0,0
M,reduction,ranking_aware,0,15,0.934641,1,1,1,0,0,0
M,reduction,ranking_aware,0,16,0.986928,1,1,1,0,0,0
M,reduction,ranking_aware,0,17,0.986928,1,1,1,0,0,0
M,reduction,ranking_aware,0,18,1,1,1,1,0,0,0
M,reduction,random,1,4,0.529412,1,0.5,0.6,0,0.285319,0.228255
M,reduction,random,1,5,0.555556,1,0.5,0.8,0,0.150898,0.0911864
M,reduction,random,1,6,0.633987,1,0.75,1,0,0.0130237,0
M,reduction,random,1,7,0.633987,1,0.75,1,0,0.0130237,0
M,reduction,random,1,8,0.620915,1,0.75,1,0,0.0130237,0
M,reduction,random,1,9,0.686275,1,0.75,0.8,0,0.0130237,0.0911864
M,reduction,random,1,10,0.751634,1,0.75,0.8,0,0.0130237,0.0911864
M,reduction,random,1,11,0.843137,1,0.75,0.8,0,0.0130237,0.0911864
M,reduction,random,1,12,0.777778,1,0.75,0.8,0,0.113983,0.0911864
M,reduction,random,1,13,0.816993,1,0.75,1,0,0.0130237,0
M,reduction,random,1,14,0.830065,1,1,1,0,0,0
M,reduction,random,1,15,0.869281,1,1,1,0,0,0
M,reduction,random,1,16,0.908497,1,1,1,0,0,0
M,reduction,random,1,17,0.908497,1,1,1,0,0,0
M,reduction,random,1,18,1,1,1,1,0,0,0
M,reduction,diversity,1,4,0.529412,1,0.5,0.6,0,0.285319,0.228255
M,reduction,diversity,1,5,0.45098,1,0.5,0.4,0,0.214509,0.287771
M,reduction,diversity,1,6,0.647059,1,0.75,0.8,0,0.113983,0.0911864
M,reduction,diversity,1,7,0.607843,1,0.75,1,0,0.0130237,0
M,reduction,diversity,1,8,0.633987,1,0.75,1,0,0.0130237,0
M,reduction,diversity,1,9,0.699346,1,0.75,1,0,0.0130237,0
M,reduction,diversity,1,10,0.764706,1,0.75,1,0,0.0130237,0
M,reduction,diversity,1,11,0.764706,1,0.75,1,0,0.0130237,0
M,reduction,diversity,1,12,0.816993,1,0.75,0.8,0,0.0130237,0.0345384
M,reduction,diversity,1,13,0.816993,1,0.75,0.8,0,0.0130237,0.0345384
M,reduction,diversity,1,14,0.843137,1,0.75,1,0,0.0130237,0
M,reduction,diversity,1,15,0.934641,1,0.75,1,0,0.0130237,0
M,reduction,diversity,1,16,0.960784,1,0.75,1,0,0.0130237,0
M,reduction,diversity,1,17,0.973856,1,1,1,0,0,0
M,reduction,diversity,1,18,1,1,1,1,0,0,0
M,reduction,uncertainty,1,4,0.529412,1,0.5,0.6,0,0.285319,0.228255
M,reduction,uncertainty,1,5,0.620915,1,0.75,1,0,0.0130237,0
M,reduction,uncertainty,1,6,0.633987,1,0.75,1,0,0.0130237,0
M,reduction,uncertainty,1,7,0.607843,1,0.75,1,0,0.0130237,0
M,reduction,uncertainty,1,8,0.633987,1,0.75,1,0,0.0130237,0
M,reduction,uncertainty,1,9,0.633987,1,0.75,1,0,0.0130237,0
M,reduction,uncertainty,1,10,0.686275,1,0.75,1,0,0.0130237,0
M,reduction,uncertainty,1,11,0.764706,1,0.75,1,0,0.0130237,0
M,reduction,uncertainty,1,12,0.764706,1,0.75,1,0,0.0130237,0
M,reduction,uncertainty,1,13,0.764706,1,0.75,1,0,0.0130237,0
M,reduction,uncertainty,1,14,0.816993,1,0.75,1,0,0.0130237,0
M,reduction,uncertainty,1,15,0.895425,1,0.75,1,0,0.0130237,0
M,reduction,uncertainty,1,16,0.934641,1,0.75,1,0,0.0130237,0
M,reduction,uncertainty,1,17,0.973856,1,0.75,1,0,0.0130237,0
M,reduction,uncertainty,1,18,1,1,1,1,0,0,0
M,reduction,ranking_aware,1,4,0.529412,1,0.5,0.6,0,0.285319,0.228255
M,reduction,ranking_aware,1,5,0.45098,1,0.5,0.4,0,0.214509,0.287771
M,reduction,ranking_aware,1,6,0.647059,1,0.75,0.8,0,0.113983,0.0911864
M,reduction,ranking_aware,1,7,0.529412,1,0.5,0.6,0,0.225293,0.150702
M,reduction,ranking_aware,1,8,0.529412,1,0.5,0.4,0,0.181048,0.234537
M,reduction,ranking_aware,1,9,0.660131,1,0.75,0.8,0,0.0130237,0.0345384
M,reduction,ranking_aware,1,10,0.673203,1,0.75,0.8,0,0.0130237,0.0345384
M,reduction,ranking_aware,1,11,0.764706,1,0.75,0.8,0,0.0130237,0.0345384
M,reduction,ranking_aware,1,12,0.738562,1,0.75,0.8,0,0.0130237,0.0345384
M,reduction,ranking_aware,1,13,0.843137,1,0.75,0.8,0,0.0130237,0.0345384
M,reduction,ranking_aware,1,14,0.856209,1,0.75,0.8,0,0.0130237,0.0345384
M,reduction,ranking_aware,1,15,0.882353,1,1,1,0,0,0
M,reduction,ranking_aware,1,16,0.908497,1,1,1,0,0,0
M,reduction,ranking_aware,1,17,0.986928,1,1,1,0,0,0
M,reduction,ranking_aware,1,18,1,1,1,1,0,0,0
M,reduction,random,2,4,0.60729,0,0.5,0.6,0.860044,0.430022,0.368137
M,reduction,random,2,5,0.712418,0.5,0.5,0.6,0.206151,0.224812,0.203969
M,reduction,random,2,6,0.699346,0.5,0.5,0.6,0.206151,0.224812,0.260617
M,reduction,random,2,7,0.647059,0.5,0.5,0.8,0.132321,0.200921,0.150317
M,reduction,random,2,8,0.764706,1,0.75,1,0,0.0130237,0
M,reduction,random,2,9,0.777778,1,0.75,1,0,0.0130237,0
M,reduction,random,2,10,0.72549,0.5,0.75,0.8,0.40807,0.113983,0.0807674
M,reduction,random,2,11,0.699346,1,0.75,0.8,0,0.113983,0.0807674
M,reduction,random,2,12,0.738562,1,1,1,0,0,0
M,reduction,random,2,13,0.738562,1,1,1,0,0,0
M,reduction,random,2,14,0.777778,1,1,1,0,0,0
M,reduction,random,2,15,0.869281,1,1,1,0,0,0
M,reduction,random,2,16,0.973856,1,1,1,0,0,0
M,reduction,random,2,17,0.986928,1,1,1,0,0,0
M,reduction,random,2,18,1,1,1,1,0,0,0
M,reduction,diversity,2,4,0.60729,0,0.5,0.6,0.860044,0.430022,0.368137
M,reduction,diversity,2,5,0.411765,0,0.5,0.6,0.565155,0.407725,0.433716
M,reduction,diversity,2,6,0.647059,1,0.75,1,0,0.0369152,0
M,reduction,diversity,2,7,0.620915,0.5,0.75,1,0.206151,0.103075,0
M,reduction,diversity,2,8,0.633987,1,0.75,1,0,0.0130237,0
M,reduction,diversity,2,9,0.699346,1,0.75,1,0,0.0369152,0
M,reduction,diversity,2,10,0.764706,1,0.75,1,0,0.0130237,0
M,reduction,diversity,2,11,0.764706,1,0.75,1,0,0.0130237,0
M,reduction,diversity,2,12,0.803922,1,0.75,0.8,0,0.0130237,0.0345384
M,reduction,diversity,2,13,0.843137,1,0.75,1,0,0.0130237,0
M,reduction,diversity,2,14,0.882353,1,0.5,0.8,0,0.0800882,0.0345384
M,reduction,diversity,2,15,0.947712,1,0.75,1,0,0.0369152,0
M,reduction,diversity,2,16,0.947712,1,0.75,1,0,0.0369152,0
M,reduction,diversity,2,17,0.973856,1,1,1,0,0,0
M,reduction,diversity,2,18,1,1,1,1,0,0,0
M,reduction,uncertainty,2,4,0.60729,0,0.5,0.6,0.860044,0.430022,0.368137
M,reduction,uncertainty,2,5,0.673203,0.5,0.5,0.6,0.385051,0.314262,0.358946
M,reduction,uncertainty,2,6,0.581699,0.5,0.75,0.8,0.385051,0.192525,0.234788
M,reduction,uncertainty,2,7,0.607843,1,0.5,0.8,0,0.150898,0.1103
M,reduction,uncertainty,2,8,0.607843,1,0.5,0.8,0,0.150898,0.0911864
M,reduction,uncertainty,2,9,0.620915,1,0.75,1,0,0.0130237,0
M,reduction,uncertainty,2,10,0.699346,1,0.75,1,0,0.0369152,0
M,reduction,uncertainty,2,11,0.764706,1,0.75,1,0,0.0130237,0
M,reduction,uncertainty,2,12,0.764706,1,0.75,1,0,0.0130237,0
M,reduction,uncertainty,2,13,0.751634,1,0.75,0.8,0,0.0130237,0.0345384
M,reduction,uncertainty,2,14,0.816993,1,0.75,0.8,0,0.0130237,0.0345384
M,reduction,uncertainty,2,15,0.843137,1,0.75,0.8,0,0.0130237,0.0345384
M,reduction,uncertainty,2,16,0.908497,1,0.75,0.8,0,0.0130237,0.0345384
M,reduction,uncertainty,2,17,0.947712,1,1,1,0,0,0
M,reduction,uncertainty,2,18,1,1,1,1,0,0,0
M,reduction,ranking_aware,2,4,0.60729,0,0.5,0.6,0.860044,0.430022,0.368137
M,reduction,ranking_aware,2,5,0.647059,0,0.5,0.6,0.565155,0.430022,0.411874
M,reduction,ranking_aware,2,6,0.633987,0,0.5,0.6,0.565155,0.32575,0.368137
M,reduction,ranking_aware,2,7,0.738562,0,0.5,0.6,0.491324,0.32575,0.328457
M,reduction,ranking_aware,2,8,0.660131,0.5,0.75,0.8,0.311221,0.293485,0.234788
M,reduction,ranking_aware,2,9,0.660131,0.5,0.75,0.8,0.311221,0.192525,0.17814
M,reduction,ranking_aware,2,10,0.712418,1,1,1,0,0,0
M,reduction,ranking_aware,2,11,0.712418,1,1,1,0,0,0
M,reduction,ranking_aware,2,12,0.79085,1,1,1,0,0,0
M,reduction,ranking_aware,2,13,0.79085,1,1,1,0,0,0
M,reduction,ranking_aware,2,14,0.882353,1,1,1,0,0,0
M,reduction,ranking_aware,2,15,0.882353,1,1,1,0,0,0
M,reduction,ranking_aware,2,16,0.908497,1,1,1,0,0,0
M,reduction,ranking_aware,2,17,0.986928,1,1,1,0,0,0
M,reduction,ranking_aware,2,18,1,1,1,1,0,0,0
M,reduction,random,3,4,0.294118,0,0.25,0.2,0.962763,0.63042,0.528456
M,reduction,random,3,5,0.424837,0,0.5,0.4,0.962763,0.415221,0.421876
M,reduction,random,3,6,0.424837,0,0.5,0.6,0.760845,0.380422,0.385105
M,reduction,random,3,7,0.409261,0,0,0.4,0.651501,0.56147,0.438757
M,reduction,random,3,8,0.448867,0,0,0.4,0.651501,0.56147,0.419644
M,reduction,random,3,9,0.51634,0,0.5,0.6,0.565155,0.32575,0.328457
M,reduction,random,3,10,0.72549,0,0.5,0.6,0.565155,0.32575,0.328457
M,reduction,random,3,11,0.699346,0,0.5,0.6,0.565155,0.32575,0.328457
M,reduction,random,3,12,0.72549,0,0.25,0.6,0.565155,0.447487,0.328457
M,reduction,random,3,13,0.738562,0,0.5,0.6,0.565155,0.32575,0.328457
M,reduction,random,3,14,0.921569,0.5,0.75,0.8,0.180103,0.0369152,0.0536516
M,reduction,random,3,15,0.895425,0.5,0.75,1,0.132321,0.103076,0
M,reduction,random,3,16,0.921569,1,1,1,0,0,0
M,reduction,random,3,17,0.973856,1,1,1,0,0,0
M,reduction,random,3,18,1,1,1,1,0,0,0
M,reduction,diversity,3,4,0.294118,0,0.25,0.2,0.962763,0.63042,0.528456
M,reduction,diversity,3,5,0.0980392,0,0,0,0.962763,0.751252,0.748548
M,reduction,diversity,3,6,0.24183,0.5,0.5,0.4,0.554694,0.242568,0.341601
M,reduction,diversity,3,7,0.411765,0.5,0.25,0.2,0.554694,0.540369,0.579841
M,reduction,diversity,3,8,0.359477,1,0.5,0.4,0,0.269181,0.296112
M,reduction,diversity,3,9,0.372549,1,0.5,0.4,0,0.269181,0.362891
M,reduction,diversity,3,10,0.411765,1,0.5,0.4,0,0.214509,0.239464
M,reduction,diversity,3,11,0.568627,1,0.5,0.4,0,0.164909,0.212695
M,reduction,diversity,3,12,0.79085,1,0.75,0.8,0,0.0670645,0.0536516
M,reduction,diversity,3,13,0.895425,1,0.75,1,0,0.0369152,0
M,reduction,diversity,3,14,0.895425,1,0.75,1,0,0.0130237,0
M,reduction,diversity,3,15,0.895425,1,0.75,1,0,0.0130237,0
M,reduction,diversity,3,16,0.934641,1,0.75,1,0,0.0130237,0
M,reduction,diversity,3,17,0.921569,1,1,1,0,0,0
M,reduction,diversity,3,18,1,1,1,1,0,0,0
M,reduction,uncertainty,3,4,0.294118,0,0.25,0.2,0.962763,0.63042,0.528456
M,reduction,uncertainty,3,5,0.24183,1,0.5,0.4,0,0.192212,0.261306
M,reduction,uncertainty,3,6,0.24183,0.5,0.5,0.4,0.554694,0.242568,0.341601
M,reduction,uncertainty,3,7,0.411765,0.5,0.25,0.2,0.554694,0.540369,0.579841
M,reduction,uncertainty,3,8,0.359477,1,0.5,0.4,0,0.269181,0.296112
M,reduction,uncertainty,3,9,0.437908,1,0.5,0.4,0,0.214509,0.239464
M,reduction,uncertainty,3,10,0.411765,1,0.5,0.4,0,0.214509,0.239464
M,reduction,uncertainty,3,11,0.568627,1,0.5,0.4,0,0.164909,0.212695
M,reduction,uncertainty,3,12,0.777778,1,0.75,0.8,0,0.043173,0.0345384
M,reduction,uncertainty,3,13,0.843137,1,0.75,0.8,0,0.0130237,0.0345384
M,reduction,uncertainty,3,14,0.895425,1,0.75,1,0,0.0130237,0
M,reduction,uncertainty,3,15,0.895425,1,0.75,1,0,0.0130237,0
M,reduction,uncertainty,3,16,0.934641,1,0.75,1,0,0.0130237,0
M,reduction,uncertainty,3,17,0.973856,1,0.75,1,0,0.0130237,0
M,reduction,uncertainty,3,18,1,1,1,1,0,0,0
M,reduction,ranking_aware,3,4,0.294118,0,0.25,0.2,0.962763,0.63042,0.528456
M,reduction,ranking_aware,3,5,0.24183,1,0.5,0.4,0,0.192212,0.261306
M,reduction,ranking_aware,3,6,0.340068,0.5,0.5,0.8,0.311221,0.537474,0.275959
M,reduction,ranking_aware,3,7,0.356453,0.5,0.5,0.8,0.311221,0.235698,0.17814
M,reduction,ranking_aware,3,8,0.620915,0.5,0.5,0.6,0.311221,0.32052,0.256416
M,reduction,ranking_aware,3,9,0.673203,0.5,0.5,0.6,0.311221,0.235698,0.256416
M,reduction,ranking_aware,3,10,0.72549,0.5,0.5,0.8,0.311221,0.235698,0.17814
M,reduction,ranking_aware,3,11,0.79085,1,0.75,0.8,0,0.0130237,0.0345384
M,reduction,ranking_aware,3,12,0.79085,1,0.75,0.8,0,0.0130237,0.0345384
M,reduction,ranking_aware,3,13,0.816993,1,0.75,0.8,0,0.0130237,0.0345384
M,reduction,ranking_aware,3,14,0.856209,1,1,1,0,0,0
M,reduction,ranking_aware,3,15,0.934641,1,1,1,0,0,0
M,reduction,ranking_aware,3,16,0.934641,1,1,1,0,0,0
M,reduction,ranking_aware,3,17,0.973856,1,1,1,0,0,0
M,reduction,ranking_aware,3,18,1,1,1,1,0,0,0
M,reduction,random,4,4,0.267974,1,0.5,0.4,0,0.329564,0.287771
M,reduction,random,4,5,0.464052,1,0.5,0.6,0,0.263022,0.199998
M,reduction,random,4,6,0.424837,1,0.5,0.4,0,0.263022,0.234537
M,reduction,random,4,7,0.51634,1,0.5,0.4,0,0.181048,0.234537
M,reduction,random,4,8,0.686275,1,0.5,0.6,0,0.164909,0.121509
M,reduction,random,4,9,0.751634,1,0.5,0.4,0,0.164909,0.212695
M,reduction,random,4,10,0.816993,1,0.75,1,0,0.0130237,0
M,reduction,random,4,11,0.803922,1,0.75,1,0,0.0130237,0
M,reduction,random,4,12,0.921569,1,0.75,1,0,0.0130237,0
M,reduction,random,4,13,0.934641,1,0.75,1,0,0.0130237,0
M,reduction,random,4,14,0.921569,1,0.75,0.8,0,0.113983,0.0807674
M,reduction,random,4,15,0.973856,1,1,1,0,0,0
M,reduction,random,4,16,0.973856,1,1,1,0,0,0
M,reduction,random,4,17,0.973856,1,1,1,0,0,0
M,reduction,random,4,18,1,1,1,1,0,0,0
M,reduction,diversity,4,4,0.267974,1,0.5,0.4,0,0.329564,0.287771
M,reduction,diversity,4,5,0.437908,1,0.5,0.4,0,0.214509,0.287771
M,reduction,diversity,4,6,0.372549,1,0.5,0.4,0,0.214509,0.287771
M,reduction,diversity,4,7,0.529412,1,0.75,0.8,0,0.097845,0.078276
M,reduction,diversity,4,8,0.490196,1,0.75,1,0,0.0130237,0
M,reduction,diversity,4,9,0.647059,1,0.75,1,0,0.0130237,0
M,reduction,diversity,4,10,0.72549,1,0.75,1,0,0.0130237,0
M,reduction,diversity,4,11,0.751634,1,0.75,0.8,0,0.0130237,0.0345384
M,reduction,diversity,4,12,0.79085,1,0.75,0.8,0,0.0130237,0.0345384
M,reduction,diversity,4,13,0.856209,1,0.75,0.8,0,0.0130237,0.0345384
M,reduction,diversity,4,14,0.882353,1,0.75,1,0,0.0130237,0
M,reduction,diversity,4,15,0.934641,1,0.75,1,0,0.0130237,0
M,reduction,diversity,4,16,0.960784,1,0.75,1,0,0.0130237,0
M,reduction,diversity,4,17,0.973856,1,1,1,0,0,0
M,reduction,diversity,4,18,1,1,1,1,0,0,0
M,reduction,uncertainty,4,4,0.267974,1,0.5,0.4,0,0.329564,0.287771
M,reduction,uncertainty,4,5,0.437908,1,0.5,0.4,0,0.214509,0.287771
M,reduction,uncertainty,4,6,0.529412,1,0.75,0.8,0,0.113983,0.0911864
M,reduction,uncertainty,4,7,0.529412,1,0.75,0.8,0,0.097845,0.078276
M,reduction,uncertainty,4,8,0.490196,1,0.75,1,0,0.0130237,0
M,reduction,uncertainty,4,9,0.647059,1,0.75,1,0,0.0130237,0
M,reduction,uncertainty,4,10,0.72549,1,0.75,1,0,0.0130237,0
M,reduction,uncertainty,4,11,0.72549,1,0.75,1,0,0.0130237,0
M,reduction,uncertainty,4,12,0.816993,1,0.75,1,0,0.0130237,0
M,reduction,uncertainty,4,13,0.856209,1,0.75,0.8,0,0.0130237,0.0345384
M,reduction,uncertainty,4,14,0.882353,1,0.75,1,0,0.0130237,0
M,reduction,uncertainty,4,15,0.934641,1,0.75,1,0,0.0130237,0
M,reduction,uncertainty,4,16,0.934641,1,0.75,1,0,0.0130237,0
M,reduction,uncertainty,4,17,0.973856,1,0.75,1,0,0.0130237,0
M,reduction,uncertainty,4,18,1,1,1,1,0,0,0
M,reduction,ranking_aware,4,4,0.267974,1,0.5,0.4,0,0.329564,0.287771
M,reduction,ranking_aware,4,5,0.464052,1,0.5,0.6,0,0.263022,0.199998
M,reduction,ranking_aware,4,6,0.424837,1,0.5,0.4,0,0.23572,0.296112
M,reduction,ranking_aware,4,7,0.30719,1,0.5,0.4,0,0.269181,0.362891
M,reduction,ranking_aware,4,8,0.320261,1,0.5,0.4,0,0.269181,0.296112
M,reduction,ranking_aware,4,9,0.228758,1,0.5,0.4,0,0.214509,0.239464
M,reduction,ranking_aware,4,10,0.294118,1,0.5,0.4,0,0.261767,0.277271
M,reduction,ranking_aware,4,11,0.607843,1,0.5,0.4,0,0.164909,0.212695
M,reduction,ranking_aware,4,12,0.699346,1,0.75,0.8,0,0.043173,0.0345384
M,reduction,ranking_aware,4,13,0.72549,1,0.75,1,0,0.0130237,0
M,reduction,ranking_aware,4,14,0.712418,1,1,1,0,0,0
M,reduction,ranking_aware,4,15,0.947712,1,1,1,0,0,0
M,reduction,ranking_aware,4,16,0.986928,1,1,1,0,0,0
M,reduction,ranking_aware,4,17,0.986928,1,1,1,0,0,0
M,reduction,ranking_aware,4,18,1,1,1,1,0,0,0
M,reduction,random,5,4,0.333333,0.5,0.5,0.4,0.44535,0.225293,0.296318
M,reduction,random,5,5,0.333333,1,0.5,0.6,0,0.341053,0.24331
M,reduction,random,5,6,0.398693,1,0.75,0.8,0,0.113983,0.0911864
M,reduction,random,5,7,0.385621,1,0.75,0.8,0,0.0130237,0.0911864
M,reduction,random,5,8,0.529412,1,0.75,0.8,0,0.0130237,0.0911864
M,reduction,random,5,9,0.647059,1,0.5,0.6,0,0.0800882,0.144838
M,reduction,random,5,10,0.72549,1,0.5,0.6,0,0.150898,0.144838
M,reduction,random,5,11,0.816993,1,0.5,0.6,0,0.150898,0.144838
M,reduction,random,5,12,0.777778,1,0.75,0.8,0,0.0130237,0.0345384
M,reduction,random,5,13,0.777778,1,0.75,0.8,0,0.113983,0.0807674
M,reduction,random,5,14,0.843137,1,0.75,0.8,0,0.113983,0.0807674
M,reduction,random,5,15,0.869281,1,1,1,0,0,0
M,reduction,random,5,16,0.973856,1,1,1,0,0,0
M,reduction,random,5,17,0.986928,1,1,1,0,0,0
M,reduction,random,5,18,1,1,1,1,0,0,0
M,reduction,diversity,5,4,0.333333,0.5,0.5,0.4,0.44535,0.225293,0.296318
M,reduction,diversity,5,5,0.398693,1,0.5,0.4,0,0.214509,0.287691
M,reduction,diversity,5,6,0.202614,0.5,0.25,0.2,0.44535,0.562923,0.557875
M,reduction,diversity,5,7,0.294118,0.5,0.25,0.2,0.44535,0.458394,0.482879
M,reduction,diversity,5,8,0.51634,0.5,0.5,0.6,0.311221,0.235698,0.256416
M,reduction,diversity,5,9,0.660131,1,0.75,0.8,0,0.0130237,0.126583
M,reduction,diversity,5,10,0.673203,1,0.75,0.8,0,0.0130237,0.126583
M,reduction,diversity,5,11,0.764706,1,0.75,1,0,0.0130237,0
M,reduction,diversity,5,12,0.816993,1,0.75,0.8,0,0.0130237,0.0345384
M,reduction,diversity,5,13,0.816993,1,0.75,0.8,0,0.0130237,0.0345384
M,reduction,diversity,5,14,0.843137,1,0.75,1,0,0.0130237,0
M,reduction,diversity,5,15,0.934641,1,0.75,1,0,0.0130237,0
M,reduction,diversity,5,16,0.960784,1,0.75,1,0,0.0130237,0
M,reduction,diversity,5,17,0.973856,1,1,1,0,0,0
M,reduction,diversity,5,18,1,1,1,1,0,0,0
M,reduction,uncertainty,5,4,0.333333,0.5,0.5,0.4,0.44535,0.225293,0.296318
M,reduction,uncertainty,5,5,0.398693,1,0.5,0.4,0,0.214509,0.287691
M,reduction,uncertainty,5,6,0.529412,1,0.75,1,0,0.0369152,0
M,reduction,uncertainty,5,7,0.542484,0.5,0.5,0.8,0.359004,0.25959,0.17814
M,reduction,uncertainty,5,8,0.712418,1,0.75,1,0,0.0369152,0
M,reduction,uncertainty,5,9,0.660131,1,0.75,0.6,0,0.171336,0.161188
M,reduction,uncertainty,5,10,0.699346,1,0.75,0.8,0,0.0670645,0.0536516
M,reduction,uncertainty,5,11,0.738562,1,0.75,0.8,0,0.0670645,0.0536516
M,reduction,uncertainty,5,12,0.764706,1,0.75,1,0,0.0130237,0
M,reduction,uncertainty,5,13,0.816993,1,0.75,1,0,0.0130237,0
M,reduction,uncertainty,5,14,0.816993,1,0.75,1,0,0.0130237,0
M,reduction,uncertainty,5,15,0.895425,1,0.75,1,0,0.0130237,0
M,reduction,uncertainty,5,16,0.934641,1,0.75,1,0,0.0130237,0
M,reduction,uncertainty,5,17,0.973856,1,0.75,1,0,0.0130237,0
M,reduction,uncertainty,5,18,1,1,1,1,0,0,0
M,reduction,ranking_aware,5,4,0.333333,0.5,0.5,0.4,0.44535,0.225293,0.296318
M,reduction,ranking_aware,5,5,0.281046,0.5,0.75,0.8,0.359004,0.192525,0.234788
M,reduction,ranking_aware,5,6,0.346405,0.5,0.5,0.8,0.359004,0.25959,0.17814
M,reduction,ranking_aware,5,7,0.359477,0.5,0.75,0.8,0.359004,0.192525,0.234788
M,reduction,ranking_aware,5,8,0.333333,1,0.75,0.8,0,0.137875,0.1103
M,reduction,ranking_aware,5,9,0.346405,1,0.75,1,0,0.0369152,0
M,reduction,ranking_aware,5,10,0.464052,1,0.75,1,0,0.0369152,0
M,reduction,ranking_aware,5,11,0.738562,1,0.75,1,0,0.0369152,0
M,reduction,ranking_aware,5,12,0.830065,1,0.75,1,0,0.0369152,0
M,reduction,ranking_aware,5,13,0.843137,1,1,1,0,0,0
M,reduction,ranking_aware,5,14,0.934641,1,1,1,0,0,0
M,reduction,ranking_aware,5,15,0.934641,1,1,1,0,0,0
M,reduction,ranking_aware,5,16,0.986928,1,1,1,0,0,0
M,reduction,ranking_aware,5,17,0.986928,1,1,1,0,0,0
M,reduction,ranking_aware,5,18,1,1,1,1,0,0,0
M,reduction,random,6,4,0.13764,0,0.5,0.6,0.565155,0.32575,0.553134
M,reduction,random,6,5,0.281046,0,0.5,0.6,0.565155,0.32575,0.376684
M,reduction,random,6,6,0.490196,0.5,0.75,0.8,0.586969,0.137875,0.1103
M,reduction,random,6,7,0.555556,0.5,0.75,0.8,0.359004,0.0369152,0.1103
M,reduction,random,6,8,0.529412,0.5,0.75,0.8,0.586969,0.137875,0.1103
M,reduction,random,6,9,0.79085,0.5,0.5,0.8,0.359004,0.25959,0.0536516
M,reduction,random,6,10,0.830065,0.5,0.5,0.8,0.359004,0.25959,0.0536516
M,reduction,random,6,11,0.843137,0.5,0.5,0.8,0.359004,0.25959,0.0536516
M,reduction,random,6,12,0.882353,1,0.75,0.8,0,0.0369152,0.1103
M,reduction,random,6,13,0.882353,1,0.75,0.8,0,0.137875,0.1103
M,reduction,random,6,14,0.869281,1,0.75,0.8,0,0.137875,0.1103
M,reduction,random,6,15,0.934641,1,0.75,0.8,0,0.0369152,0.0536516
M,reduction,random,6,16,0.947712,1,0.75,0.8,0,0.0369152,0.0536516
M,reduction,random,6,17,0.960784,1,0.75,0.8,0,0.0369152,0.0536516
M,reduction,random,6,18,1,1,1,1,0,0,0
M,reduction,diversity,6,4,0.13764,0,0.5,0.6,0.565155,0.32575,0.553134
M,reduction,diversity,6,5,0.464052,0.5,0.75,0.6,0.586969,0.137875,0.217836
M,reduction,diversity,6,6,0.490196,1,0.75,0.8,0,0.137875,0.1103
M,reduction,diversity,6,7,0.555556,0.5,0.75,0.8,0.359004,0.192525,0.17814
M,reduction,diversity,6,8,0.633987,1,0.75,0.6,0,0.137875,0.217836
M,reduction,diversity,6,9,0.647059,1,0.75,0.8,0,0.137875,0.1103
M,reduction,diversity,6,10,0.660131,1,0.75,1,0,0.0369152,0
M,reduction,diversity,6,11,0.620915,1,0.75,1,0,0.0369152,0
M,reduction,diversity,6,12,0.686275,1,0.75,1,0,0.0369152,0
M,reduction,diversity,6,13,0.777778,1,0.75,1,0,0.0369152,0
M,reduction,diversity,6,14,0.882353,1,0.75,1,0,0.0369152,0
M,reduction,diversity,6,15,0.934641,1,0.75,1,0,0.0369152,0
M,reduction,diversity,6,16,0.947712,1,0.75,1,0,0.0369152,0
M,reduction,diversity,6,17,0.973856,1,1,1,0,0,0
M,reduction,diversity,6,18,1,1,1,1,0,0,0
M,reduction,uncertainty,6,4,0.13764,0,0.5,0.6,0.565155,0.32575,0.553134
M,reduction,uncertainty,6,5,0.581699,0,0.5,0.6,0.565155,0.32575,0.328457
M,reduction,uncertainty,6,6,0.372549,0,0.5,0.6,0.565155,0.32575,0.376764
M,reduction,uncertainty,6,7,0.51634,0.5,0.75,0.8,0.359004,0.192525,0.17814
M,reduction,uncertainty,6,8,0.673203,1,0.75,0.8,0,0.0369152,0.1103
M,reduction,uncertainty,6,9,0.647059,1,0.75,1,0,0.0369152,0
M,reduction,uncertainty,6,10,0.620915,1,0.75,1,0,0.0369152,0
M,reduction,uncertainty,6,11,0.72549,1,0.75,1,0,0.0369152,0
M,reduction,uncertainty,6,12,0.712418,1,0.75,1,0,0.0369152,0
M,reduction,uncertainty,6,13,0.830065,1,0.75,1,0,0.0369152,0
M,reduction,uncertainty,6,14,0.843137,1,0.75,1,0,0.0369152,0
M,reduction,uncertainty,6,15,0.934641,1,0.75,1,0,0.0369152,0
M,reduction,uncertainty,6,16,0.947712,1,0.75,1,0,0.0369152,0
M,reduction,uncertainty,6,17,0.960784,1,0.75,0.8,0,0.0369152,0.0536516
M,reduction,uncertainty,6,18,1,1,1,1,0,0,0
M,reduction,ranking_aware,6,4,0.13764,0,0.5,0.6,0.565155,0.32575,0.553134
M,reduction,ranking_aware,6,5,0.580116,0,0.5,0.6,0.565155,0.32575,0.368137
M,reduction,ranking_aware,6,6,0.593452,0,0.5,0.6,0.565155,0.32575,0.328457
M,reduction,ranking_aware,6,7,0.580887,0,0.5,0.6,0.491324,0.32575,0.328457
M,reduction,ranking_aware,6,8,0.555556,0,0.5,0.6,0.491324,0.32575,0.341368
M,reduction,ranking_aware,6,9,0.686275,0.5,0.75,0.8,0.40807,0.113983,0.0807674
M,reduction,ranking_aware,6,10,0.699346,1,0.75,0.8,0,0.113983,0.0807674
M,reduction,ranking_aware,6,11,0.647059,1,1,0.8,0,0,0.0807674
M,reduction,ranking_aware,6,12,0.633987,1,1,1,0,0,0
M,reduction,ranking_aware,6,13,0.72549,1,1,1,0,0,0
M,reduction,ranking_aware,6,14,0.869281,1,1,1,0,0,0
M,reduction,ranking_aware,6,15,0.921569,1,1,1,0,0,0
M,reduction,ranking_aware,6,16,0.986928,1,1,1,0,0,0
M,reduction,ranking_aware,6,17,1,1,1,1,0,0,0
M,reduction,ranking_aware,6,18,1,1,1,1,0,0,0
M,reduction,random,7,4,-0.128452,0,0,0,1.09723,0.970387,0.892393
M,reduction,random,7,5,-0.155494,0,0,0,1.09723,0.97314,0.923856
M,reduction,random,7,6,0.620915,1,0.5,0.6,0,0.242568,0.194055
M,reduction,random,7,7,0.556319,0.5,0.25,0.4,0.40807,0.446603,0.357283
M,reduction,random,7,8,0.751634,0.5,0.75,0.8,0.206151,0.103075,0.163228
M,reduction,random,7,9,0.72549,1,0.75,0.8,0,0.0369152,0.0973892
M,reduction,random,7,10,0.803922,0.5,0.75,0.8,0.180103,0.0369152,0.0536516
M,reduction,random,7,11,0.869281,0.5,0.75,0.8,0.180103,0.0369152,0.0536516
M,reduction,random,7,12,0.856209,0.5,0.75,0.8,0.180103,0.0369152,0.0973892
M,reduction,random,7,13,0.895425,0.5,0.75,0.8,0.180103,0.0369152,0.0973892
M,reduction,random,7,14,0.921569,0.5,0.75,0.8,0.180103,0.0369152,0.0973892
M,reduction,random,7,15,0.960784,0.5,1,1,0.132321,0,0
M,reduction,random,7,16,0.973856,0.5,1,1,0.132321,0,0
M,reduction,random,7,17,1,1,1,1,0,0,0
M,reduction,random,7,18,1,1,1,1,0,0,0
M,reduction,diversity,7,4,-0.128452,0,0,0,1.09723,0.970387,0.892393
M,reduction,diversity,7,5,0.0326664,0,0,0,1.03107,0.892355,0.829968
M,reduction,diversity,7,6,0.325396,0.5,0.25,0.2,0.600668,0.644075,0.583117
M,reduction,diversity,7,7,0.35432,0.5,0.25,0.2,0.586969,0.563355,0.596028
M,reduction,diversity,7,8,0.568627,1,0.5,0.4,0,0.214509,0.239464
M,reduction,diversity,7,9,0.751634,1,0.75,0.8,0,0.0369152,0.137069
M,reduction,diversity,7,10,0.816993,1,0.75,1,0,0.0369152,0
M,reduction,diversity,7,11,0.830065,1,0.75,1,0,0.0369152,0
M,reduction,diversity,7,12,0.843137,1,0.75,1,0,0.0369152,0
M,reduction,diversity,7,13,0.856209,1,0.75,1,0,0.0369152,0
M,reduction,diversity,7,14,0.921569,1,0.75,0.8,0,0.0670645,0.0536516
M,reduction,diversity,7,15,0.986928,1,1,1,0,0,0
M,reduction,diversity,7,16,0.960784,1,0.75,1,0,0.0130237,0
M,reduction,diversity,7,17,0.973856,1,1,1,0,0,0
M,reduction,diversity,7,18,1,1,1,1,0,0,0
M,reduction,uncertainty,7,4,-0.128452,0,0,0,1.09723,0.970387,0.892393
M,reduction,uncertainty,7,5,0.141973,0,0.25,0.4,0.780771,0.767208,0.613766
M,reduction,uncertainty,7,6,0.606788,0.5,0.5,0.6,0.359004,0.337249,0.337656
M,reduction,uncertainty,7,7,0.712418,0.5,0.75,1,0.311221,0.192525,0
M,reduction,uncertainty,7,8,0.647059,0.5,0.75,1,0.385051,0.192525,0
M,reduction,uncertainty,7,9,0.620915,0.5,0.75,1,0.385051,0.192525,0
M,reduction,uncertainty,7,10,0.777778,1,1,1,0,0,0
M,reduction,uncertainty,7,11,0.803922,1,1,1,0,0,0
M,reduction,uncertainty,7,12,0.882353,1,1,1,0,0,0
M,reduction,uncertainty,7,13,0.869281,1,0.75,1,0,0.0130237,0
M,reduction,uncertainty,7,14,0.973856,1,1,1,0,0,0
M,reduction,uncertainty,7,15,0.986928,1,1,1,0,0,0
M,reduction,uncertainty,7,16,0.973856,1,0.75,1,0,0.0130237,0
M,reduction,uncertainty,7,17,0.973856,1,0.75,1,0,0.0130237,0
M,reduction,uncertainty,7,18,1,1,1,1,0,0,0
M,reduction,ranking_aware,7,4,-0.128452,0,0,0,1.09723,0.970387,0.892393
M,reduction,ranking_aware,7,5,-0.006668,0,0,0,1.09723,0.970387,0.923856
M,reduction,ranking_aware,7,6,0.04222,0,0,0,0.976461,0.873529,0.844166
M,reduction,ranking_aware,7,7,0.261516,0,0,0,0.821143,0.713523,0.716162
M,reduction,ranking_aware,7,8,0.51634,0,0.25,0.4,0.625453,0.447487,0.444236
M,reduction,ranking_aware,7,9,0.712418,0,0.5,0.6,0.565155,0.32575,0.328457
M,reduction,ranking_aware,7,10,0.738562,0,0.5,0.6,0.491324,0.32575,0.328457
M,reduction,ranking_aware,7,11,0.673203,0,0.5,0.6,0.491324,0.32575,0.328457
M,reduction,ranking_aware,7,12,0.686275,0,0.5,0.6,0.491324,0.32575,0.328457
M,reduction,ranking_aware,7,13,0.72549,0,0.5,0.6,0.491324,0.32575,0.328457
M,reduction,ranking_aware,7,14,0.882353,0.5,0.75,0.8,0.311221,0.192525,0.17814
M,reduction,ranking_aware,7,15,0.973856,1,1,1,0,0,0
M,reduction,ranking_aware,7,16,0.960784,1,1,1,0,0,0
M,reduction,ranking_aware,7,17,0.986928,1,1,1,0,0,0
M,reduction,ranking_aware,7,18,1,1,1,1,0,0,0
M,reduction,random,8,4,0.19803,0.5,0.5,0.6,0.311221,0.350654,0.573057
M,reduction,random,8,5,0.359477,0.5,0.5,0.6,0.311221,0.350654,0.573057
M,reduction,random,8,6,0.333333,0.5,0.5,0.8,0.311221,0.350654,0.126503
M,reduction,random,8,7,0.359477,0.5,0.5,0.8,0.311221,0.350754,0.126583
M,reduction,random,8,8,0.359477,0.5,0.75,1,0.311221,0.192525,0
M,reduction,random,8,9,0.359477,0.5,0.75,1,0.311221,0.192525,0
M,reduction,random,8,10,0.45098,1,0.75,1,0,0.0130237,0
M,reduction,random,8,11,0.712418,1,0.75,1,0,0.0130237,0
M,reduction,random,8,12,0.777778,1,1,1,0,0,0
M,reduction,random,8,13,0.79085,1,1,1,0,0,0
M,reduction,random,8,14,0.921569,1,1,1,0,0,0
M,reduction,random,8,15,0.934641,1,1,1,0,0,0
M,reduction,random,8,16,0.921569,1,1,1,0,0,0
M,reduction,random,8,17,0.947712,1,1,1,0,0,0
M,reduction,random,8,18,1,1,1,1,0,0,0
M,reduction,diversity,8,4,0.19803,0.5,0.5,0.6,0.311221,0.350654,0.573057
M,reduction,diversity,8,5,0.385621,0.5,0.75,0.8,0.311221,0.192525,0.270184
M,reduction,diversity,8,6,0.490196,0.5,0.75,0.8,0.311221,0.192525,0.270184
M,reduction,diversity,8,7,0.542484,1,0.75,1,0,0.0130237,0
M,reduction,diversity,8,8,0.51634,1,0.75,1,0,0.0130237,0
M,reduction,diversity,8,9,0.647059,1,0.75,1,0,0.0130237,0
M,reduction,diversity,8,10,0.633987,1,0.75,1,0,0.0130237,0
M,reduction,diversity,8,11,0.673203,1,0.75,0.8,0,0.0130237,0.0345384
M,reduction,diversity,8,12,0.72549,1,0.75,0.8,0,0.0130237,0.0345384
M,reduction,diversity,8,13,0.856209,1,0.75,0.8,0,0.0130237,0.0345384
M,reduction,diversity,8,14,0.882353,1,0.75,1,0,0.0130237,0
M,reduction,diversity,8,15,0.934641,1,0.75,1,0,0.0130237,0
M,reduction,diversity,8,16,0.960784,1,0.75,1,0,0.0130237,0
M,reduction,diversity,8,17,0.973856,1,1,1,0,0,0
M,reduction,diversity,8,18,1,1,1,1,0,0,0
M,reduction,uncertainty,8,4,0.19803,0.5,0.5,0.6,0.311221,0.350654,0.573057
M,reduction,uncertainty,8,5,0.437908,0.5,0.75,0.8,0.311221,0.192525,0.270104
M,reduction,uncertainty,8,6,0.464052,1,0.75,0.8,0,0.0130237,0.100118
M,reduction,uncertainty,8,7,0.464052,1,0.75,0.8,0,0.0130237,0.0911864
M,reduction,uncertainty,8,8,0.542484,1,0.75,1,0,0.0130237,0
M,reduction,uncertainty,8,9,0.529412,1,0.75,1,0,0.0130237,0
M,reduction,uncertainty,8,10,0.647059,1,0.75,1,0,0.0130237,0
M,reduction,uncertainty,8,11,0.647059,1,0.75,1,0,0.0130237,0
M,reduction,uncertainty,8,12,0.712418,1,0.75,1,0,0.0130237,0
M,reduction,uncertainty,8,13,0.816993,1,0.75,1,0,0.0130237,0
M,reduction,uncertainty,8,14,0.882353,1,0.75,1,0,0.0130237,0
M,reduction,uncertainty,8,15,0.934641,1,0.75,1,0,0.0130237,0
M,reduction,uncertainty,8,16,0.934641,1,0.75,1,0,0.0130237,0
M,reduction,uncertainty,8,17,0.973856,1,0.75,1,0,0.0130237,0
M,reduction,uncertainty,8,18,1,1,1,1,0,0,0
M,reduction,ranking_aware,8,4,0.19803,0.5,0.5,0.6,0.311221,0.350654,0.573057
M,reduction,ranking_aware,8,5,0.424837,0.5,0.5,0.6,0.311221,0.350654,0.370222
M,reduction,ranking_aware,8,6,0.529412,0.5,0.5,0.6,0.311221,0.235698,0.304643
M,reduction,ranking_aware,8,7,0.607843,0.5,0.5,0.8,0.311221,0.235698,0.17814
M,reduction,ranking_aware,8,8,0.620915,1,0.75,0.8,0,0.0130237,0.100118
M,reduction,ranking_aware,8,9,0.594771,1,0.75,0.8,0,0.0130237,0.078276
M,reduction,ranking_aware,8,10,0.620915,1,0.75,1,0,0.0130237,0
M,reduction,ranking_aware,8,11,0.594771,1,0.75,1,0,0.0130237,0
M,reduction,ranking_aware,8,12,0.633987,1,0.75,1,0,0.0130237,0
M,reduction,ranking_aware,8,13,0.660131,1,1,1,0,0,0
M,reduction,ranking_aware,8,14,0.869281,1,1,1,0,0,0
M,reduction,ranking_aware,8,15,0.947712,1,1,1,0,0,0
M,reduction,ranking_aware,8,16,0.986928,1,1,1,0,0,0
M,reduction,ranking_aware,8,17,0.986928,1,1,1,0,0,0
M,reduction,ranking_aware,8,18,1,1,1,1,0,0,0
M,reduction,random,9,4,0.411765,0,0.25,0.6,0.767073,0.567896,0.371857
M,reduction,random,9,5,0.503268,1,0.5,0.6,0,0.352217,0.271355
M,reduction,random,9,6,0.490196,0.5,0.75,1,0.206151,0.103075,0
M,reduction,random,9,7,0.477124,0.5,0.5,0.8,0.206151,0.17014,0.10658
M,reduction,random,9,8,0.529412,0.5,0.75,0.8,0.132321,0.0130237,0.0345384
M,reduction,random,9,9,0.555556,0.5,0.75,0.8,0.132321,0.0130237,0.0345384
M,reduction,random,9,10,0.542484,0.5,0.75,0.8,0.132321,0.0130237,0.0345384
M,reduction,random,9,11,0.686275,0.5,0.5,0.8,0.132321,0.146249,0.0345384
M,reduction,random,9,12,0.79085,0.5,0.75,0.8,0.132321,0.0130237,0.0345384
M,reduction,random,9,13,0.843137,0.5,1,1,0.132321,0,0
M,reduction,random,9,14,0.843137,0.5,1,1,0.132321,0,0
M,reduction,random,9,15,0.843137,1,1,1,0,0,0
M,reduction,random,9,16,0.856209,1,1,1,0,0,0
M,reduction,random,9,17,0.973856,1,1,1,0,0,0
M,reduction,random,9,18,1,1,1,1,0,0,0
M,reduction,diversity,9,4,0.411765,0,0.25,0.6,0.767073,0.567896,0.371857
M,reduction,diversity,9,5,0.398693,0,0.25,0.6,1.01737,0.545599,0.354019
M,reduction,diversity,9,6,0.385621,1,0.5,0.6,0,0.341053,0.24331
M,reduction,diversity,9,7,0.673203,1,0.5,0.6,0,0.263022,0.180885
M,reduction,diversity,9,8,0.607843,1,0.5,0.6,0,0.263022,0.180885
M,reduction,diversity,9,9,0.581699,1,0.5,0.4,0,0.263022,0.317954
M,reduction,diversity,9,10,0.686275,1,0.75,1,0,0.0369152,0
M,reduction,diversity,9,11,0.72549,1,0.75,1,0,0.0369152,0
M,reduction,diversity,9,12,0.777778,1,0.75,1,0,0.0369152,0
M,reduction,diversity,9,13,0.895425,1,0.75,0.8,0,0.0369152,0.0536516
M,reduction,diversity,9,14,0.921569,1,0.75,1,0,0.0130237,0
M,reduction,diversity,9,15,0.908497,1,0.75,1,0,0.0130237,0
M,reduction,diversity,9,16,0.934641,1,0.75,1,0,0.0130237,0
M,reduction,diversity,9,17,0.921569,1,1,1,0,0,0
M,reduction,diversity,9,18,1,1,1,1,0,0,0
M,reduction,uncertainty,9,4,0.411765,0,0.25,0.6,0.767073,0.567896,0.371857
M,reduction,uncertainty,9,5,0.398693,0,0.25,0.6,1.01737,0.545599,0.354019
M,reduction,uncertainty,9,6,0.385621,1,0.5,0.6,0,0.341053,0.24331
M,reduction,uncertainty,9,7,0.673203,1,0.5,0.6,0,0.263022,0.180885
M,reduction,uncertainty,9,8,0.607843,1,0.5,0.6,0,0.263022,0.180885
M,reduction,uncertainty,9,9,0.581699,1,0.5,0.4,0,0.263022,0.317954
M,reduction,uncertainty,9,10,0.542484,1,0.5,0.4,0,0.181048,0.234537
M,reduction,uncertainty,9,11,0.607843,1,0.5,0.4,0,0.164909,0.212695
M,reduction,uncertainty,9,12,0.633987,1,0.5,0.4,0,0.164909,0.212695
M,reduction,uncertainty,9,13,0.895425,1,0.75,0.8,0,0.0369152,0.0536516
M,reduction,uncertainty,9,14,0.921569,1,0.75,1,0,0.0130237,0
M,reduction,uncertainty,9,15,0.908497,1,0.75,1,0,0.0130237,0
M,reduction,uncertainty,9,16,0.973856,1,0.75,1,0,0.0130237,0
M,reduction,uncertainty,9,17,0.973856,1,0.75,1,0,0.0130237,0
M,reduction,uncertainty,9,18,1,1,1,1,0,0,0
M,reduction,ranking_aware,9,4,0.411765,0,0.25,0.6,0.767073,0.567896,0.371857
M,reduction,ranking_aware,9,5,0.437908,0,0.5,0.8,0.565155,0.39656,0.234788
M,reduction,ranking_aware,9,6,0.435665,0,0.75,1,0.491324,0.192525,0
M,reduction,ranking_aware,9,7,0.45098,0.5,0.75,1,0.206151,0.103075,0
M,reduction,ranking_aware,9,8,0.477124,0.5,0.75,1,0.132321,0.103076,0
M,reduction,ranking_aware,9,9,0.568627,1,1,1,0,0,0
M,reduction,ranking_aware,9,10,0.477124,1,1,1,0,0,0
M,reduction,ranking_aware,9,11,0.647059,1,1,1,0,0,0
M,reduction,ranking_aware,9,12,0.751634,1,1,1,0,0,0
M,reduction,ranking_aware,9,13,0.830065,1,1,1,0,0,0
M,reduction,ranking_aware,9,14,0.843137,1,1,1,0,0,0
M,reduction,ranking_aware,9,15,0.869281,1,1,1,0,0,0
M,reduction,ranking_aware,9,16,0.986928,1,1,1,0,0,0
M,reduction,ranking_aware,9,17,0.986928,1,1,1,0,0,0
M,reduction,ranking_aware,9,18,1,1,1,1,0,0,0
M,reduction,random,10,4,0.385621,0.5,0.5,0.8,0.359004,0.3304,0.1103
M,reduction,random,10,5,0.529412,0.5,0.75,0.8,0.359004,0.0369152,0.1103
M,reduction,random,10,6,0.542484,0.5,0.75,0.8,0.359004,0.0369152,0.1103
M,reduction,random,10,7,0.542484,0.5,0.5,0.6,0.359004,0.3304,0.288439
M,reduction,random,10,8,0.568627,0.5,0.5,0.6,0.359004,0.3304,0.288439
M,reduction,random,10,9,0.620915,0.5,0.5,0.6,0.359004,0.3304,0.288439
M,reduction,random,10,10,0.751634,0.5,0.75,0.8,0.359004,0.0369152,0.1103
M,reduction,random,10,11,0.803922,0.5,0.75,0.8,0.359004,0.0369152,0.1103
M,reduction,random,10,12,0.830065,0.5,0.5,0.8,0.359004,0.25959,0.17814
M,reduction,random,10,13,0.830065,0.5,0.5,0.8,0.359004,0.25959,0.17814
M,reduction,random,10,14,0.869281,1,0.75,0.8,0,0.0369152,0.1103
M,reduction,random,10,15,0.816993,1,0.75,0.8,0,0.137875,0.1103
M,reduction,random,10,16,0.843137,1,0.75,0.8,0,0.113983,0.0807674
M,reduction,random,10,17,0.895425,1,1,1,0,0,0
M,reduction,random,10,18,1,1,1,1,0,0,0
M,reduction,diversity,10,4,0.385621,0.5,0.5,0.8,0.359004,0.3304,0.1103
M,reduction,diversity,10,5,0.477124,0.5,0.75,1,0.359004,0.192525,0
M,reduction,diversity,10,6,0.398693,0.5,0.75,0.8,0.359004,0.192525,0.234788
M,reduction,diversity,10,7,0.490196,0.5,0.75,0.8,0.359004,0.192525,0.234788
M,reduction,diversity,10,8,0.568627,1,0.75,0.8,0,0.137875,0.1103
M,reduction,diversity,10,9,0.568627,1,0.75,0.8,0,0.137875,0.1103
M,reduction,diversity,10,10,0.594771,1,0.75,1,0,0.0369152,0
M,reduction,diversity,10,11,0.633987,1,0.75,1,0,0.0369152,0
M,reduction,diversity,10,12,0.699346,1,0.75,1,0,0.0369152,0
M,reduction,diversity,10,13,0.803922,1,0.75,0.8,0,0.0369152,0.0536516
M,reduction,diversity,10,14,0.908497,1,0.75,0.8,0,0.0369152,0.0536516
M,reduction,diversity,10,15,0.921569,1,0.75,1,0,0.0130237,0
M,reduction,diversity,10,16,0.960784,1,0.75,1,0,0.0130237,0
M,reduction,diversity,10,17,0.973856,1,1,1,0,0,0
M,reduction,diversity,10,18,1,1,1,1,0,0,0
M,reduction,uncertainty,10,4,0.385621,0.5,0.5,0.8,0.359004,0.3304,0.1103
M,reduction,uncertainty,10,5,0.477124,0.5,0.75,1,0.359004,0.192525,0
M,reduction,uncertainty,10,6,0.398693,0.5,0.75,0.8,0.359004,0.192525,0.234788
M,reduction,uncertainty,10,7,0.385621,1,0.75,0.8,0,0.137875,0.1103
M,reduction,uncertainty,10,8,0.568627,1,0.75,0.8,0,0.137875,0.1103
M,reduction,uncertainty,10,9,0.581699,1,0.75,1,0,0.0369152,0
M,reduction,uncertainty,10,10,0.594771,1,0.75,1,0,0.0369152,0
M,reduction,uncertainty,10,11,0.633987,1,0.75,1,0,0.0369152,0
M,reduction,uncertainty,10,12,0.738562,1,0.75,1,0,0.0369152,0
M,reduction,uncertainty,10,13,0.830065,1,0.75,0.8,0,0.0369152,0.0536516
M,reduction,uncertainty,10,14,0.908497,1,0.75,0.8,0,0.0369152,0.0536516
M,reduction,uncertainty,10,15,0.934641,1,0.75,0.8,0,0.0369152,0.0536516
M,reduction,uncertainty,10,16,0.960784,1,0.75,1,0,0.0130237,0
M,reduction,uncertainty,10,17,0.973856,1,0.75,1,0,0.0130237,0
M,reduction,uncertainty,10,18,1,1,1,1,0,0,0
M,reduction,ranking_aware,10,4,0.385621,0.5,0.5,0.8,0.359004,0.3304,0.1103
M,reduction,ranking_aware,10,5,0.51634,0.5,0.5,0.8,0.359004,0.3304,0.1103
M,reduction,ranking_aware,10,6,0.424837,0.5,0.75,1,0.359004,0.0369152,0
M,reduction,ranking_aware,10,7,0.398693,1,0.75,0.8,0,0.0369152,0.119231
M,reduction,ranking_aware,10,8,0.45098,1,0.75,1,0,0.0369152,0
M,reduction,ranking_aware,10,9,0.620915,1,0.75,1,0,0.0369152,0
M,reduction,ranking_aware,10,10,0.72549,1,0.75,1,0,0.0369152,0
M,reduction,ranking_aware,10,11,0.738562,1,0.75,1,0,0.0369152,0
M,reduction,ranking_aware,10,12,0.777778,1,0.75,1,0,0.0369152,0
M,reduction,ranking_aware,10,13,0.777778,1,1,1,0,0,0
M,reduction,ranking_aware,10,14,0.816993,1,1,1,0,0,0
M,reduction,ranking_aware,10,15,0.843137,1,1,1,0,0,0
M,reduction,ranking_aware,10,16,0.947712,1,1,1,0,0,0
M,reduction,ranking_aware,10,17,0.921569,1,1,1,0,0,0
M,reduction,ranking_aware,10,18,1,1,1,1,0,0,0
M,reduction,random,11,4,0.594089,0.5,0.75,0.8,0.206151,0.103075,0.150317
M,reduction,random,11,5,0.620492,0.5,0.75,0.8,0.206151,0.103075,0.150317
M,reduction,random,11,6,0.594771,0.5,0.5,0.8,0.132321,0.261304,0.198624
M,reduction,random,11,7,0.72549,0.5,0.75,0.8,0.132321,0.103076,0.163228
M,reduction,random,11,8,0.712418,0.5,0.75,1,0.132321,0.0130237,0
M,reduction,random,11,9,0.777778,0.5,0.75,1,0.132321,0.0130237,0
M,reduction,random,11,10,0.751634,1,0.75,0.8,0,0.113983,0.0911864
M,reduction,random,11,11,0.751634,1,0.75,0.8,0,0.113983,0.0911864
M,reduction,random,11,12,0.72549,1,0.75,0.8,0,0.113983,0.0911864
M,reduction,random,11,13,0.751634,1,0.75,0.8,0,0.113983,0.0911864
M,reduction,random,11,14,0.764706,1,0.75,0.8,0,0.113983,0.0807674
M,reduction,random,11,15,0.816993,1,0.75,0.8,0,0.113983,0.0807674
M,reduction,random,11,16,0.856209,1,0.75,0.8,0,0.113983,0.0807674
M,reduction,random,11,17,0.908497,1,1,1,0,0,0
M,reduction,random,11,18,1,1,1,1,0,0,0
M,reduction,diversity,11,4,0.594089,0.5,0.75,0.8,0.206151,0.103075,0.150317
M,reduction,diversity,11,5,0.411765,0.5,0.75,0.8,0.206151,0.103075,0.198624
M,reduction,diversity,11,6,0.542484,0.5,0.75,0.8,0.206151,0.103075,0.198544
M,reduction,diversity,11,7,0.51634,0.5,0.75,0.8,0.206151,0.103075,0.150317
M,reduction,diversity,11,8,0.51634,0.5,0.75,0.8,0.206151,0.103075,0.150317
M,reduction,diversity,11,9,0.712418,1,0.75,1,0,0.0130237,0
M,reduction,diversity,11,10,0.699346,1,0.75,1,0,0.0369152,0
M,reduction,diversity,11,11,0.764706,1,0.75,1,0,0.0130237,0
M,reduction,diversity,11,12,0.803922,1,0.75,0.8,0,0.0130237,0.0345384
M,reduction,diversity,11,13,0.843137,1,0.75,1,0,0.0130237,0
M,reduction,diversity,11,14,0.882353,1,0.5,0.8,0,0.0800882,0.0345384
M,reduction,diversity,11,15,0.947712,1,0.75,1,0,0.0369152,0
M,reduction,diversity,11,16,0.947712,1,0.75,1,0,0.0369152,0
M,reduction,diversity,11,17,0.973856,1,1,1,0,0,0
M,reduction,diversity,11,18,1,1,1,1,0,0,0
M,reduction,uncertainty,11,4,0.594089,0.5,0.75,0.8,0.206151,0.103075,0.150317
M,reduction,uncertainty,11,5,0.620492,0.5,0.75,0.8,0.206151,0.103075,0.150317
M,reduction,uncertainty,11,6,0.738562,1,0.75,1,0,0.0369152,0
M,reduction,uncertainty,11,7,0.594771,1,0.5,0.8,0,0.150898,0.0911864
M,reduction,uncertainty,11,8,0.660131,1,0.5,0.8,0,0.150898,0.1103
M,reduction,uncertainty,11,9,0.712418,1,0.75,1,0,0.0130237,0
M,reduction,uncertainty,11,10,0.699346,1,0.75,1,0,0.0130237,0
M,reduction,uncertainty,11,11,0.738562,1,0.5,0.8,0,0.0800882,0.0345384
M,reduction,uncertainty,11,12,0.777778,1,0.75,0.8,0,0.0130237,0.0345384
M,reduction,uncertainty,11,13,0.751634,1,0.75,0.8,0,0.0130237,0.0345384
M,reduction,uncertainty,11,14,0.816993,1,0.75,0.8,0,0.0130237,0.0345384
M,reduction,uncertainty,11,15,0.843137,1,0.75,0.8,0,0.0130237,0.0345384
M,reduction,uncertainty,11,16,0.908497,1,0.75,0.8,0,0.0130237,0.0345384
M,reduction,uncertainty,11,17,0.947712,1,1,1,0,0,0
M,reduction,uncertainty,11,18,1,1,1,1,0,0,0
M,reduction,ranking_aware,11,4,0.594089,0.5,0.75,0.8,0.206151,0.103075,0.150317
M,reduction,ranking_aware,11,5,0.620492,0.5,0.75,0.8,0.206151,0.103075,0.150317
M,reduction,ranking_aware,11,6,0.777778,0.5,0.75,0.8,0.180103,0.0369152,0.1103
M,reduction,ranking_aware,11,7,0.79085,1,0.75,0.8,0,0.0369152,0.1103
M,reduction,ranking_aware,11,8,0.803922,1,0.75,1,0,0.0369152,0
M,reduction,ranking_aware,11,9,0.673203,1,0.75,1,0,0.0369152,0
M,reduction,ranking_aware,11,10,0.72549,1,0.75,1,0,0.0369152,0
M,reduction,ranking_aware,11,11,0.764706,1,0.75,1,0,0.0369152,0
M,reduction,ranking_aware,11,12,0.764706,1,1,1,0,0,0
M,reduction,ranking_aware,11,13,0.803922,1,1,1,0,0,0
M,reduction,ranking_aware,11,14,0.856209,1,1,1,0,0,0
M,reduction,ranking_aware,11,15,0.895425,1,1,1,0,0,0
M,reduction,ranking_aware,11,16,0.947712,1,1,1,0,0,0
M,reduction,ranking_aware,11,17,1,1,1,1,0,0,0
M,reduction,ranking_aware,11,18,1,1,1,1,0,0,0
M,reduction,random,12,4,-0.00653595,1,0.5,0.4,0,0.347902,0.423665
M,reduction,random,12,5,0.424837,1,0.75,1,0,0.0130237,0
M,reduction,random,12,6,0.437908,0.5,0.75,0.8,0.206151,0.103075,0.10658
M,reduction,random,12,7,0.490196,1,0.75,0.8,0,0.0369152,0.1103
M,reduction,random,12,8,0.477124,0.5,0.75,0.8,0.180103,0.0369152,0.1103
M,reduction,random,12,9,0.542484,1,0.75,0.8,0,0.0369152,0.1103
M,reduction,random,12,10,0.777778,0.5,0.75,1,0.180103,0.0369152,0
M,reduction,random,12,11,0.79085,1,0.75,0.8,0,0.0369152,0.1103
M,reduction,random,12,12,0.895425,1,0.75,0.8,0,0.0369152,0.1103
M,reduction,random,12,13,0.869281,1,0.75,0.8,0,0.137875,0.1103
M,reduction,random,12,14,0.869281,1,0.75,0.8,0,0.137875,0.1103
M,reduction,random,12,15,0.908497,1,0.75,0.8,0,0.137875,0.1103
M,reduction,random,12,16,0.960784,1,0.75,0.8,0,0.0369152,0.0536516
M,reduction,random,12,17,0.960784,1,0.75,0.8,0,0.0369152,0.0536516
M,reduction,random,12,18,1,1,1,1,0,0,0
M,reduction,diversity,12,4,-0.00653595,1,0.5,0.4,0,0.347902,0.423665
M,reduction,diversity,12,5,0.542484,1,0.75,1,0,0.0130237,0
M,reduction,diversity,12,6,0.424837,0.5,0.75,0.8,0.206151,0.103075,0.10658
M,reduction,diversity,12,7,0.503268,0.5,0.5,0.8,0.206151,0.146249,0.10658
M,reduction,diversity,12,8,0.542484,0.5,0.5,0.8,0.206151,0.17014,0.10658
M,reduction,diversity,12,9,0.607843,1,0.5,0.6,0,0.18436,0.171607
M,reduction,diversity,12,10,0.581699,1,0.5,0.6,0,0.18436,0.263651
M,reduction,diversity,12,11,0.738562,1,0.5,0.8,0,0.0800882,0.0345384
M,reduction,diversity,12,12,0.777778,1,0.75,0.8,0,0.0130237,0.0345384
M,reduction,diversity,12,13,0.895425,1,0.75,1,0,0.0130237,0
M,reduction,diversity,12,14,0.816993,1,0.75,0.8,0,0.0130237,0.0345384
M,reduction,diversity,12,15,0.921569,1,0.75,1,0,0.0369152,0
M,reduction,diversity,12,16,0.921569,1,0.75,1,0,0.0369152,0
M,reduction,diversity,12,17,0.921569,1,1,1,0,0,0
M,reduction,diversity,12,18,1,1,1,1,0,0,0
M,reduction,uncertainty,12,4,-0.00653595,1,0.5,0.4,0,0.347902,0.423665
M,reduction,uncertainty,12,5,0.542484,1,0.75,1,0,0.0130237,0
M,reduction,uncertainty,12,6,0.424837,0.5,0.75,0.8,0.206151,0.103075,0.10658
M,reduction,uncertainty,12,7,0.503268,0.5,0.5,0.8,0.206151,0.146249,0.10658
M,reduction,uncertainty,12,8,0.542484,0.5,0.5,0.8,0.206151,0.17014,0.10658
M,reduction,uncertainty,12,9,0.607843,1,0.5,0.6,0,0.18436,0.171607
M,reduction,uncertainty,12,10,0.712418,1,0.5,0.8,0,0.0800882,0.0345384
M,reduction,uncertainty,12,11,0.738562,1,0.5,0.8,0,0.0800882,0.0345384
M,reduction,uncertainty,12,12,0.777778,1,0.75,0.8,0,0.0130237,0.0345384
M,reduction,uncertainty,12,13,0.751634,1,0.75,0.8,0,0.0130237,0.0345384
M,reduction,uncertainty,12,14,0.816993,1,0.75,0.8,0,0.0130237,0.0345384
M,reduction,uncertainty,12,15,0.843137,1,0.75,0.8,0,0.0130237,0.0345384
M,reduction,uncertainty,12,16,0.908497,1,0.75,0.8,0,0.0130237,0.0345384
M,reduction,uncertainty,12,17,0.947712,1,1,1,0,0,0
M,reduction,uncertainty,12,18,1,1,1,1,0,0,0
M,reduction,ranking_aware,12,4,-0.00653595,1,0.5,0.4,0,0.347902,0.423665
M,reduction,ranking_aware,12,5,0.542484,1,0.75,1,0,0.0130237,0
M,reduction,ranking_aware,12,6,0.594771,1,0.75,0.8,0,0.0130237,0.0911864
M,reduction,ranking_aware,12,7,0.437908,1,0.75,0.6,0,0.158228,0.242666
M,reduction,ranking_aware,12,8,0.51634,1,0.5,0.6,0,0.0800882,0.131928
M,reduction,ranking_aware,12,9,0.398693,1,0.5,0.8,0,0.0800882,0.0536516
M,reduction,ranking_aware,12,10,0.490196,1,0.75,1,0,0.0369152,0
M,reduction,ranking_aware,12,11,0.51634,1,0.75,1,0,0.0369152,0
M,reduction,ranking_aware,12,12,0.830065,1,0.75,1,0,0.0369152,0
M,reduction,ranking_aware,12,13,0.882353,1,0.75,1,0,0.0369152,0
M,reduction,ranking_aware,12,14,0.934641,1,1,1,0,0,0
M,reduction,ranking_aware,12,15,0.921569,1,1,1,0,0,0
M,reduction,ranking_aware,12,16,0.960784,1,1,1,0,0,0
M,reduction,ranking_aware,12,17,0.986928,1,1,1,0,0,0
M,reduction,ranking_aware,12,18,1,1,1,1,0,0,0
M,reduction,random,13,4,0.530664,0,0.75,1,0.517372,0.192525,0
M,reduction,random,13,5,0.542326,0,0.75,1,0.517372,0.192525,0
M,reduction,random,13,6,0.485819,0,0.5,0.8,0.732988,0.403409,0.240267
M,reduction,random,13,7,0.112587,0,0.25,0.2,0.732988,0.706742,0.71294
M,reduction,random,13,8,0.686275,0,0.5,0.6,0.517372,0.403409,0.390584
M,reduction,random,13,9,0.686275,0,0.5,0.6,0.517372,0.39656,0.403495
M,reduction,random,13,10,0.568627,0,0.5,0.6,0.517372,0.39656,0.403495
M,reduction,random,13,11,0.555556,0,0.5,0.6,0.517372,0.39656,0.403495
M,reduction,random,13,12,0.620915,0,0.5,0.6,0.517372,0.380422,0.385105
M,reduction,random,13,13,0.699346,0,0.5,0.6,0.517372,0.32575,0.328457
M,reduction,random,13,14,0.72549,0,0.5,0.6,0.517372,0.32575,0.328457
M,reduction,random,13,15,0.777778,0,0.5,0.6,0.491324,0.32575,0.328457
M,reduction,random,13,16,0.79085,0,0.5,0.6,0.491324,0.32575,0.328457
M,reduction,random,13,17,0.934641,0.5,0.75,0.8,0.311221,0.192525,0.17814
M,reduction,random,13,18,1,1,1,1,0,0,0
M,reduction,diversity,13,4,0.530664,0,0.75,1,0.517372,0.192525,0
M,reduction,diversity,13,5,0.422463,0,0.5,0.8,0.517372,0.407725,0.243719
M,reduction,diversity,13,6,0.500768,0.5,0.75,0.8,0.132321,0.103076,0.348
M,reduction,diversity,13,7,0.503268,0.5,0.75,1,0.132321,0.103076,0
M,reduction,diversity,13,8,0.660131,0.5,0.5,0.8,0.132321,0.217058,0.163228
M,reduction,diversity,13,9,0.738562,1,0.75,1,0,0.0130237,0
M,reduction,diversity,13,10,0.79085,1,0.75,1,0,0.0130237,0
M,reduction,diversity,13,11,0.803922,1,0.75,0.8,0,0.0130237,0.0345384
M,reduction,diversity,13,12,0.777778,1,0.75,0.8,0,0.043173,0.0345384
M,reduction,diversity,13,13,0.843137,1,0.75,0.8,0,0.0130237,0.0345384
M,reduction,diversity,13,14,0.895425,1,0.75,1,0,0.0130237,0
M,reduction,diversity,13,15,0.895425,1,0.75,1,0,0.0130237,0
M,reduction,diversity,13,16,0.934641,1,0.75,1,0,0.0130237,0
M,reduction,diversity,13,17,0.921569,1,1,1,0,0,0
M,reduction,diversity,13,18,1,1,1,1,0,0,0
M,reduction,uncertainty,13,4,0.530664,0,0.75,1,0.517372,0.192525,0
M,reduction,uncertainty,13,5,0.513402,0,0.75,1,0.517372,0.192525,0
M,reduction,uncertainty,13,6,0.541281,0,0.5,0.6,0.491324,0.380422,0.385105
M,reduction,uncertainty,13,7,0.660131,0.5,0.75,1,0.311221,0.192525,0
M,reduction,uncertainty,13,8,0.581699,0.5,0.75,1,0.311221,0.192525,0
M,reduction,uncertainty,13,9,0.738562,0.5,0.75,1,0.311221,0.192525,0
M,reduction,uncertainty,13,10,0.699346,1,0.75,0.8,0,0.113983,0.0807674
M,reduction,uncertainty,13,11,0.764706,1,1,1,0,0,0
M,reduction,uncertainty,13,12,0.79085,1,1,1,0,0,0
M,reduction,uncertainty,13,13,0.856209,1,1,1,0,0,0
M,reduction,uncertainty,13,14,0.856209,1,1,1,0,0,0
M,reduction,uncertainty,13,15,0.895425,1,1,1,0,0,0
M,reduction,uncertainty,13,16,0.882353,1,1,1,0,0,0
M,reduction,uncertainty,13,17,0.947712,1,1,1,0,0,0
M,reduction,uncertainty,13,18,1,1,1,1,0,0,0
M,reduction,ranking_aware,13,4,0.530664,0,0.75,1,0.517372,0.192525,0
M,reduction,ranking_aware,13,5,0.513402,0,0.75,1,0.517372,0.192525,0
M,reduction,ranking_aware,13,6,0.673468,0.5,0.75,0.8,0.132321,0.103076,0.150317
M,reduction,ranking_aware,13,7,0.607843,0.5,0.75,0.8,0.132321,0.103076,0.163228
M,reduction,ranking_aware,13,8,0.633987,0.5,0.5,0.8,0.132321,0.146249,0.10658
M,reduction,ranking_aware,13,9,0.660131,0.5,0.5,0.8,0.132321,0.146249,0.0345384
M,reduction,ranking_aware,13,10,0.712418,1,0.75,0.8,0,0.0130237,0.0345384
M,reduction,ranking_aware,13,11,0.660131,1,0.75,0.8,0,0.0130237,0.0345384
M,reduction,ranking_aware,13,12,0.633987,1,0.75,0.8,0,0.0130237,0.0345384
M,reduction,ranking_aware,13,13,0.830065,1,0.75,0.8,0,0.0130237,0.0345384
M,reduction,ranking_aware,13,14,0.869281,1,0.75,0.8,0,0.0130237,0.0345384
M,reduction,ranking_aware,13,15,0.895425,1,1,1,0,0,0
M,reduction,ranking_aware,13,16,0.947712,1,1,1,0,0,0
M,reduction,ranking_aware,13,17,1,1,1,1,0,0,0
M,reduction,ranking_aware,13,18,1,1,1,1,0,0,0
M,reduction,random,14,4,0.406748,0,0,0.4,0.760845,0.709887,0.55749
M,reduction,random,14,5,0.424837,0,0.25,0.6,0.760845,0.562442,0.420422
M,reduction,random,14,6,0.420084,0,0.25,0.6,0.760845,0.551758,0.411874
M,reduction,random,14,7,0.464052,0,0.5,0.6,0.760845,0.380422,0.411874
M,reduction,random,14,8,0.751634,0.5,0.5,0.8,0.359004,0.3304,0.1103
M,reduction,random,14,9,0.751634,0.5,0.5,0.6,0.359004,0.25959,0.288439
M,reduction,random,14,10,0.751634,0.5,0.5,0.8,0.359004,0.3304,0.1103
M,reduction,random,14,11,0.830065,0.5,0.5,0.8,0.385051,0.25959,0.17814
M,reduction,random,14,12,0.856209,0.5,0.75,0.8,0.385051,0.192525,0.17814
M,reduction,random,14,13,0.895425,0.5,0.75,0.8,0.385051,0.192525,0.17814
M,reduction,random,14,14,0.882353,0.5,0.5,0.8,0.385051,0.25959,0.17814
M,reduction,random,14,15,0.947712,1,0.75,1,0,0.0369152,0
M,reduction,random,14,16,0.960784,1,0.75,0.8,0,0.0369152,0.0536516
M,reduction,random,14,17,0.986928,1,0.75,1,0,0.0130237,0
M,reduction,random,14,18,1,1,1,1,0,0,0
M,reduction,diversity,14,4,0.406748,0,0,0.4,0.760845,0.709887,0.55749
M,reduction,diversity,14,5,0.40656,0,0.5,0.6,0.565155,0.380422,0.394037
M,reduction,diversity,14,6,0.477124,0.5,0.75,0.8,0.385051,0.192525,0.221877
M,reduction,diversity,14,7,0.437908,0.5,0.75,0.8,0.385051,0.192525,0.221877
M,reduction,diversity,14,8,0.647059,1,0.75,1,0,0.0130237,0
M,reduction,diversity,14,9,0.673203,1,0.75,1,0,0.0130237,0
M,reduction,diversity,14,10,0.686275,1,0.75,1,0,0.0130237,0
M,reduction,diversity,14,11,0.764706,1,0.75,1,0,0.0130237,0
M,reduction,diversity,14,12,0.803922,1,0.75,0.8,0,0.0130237,0.0345384
M,reduction,diversity,14,13,0.843137,1,0.75,1,0,0.0130237,0
M,reduction,diversity,14,14,0.882353,1,0.5,0.8,0,0.0800882,0.0345384
M,reduction,diversity,14,15,0.947712,1,0.75,1,0,0.0369152,0
M,reduction,diversity,14,16,0.947712,1,0.75,1,0,0.0369152,0
M,reduction,diversity,14,17,0.973856,1,1,1,0,0,0
M,reduction,diversity,14,18,1,1,1,1,0,0,0
M,reduction,uncertainty,14,4,0.406748,0,0,0.4,0.760845,0.709887,0.55749
M,reduction,uncertainty,14,5,0.542484,0.5,0.5,0.8,0.385051,0.314262,0.221877
M,reduction,uncertainty,14,6,0.477124,0.5,0.75,0.8,0.385051,0.192525,0.221877
M,reduction,uncertainty,14,7,0.437908,0.5,0.75,0.8,0.385051,0.192525,0.221877
M,reduction,uncertainty,14,8,0.647059,1,0.75,1,0,0.0130237,0
M,reduction,uncertainty,14,9,0.673203,1,0.75,1,0,0.0130237,0
M,reduction,uncertainty,14,10,0.686275,1,0.75,1,0,0.0130237,0
M,reduction,uncertainty,14,11,0.764706,1,0.75,1,0,0.0130237,0
M,reduction,uncertainty,14,12,0.764706,1,0.75,1,0,0.0130237,0
M,reduction,uncertainty,14,13,0.751634,1,0.75,0.8,0,0.0130237,0.0345384
M,reduction,uncertainty,14,14,0.816993,1,0.75,0.8,0,0.0130237,0.0345384
M,reduction,uncertainty,14,15,0.843137,1,0.75,0.8,0,0.0130237,0.0345384
M,reduction,uncertainty,14,16,0.908497,1,0.75,0.8,0,0.0130237,0.0345384
M,reduction,uncertainty,14,17,0.947712,1,1,1,0,0,0
M,reduction,uncertainty,14,18,1,1,1,1,0,0,0
M,reduction,ranking_aware,14,4,0.406748,0,0,0.4,0.760845,0.709887,0.55749
M,reduction,ranking_aware,14,5,0.420084,0,0.25,0.6,0.760845,0.551758,0.411874
M,reduction,ranking_aware,14,6,0.422463,0,0.25,0.6,0.760845,0.518297,0.385105
M,reduction,ranking_aware,14,7,0.459019,0.5,0.5,0.8,0.206151,0.224812,0.150317
M,reduction,ranking_aware,14,8,0.660131,0.5,0.75,1,0.132321,0.103076,0
M,reduction,ranking_aware,14,9,0.751634,1,0.75,1,0,0.0130237,0
M,reduction,ranking_aware,14,10,0.764706,1,0.75,1,0,0.0130237,0
M,reduction,ranking_aware,14,11,0.764706,1,0.75,0.8,0,0.0130237,0.0345384
M,reduction,ranking_aware,14,12,0.738562,1,0.75,0.8,0,0.0130237,0.0345384
M,reduction,ranking_aware,14,13,0.816993,1,0.75,0.8,0,0.0130237,0.0345384
M,reduction,ranking_aware,14,14,0.816993,1,0.75,0.8,0,0.0130237,0.0345384
M,reduction,ranking_aware,14,15,0.856209,1,1,1,0,0,0
M,reduction,ranking_aware,14,16,0.882353,1,1,1,0,0,0
M,reduction,ranking_aware,14,17,0.921569,1,1,1,0,0,0
M,reduction,ranking_aware,14,18,1,1,1,1,0,0,0
M,reduction,random,15,4,0,0,0,0,1.03107,1.07908,0.931117
M,reduction,random,15,5,0.0489996,0,0,0,1.03107,0.892255,0.829968
M,reduction,random,15,6,0.093352,0,0,0,1.00874,0.811536,0.794572
M,reduction,random,15,7,0.108465,0,0,0,1.00874,0.811536,0.794572
M,reduction,random,15,8,0.0849673,0,0,0,1.00874,0.84811,0.794572
M,reduction,random,15,9,0.529412,0,0.25,0.4,0.565155,0.541284,0.522726
M,reduction,random,15,10,0.555556,0,0.5,0.6,0.565155,0.32575,0.341368
M,reduction,random,15,11,0.607843,0,0.5,0.6,0.565155,0.32575,0.341368
M,reduction,random,15,12,0.686275,0,0.5,0.6,0.491324,0.32575,0.341368
M,reduction,random,15,13,0.764706,0.5,0.75,0.8,0.311221,0.192525,0.17814
M,reduction,random,15,14,0.830065,0.5,0.75,0.8,0.311221,0.192525,0.17814
M,reduction,random,15,15,0.856209,0.5,0.75,0.8,0.311221,0.192525,0.17814
M,reduction,random,15,16,0.856209,0.5,0.75,0.8,0.311221,0.192525,0.17814
M,reduction,random,15,17,0.947712,1,1,1,0,0,0
M,reduction,random,15,18,1,1,1,1,0,0,0
M,reduction,diversity,15,4,0,0,0,0,1.03107,1.07908,0.931117
M,reduction,diversity,15,5,0.294118,1,0.5,0.4,0,0.23572,0.48111
M,reduction,diversity,15,6,0.281046,1,0.5,0.4,0,0.500428,0.507879
M,reduction,diversity,15,7,0.385621,1,0.5,0.4,0,0.258707,0.352308
M,reduction,diversity,15,8,0.281046,1,0.5,0.4,0,0.319193,0.362891
M,reduction,diversity,15,9,0.385621,1,0.5,0.4,0,0.214509,0.319154
M,reduction,diversity,15,10,0.51634,1,0.5,0.4,0,0.164909,0.279474
M,reduction,diversity,15,11,0.79085,1,0.75,1,0,0.0369152,0
M,reduction,diversity,15,12,0.803922,1,0.75,0.8,0,0.0369152,0.0536516
M,reduction,diversity,15,13,0.869281,1,0.75,0.8,0,0.0369152,0.0536516
M,reduction,diversity,15,14,0.882353,1,0.75,1,0,0.0130237,0
M,reduction,diversity,15,15,0.934641,1,0.75,1,0,0.0130237,0
M,reduction,diversity,15,16,0.960784,1,0.75,1,0,0.0130237,0
M,reduction,diversity,15,17,0.973856,1,1,1,0,0,0
M,reduction,diversity,15,18,1,1,1,1,0,0,0
M,reduction,uncertainty,15,4,0,0,0,0,1.03107,1.07908,0.931117
M,reduction,uncertainty,15,5,0.333333,1,0.5,0.4,0,0.516566,0.48111
M,reduction,uncertainty,15,6,0.267974,1,0.5,0.4,0,0.500428,0.547889
M,reduction,uncertainty,15,7,0.228758,0.5,0.25,0.2,0.586969,0.563355,0.596028
M,reduction,uncertainty,15,8,0.281046,1,0.5,0.4,0,0.319193,0.362891
M,reduction,uncertainty,15,9,0.385621,1,0.5,0.4,0,0.214509,0.319154
M,reduction,uncertainty,15,10,0.359477,1,0.5,0.4,0,0.214509,0.319154
M,reduction,uncertainty,15,11,0.437908,1,0.5,0.4,0,0.264521,0.279474
M,reduction,uncertainty,15,12,0.79085,1,0.75,0.8,0,0.0130237,0.0345384
M,reduction,uncertainty,15,13,0.856209,1,0.75,0.8,0,0.0130237,0.0345384
M,reduction,uncertainty,15,14,0.882353,1,0.75,1,0,0.0130237,0
M,reduction,uncertainty,15,15,0.934641,1,0.75,1,0,0.0130237,0
M,reduction,uncertainty,15,16,0.934641,1,0.75,1,0,0.0130237,0
M,reduction,uncertainty,15,17,0.973856,1,0.75,1,0,0.0130237,0
M,reduction,uncertainty,15,18,1,1,1,1,0,0,0
M,reduction,ranking_aware,15,4,0,0,0,0,1.03107,1.07908,0.931117
M,reduction,ranking_aware,15,5,0.0780076,0,0,0.2,1.03107,0.855781,0.655093
M,reduction,ranking_aware,15,6,0.179665,0,0,0.2,1.03107,0.855781,0.655093
M,reduction,ranking_aware,15,7,0.0980392,0,0,0,1.03107,0.855781,0.752482
M,reduction,ranking_aware,15,8,0.163399,0,0,0,0.867117,0.740726,0.708744
M,reduction,ranking_aware,15,9,0.581699,0,0.5,0.6,0.565155,0.32575,0.346847
M,reduction,ranking_aware,15,10,0.607843,0,0.5,0.6,0.565155,0.32575,0.328457
M,reduction,ranking_aware,15,11,0.647059,0,0.5,0.6,0.491324,0.32575,0.328457
M,reduction,ranking_aware,15,12,0.686275,0,0.5,0.6,0.491324,0.32575,0.328457
M,reduction,ranking_aware,15,13,0.686275,0,0.5,0.6,0.491324,0.32575,0.328457
M,reduction,ranking_aware,15,14,0.79085,0.5,0.75,0.8,0.311221,0.192525,0.17814
M,reduction,ranking_aware,15,15,0.895425,1,1,1,0,0,0
M,reduction,ranking_aware,15,16,0.934641,1,1,1,0,0,0
M,reduction,ranking_aware,15,17,0.986928,1,1,1,0,0,0
M,reduction,ranking_aware,15,18,1,1,1,1,0,0,0
M,reduction,random,16,4,0.515716,0.5,0.5,0.6,0.206151,0.247799,0.350363
M,reduction,random,16,5,0.411765,0.5,0.25,0.4,0.266449,0.396246,0.234537
M,reduction,random,16,6,0.45098,0.5,0.5,0.4,0.266449,0.192212,0.234537
M,reduction,random,16,7,0.54886,0.5,0.5,0.8,0.132321,0.146249,0.10658
M,reduction,random,16,8,0.492567,0.5,0.5,0.8,0.132321,0.146249,0.10658
M,reduction,random,16,9,0.448867,0.5,0.5,0.8,0.132321,0.146249,0.10658
M,reduction,random,16,10,0.477124,0.5,0.5,0.6,0.132321,0.146249,0.184856
M,reduction,random,16,11,0.633987,0.5,0.75,0.8,0.132321,0.103076,0.10658
M,reduction,random,16,12,0.803922,0.5,0.75,0.8,0.132321,0.103076,0.10658
M,reduction,random,16,13,0.869281,1,0.75,1,0,0.0130237,0
M,reduction,random,16,14,0.934641,1,0.75,1,0,0.0130237,0
M,reduction,random,16,15,0.947712,1,0.75,1,0,0.0130237,0
M,reduction,random,16,16,0.960784,1,0.75,1,0,0.0130237,0
M,reduction,random,16,17,0.986928,1,1,1,0,0,0
M,reduction,random,16,18,1,1,1,1,0,0,0
M,reduction,diversity,16,4,0.515716,0.5,0.5,0.6,0.206151,0.247799,0.350363
M,reduction,diversity,16,5,0.620915,1,0.5,0.6,0,0.263022,0.180885
M,reduction,diversity,16,6,0.529412,1,0.5,0.4,0,0.263022,0.278274
M,reduction,diversity,16,7,0.581699,1,0.5,0.6,0,0.263022,0.180885
M,reduction,diversity,16,8,0.568627,1,0.5,0.4,0,0.23572,0.336122
M,reduction,diversity,16,9,0.568627,1,0.5,0.4,0,0.23572,0.278274
M,reduction,diversity,16,10,0.607843,1,0.5,0.4,0,0.23572,0.278274
M,reduction,diversity,16,11,0.751634,1,0.75,1,0,0.0369152,0
M,reduction,diversity,16,12,0.738562,1,0.75,1,0,0.0369152,0
M,reduction,diversity,16,13,0.856209,1,0.75,0.8,0,0.0369152,0.0536516
M,reduction,diversity,16,14,0.869281,1,0.75,1,0,0.0130237,0
M,reduction,diversity,16,15,0.986928,1,1,1,0,0,0
M,reduction,diversity,16,16,0.960784,1,0.75,1,0,0.0130237,0
M,reduction,diversity,16,17,0.973856,1,1,1,0,0,0
M,reduction,diversity,16,18,1,1,1,1,0,0,0
M,reduction,uncertainty,16,4,0.515716,0.5,0.5,0.6,0.206151,0.247799,0.350363
M,reduction,uncertainty,16,5,0.260052,0.5,0.5,0.6,0.132321,0.629703,0.503762
M,reduction,uncertainty,16,6,0.606788,0.5,0.75,0.8,0.132321,0.103076,0.163228
M,reduction,uncertainty,16,7,0.686502,0.5,0.75,0.8,0.132321,0.103076,0.163228
M,reduction,uncertainty,16,8,0.699346,1,0.75,1,0,0.0130237,0
M,reduction,uncertainty,16,9,0.620915,1,0.75,0.8,0,0.113983,0.0911864
M,reduction,uncertainty,16,10,0.673203,1,0.75,1,0,0.0130237,0
M,reduction,uncertainty,16,11,0.686275,1,0.75,1,0,0.0130237,0
M,reduction,uncertainty,16,12,0.777778,1,0.75,1,0,0.0130237,0
M,reduction,uncertainty,16,13,0.843137,1,0.75,1,0,0.0130237,0
M,reduction,uncertainty,16,14,0.921569,1,0.75,1,0,0.0130237,0
M,reduction,uncertainty,16,15,0.908497,1,0.75,1,0,0.0130237,0
M,reduction,uncertainty,16,16,0.973856,1,0.75,1,0,0.0130237,0
M,reduction,uncertainty,16,17,0.973856,1,0.75,1,0,0.0130237,0
M,reduction,uncertainty,16,18,1,1,1,1,0,0,0
M,reduction,ranking_aware,16,4,0.515716,0.5,0.5,0.6,0.206151,0.247799,0.350363
M,reduction,ranking_aware,16,5,0.260052,0.5,0.5,0.6,0.132321,0.629703,0.503762
M,reduction,ranking_aware,16,6,0.542484,0.5,0.75,0.8,0.132321,0.103076,0.234584
M,reduction,ranking_aware,16,7,0.568627,0.5,0.75,0.8,0.40807,0.204035,0.163228
M,reduction,ranking_aware,16,8,0.581699,0.5,0.75,1,0.132321,0.103076,0
M,reduction,ranking_aware,16,9,0.607843,1,1,1,0,0,0
M,reduction,ranking_aware,16,10,0.529412,1,1,1,0,0,0
M,reduction,ranking_aware,16,11,0.764706,1,1,1,0,0,0
M,reduction,ranking_aware,16,12,0.764706,1,1,1,0,0,0
M,reduction,ranking_aware,16,13,0.830065,1,1,1,0,0,0
M,reduction,ranking_aware,16,14,0.843137,1,1,1,0,0,0
M,reduction,ranking_aware,16,15,0.934641,1,1,1,0,0,0
M,reduction,ranking_aware,16,16,0.986928,1,1,1,0,0,0
M,reduction,ranking_aware,16,17,1,1,1,1,0,0,0
M,reduction,ranking_aware,16,18,1,1,1,1,0,0,0
M,reduction,random,17,4,-0.00866752,0,0,0.2,1.09723,0.92809,0.71294
M,reduction,random,17,5,0.355368,0,0.25,0.6,0.867117,0.446582,0.346847
M,reduction,random,17,6,0.440996,0,0.25,0.6,0.867117,0.446582,0.346847
M,reduction,random,17,7,0.420084,0,0.25,0.4,0.853419,0.547541,0.438033
M,reduction,random,17,8,0.555556,0.5,0.5,0.4,0.266449,0.164909,0.221626
M,reduction,random,17,9,0.647059,0.5,0.5,0.4,0.266449,0.164909,0.239464
M,reduction,random,17,10,0.647059,1,0.5,0.4,0,0.164909,0.239464
M,reduction,random,17,11,0.882353,1,0.75,0.8,0,0.0130237,0.0345384
M,reduction,random,17,12,0.856209,1,0.75,0.8,0,0.0130237,0.0345384
M,reduction,random,17,13,0.973856,1,0.75,1,0,0.0130237,0
M,reduction,random,17,14,0.934641,1,0.75,0.8,0,0.0130237,0.0345384
M,reduction,random,17,15,0.947712,1,0.75,0.8,0,0.0130237,0.0345384
M,reduction,random,17,16,0.960784,1,0.75,0.8,0,0.0130237,0.0345384
M,reduction,random,17,17,0.986928,1,0.75,1,0,0.0130237,0
M,reduction,random,17,18,1,1,1,1,0,0,0
M,reduction,diversity,17,4,-0.00866752,0,0,0.2,1.09723,0.92809,0.71294
M,reduction,diversity,17,5,0.0606726,0,0,0.2,1.03107,0.855781,0.655093
M,reduction,diversity,17,6,0.477124,0.5,0.5,0.4,0.554694,0.23572,0.48111
M,reduction,diversity,17,7,0.437908,0.5,0.5,0.4,0.586969,0.23572,0.48111
M,reduction,diversity,17,8,0.51634,0.5,0.5,0.4,0.586969,0.258707,0.296664
M,reduction,diversity,17,9,0.411765,1,0.5,0.4,0,0.269181,0.362891
M,reduction,diversity,17,10,0.803922,1,0.75,0.8,0,0.0369152,0.0973892
M,reduction,diversity,17,11,0.79085,1,0.75,0.8,0,0.0369152,0.0973892
M,reduction,diversity,17,12,0.803922,1,0.75,1,0,0.0369152,0
M,reduction,diversity,17,13,0.830065,1,0.75,1,0,0.0369152,0
M,reduction,diversity,17,14,0.960784,1,0.75,0.8,0,0.0369152,0.0536516
M,reduction,diversity,17,15,0.973856,1,0.75,1,0,0.0130237,0
M,reduction,diversity,17,16,0.973856,1,0.75,1,0,0.0130237,0
M,reduction,diversity,17,17,0.973856,1,0.75,1,0,0.0130237,0
M,reduction,diversity,17,18,1,1,1,1,0,0,0
M,reduction,uncertainty,17,4,-0.00866752,0,0,0.2,1.09723,0.92809,0.71294
M,reduction,uncertainty,17,5,0.500768,0,0.5,0.8,0.732988,0.403409,0.240267
M,reduction,uncertainty,17,6,0.473428,0,0.5,0.6,0.491324,0.661268,0.596872
M,reduction,uncertainty,17,7,0.673203,0.5,0.75,1,0.311221,0.192525,0
M,reduction,uncertainty,17,8,0.594771,0.5,0.75,1,0.311221,0.192525,0
M,reduction,uncertainty,17,9,0.777778,0.5,0.75,1,0.385051,0.192525,0
M,reduction,uncertainty,17,10,0.777778,0.5,0.75,1,0.385051,0.192525,0
M,reduction,uncertainty,17,11,0.830065,1,0.75,1,0,0.0130237,0
M,reduction,uncertainty,17,12,0.816993,1,0.75,1,0,0.0130237,0
M,reduction,uncertainty,17,13,0.843137,1,0.75,1,0,0.0130237,0
M,reduction,uncertainty,17,14,0.908497,1,0.75,1,0,0.0130237,0
M,reduction,uncertainty,17,15,0.973856,1,0.75,1,0,0.0130237,0
M,reduction,uncertainty,17,16,0.973856,1,0.75,1,0,0.0130237,0
M,reduction,uncertainty,17,17,0.973856,1,0.75,1,0,0.0130237,0
M,reduction,uncertainty,17,18,1,1,1,1,0,0,0
M,reduction,ranking_aware,17,4,-0.00866752,0,0,0.2,1.09723,0.92809,0.71294
M,reduction,ranking_aware,17,5,0.607843,1,0.75,0.6,0,0.121736,0.178157
M,reduction,ranking_aware,17,6,0.594771,1,0.75,0.6,0,0.121736,0.178157
M,reduction,ranking_aware,17,7,0.594771,1,0.75,0.6,0,0.137875,0.199998
M,reduction,ranking_aware,17,8,0.647059,1,0.75,0.8,0,0.137875,0.1103
M,reduction,ranking_aware,17,9,0.673203,1,0.75,0.8,0,0.0369152,0.119231
M,reduction,ranking_aware,17,10,0.647059,1,0.75,1,0,0.0369152,0
M,reduction,ranking_aware,17,11,0.647059,1,0.75,1,0,0.0369152,0
M,reduction,ranking_aware,17,12,0.673203,1,0.75,1,0,0.0369152,0
M,reduction,ranking_aware,17,13,0.660131,1,1,1,0,0,0
M,reduction,ranking_aware,17,14,0.856209,1,1,1,0,0,0
M,reduction,ranking_aware,17,15,0.869281,1,1,1,0,0,0
M,reduction,ranking_aware,17,16,0.986928,1,1,1,0,0,0
M,reduction,ranking_aware,17,17,0.986928,1,1,1,0,0,0
M,reduction,ranking_aware,17,18,1,1,1,1,0,0,0
M,reduction,random,18,4,0.150327,0,0.5,0.6,0.517372,0.39656,0.433412
M,reduction,random,18,5,0.137255,0,0.5,0.6,0.491324,0.39656,0.469372
M,reduction,random,18,6,0.346405,0,0.5,0.8,0.491324,0.39656,0.163228
M,reduction,random,18,7,0.320261,0,0.5,0.8,0.491324,0.39656,0.163228
M,reduction,random,18,8,0.542484,0,0.5,0.6,0.491324,0.380422,0.385105
M,reduction,random,18,9,0.607843,0.5,0.75,1,0.311221,0.192525,0
M,reduction,random,18,10,0.594771,0.5,0.75,0.8,0.311221,0.192525,0.17814
M,reduction,random,18,11,0.581699,0.5,0.75,0.8,0.311221,0.192525,0.17814
M,reduction,random,18,12,0.686275,0.5,0.75,0.8,0.311221,0.192525,0.17814
M,reduction,random,18,13,0.869281,0.5,0.75,0.8,0.311221,0.192525,0.17814
M,reduction,random,18,14,0.869281,1,0.75,0.8,0,0.113983,0.0807674
M,reduction,random,18,15,0.882353,1,0.75,0.8,0,0.113983,0.0807674
M,reduction,random,18,16,0.934641,1,1,1,0,0,0
M,reduction,random,18,17,0.986928,1,1,1,0,0,0
M,reduction,random,18,18,1,1,1,1,0,0,0
M,reduction,diversity,18,4,0.150327,0,0.5,0.6,0.517372,0.39656,0.433412
M,reduction,diversity,18,5,0.385621,1,0.75,1,0,0.0130237,0
M,reduction,diversity,18,6,0.529412,0.5,0.75,1,0.311221,0.192525,0
M,reduction,diversity,18,7,0.607843,0.5,0.75,0.8,0.311221,0.192525,0.234788
M,reduction,diversity,18,8,0.620915,1,0.75,0.8,0,0.0130237,0.0911864
M,reduction,diversity,18,9,0.607843,1,0.75,1,0,0.0130237,0
M,reduction,diversity,18,10,0.660131,1,0.75,1,0,0.0130237,0
M,reduction,diversity,18,11,0.738562,1,0.75,1,0,0.0130237,0
M,reduction,diversity,18,12,0.803922,1,0.75,1,0,0.0130237,0
M,reduction,diversity,18,13,0.830065,1,0.75,1,0,0.0130237,0
M,reduction,diversity,18,14,0.895425,1,0.75,1,0,0.0130237,0
M,reduction,diversity,18,15,0.895425,1,0.75,1,0,0.0130237,0
M,reduction,diversity,18,16,0.934641,1,0.75,1,0,0.0130237,0
M,reduction,diversity,18,17,0.921569,1,1,1,0,0,0
M,reduction,diversity,18,18,1,1,1,1,0,0,0
M,reduction,uncertainty,18,4,0.150327,0,0.5,0.6,0.517372,0.39656,0.433412
M,reduction,uncertainty,18,5,0.385621,1,0.75,1,0,0.0130237,0
M,reduction,uncertainty,18,6,0.424837,0.5,0.75,1,0.311221,0.192525,0
M,reduction,uncertainty,18,7,0.464052,0.5,0.75,1,0.311221,0.192525,0
M,reduction,uncertainty,18,8,0.594771,0.5,0.75,1,0.385051,0.192525,0
M,reduction,uncertainty,18,9,0.699346,1,0.75,0.8,0,0.0130237,0.0911864
M,reduction,uncertainty,18,10,0.673203,1,0.75,1,0,0.0130237,0
M,reduction,uncertainty,18,11,0.686275,1,0.75,1,0,0.0130237,0
M,reduction,uncertainty,18,12,0.764706,1,0.75,1,0,0.0130237,0
M,reduction,uncertainty,18,13,0.816993,1,0.75,1,0,0.0130237,0
M,reduction,uncertainty,18,14,0.816993,1,0.75,1,0,0.0130237,0
M,reduction,uncertainty,18,15,0.895425,1,0.75,1,0,0.0130237,0
M,reduction,uncertainty,18,16,0.934641,1,0.75,1,0,0.0130237,0
M,reduction,uncertainty,18,17,0.973856,1,0.75,1,0,0.0130237,0
M,reduction,uncertainty,18,18,1,1,1,1,0,0,0
M,reduction,ranking_aware,18,4,0.150327,0,0.5,0.6,0.517372,0.39656,0.433412
M,reduction,ranking_aware,18,5,0.0718954,0,0.5,0.6,0.517372,0.440806,0.468728
M,reduction,ranking_aware,18,6,0.30719,0,0.5,0.8,0.517372,0.485756,0.306144
M,reduction,ranking_aware,18,7,0.372549,0.5,0.75,1,0.311221,0.192525,0
M,reduction,ranking_aware,18,8,0.398693,0.5,1,1,0.311221,0,0
M,reduction,ranking_aware,18,9,0.490196,1,1,1,0,0,0
M,reduction,ranking_aware,18,10,0.359477,1,1,1,0,0,0
M,reduction,ranking_aware,18,11,0.437908,1,1,1,0,0,0
M,reduction,ranking_aware,18,12,0.764706,1,1,1,0,0,0
M,reduction,ranking_aware,18,13,0.830065,1,1,1,0,0,0
M,reduction,ranking_aware,18,14,0.843137,1,1,1,0,0,0
M,reduction,ranking_aware,18,15,0.934641,1,1,1,0,0,0
M,reduction,ranking_aware,18,16,0.986928,1,1,1,0,0,0
M,reduction,ranking_aware,18,17,0.986928,1,1,1,0,0,0
M,reduction,ranking_aware,18,18,1,1,1,1,0,0,0
M,reduction,random,19,4,0.385621,1,0.5,0.4,0,0.296483,0.317954
M,reduction,random,19,5,0.333333,0.5,0.25,0.2,0.266449,0.429708,0.424534
M,reduction,random,19,6,0.398693,0.5,0.5,0.4,0.266449,0.214509,0.261306
M,reduction,random,19,7,0.529412,1,0.5,0.4,0,0.214509,0.261306
M,reduction,random,19,8,0.594771,1,0.5,0.4,0,0.192212,0.221626
M,reduction,random,19,9,0.620915,0.5,0.75,0.8,0.206151,0.103075,0.10658
M,reduction,random,19,10,0.699346,0.5,0.5,0.8,0.206151,0.17014,0.0536516
M,reduction,random,19,11,0.803922,0.5,0.5,0.8,0.206151,0.0800882,0.0536516
M,reduction,random,19,12,0.830065,0.5,0.75,0.8,0.180103,0.0369152,0.0536516
M,reduction,random,19,13,0.856209,0.5,0.75,0.8,0.180103,0.0369152,0.0536516
M,reduction,random,19,14,0.895425,1,0.75,1,0,0.0369152,0
M,reduction,random,19,15,0.921569,1,0.75,1,0,0.0369152,0
M,reduction,random,19,16,0.921569,1,0.75,1,0,0.0369152,0
M,reduction,random,19,17,0.960784,1,0.75,0.8,0,0.0369152,0.0536516
M,reduction,random,19,18,1,1,1,1,0,0,0
M,reduction,diversity,19,4,0.385621,1,0.5,0.4,0,0.296483,0.317954
M,reduction,diversity,19,5,0.437908,1,0.5,0.4,0,0.214509,0.287771
M,reduction,diversity,19,6,0.464052,1,0.5,0.4,0,0.214509,0.287771
M,reduction,diversity,19,7,0.437908,0.5,0.75,1,0.132321,0.103076,0
M,reduction,diversity,19,8,0.529412,0.5,0.5,0.8,0.132321,0.146249,0.10658
M,reduction,diversity,19,9,0.542484,0.5,0.5,0.8,0.132321,0.146249,0.10658
M,reduction,diversity,19,10,0.751634,1,0.75,1,0,0.0130237,0
M,reduction,diversity,19,11,0.777778,1,0.75,0.8,0,0.0130237,0.0345384
M,reduction,diversity,19,12,0.79085,1,0.75,0.8,0,0.0130237,0.0345384
M,reduction,diversity,19,13,0.843137,1,0.75,0.8,0,0.0130237,0.0345384
M,reduction,diversity,19,14,0.895425,1,0.75,1,0,0.0130237,0
M,reduction,diversity,19,15,0.895425,1,0.75,1,0,0.0130237,0
M,reduction,diversity,19,16,0.934641,1,0.75,1,0,0.0130237,0
M,reduction,diversity,19,17,0.921569,1,1,1,0,0,0
M,reduction,diversity,19,18,1,1,1,1,0,0,0
M,reduction,uncertainty,19,4,0.385621,1,0.5,0.4,0,0.296483,0.317954
M,reduction,uncertainty,19,5,0.437908,1,0.5,0.4,0,0.214509,0.287771
M,reduction,uncertainty,19,6,0.464052,1,0.5,0.4,0,0.214509,0.287771
M,reduction,uncertainty,19,7,0.437908,0.5,0.75,1,0.132321,0.103076,0
M,reduction,uncertainty,19,8,0.529412,0.5,0.5,0.8,0.132321,0.146249,0.10658
M,reduction,uncertainty,19,9,0.542484,0.5,0.5,0.8,0.132321,0.146249,0.10658
M,reduction,uncertainty,19,10,0.751634,1,0.75,1,0,0.0130237,0
M,reduction,uncertainty,19,11,0.764706,1,0.75,1,0,0.0130237,0
M,reduction,uncertainty,19,12,0.816993,1,0.75,1,0,0.0130237,0
M,reduction,uncertainty,19,13,0.816993,1,0.75,1,0,0.0130237,0
M,reduction,uncertainty,19,14,0.816993,1,0.75,1,0,0.0130237,0
M,reduction,uncertainty,19,15,0.895425,1,0.75,1,0,0.0130237,0
M,reduction,uncertainty,19,16,0.934641,1,0.75,1,0,0.0130237,0
M,reduction,uncertainty,19,17,0.973856,1,0.75,1,0,0.0130237,0
M,reduction,uncertainty,19,18,1,1,1,1,0,0,0
M,reduction,ranking_aware,19,4,0.385621,1,0.5,0.4,0,0.296483,0.317954
M,reduction,ranking_aware,19,5,0.385621,1,0.5,0.4,0,0.296483,0.317954
M,reduction,ranking_aware,19,6,0.437908,1,0.5,0.4,0,0.285319,0.344419
M,reduction,ranking_aware,19,7,0.581699,1,0.75,0.8,0,0.113983,0.0911864
M,reduction,ranking_aware,19,8,0.607843,1,0.75,1,0,0.0130237,0
M,reduction,ranking_aware,19,9,0.568627,1,0.75,0.8,0,0.0130237,0.0911864
M,reduction,ranking_aware,19,10,0.555556,1,0.75,0.8,0,0.0130237,0.126583
M,reduction,ranking_aware,19,11,0.581699,1,0.75,0.8,0,0.0130237,0.0345384
M,reduction,ranking_aware,19,12,0.777778,1,0.75,0.8,0,0.0130237,0.0345384
M,reduction,ranking_aware,19,13,0.803922,1,0.75,0.8,0,0.0130237,0.0345384
M,reduction,ranking_aware,19,14,0.882353,1,0.75,0.8,0,0.0130237,0.0345384
M,reduction,ranking_aware,19,15,0.934641,1,1,1,0,0,0
M,reduction,ranking_aware,19,16,0.986928,1,1,1,0,0,0
M,reduction,ranking_aware,19,17,1,1,1,1,0,0,0
M,reduction,ranking_aware,19,18,1,1,1,1,0,0,0
E,oxidation,random,0,4,0.108465,0.5,0.5,0.6,0.438142,0.460799,0.397155
E,oxidation,random,0,5,0.24183,0.5,0.25,0.6,0.438142,0.587895,0.463871
E,oxidation,random,0,6,0.30719,0.5,0.25,0.6,0.438142,0.587895,0.463871
E,oxidation,random,0,7,0.333333,0.5,0.25,0.6,0.438142,0.587895,0.463871
E,oxidation,random,0,8,0.54761,0.5,0.25,0.4,0.438142,0.517152,0.429064
E,oxidation,random,0,9,0.567685,0.5,0.25,0.4,0.438142,0.517152,0.429064
E,oxidation,random,0,10,0.555556,0.5,0.25,0.4,0.438142,0.468751,0.442237
E,oxidation,random,0,11,0.607843,0.5,0.5,0.6,0.42203,0.42505,0.368556
E,oxidation,random,0,12,0.699346,0.5,0.5,0.6,0.42203,0.411641,0.355382
E,oxidation,random,0,13,0.738562,0.5,0.5,0.8,0.42203,0.411641,0.190599
E,oxidation,random,0,14,0.79085,0.5,0.75,0.8,0.091358,0.219071,0.190599
E,oxidation,random,0,15,0.882353,0.5,0.75,0.8,0.091358,0.219071,0.190599
E,oxidation,random,0,16,0.973856,0.5,1,1,0.091358,0,0
E,oxidation,random,0,17,0.986928,1,1,1,0,0,0
E,oxidation,random,0,18,1,1,1,1,0,0,0
E,oxidation,diversity,0,4,0.108465,0.5,0.5,0.6,0.438142,0.460799,0.397155
E,oxidation,diversity,0,5,0.176471,0.5,0.25,0.4,0.438142,0.587895,0.81513
E,oxidation,diversity,0,6,0.333333,0.5,0.25,0.4,0.438142,0.587895,0.524985
E,oxidation,diversity,0,7,0.437908,0.5,0.25,0.4,0.438142,0.587895,0.524985
E,oxidation,diversity,0,8,0.529412,0.5,0.25,0.4,0.438142,0.587895,0.524985
E,oxidation,diversity,0,9,0.594771,1,0.5,0.6,0,0.265494,0.295059
E,oxidation,diversity,0,10,0.72549,1,0.75,0.8,0,0.008056,0.0736814
E,oxidation,diversity,0,11,0.764706,1,0.75,0.8,0,0.008056,0.0736814
E,oxidation,diversity,0,12,0.764706,1,0.75,0.8,0,0.008056,0.0611136
E,oxidation,diversity,0,13,0.751634,1,0.75,0.8,0,0.008056,0.0611136
E,oxidation,diversity,0,14,0.843137,1,1,1,0,0,0
E,oxidation,diversity,0,15,0.921569,1,1,1,0,0,0
E,oxidation,diversity,0,16,0.973856,1,1,1,0,0,0
E,oxidation,diversity,0,17,0.973856,1,0.75,0.8,0,0.0272338,0.0153422
E,oxidation,diversity,0,18,1,1,1,1,0,0,0
E,oxidation,uncertainty,0,4,0.108465,0.5,0.5,0.6,0.438142,0.460799,0.397155
E,oxidation,uncertainty,0,5,0.220224,0.5,0.5,0.6,0.42203,0.428107,0.397155
E,oxidation,uncertainty,0,6,0.151404,0.5,0.75,0.8,0.42203,0.219071,0.501535
E,oxidation,uncertainty,0,7,0.206708,0.5,0.75,0.8,0.091358,0.219071,0.501535
E,oxidation,uncertainty,0,8,0.320261,0.5,0.75,0.8,0.091358,0.219071,0.203772
E,oxidation,uncertainty,0,9,0.437908,0.5,0.75,0.8,0.091358,0.219071,0.203772
E,oxidation,uncertainty,0,10,0.607843,0.5,0.75,0.8,0.091358,0.219071,0.203772
E,oxidation,uncertainty,0,11,0.594771,0.5,0.75,0.8,0.091358,0.219071,0.203772
E,oxidation,uncertainty,0,12,0.699346,1,1,1,0,0,0
E,oxidation,uncertainty,0,13,0.843137,1,1,1,0,0,0
E,oxidation,uncertainty,0,14,0.843137,1,1,1,0,0,0
E,oxidation,uncertainty,0,15,0.921569,1,1,1,0,0,0
E,oxidation,uncertainty,0,16,0.973856,1,1,1,0,0,0
E,oxidation,uncertainty,0,17,1,1,1,1,0,0,0
E,oxidation,uncertainty,0,18,1,1,1,1,0,0,0
E,oxidation,ranking_aware,0,4,0.108465,0.5,0.5,0.6,0.438142,0.460799,0.397155
E,oxidation,ranking_aware,0,5,0.197027,1,0.75,0.6,0,0.209036,0.221898
E,oxidation,ranking_aware,0,6,0.06882,1,0.75,0.6,0,0.415903,0.629772
E,oxidation,ranking_aware,0,7,0.105616,1,0.5,0.6,0,0.589295,0.768485
E,oxidation,ranking_aware,0,8,0.124183,1,0.5,0.6,0,0.552759,0.768485
E,oxidation,ranking_aware,0,9,0.24183,1,0.75,0.8,0,0.008056,0.303494
E,oxidation,ranking_aware,0,10,0.333333,1,0.5,0.8,0,0.200626,0.021787
E,oxidation,ranking_aware,0,11,0.529412,1,0.5,0.6,0,0.200626,0.18657
E,oxidation,ranking_aware,0,12,0.738562,1,0.5,0.6,0,0.200626,0.18657
E,oxidation,ranking_aware,0,13,0.764706,1,0.75,0.8,0,0.173392,0.154056
E,oxidation,ranking_aware,0,14,0.856209,1,0.75,0.8,0,0.173392,0.154056
E,oxidation,ranking_aware,0,15,0.908497,1,1,1,0,0,0
E,oxidation,ranking_aware,0,16,0.882353,1,1,1,0,0,0
E,oxidation,ranking_aware,0,17,0.986928,1,1,1,0,0,0
E,oxidation,ranking_aware,0,18,1,1,1,1,0,0,0
E,oxidation,random,1,4,0.398693,0,0.25,0.2,1.04132,0.854492,0.766258
E,oxidation,random,1,5,0.503268,0.5,0.5,0.4,0.509431,0.496443,0.464391
E,oxidation,random,1,6,0.359477,0.5,0.5,0.4,0.509431,0.496443,0.53818
E,oxidation,random,1,7,0.45098,0.5,0.25,0.6,0.438142,0.504499,0.397155
E,oxidation,random,1,8,0.581699,0.5,0.25,0.6,0.438142,0.520209,0.409722
E,oxidation,random,1,9,0.594771,0.5,0.5,0.6,0.438142,0.476509,0.409722
E,oxidation,random,1,10,0.699346,0.5,0.5,0.6,0.606234,0.476509,0.396549
E,oxidation,random,1,11,0.620915,0.5,0.25,0.4,0.438142,0.468751,0.442237
E,oxidation,random,1,12,0.764706,0.5,0.5,0.8,0.42203,0.476509,0.242493
E,oxidation,random,1,13,0.803922,0.5,0.75,0.8,0.42203,0.219071,0.242493
E,oxidation,random,1,14,0.947712,1,1,1,0,0,0
E,oxidation,random,1,15,0.973856,1,0.75,0.8,0,0.0272338,0.0153422
E,oxidation,random,1,16,0.973856,1,0.75,0.8,0,0.0272338,0.0153422
E,oxidation,random,1,17,0.973856,1,0.75,0.8,0,0.0272338,0.0153422
E,oxidation,random,1,18,1,1,1,1,0,0,0
E,oxidation,diversity,1,4,0.398693,0,0.25,0.2,1.04132,0.854492,0.766258
E,oxidation,diversity,1,5,0.30719,0,0.25,0.2,1.09579,0.753875,0.657769
E,oxidation,diversity,1,6,0.411765,0.5,0.25,0.4,1.18637,0.8264,0.654675
E,oxidation,diversity,1,7,0.437908,0.5,0.25,0.4,1.18637,0.8264,0.654675
E,oxidation,diversity,1,8,0.437908,0.5,0.25,0.4,1.18637,0.807222,0.66112
E,oxidation,diversity,1,9,0.581699,0.5,0.25,0.6,1.18637,0.793813,0.496336
E,oxidation,diversity,1,10,0.777778,1,0.5,0.6,0,0.200626,0.189016
E,oxidation,diversity,1,11,0.738562,1,0.75,0.8,0,0.173392,0.20595
E,oxidation,diversity,1,12,0.751634,1,0.75,0.8,0,0.173392,0.20595
E,oxidation,diversity,1,13,0.869281,1,0.75,0.8,0,0.008056,0.021787
E,oxidation,diversity,1,14,0.830065,1,0.75,0.8,0,0.008056,0.021787
E,oxidation,diversity,1,15,0.921569,1,0.75,0.8,0,0.008056,0.021787
E,oxidation,diversity,1,16,0.973856,1,0.75,1,0,0.008056,0
E,oxidation,diversity,1,17,0.986928,1,1,1,0,0,0
E,oxidation,diversity,1,18,1,1,1,1,0,0,0
E,oxidation,uncertainty,1,4,0.398693,0,0.25,0.2,1.04132,0.854492,0.766258
E,oxidation,uncertainty,1,5,0.30719,0,0.25,0.2,1.09579,0.753875,0.657769
E,oxidation,uncertainty,1,6,0.398693,0,0.25,0.2,1.08968,0.753875,0.858447
E,oxidation,uncertainty,1,7,0.437908,0.5,0.25,0.4,1.18637,0.8264,0.654675
E,oxidation,uncertainty,1,8,0.437908,0.5,0.25,0.4,1.18637,0.807222,0.66112
E,oxidation,uncertainty,1,9,0.581699,0.5,0.25,0.6,1.18637,0.793813,0.496336
E,oxidation,uncertainty,1,10,0.777778,1,0.5,0.6,0,0.200626,0.189016
E,oxidation,uncertainty,1,11,0.738562,1,0.75,0.8,0,0.173392,0.20595
E,oxidation,uncertainty,1,12,0.869281,1,0.75,0.8,0,0.008056,0.021787
E,oxidation,uncertainty,1,13,0.869281,1,0.75,0.8,0,0.008056,0.021787
E,oxidation,uncertainty,1,14,0.830065,1,0.75,0.8,0,0.008056,0.021787
E,oxidation,uncertainty,1,15,0.921569,1,0.75,0.8,0,0.008056,0.021787
E,oxidation,uncertainty,1,16,0.973856,1,0.75,1,0,0.008056,0
E,oxidation,uncertainty,1,17,0.986928,1,0.75,1,0,0.008056,0
E,oxidation,uncertainty,1,18,1,1,1,1,0,0,0
E,oxidation,ranking_aware,1,4,0.398693,0,0.25,0.2,1.04132,0.854492,0.766258
E,oxidation,ranking_aware,1,5,0.437908,0,0.25,0.4,1.04132,0.854492,0.683594
E,oxidation,ranking_aware,1,6,0.490196,0,0.25,0.6,0.970036,0.770446,0.477643
E,oxidation,ranking_aware,1,7,0.464052,0,0.25,0.4,1.27773,0.839492,0.697663
E,oxidation,ranking_aware,1,8,0.503268,0,0.5,0.6,1.27773,0.812258,0.665148
E,oxidation,ranking_aware,1,9,0.607843,0,0.5,0.6,0.623252,0.812258,0.665148
E,oxidation,ranking_aware,1,10,0.607843,0,0.5,0.6,0.623252,0.525661,0.449044
E,oxidation,ranking_aware,1,11,0.660131,0,0.5,0.6,0.623252,0.525661,0.449044
E,oxidation,ranking_aware,1,12,0.673203,0,0.5,0.6,0.623252,0.512252,0.435871
E,oxidation,ranking_aware,1,13,0.843137,0.5,0.75,0.8,0.091358,0.219071,0.190599
E,oxidation,ranking_aware,1,14,0.856209,0.5,0.75,0.8,0.091358,0.219071,0.190599
E,oxidation,ranking_aware,1,15,0.986928,1,1,1,0,0,0
E,oxidation,ranking_aware,1,16,0.986928,1,1,1,0,0,0
E,oxidation,ranking_aware,1,17,0.986928,1,1,1,0,0,0
E,oxidation,ranking_aware,1,18,1,1,1,1,0,0,0
E,oxidation,random,2,4,0.262296,0.5,0.25,0.2,0.701313,0.71948,0.590926
E,oxidation,random,2,5,0.0743668,0.5,0.25,0.2,0.701313,0.811717,0.677889
E,oxidation,random,2,6,0.236622,0.5,0.5,0.4,0.091358,0.534994,0.456511
E,oxidation,random,2,7,0.398876,0.5,0.5,0.6,0.091358,0.414503,0.325158
E,oxidation,random,2,8,0.460092,0.5,0.5,0.6,0.091358,0.414503,0.325158
E,oxidation,random,2,9,0.359477,0.5,0.5,0.4,0.091358,0.379509,0.386271
E,oxidation,random,2,10,0.45098,0.5,0.5,0.4,0.091358,0.379509,0.386271
E,oxidation,random,2,11,0.568627,0.5,0.5,0.4,0.091358,0.379509,0.332122
E,oxidation,random,2,12,0.647059,0.5,0.75,0.6,0.091358,0.254715,0.258441
E,oxidation,random,2,13,0.72549,0.5,0.75,0.6,0.091358,0.254715,0.219114
E,oxidation,random,2,14,0.856209,0.5,1,0.8,0.091358,0,0.0153422
E,oxidation,random,2,15,0.869281,0.5,1,0.8,0.091358,0,0.0153422
E,oxidation,random,2,16,0.947712,0.5,0.75,1,0.091358,0.219071,0
E,oxidation,random,2,17,0.986928,0.5,1,1,0.091358,0,0
E,oxidation,random,2,18,1,1,1,1,0,0,0
E,oxidation,diversity,2,4,0.262296,0.5,0.25,0.2,0.701313,0.71948,0.590926
E,oxidation,diversity,2,5,0.267974,0.5,0.25,0.2,0.701313,0.71948,0.71661
E,oxidation,diversity,2,6,0.254902,0.5,0.25,0.4,0.438142,0.61615,0.575584
E,oxidation,diversity,2,7,0.435665,0.5,0.5,0.6,0.091358,0.358712,0.354206
E,oxidation,diversity,2,8,0.633987,1,0.75,0.8,0,0.008056,0.0736814
E,oxidation,diversity,2,9,0.764706,1,1,1,0,0,0
E,oxidation,diversity,2,10,0.869281,1,1,1,0,0,0
E,oxidation,diversity,2,11,0.816993,1,1,1,0,0,0
E,oxidation,diversity,2,12,0.895425,1,1,1,0,0,0
E,oxidation,diversity,2,13,0.908497,1,1,1,0,0,0
E,oxidation,diversity,2,14,0.830065,1,1,0.8,0,0,0.0672366
E,oxidation,diversity,2,15,0.934641,1,1,1,0,0,0
E,oxidation,diversity,2,16,0.973856,1,1,1,0,0,0
E,oxidation,diversity,2,17,0.986928,1,1,1,0,0,0
E,oxidation,diversity,2,18,1,1,1,1,0,0,0
E,oxidation,uncertainty,2,4,0.262296,0.5,0.25,0.2,0.701313,0.71948,0.590926
E,oxidation,uncertainty,2,5,0.38033,0.5,0.5,0.4,0.42203,0.531438,0.492387
E,oxidation,uncertainty,2,6,0.346405,0.5,0.5,0.4,0.42203,0.559693,0.502423
E,oxidation,uncertainty,2,7,0.537708,0.5,0.75,0.6,0.091358,0.254715,0.30904
E,oxidation,uncertainty,2,8,0.511478,0.5,0.75,0.6,0.091358,0.350656,0.30904
E,oxidation,uncertainty,2,9,0.568627,0.5,0.75,0.6,0.091358,0.350656,0.30904
E,oxidation,uncertainty,2,10,0.542484,0.5,0.75,0.6,0.091358,0.322401,0.363189
E,oxidation,uncertainty,2,11,0.633987,0.5,0.75,0.8,0.091358,0.219071,0.257921
E,oxidation,uncertainty,2,12,0.764706,1,1,1,0,0,0
E,oxidation,uncertainty,2,13,0.777778,1,1,1,0,0,0
E,oxidation,uncertainty,2,14,0.856209,1,1,1,0,0,0
E,oxidation,uncertainty,2,15,0.908497,1,1,1,0,0,0
E,oxidation,uncertainty,2,16,0.973856,1,1,1,0,0,0
E,oxidation,uncertainty,2,17,1,1,1,1,0,0,0
E,oxidation,uncertainty,2,18,1,1,1,1,0,0,0
E,oxidation,ranking_aware,2,4,0.262296,0.5,0.25,0.2,0.701313,0.71948,0.590926
E,oxidation,ranking_aware,2,5,0.359477,0.5,0.25,0.4,0.606234,0.71948,0.569139
E,oxidation,ranking_aware,2,6,0.320261,0.5,0.25,0.4,0.606234,0.71948,0.569139
E,oxidation,ranking_aware,2,7,0.406748,0.5,0.25,0.2,0.476498,0.607073,0.741005
E,oxidation,ranking_aware,2,8,0.460092,1,0.5,0.4,0,0.51981,0.441917
E,oxidation,ranking_aware,2,9,0.528079,1,0.5,0.4,0,0.23627,0.444363
E,oxidation,ranking_aware,2,10,0.620915,1,0.5,0.4,0,0.268962,0.470516
E,oxidation,ranking_aware,2,11,0.72549,1,0.5,0.4,0,0.23627,0.215086
E,oxidation,ranking_aware,2,12,0.803922,1,0.75,0.6,0,0.0272338,0.0503024
E,oxidation,ranking_aware,2,13,0.803922,1,0.75,0.6,0,0.0272338,0.0478568
E,oxidation,ranking_aware,2,14,0.869281,1,0.75,0.8,0,0.008056,0.021787
E,oxidation,ranking_aware,2,15,0.882353,1,0.75,0.8,0,0.008056,0.0611136
E,oxidation,ranking_aware,2,16,0.973856,1,0.75,1,0,0.008056,0
E,oxidation,ranking_aware,2,17,0.986928,1,1,1,0,0,0
E,oxidation,ranking_aware,2,18,1,1,1,1,0,0,0
E,oxidation,random,3,4,0.082584,0,0.25,0.2,0.776036,0.637697,0.592822
E,oxidation,random,3,5,0.182537,0,0.25,0.2,0.776036,0.637697,0.836436
E,oxidation,random,3,6,0.13202,0,0.25,0.2,0.776036,0.736695,0.672021
E,oxidation,random,3,7,0.176471,0,0.25,0.2,0.776036,0.804381,0.672021
E,oxidation,random,3,8,0.367215,0.5,0.5,0.6,0.201222,0.386039,0.308831
E,oxidation,random,3,9,0.367215,0.5,0.5,0.4,0.201222,0.453725,0.468248
E,oxidation,random,3,10,0.464052,0.5,0.5,0.4,0.201222,0.453725,0.468248
E,oxidation,random,3,11,0.45098,0.5,0.5,0.4,0.201222,0.453725,0.468248
E,oxidation,random,3,12,0.647059,0.5,0.75,0.6,0.201222,0.309647,0.302387
E,oxidation,random,3,13,0.699346,0.5,0.5,0.6,0.201222,0.350291,0.273788
E,oxidation,random,3,14,0.72549,0.5,0.75,0.6,0.201222,0.309647,0.273788
E,oxidation,random,3,15,0.777778,0.5,0.75,0.6,0.201222,0.30659,0.273788
E,oxidation,random,3,16,0.830065,0.5,0.75,0.6,0.201222,0.293181,0.260614
E,oxidation,random,3,17,0.908497,0.5,0.75,0.8,0.201222,0.274003,0.234545
E,oxidation,random,3,18,1,1,1,1,0,0,0
E,oxidation,diversity,3,4,0.082584,0,0.25,0.2,0.776036,0.637697,0.592822
E,oxidation,diversity,3,5,0.228758,0,0.5,0.4,0.776036,0.597054,0.618669
E,oxidation,diversity,3,6,0.254902,0,0.25,0.4,0.776036,0.781393,0.618669
E,oxidation,diversity,3,7,0.424837,0.5,0.5,0.4,0.091358,0.379509,0.332122
E,oxidation,diversity,3,8,0.424837,0.5,0.5,0.6,0.091358,0.311173,0.331602
E,oxidation,diversity,3,9,0.437908,0.5,0.5,0.6,0.091358,0.311173,0.331602
E,oxidation,diversity,3,10,0.594771,1,0.75,0.6,0,0.0921018,0.156346
E,oxidation,diversity,3,11,0.803922,1,0.75,0.8,0,0.008056,0.0611136
E,oxidation,diversity,3,12,0.751634,1,0.75,0.8,0,0.008056,0.0611136
E,oxidation,diversity,3,13,0.72549,1,0.75,0.8,0,0.008056,0.0611136
E,oxidation,diversity,3,14,0.856209,1,1,1,0,0,0
E,oxidation,diversity,3,15,0.908497,1,1,1,0,0,0
E,oxidation,diversity,3,16,0.973856,1,1,1,0,0,0
E,oxidation,diversity,3,17,0.973856,1,0.75,0.8,0,0.0272338,0.0153422
E,oxidation,diversity,3,18,1,1,1,1,0,0,0
E,oxidation,uncertainty,3,4,0.082584,0,0.25,0.2,0.776036,0.637697,0.592822
E,oxidation,uncertainty,3,5,0.211231,0,0.25,0.4,0.776036,0.60511,0.921474
E,oxidation,uncertainty,3,6,0.183608,0,0.25,0.4,0.776036,0.781393,0.625114
E,oxidation,uncertainty,3,7,0.346405,0,0.5,0.4,0.776036,0.597054,0.618669
E,oxidation,uncertainty,3,8,0.372549,0.5,0.5,0.4,0.091358,0.414503,0.676416
E,oxidation,uncertainty,3,9,0.437908,0.5,0.5,0.6,0.091358,0.311173,0.331602
E,oxidation,uncertainty,3,10,0.594771,1,0.75,0.6,0,0.0921018,0.156346
E,oxidation,uncertainty,3,11,0.803922,1,0.75,0.8,0,0.008056,0.0611136
E,oxidation,uncertainty,3,12,0.751634,1,0.75,0.8,0,0.008056,0.0611136
E,oxidation,uncertainty,3,13,0.72549,1,0.75,0.8,0,0.008056,0.0611136
E,oxidation,uncertainty,3,14,0.856209,1,1,1,0,0,0
E,oxidation,uncertainty,3,15,0.908497,1,1,1,0,0,0
E,oxidation,uncertainty,3,16,0.973856,1,1,1,0,0,0
E,oxidation,uncertainty,3,17,1,1,1,1,0,0,0
E,oxidation,uncertainty,3,18,1,1,1,1,0,0,0
E,oxidation,ranking_aware,3,4,0.082584,0,0.25,0.2,0.776036,0.637697,0.592822
E,oxidation,ranking_aware,3,5,0.296472,0,0.25,0.2,0.677719,0.621231,0.5255
E,oxidation,ranking_aware,3,6,0.220044,0.5,0.5,0.4,0.091358,0.278892,0.29035
E,oxidation,ranking_aware,3,7,0.220044,0.5,0.75,0.6,0.091358,0.303117,0.587307
E,oxidation,ranking_aware,3,8,0.59108,0.5,0.75,0.6,0.091358,0.238249,0.216669
E,oxidation,ranking_aware,3,9,0.647374,0.5,0.75,0.8,0.091358,0.219071,0.190599
E,oxidation,ranking_aware,3,10,0.51634,0.5,0.5,0.4,0.091358,0.414503,0.676416
E,oxidation,ranking_aware,3,11,0.786889,0.5,0.75,0.8,0.091358,0.219071,0.190599
E,oxidation,ranking_aware,3,12,0.778916,0.5,0.75,0.8,0.091358,0.219071,0.190599
E,oxidation,ranking_aware,3,13,0.843137,0.5,0.75,0.8,0.091358,0.219071,0.190599
E,oxidation,ranking_aware,3,14,0.947712,1,1,1,0,0,0
E,oxidation,ranking_aware,3,15,0.973856,1,1,1,0,0,0
E,oxidation,ranking_aware,3,16,0.986928,1,1,1,0,0,0
E,oxidation,ranking_aware,3,17,0.986928,1,1,1,0,0,0
E,oxidation,ranking_aware,3,18,1,1,1,1,0,0,0
E,oxidation,random,4,4,0.0326797,0,0,0.2,1.45598,1.16977,0.929368
E,oxidation,random,4,5,0.24183,0,0.25,0.2,1.3609,0.889486,0.816857
E,oxidation,random,4,6,0.437908,0,0.5,0.4,0.623252,0.847902,0.704391
E,oxidation,random,4,7,0.372549,0.5,0.5,0.4,0.503317,0.278892,0.567928
E,oxidation,random,4,8,0.424837,0.5,0.5,0.6,0.476498,0.233213,0.0478568
E,oxidation,random,4,9,0.542484,0.5,0.25,0.2,0.476498,0.52062,0.445011
E,oxidation,random,4,10,0.738562,1,0.75,0.8,0,0.0272338,0.0153422
E,oxidation,random,4,11,0.764706,1,0.75,0.8,0,0.0272338,0.0153422
E,oxidation,random,4,12,0.738562,1,1,0.8,0,0,0.0153422
E,oxidation,random,4,13,0.751634,1,1,0.8,0,0,0.0153422
E,oxidation,random,4,14,0.712418,0.5,1,0.8,0.091358,0,0.0153422
E,oxidation,random,4,15,0.816993,0.5,1,1,0.091358,0,0
E,oxidation,random,4,16,0.869281,1,1,1,0,0,0
E,oxidation,random,4,17,0.934641,1,1,1,0,0,0
E,oxidation,random,4,18,1,1,1,1,0,0,0
E,oxidation,diversity,4,4,0.0326797,0,0,0.2,1.45598,1.16977,0.929368
E,oxidation,diversity,4,5,0.359477,0,0.5,0.6,1.3609,0.368824,0.288614
E,oxidation,diversity,4,6,0.542484,0.5,0.5,0.4,0.201222,0.620421,0.522406
E,oxidation,diversity,4,7,0.542484,0,0.5,0.4,0.623252,0.847902,0.73299
E,oxidation,diversity,4,8,0.660131,0.5,0.75,0.6,0.201222,0.593187,0.489892
E,oxidation,diversity,4,9,0.673203,0.5,0.5,0.6,0.201222,0.620421,0.489892
E,oxidation,diversity,4,10,0.712418,1,0.75,0.6,0,0.0272338,0.277134
E,oxidation,diversity,4,11,0.647059,1,0.75,0.8,0,0.008056,0.089109
E,oxidation,diversity,4,12,0.740148,1,0.75,0.8,0,0.008056,0.0611136
E,oxidation,diversity,4,13,0.816993,1,0.75,0.8,0,0.008056,0.021787
E,oxidation,diversity,4,14,0.830065,1,1,0.8,0,0,0.0672366
E,oxidation,diversity,4,15,0.934641,1,1,1,0,0,0
E,oxidation,diversity,4,16,0.973856,1,1,1,0,0,0
E,oxidation,diversity,4,17,0.986928,1,1,1,0,0,0
E,oxidation,diversity,4,18,1,1,1,1,0,0,0
E,oxidation,uncertainty,4,4,0.0326797,0,0,0.2,1.45598,1.16977,0.929368
E,oxidation,uncertainty,4,5,0.359477,0,0.5,0.6,1.3609,0.368824,0.288614
E,oxidation,uncertainty,4,6,0.542484,0.5,0.5,0.4,0.201222,0.620421,0.522406
E,oxidation,uncertainty,4,7,0.542484,0,0.5,0.4,0.623252,0.847902,0.73299
E,oxidation,uncertainty,4,8,0.660131,0.5,0.75,0.6,0.201222,0.593187,0.489892
E,oxidation,uncertainty,4,9,0.673203,0.5,0.5,0.6,0.201222,0.620421,0.489892
E,oxidation,uncertainty,4,10,0.660131,0.5,0.5,0.6,0.201222,0.620421,0.489892
E,oxidation,uncertainty,4,11,0.647059,1,0.75,0.8,0,0.008056,0.089109
E,oxidation,uncertainty,4,12,0.740148,1,0.75,0.8,0,0.008056,0.0611136
E,oxidation,uncertainty,4,13,0.803922,1,0.75,0.6,0,0.0272338,0.277134
E,oxidation,uncertainty,4,14,0.830065,1,1,0.8,0,0,0.0672366
E,oxidation,uncertainty,4,15,0.934641,1,1,1,0,0,0
E,oxidation,uncertainty,4,16,0.973856,1,1,1,0,0,0
E,oxidation,uncertainty,4,17,1,1,1,1,0,0,0
E,oxidation,uncertainty,4,18,1,1,1,1,0,0,0
E,oxidation,ranking_aware,4,4,0.0326797,0,0,0.2,1.45598,1.16977,0.929368
E,oxidation,ranking_aware,4,5,0.0326797,0,0,0.2,1.45598,1.16977,0.929368
E,oxidation,ranking_aware,4,6,-0.00653595,0,0,0,1.3609,1.16977,1.28063
E,oxidation,ranking_aware,4,7,0.124183,0.5,0.25,0.2,0.716098,0.774412,0.964344
E,oxidation,ranking_aware,4,8,0.326732,0.5,0.5,0.6,0.201222,0.469435,0.369103
E,oxidation,ranking_aware,4,9,0.358313,0.5,0.5,0.4,0.201222,0.398692,0.663768
E,oxidation,ranking_aware,4,10,0.485249,1,0.75,0.6,0,0.0406433,0.4699
E,oxidation,ranking_aware,4,11,0.503268,1,0.75,0.8,0,0.008056,0.0325146
E,oxidation,ranking_aware,4,12,0.660131,1,1,1,0,0,0
E,oxidation,ranking_aware,4,13,0.607843,1,1,1,0,0,0
E,oxidation,ranking_aware,4,14,0.738562,1,1,1,0,0,0
E,oxidation,ranking_aware,4,15,0.921569,1,1,1,0,0,0
E,oxidation,ranking_aware,4,16,1,1,1,1,0,0,0
E,oxidation,ranking_aware,4,17,1,1,1,1,0,0,0
E,oxidation,ranking_aware,4,18,1,1,1,1,0,0,0
E,oxidation,random,5,4,0.250143,0.5,0.5,0.4,0.574814,0.496443,0.723432
E,oxidation,random,5,5,0.209579,0.5,0.25,0.2,0.574814,0.588545,0.5535
E,oxidation,random,5,6,0.206708,0.5,0.25,0.2,0.574814,0.588545,0.5535
E,oxidation,random,5,7,0.236067,0.5,0.25,0.2,0.574814,0.684486,0.576104
E,oxidation,random,5,8,0.41292,0.5,0.25,0.2,0.476498,0.572078,0.562931
E,oxidation,random,5,9,0.54761,0.5,0.5,0.4,0.42203,0.479977,0.451218
E,oxidation,random,5,10,0.507046,0.5,0.5,0.4,0.42203,0.479977,0.451218
E,oxidation,random,5,11,0.514877,0.5,0.5,0.4,0.42203,0.444228,0.410051
E,oxidation,random,5,12,0.607843,0.5,0.75,0.6,0.42203,0.238249,0.216669
E,oxidation,random,5,13,0.65578,0.5,0.75,0.6,0.091358,0.238249,0.216669
E,oxidation,random,5,14,0.646896,0.5,0.75,0.6,0.091358,0.238249,0.216669
E,oxidation,random,5,15,0.673203,0.5,0.75,0.6,0.091358,0.238249,0.216669
E,oxidation,random,5,16,0.839349,1,1,0.8,0,0,0.0153422
E,oxidation,random,5,17,0.895425,1,1,0.8,0,0,0.0153422
E,oxidation,random,5,18,1,1,1,1,0,0,0
E,oxidation,diversity,5,4,0.250143,0.5,0.5,0.4,0.574814,0.496443,0.723432
E,oxidation,diversity,5,5,0.367215,0.5,0.5,0.4,0.574814,0.496443,0.464391
E,oxidation,diversity,5,6,0.424837,0.5,0.5,0.4,0.574814,0.496443,0.464391
E,oxidation,diversity,5,7,0.568627,0.5,0.5,0.4,0.574814,0.496443,0.464391
E,oxidation,diversity,5,8,0.633987,1,0.5,0.6,0,0.285428,0.221898
E,oxidation,diversity,5,9,0.581699,1,0.5,0.4,0,0.285428,0.369368
E,oxidation,diversity,5,10,0.764706,1,0.75,0.6,0,0.076392,0.089629
E,oxidation,diversity,5,11,0.803922,1,0.75,0.8,0,0.008056,0.0611136
E,oxidation,diversity,5,12,0.751634,1,0.75,0.8,0,0.008056,0.0611136
E,oxidation,diversity,5,13,0.72549,1,0.75,0.8,0,0.008056,0.0611136
E,oxidation,diversity,5,14,0.856209,1,1,1,0,0,0
E,oxidation,diversity,5,15,0.908497,1,1,1,0,0,0
E,oxidation,diversity,5,16,0.973856,1,1,1,0,0,0
E,oxidation,diversity,5,17,0.973856,1,0.75,0.8,0,0.0272338,0.0153422
E,oxidation,diversity,5,18,1,1,1,1,0,0,0
E,oxidation,uncertainty,5,4,0.250143,0.5,0.5,0.4,0.574814,0.496443,0.723432
E,oxidation,uncertainty,5,5,0.294118,0.5,0.25,0.4,0.574814,0.588545,0.464391
E,oxidation,uncertainty,5,6,0.372549,0.5,0.25,0.4,0.574814,0.588545,0.470836
E,oxidation,uncertainty,5,7,0.568627,0.5,0.5,0.4,0.574814,0.496443,0.464391
E,oxidation,uncertainty,5,8,0.633987,1,0.5,0.6,0,0.285428,0.221898
E,oxidation,uncertainty,5,9,0.581699,1,0.5,0.4,0,0.285428,0.369368
E,oxidation,uncertainty,5,10,0.764706,1,0.75,0.6,0,0.076392,0.089629
E,oxidation,uncertainty,5,11,0.803922,1,0.75,0.8,0,0.008056,0.0611136
E,oxidation,uncertainty,5,12,0.751634,1,0.75,0.8,0,0.008056,0.0611136
E,oxidation,uncertainty,5,13,0.72549,1,0.75,0.8,0,0.008056,0.0611136
E,oxidation,uncertainty,5,14,0.856209,1,1,1,0,0,0
E,oxidation,uncertainty,5,15,0.908497,1,1,1,0,0,0
E,oxidation,uncertainty,5,16,0.973856,1,1,1,0,0,0
E,oxidation,uncertainty,5,17,1,1,1,1,0,0,0
E,oxidation,uncertainty,5,18,1,1,1,1,0,0,0
E,oxidation,ranking_aware,5,4,0.250143,0.5,0.5,0.4,0.574814,0.496443,0.723432
E,oxidation,ranking_aware,5,5,0.277185,0.5,0.5,0.4,0.42203,0.496443,0.723432
E,oxidation,ranking_aware,5,6,0.206708,0.5,0.5,0.4,0.42203,0.496443,0.53818
E,oxidation,ranking_aware,5,7,0.398693,0.5,0.5,0.4,0.42203,0.512153,0.464391
E,oxidation,ranking_aware,5,8,0.411765,0.5,0.5,0.4,0.42203,0.496443,0.464391
E,oxidation,ranking_aware,5,9,0.424837,0.5,0.5,0.4,0.42203,0.496443,0.464391
E,oxidation,ranking_aware,5,10,0.568627,0.5,0.5,0.4,0.42203,0.496443,0.464391
E,oxidation,ranking_aware,5,11,0.620915,0.5,0.5,0.6,0.42203,0.428107,0.397155
E,oxidation,ranking_aware,5,12,0.686275,1,0.75,0.8,0,0.173392,0.167229
E,oxidation,ranking_aware,5,13,0.699346,1,0.75,0.8,0,0.173392,0.167229
E,oxidation,ranking_aware,5,14,0.803922,1,1,1,0,0,0
E,oxidation,ranking_aware,5,15,0.830065,1,1,1,0,0,0
E,oxidation,ranking_aware,5,16,0.973856,1,1,1,0,0,0
E,oxidation,ranking_aware,5,17,0.986928,1,1,1,0,0,0
E,oxidation,ranking_aware,5,18,1,1,1,1,0,0,0
E,oxidation,random,6,4,0.359477,0,0.25,0.2,1.19411,0.873776,0.766258
E,oxidation,random,6,5,0.398693,0.5,0.5,0.4,0.684678,0.551375,0.696447
E,oxidation,random,6,6,0.477124,0.5,0.5,0.4,0.684678,0.551375,0.696447
E,oxidation,random,6,7,0.51634,0.5,0.25,0.6,0.548006,0.559431,0.4411
E,oxidation,random,6,8,0.647059,0.5,0.5,0.4,0.201222,0.333824,0.522406
E,oxidation,random,6,9,0.673203,0,0.5,0.4,0.677719,0.620421,0.522406
E,oxidation,random,6,10,0.673203,0,0.5,0.4,0.677719,0.620421,0.522406
E,oxidation,random,6,11,0.699346,0,0.5,0.4,0.677719,0.620421,0.522406
E,oxidation,random,6,12,0.647059,0.5,0.25,0.6,1.18637,0.793813,0.628605
E,oxidation,random,6,13,0.673203,0.5,0.5,0.6,0.548006,0.479982,0.412501
E,oxidation,random,6,14,0.777778,0.5,0.5,0.6,0.531894,0.479982,0.412501
E,oxidation,random,6,15,0.830065,0.5,0.75,0.8,0.201222,0.274003,0.245272
E,oxidation,random,6,16,0.986928,1,1,1,0,0,0
E,oxidation,random,6,17,0.973856,1,0.75,0.8,0,0.0272338,0.0153422
E,oxidation,random,6,18,1,1,1,1,0,0,0
E,oxidation,diversity,6,4,0.359477,0,0.25,0.2,1.19411,0.873776,0.766258
E,oxidation,diversity,6,5,0.30719,0,0,0,1.08968,0.830267,0.919561
E,oxidation,diversity,6,6,0.359477,0.5,0.25,0.2,1.18637,0.8264,0.689635
E,oxidation,diversity,6,7,0.411765,0.5,0.25,0.2,1.18637,0.8264,0.689635
E,oxidation,diversity,6,8,0.477124,0.5,0.25,0.4,0.548006,0.793813,0.66112
E,oxidation,diversity,6,9,0.72549,1,0.5,0.6,0,0.214035,0.225897
E,oxidation,diversity,6,10,0.686275,1,0.5,0.6,0,0.265494,0.467742
E,oxidation,diversity,6,11,0.72549,1,0.75,0.6,0,0.19257,0.409403
E,oxidation,diversity,6,12,0.738562,1,0.75,0.6,0,0.19257,0.221292
E,oxidation,diversity,6,13,0.79085,1,0.75,0.8,0,0.008056,0.0325146
E,oxidation,diversity,6,14,0.816993,1,0.75,0.6,0,0.0272338,0.277134
E,oxidation,diversity,6,15,0.908497,1,1,1,0,0,0
E,oxidation,diversity,6,16,0.973856,1,1,1,0,0,0
E,oxidation,diversity,6,17,0.973856,1,0.75,0.8,0,0.0272338,0.0153422
E,oxidation,diversity,6,18,1,1,1,1,0,0,0
E,oxidation,uncertainty,6,4,0.359477,0,0.25,0.2,1.19411,0.873776,0.766258
E,oxidation,uncertainty,6,5,0.333333,0,0,0,1.08968,0.830267,0.919561
E,oxidation,uncertainty,6,6,0.372549,0.5,0.25,0.2,1.18637,0.8264,0.689635
E,oxidation,uncertainty,6,7,0.437908,0.5,0.25,0.4,1.18637,0.8264,0.522406
E,oxidation,uncertainty,6,8,0.490196,0.5,0.25,0.4,1.18637,0.793813,0.66112
E,oxidation,uncertainty,6,9,0.594771,0.5,0.25,0.4,1.18637,0.793813,0.66112
E,oxidation,uncertainty,6,10,0.751634,1,0.5,0.6,0,0.200626,0.215169
E,oxidation,uncertainty,6,11,0.72549,1,0.75,0.8,0,0.257438,0.20595
E,oxidation,uncertainty,6,12,0.816993,1,0.75,0.8,0,0.008056,0.021787
E,oxidation,uncertainty,6,13,0.816993,1,0.75,0.8,0,0.008056,0.021787
E,oxidation,uncertainty,6,14,0.830065,1,1,0.8,0,0,0.0672366
E,oxidation,uncertainty,6,15,0.934641,1,1,1,0,0,0
E,oxidation,uncertainty,6,16,0.973856,1,1,1,0,0,0
E,oxidation,uncertainty,6,17,1,1,1,1,0,0,0
E,oxidation,uncertainty,6,18,1,1,1,1,0,0,0
E,oxidation,ranking_aware,6,4,0.359477,0,0.25,0.2,1.19411,0.873776,0.766258
E,oxidation,ranking_aware,6,5,0.437908,0,0.25,0.4,1.04132,0.854492,0.683594
E,oxidation,ranking_aware,6,6,0.503268,0,0.25,0.2,1.04132,0.854492,0.766258
E,oxidation,ranking_aware,6,7,0.529412,0,0.5,0.4,1.27773,0.831436,0.691218
E,oxidation,ranking_aware,6,8,0.529412,0,0.5,0.4,1.27773,0.831436,0.693664
E,oxidation,ranking_aware,6,9,0.555556,0,0.5,0.6,0.623252,0.831436,0.489892
E,oxidation,ranking_aware,6,10,0.620915,0.5,0.75,0.6,0.201222,0.593187,0.489892
E,oxidation,ranking_aware,6,11,0.699346,0.5,0.75,0.6,0.201222,0.293181,0.26306
E,oxidation,ranking_aware,6,12,0.738562,0.5,0.75,0.6,0.201222,0.293181,0.26306
E,oxidation,ranking_aware,6,13,0.830065,0.5,0.75,0.8,0.201222,0.274003,0.234545
E,oxidation,ranking_aware,6,14,0.908497,1,1,1,0,0,0
E,oxidation,ranking_aware,6,15,0.973856,1,1,1,0,0,0
E,oxidation,ranking_aware,6,16,0.986928,1,1,1,0,0,0
E,oxidation,ranking_aware,6,17,0.986928,1,1,1,0,0,0
E,oxidation,ranking_aware,6,18,1,1,1,1,0,0,0
E,oxidation,random,7,4,0.137255,0,0.25,0.2,1.3609,0.656231,0.780332
E,oxidation,random,7,5,0.326732,0,0,0.2,1.25798,0.913663,0.592217
E,oxidation,random,7,6,0.440974,0.5,0.25,0.2,0.61318,0.610546,0.555674
E,oxidation,random,7,7,0.49894,0.5,0.25,0.2,0.61318,0.610546,0.555674
E,oxidation,random,7,8,0.385392,0.5,0.25,0.2,0.61318,0.722954,0.593705
E,oxidation,random,7,9,0.424837,0.5,0.25,0.2,0.61318,0.722954,0.593705
E,oxidation,random,7,10,0.511478,0.5,0.5,0.4,0.531894,0.583312,0.571918
E,oxidation,random,7,11,0.633987,0.5,0.5,0.4,0.531894,0.515627,0.427843
E,oxidation,random,7,12,0.620915,0.5,0.75,0.6,0.201222,0.30659,0.273788
E,oxidation,random,7,13,0.72549,0.5,0.75,0.6,0.201222,0.30659,0.273788
E,oxidation,random,7,14,0.777778,0.5,0.75,0.6,0.201222,0.293181,0.260614
E,oxidation,random,7,15,0.869281,1,1,0.8,0,0,0.0153422
E,oxidation,random,7,16,0.895425,1,1,0.8,0,0,0.0153422
E,oxidation,random,7,17,1,1,1,1,0,0,0
E,oxidation,random,7,18,1,1,1,1,0,0,0
E,oxidation,diversity,7,4,0.137255,0,0.25,0.2,1.3609,0.656231,0.780332
E,oxidation,diversity,7,5,0.267974,0,0.25,0.4,1.19281,0.587895,0.524985
E,oxidation,diversity,7,6,0.320261,0,0.25,0.4,0.639364,0.688506,0.57932
E,oxidation,diversity,7,7,0.385621,0,0.25,0.4,0.639364,0.688506,0.605474
E,oxidation,diversity,7,8,0.346405,0,0.25,0.4,0.639364,0.688506,0.605474
E,oxidation,diversity,7,9,0.529412,0.5,0.5,0.6,0.201222,0.385389,0.375548
E,oxidation,diversity,7,10,0.607843,1,0.75,0.8,0,0.008056,0.0736814
E,oxidation,diversity,7,11,0.738562,1,0.75,0.8,0,0.008056,0.089109
E,oxidation,diversity,7,12,0.751634,1,0.75,0.8,0,0.008056,0.0611136
E,oxidation,diversity,7,13,0.72549,1,0.75,0.8,0,0.008056,0.0611136
E,oxidation,diversity,7,14,0.856209,1,1,1,0,0,0
E,oxidation,diversity,7,15,0.908497,1,1,1,0,0,0
E,oxidation,diversity,7,16,0.973856,1,1,1,0,0,0
E,oxidation,diversity,7,17,0.973856,1,0.75,0.8,0,0.0272338,0.0153422
E,oxidation,diversity,7,18,1,1,1,1,0,0,0
E,oxidation,uncertainty,7,4,0.137255,0,0.25,0.2,1.3609,0.656231,0.780332
E,oxidation,uncertainty,7,5,0.267974,0,0.25,0.4,1.19281,0.587895,0.524985
E,oxidation,uncertainty,7,6,0.320261,0,0.25,0.4,0.639364,0.688506,0.57932
E,oxidation,uncertainty,7,7,0.385621,0,0.25,0.4,0.639364,0.688506,0.605474
E,oxidation,uncertainty,7,8,0.346405,0,0.25,0.4,0.639364,0.688506,0.605474
E,oxidation,uncertainty,7,9,0.529412,0.5,0.5,0.6,0.201222,0.385389,0.375548
E,oxidation,uncertainty,7,10,0.607843,1,0.75,0.8,0,0.008056,0.0736814
E,oxidation,uncertainty,7,11,0.738562,1,1,1,0,0,0
E,oxidation,uncertainty,7,12,0.803922,1,1,1,0,0,0
E,oxidation,uncertainty,7,13,0.777778,1,1,1,0,0,0
E,oxidation,uncertainty,7,14,0.856209,1,1,1,0,0,0
E,oxidation,uncertainty,7,15,0.908497,1,1,1,0,0,0
E,oxidation,uncertainty,7,16,0.973856,1,1,1,0,0,0
E,oxidation,uncertainty,7,17,1,1,1,1,0,0,0
E,oxidation,uncertainty,7,18,1,1,1,1,0,0,0
E,oxidation,ranking_aware,7,4,0.137255,0,0.25,0.2,1.3609,0.656231,0.780332
E,oxidation,ranking_aware,7,5,0.294118,0,0.5,0.4,1.3609,0.579839,0.492387
E,oxidation,ranking_aware,7,6,0.294118,0.5,0.25,0.2,0.606234,1.01891,0.920398
E,oxidation,ranking_aware,7,7,0.45098,0.5,0.5,0.4,0.606234,0.368824,0.349728
E,oxidation,ranking_aware,7,8,0.490196,1,0.5,0.4,0,0.368824,0.349728
E,oxidation,ranking_aware,7,9,0.503268,1,0.5,0.6,0,0.265494,0.295059
E,oxidation,ranking_aware,7,10,0.555556,1,0.5,0.6,0,0.249784,0.267064
E,oxidation,ranking_aware,7,11,0.686275,1,0.75,0.8,0,0.008056,0.0611136
E,oxidation,ranking_aware,7,12,0.686275,1,0.75,0.8,0,0.008056,0.0611136
E,oxidation,ranking_aware,7,13,0.72549,1,0.75,0.8,0,0.008056,0.0611136
E,oxidation,ranking_aware,7,14,0.816993,1,1,1,0,0,0
E,oxidation,ranking_aware,7,15,0.856209,1,1,1,0,0,0
E,oxidation,ranking_aware,7,16,0.973856,1,1,1,0,0,0
E,oxidation,ranking_aware,7,17,0.986928,1,1,1,0,0,0
E,oxidation,ranking_aware,7,18,1,1,1,1,0,0,0
E,oxidation,random,8,4,0.294118,0,0.25,0.2,1.12261,0.753875,0.670337
E,oxidation,random,8,5,0.385621,0,0.5,0.6,1.6084,0.844845,0.500619
E,oxidation,random,8,6,0.372549,0,0.25,0.2,1.03521,0.753875,0.858447
E,oxidation,random,8,7,0.320261,0,0,0.2,1.12261,0.895135,0.577395
E,oxidation,random,8,8,0.446756,0.5,0.25,0.2,0.61318,0.592019,0.540851
E,oxidation,random,8,9,0.503268,0.5,0.5,0.4,0.531894,0.515627,0.46717
E,oxidation,random,8,10,0.529412,0.5,0.5,0.4,0.531894,0.515627,0.46717
E,oxidation,random,8,11,0.529412,0.5,0.5,0.6,0.531894,0.479982,0.412501
E,oxidation,random,8,12,0.594771,0.5,0.5,0.6,0.531894,0.479982,0.412501
E,oxidation,random,8,13,0.686502,0.5,0.5,0.6,0.531894,0.466573,0.399328
E,oxidation,random,8,14,0.895425,0.5,0.75,0.8,0.201222,0.274003,0.234545
E,oxidation,random,8,15,0.986928,1,1,1,0,0,0
E,oxidation,random,8,16,0.986928,1,1,1,0,0,0
E,oxidation,random,8,17,0.986928,1,1,1,0,0,0
E,oxidation,random,8,18,1,1,1,1,0,0,0
E,oxidation,diversity,8,4,0.294118,0,0.25,0.2,1.12261,0.753875,0.670337
E,oxidation,diversity,8,5,0.464052,0,0.25,0.4,1.00839,1.03741,0.691218
E,oxidation,diversity,8,6,0.581699,0.5,0.5,0.6,1.18637,0.785757,0.489892
E,oxidation,diversity,8,7,0.568627,0.5,0.25,0.6,1.18637,0.793813,0.628605
E,oxidation,diversity,8,8,0.594771,0.5,0.25,0.4,1.18637,0.793813,0.66112
E,oxidation,diversity,8,9,0.607843,0.5,0.25,0.6,1.18637,0.793813,0.628605
E,oxidation,diversity,8,10,0.699346,0.5,0.75,0.6,1.18637,0.593187,0.489892
E,oxidation,diversity,8,11,0.699346,0.5,0.75,0.6,1.18637,0.593187,0.489892
E,oxidation,diversity,8,12,0.777778,1,0.75,0.6,0,0.19257,0.409403
E,oxidation,diversity,8,13,0.895425,1,0.75,0.8,0,0.008056,0.0325146
E,oxidation,diversity,8,14,0.869281,1,0.75,0.8,0,0.008056,0.0325146
E,oxidation,diversity,8,15,0.895425,1,0.75,0.8,0,0.008056,0.0325146
E,oxidation,diversity,8,16,0.986928,1,0.75,1,0,0.008056,0
E,oxidation,diversity,8,17,0.973856,1,0.75,0.8,0,0.0272338,0.0153422
E,oxidation,diversity,8,18,1,1,1,1,0,0,0
E,oxidation,uncertainty,8,4,0.294118,0,0.25,0.2,1.12261,0.753875,0.670337
E,oxidation,uncertainty,8,5,0.464052,0,0.25,0.4,1.00839,1.03741,0.691218
E,oxidation,uncertainty,8,6,0.542484,0,0.5,0.6,1.27773,0.831436,0.489892
E,oxidation,uncertainty,8,7,0.594771,0.5,0.5,0.6,1.18637,0.785757,0.489892
E,oxidation,uncertainty,8,8,0.633987,0.5,0.75,0.6,1.18637,0.593187,0.489892
E,oxidation,uncertainty,8,9,0.660131,0.5,0.25,0.6,1.18637,0.793813,0.628605
E,oxidation,uncertainty,8,10,0.699346,0.5,0.75,0.6,1.18637,0.593187,0.489892
E,oxidation,uncertainty,8,11,0.712418,0.5,0.75,0.6,0.201222,0.593187,0.489892
E,oxidation,uncertainty,8,12,0.895425,1,0.75,0.8,0,0.008056,0.0325146
E,oxidation,uncertainty,8,13,0.895425,1,0.75,0.8,0,0.008056,0.0325146
E,oxidation,uncertainty,8,14,0.869281,1,0.75,0.8,0,0.008056,0.0325146
E,oxidation,uncertainty,8,15,0.895425,1,0.75,0.8,0,0.008056,0.0325146
E,oxidation,uncertainty,8,16,0.986928,1,0.75,1,0,0.008056,0
E,oxidation,uncertainty,8,17,0.986928,1,0.75,1,0,0.008056,0
E,oxidation,uncertainty,8,18,1,1,1,1,0,0,0
E,oxidation,ranking_aware,8,4,0.294118,0,0.25,0.2,1.12261,0.753875,0.670337
E,oxidation,ranking_aware,8,5,0.320261,0,0.25,0.2,0.677719,0.872079,0.726178
E,oxidation,ranking_aware,8,6,0.437908,0,0.5,0.6,1.27773,0.620421,0.489892
E,oxidation,ranking_aware,8,7,0.464052,0,0.5,0.6,0.639364,0.601243,0.496336
E,oxidation,ranking_aware,8,8,0.411765,0.5,0.5,0.6,0.201222,0.601243,0.91838
E,oxidation,ranking_aware,8,9,0.686275,0.5,0.5,0.8,0.201222,0.601243,0.474549
E,oxidation,ranking_aware,8,10,0.686275,0.5,0.5,0.6,0.201222,0.301237,0.267059
E,oxidation,ranking_aware,8,11,0.712418,0.5,0.5,0.6,0.201222,0.301237,0.267059
E,oxidation,ranking_aware,8,12,0.751634,0.5,0.5,0.6,0.201222,0.301237,0.267059
E,oxidation,ranking_aware,8,13,0.816993,0.5,0.75,0.8,0.201222,0.274003,0.234545
E,oxidation,ranking_aware,8,14,0.895425,0.5,1,1,0.201222,0,0
E,oxidation,ranking_aware,8,15,0.921569,1,1,1,0,0,0
E,oxidation,ranking_aware,8,16,0.986928,1,1,1,0,0,0
E,oxidation,ranking_aware,8,17,0.986928,1,1,1,0,0,0
E,oxidation,ranking_aware,8,18,1,1,1,1,0,0,0
E,oxidation,random,9,4,0.267974,0,0.25,0.2,1.08968,0.872079,0.838689
E,oxidation,random,9,5,0.359477,0,0.25,0.2,1.08968,0.872079,0.802931
E,oxidation,random,9,6,0.398693,0,0,0.4,1.0245,1.04547,0.697663
E,oxidation,random,9,7,0.51634,0,0.5,0.6,0.623252,0.528718,0.678322
E,oxidation,random,9,8,0.503268,0,0.25,0.4,1.04132,0.770446,0.631699
E,oxidation,random,9,9,0.581699,0,0.25,0.4,0.970036,1.00483,0.829932
E,oxidation,random,9,10,0.633987,0,0.25,0.6,0.970036,1.00483,0.665148
E,oxidation,random,9,11,0.660131,0,0.5,0.6,0.970036,0.512252,0.435871
E,oxidation,random,9,12,0.712418,0,0.5,0.6,0.623252,0.512252,0.435871
E,oxidation,random,9,13,0.699346,0,0.5,0.6,0.623252,0.512252,0.435871
E,oxidation,random,9,14,0.699346,0,0.5,0.6,0.623252,0.512252,0.435871
E,oxidation,random,9,15,0.882353,0.5,0.75,0.8,0.091358,0.219071,0.190599
E,oxidation,random,9,16,0.908497,0.5,0.75,0.8,0.091358,0.219071,0.190599
E,oxidation,random,9,17,1,1,1,1,0,0,0
E,oxidation,random,9,18,1,1,1,1,0,0,0
E,oxidation,diversity,9,4,0.267974,0,0.25,0.2,1.08968,0.872079,0.838689
E,oxidation,diversity,9,5,0.372549,0,0.25,0.2,1.08968,0.872079,0.802931
E,oxidation,diversity,9,6,0.372549,0,0,0.4,1.0245,1.04547,0.697663
E,oxidation,diversity,9,7,0.477124,0,0.5,0.6,1.04132,0.528718,0.477643
E,oxidation,diversity,9,8,0.51634,0.5,0.5,0.6,1.18637,0.802223,0.641778
E,oxidation,diversity,9,9,0.555556,0.5,0.5,0.6,1.18637,0.802223,0.641778
E,oxidation,diversity,9,10,0.673203,1,0.75,0.8,0,0.257438,0.20595
E,oxidation,diversity,9,11,0.686275,1,0.75,0.8,0,0.257438,0.20595
E,oxidation,diversity,9,12,0.738562,1,0.75,0.8,0,0.173392,0.20595
E,oxidation,diversity,9,13,0.738562,1,0.75,0.8,0,0.173392,0.20595
E,oxidation,diversity,9,14,0.830065,1,1,1,0,0,0
E,oxidation,diversity,9,15,0.856209,1,1,1,0,0,0
E,oxidation,diversity,9,16,0.947712,1,1,1,0,0,0
E,oxidation,diversity,9,17,1,1,1,1,0,0,0
E,oxidation,diversity,9,18,1,1,1,1,0,0,0
E,oxidation,uncertainty,9,4,0.267974,0,0.25,0.2,1.08968,0.872079,0.838689
E,oxidation,uncertainty,9,5,0.372549,0,0.25,0.2,1.08968,0.872079,0.802931
E,oxidation,uncertainty,9,6,0.372549,0,0,0.4,1.0245,1.04547,0.697663
E,oxidation,uncertainty,9,7,0.477124,0,0.5,0.6,1.04132,0.528718,0.477643
E,oxidation,uncertainty,9,8,0.568627,0,0.5,0.6,0.623252,0.528718,0.477643
E,oxidation,uncertainty,9,9,0.555556,0.5,0.5,0.6,1.18637,0.802223,0.641778
E,oxidation,uncertainty,9,10,0.673203,1,0.75,0.8,0,0.257438,0.20595
E,oxidation,uncertainty,9,11,0.686275,1,0.75,0.8,0,0.257438,0.20595
E,oxidation,uncertainty,9,12,0.712418,1,0.75,0.8,0,0.257438,0.20595
E,oxidation,uncertainty,9,13,0.830065,1,1,1,0,0,0
E,oxidation,uncertainty,9,14,0.843137,1,1,1,0,0,0
E,oxidation,uncertainty,9,15,0.908497,1,0.75,0.8,0,0.0921018,0.0672366
E,oxidation,uncertainty,9,16,0.947712,1,1,1,0,0,0
E,oxidation,uncertainty,9,17,1,1,1,1,0,0,0
E,oxidation,uncertainty,9,18,1,1,1,1,0,0,0
E,oxidation,ranking_aware,9,4,0.267974,0,0.25,0.2,1.08968,0.872079,0.838689
E,oxidation,ranking_aware,9,5,0.359477,0,0.25,0.4,0.677719,0.872079,0.522406
E,oxidation,ranking_aware,9,6,0.202614,0,0.25,0.2,0.677719,0.729177,0.880391
E,oxidation,ranking_aware,9,7,0.215686,0,0.25,0.2,0.677719,0.729177,0.880391
E,oxidation,ranking_aware,9,8,0.372549,0,0.25,0.2,0.677719,0.729177,0.68861
E,oxidation,ranking_aware,9,9,0.51634,0,0.25,0.4,0.639364,0.552895,0.496985
E,oxidation,ranking_aware,9,10,0.503268,0,0.25,0.4,0.639364,0.552895,0.496985
E,oxidation,ranking_aware,9,11,0.647059,0,0.5,0.6,0.623252,0.512252,0.438317
E,oxidation,ranking_aware,9,12,0.699346,0,0.5,0.6,0.623252,0.512252,0.435871
E,oxidation,ranking_aware,9,13,0.803922,0.5,0.75,1,0.201222,0.274003,0
E,oxidation,ranking_aware,9,14,0.934641,1,1,1,0,0,0
E,oxidation,ranking_aware,9,15,0.986928,1,1,1,0,0,0
E,oxidation,ranking_aware,9,16,0.986928,1,1,1,0,0,0
E,oxidation,ranking_aware,9,17,0.986928,1,1,1,0,0,0
E,oxidation,ranking_aware,9,18,1,1,1,1,0,0,0
E,oxidation,random,10,4,0.202614,0,0.25,0.4,1.12282,0.770446,0.699021
E,oxidation,random,10,5,0.189542,0,0.25,0.4,0.970036,0.770446,0.699021
E,oxidation,random,10,6,0.24183,0,0.25,0.4,0.970036,0.770446,1.05374
E,oxidation,random,10,7,0.527864,0,0.25,0.4,0.970036,0.721288,0.6031
E,oxidation,random,10,8,0.513402,0,0.25,0.4,0.970036,0.721288,0.631699
E,oxidation,random,10,9,0.633987,0,0.5,0.6,0.970036,0.512252,0.438317
E,oxidation,random,10,10,0.673203,0,0.5,0.6,0.623252,0.512252,0.438317
E,oxidation,random,10,11,0.673203,0,0.5,0.6,0.623252,0.512252,0.438317
E,oxidation,random,10,12,0.686275,0,0.5,0.6,0.623252,0.512252,0.438317
E,oxidation,random,10,13,0.686275,0,0.5,0.6,0.623252,0.512252,0.438317
E,oxidation,random,10,14,0.79085,0.5,0.75,0.8,0.091358,0.219071,0.242493
E,oxidation,random,10,15,0.921569,1,1,1,0,0,0
E,oxidation,random,10,16,0.960784,1,1,1,0,0,0
E,oxidation,random,10,17,0.973856,1,1,1,0,0,0
E,oxidation,random,10,18,1,1,1,1,0,0,0
E,oxidation,diversity,10,4,0.202614,0,0.25,0.4,1.12282,0.770446,0.699021
E,oxidation,diversity,10,5,0.333333,0,0.25,0.4,1.12282,0.770446,0.699021
E,oxidation,diversity,10,6,0.398693,0,0.25,0.4,1.12282,0.770446,0.683594
E,oxidation,diversity,10,7,0.464052,0,0.25,0.4,1.12282,0.770446,0.699021
E,oxidation,diversity,10,8,0.581699,0.5,0.25,0.6,0.548006,0.559431,0.4411
E,oxidation,diversity,10,9,0.529412,0.5,0.25,0.6,0.548006,0.559431,0.4411
E,oxidation,diversity,10,10,0.633694,1,0.5,0.6,0,0.217092,0.3147
E,oxidation,diversity,10,11,0.830065,1,0.75,0.8,0,0.008056,0.0349602
E,oxidation,diversity,10,12,0.79085,1,0.75,0.8,0,0.008056,0.0349602
E,oxidation,diversity,10,13,0.777778,1,0.75,0.8,0,0.008056,0.0349602
E,oxidation,diversity,10,14,0.816993,1,0.75,0.8,0,0.008056,0.0325146
E,oxidation,diversity,10,15,0.895425,1,0.75,0.8,0,0.008056,0.0325146
E,oxidation,diversity,10,16,0.986928,1,0.75,1,0,0.008056,0
E,oxidation,diversity,10,17,0.973856,1,0.75,0.8,0,0.0272338,0.0153422
E,oxidation,diversity,10,18,1,1,1,1,0,0,0
E,oxidation,uncertainty,10,4,0.202614,0,0.25,0.4,1.12282,0.770446,0.699021
E,oxidation,uncertainty,10,5,0.333333,0,0.25,0.4,1.12282,0.770446,0.699021
E,oxidation,uncertainty,10,6,0.398693,0,0.25,0.4,1.12282,0.770446,0.683594
E,oxidation,uncertainty,10,7,0.464052,0,0.25,0.4,1.12282,0.770446,0.699021
E,oxidation,uncertainty,10,8,0.581699,0.5,0.25,0.6,0.548006,0.559431,0.4411
E,oxidation,uncertainty,10,9,0.529412,0.5,0.25,0.6,0.548006,0.559431,0.4411
E,oxidation,uncertainty,10,10,0.633987,0.5,0.5,0.8,0.201222,0.317703,0.247718
E,oxidation,uncertainty,10,11,0.830065,1,0.75,0.8,0,0.008056,0.0349602
E,oxidation,uncertainty,10,12,0.79085,1,0.75,0.8,0,0.008056,0.0349602
E,oxidation,uncertainty,10,13,0.777778,1,0.75,0.8,0,0.008056,0.0349602
E,oxidation,uncertainty,10,14,0.816993,1,0.75,0.8,0,0.008056,0.0325146
E,oxidation,uncertainty,10,15,0.895425,1,0.75,0.8,0,0.008056,0.0325146
E,oxidation,uncertainty,10,16,0.986928,1,0.75,1,0,0.008056,0
E,oxidation,uncertainty,10,17,0.986928,1,0.75,1,0,0.008056,0
E,oxidation,uncertainty,10,18,1,1,1,1,0,0,0
E,oxidation,ranking_aware,10,4,0.202614,0,0.25,0.4,1.12282,0.770446,0.699021
E,oxidation,ranking_aware,10,5,0.189542,0,0.25,0.4,0.970036,0.770446,0.699021
E,oxidation,ranking_aware,10,6,0.176471,0,0.25,0.4,0.970036,0.770446,0.699021
E,oxidation,ranking_aware,10,7,0.398693,0,0.25,0.4,0.970036,0.786156,0.683594
E,oxidation,ranking_aware,10,8,0.398693,0,0.25,0.4,0.970036,0.770446,0.683594
E,oxidation,ranking_aware,10,9,0.529412,0,0.25,0.4,0.970036,0.770446,0.683594
E,oxidation,ranking_aware,10,10,0.542484,0,0.25,0.4,0.970036,0.770446,0.683594
E,oxidation,ranking_aware,10,11,0.607843,0.5,0.5,0.8,0.531894,0.483039,0.167229
E,oxidation,ranking_aware,10,12,0.72549,1,0.75,0.8,0,0.415903,0.326278
E,oxidation,ranking_aware,10,13,0.803922,1,0.75,0.8,0,0.173392,0.167229
E,oxidation,ranking_aware,10,14,0.882353,1,1,1,0,0,0
E,oxidation,ranking_aware,10,15,0.856209,1,1,1,0,0,0
E,oxidation,ranking_aware,10,16,0.973856,1,1,0.8,0,0,0.0153422
E,oxidation,ranking_aware,10,17,0.986928,1,1,1,0,0,0
E,oxidation,ranking_aware,10,18,1,1,1,1,0,0,0
E,oxidation,random,11,4,0.228758,0,0.25,0.2,1.22553,0.854492,0.766258
E,oxidation,random,11,5,0.333333,0,0.25,0.2,1.04132,0.854492,0.938941
E,oxidation,random,11,6,0.51634,0,0.5,0.4,0.623252,0.831436,0.693664
E,oxidation,random,11,7,0.542484,0,0.5,0.6,0.970036,0.812258,0.665148
E,oxidation,random,11,8,0.490196,0,0.5,0.6,1.6084,0.812258,0.665148
E,oxidation,random,11,9,0.503268,0,0.5,0.8,1.6084,0.812258,0.474549
E,oxidation,random,11,10,0.45098,0,0.5,0.8,1.6084,0.812258,0.474549
E,oxidation,random,11,11,0.686275,0.5,0.5,0.8,0.531894,0.766579,0.474549
E,oxidation,random,11,12,0.686275,0,0.5,0.6,0.623252,0.512252,0.438317
E,oxidation,random,11,13,0.72549,0,0.5,0.6,0.623252,0.512252,0.435871
E,oxidation,random,11,14,0.816993,0.5,0.75,0.8,0.091358,0.219071,0.190599
E,oxidation,random,11,15,0.960784,1,1,1,0,0,0
E,oxidation,random,11,16,0.947712,1,1,1,0,0,0
E,oxidation,random,11,17,0.934641,1,1,1,0,0,0
E,oxidation,random,11,18,1,1,1,1,0,0,0
E,oxidation,diversity,11,4,0.228758,0,0.25,0.2,1.22553,0.854492,0.766258
E,oxidation,diversity,11,5,0.411765,0,0.25,0.2,1.04132,1.08963,0.938941
E,oxidation,diversity,11,6,0.477124,0,0.5,0.4,1.27773,0.831436,0.691218
E,oxidation,diversity,11,7,0.620915,0.5,0.5,0.4,0.201222,0.620421,0.522406
E,oxidation,diversity,11,8,0.673203,0.5,0.5,0.4,0.201222,0.620421,0.522406
E,oxidation,diversity,11,9,0.686275,0.5,0.5,0.4,0.201222,0.620421,0.522406
E,oxidation,diversity,11,10,0.72549,0.5,0.75,0.8,0.201222,0.593187,0.474549
E,oxidation,diversity,11,11,0.712418,0.5,0.75,0.8,0.201222,0.593187,0.474549
E,oxidation,diversity,11,12,0.660131,0.5,0.75,0.6,0.201222,0.593187,0.500619
E,oxidation,diversity,11,13,0.908497,1,0.75,0.8,0,0.008056,0.021787
E,oxidation,diversity,11,14,0.856209,1,0.75,0.8,0,0.008056,0.021787
E,oxidation,diversity,11,15,0.921569,1,0.75,0.8,0,0.008056,0.021787
E,oxidation,diversity,11,16,0.973856,1,0.75,1,0,0.008056,0
E,oxidation,diversity,11,17,0.986928,1,1,1,0,0,0
E,oxidation,diversity,11,18,1,1,1,1,0,0,0
E,oxidation,uncertainty,11,4,0.228758,0,0.25,0.2,1.22553,0.854492,0.766258
E,oxidation,uncertainty,11,5,0.411765,0,0.25,0.2,1.04132,1.08963,0.938941
E,oxidation,uncertainty,11,6,0.477124,0,0.5,0.4,1.27773,0.831436,0.691218
E,oxidation,uncertainty,11,7,0.620915,0.5,0.5,0.4,0.201222,0.620421,0.522406
E,oxidation,uncertainty,11,8,0.633987,0.5,0.5,0.4,0.201222,0.620421,0.522406
E,oxidation,uncertainty,11,9,0.633987,0.5,0.75,0.6,0.201222,0.593187,0.489892
E,oxidation,uncertainty,11,10,0.72549,0.5,0.75,0.8,0.201222,0.593187,0.474549
E,oxidation,uncertainty,11,11,0.712418,0.5,0.75,0.8,0.201222,0.593187,0.474549
E,oxidation,uncertainty,11,12,0.895425,1,0.75,0.8,0,0.008056,0.021787
E,oxidation,uncertainty,11,13,0.908497,1,0.75,0.8,0,0.008056,0.021787
E,oxidation,uncertainty,11,14,0.856209,1,0.75,0.8,0,0.008056,0.021787
E,oxidation,uncertainty,11,15,0.921569,1,0.75,0.8,0,0.008056,0.021787
E,oxidation,uncertainty,11,16,0.973856,1,0.75,1,0,0.008056,0
E,oxidation,uncertainty,11,17,0.986928,1,0.75,1,0,0.008056,0
E,oxidation,uncertainty,11,18,1,1,1,1,0,0,0
E,oxidation,ranking_aware,11,4,0.228758,0,0.25,0.2,1.22553,0.854492,0.766258
E,oxidation,ranking_aware,11,5,0.437908,0,0.5,0.4,1.6084,0.847902,0.693664
E,oxidation,ranking_aware,11,6,0.163399,0,0.25,0.2,1.04132,0.889486,0.766258
E,oxidation,ranking_aware,11,7,0.163399,0,0.25,0.2,1.04132,0.889486,0.766258
E,oxidation,ranking_aware,11,8,0.202614,0.5,0.5,0.4,0.42203,0.859125,0.754536
E,oxidation,ranking_aware,11,9,0.346405,0.5,0.5,0.4,0.42203,0.512153,0.492387
E,oxidation,ranking_aware,11,10,0.51634,0.5,0.5,0.4,0.42203,0.512153,0.464391
E,oxidation,ranking_aware,11,11,0.647059,1,0.75,0.6,0,0.209036,0.221898
E,oxidation,ranking_aware,11,12,0.686275,1,0.75,0.8,0,0.173392,0.167229
E,oxidation,ranking_aware,11,13,0.764706,1,0.75,0.8,0,0.173392,0.167229
E,oxidation,ranking_aware,11,14,0.830065,1,1,1,0,0,0
E,oxidation,ranking_aware,11,15,0.843137,1,1,1,0,0,0
E,oxidation,ranking_aware,11,16,0.869281,1,1,1,0,0,0
E,oxidation,ranking_aware,11,17,0.986928,1,1,1,0,0,0
E,oxidation,ranking_aware,11,18,1,1,1,1,0,0,0
E,oxidation,random,12,4,0.411765,0,0.5,0.4,0.623252,0.597054,0.54488
E,oxidation,random,12,5,0.30719,0.5,0.5,0.6,0.091358,0.414503,0.325158
E,oxidation,random,12,6,0.398876,0.5,0.75,0.6,0.091358,0.254715,0.258441
E,oxidation,random,12,7,0.51634,0.5,0.75,0.6,0.091358,0.254715,0.258441
E,oxidation,random,12,8,0.464052,0.5,0.75,0.6,0.091358,0.254715,0.271009
E,oxidation,random,12,9,0.464052,0.5,0.75,0.6,0.091358,0.303117,0.271009
E,oxidation,random,12,10,0.594771,0.5,0.75,0.6,0.091358,0.254715,0.258441
E,oxidation,random,12,11,0.673203,0.5,0.75,0.6,0.091358,0.251658,0.229842
E,oxidation,random,12,12,0.738562,0.5,0.75,0.6,0.091358,0.303117,0.257836
E,oxidation,random,12,13,0.738562,0.5,0.75,0.6,0.091358,0.303117,0.257836
E,oxidation,random,12,14,0.856209,1,1,0.8,0,0,0.0153422
E,oxidation,random,12,15,0.921569,1,1,1,0,0,0
E,oxidation,random,12,16,0.973856,1,1,1,0,0,0
E,oxidation,random,12,17,0.986928,1,1,1,0,0,0
E,oxidation,random,12,18,1,1,1,1,0,0,0
E,oxidation,diversity,12,4,0.411765,0,0.5,0.4,0.623252,0.597054,0.54488
E,oxidation,diversity,12,5,0.45098,0,0.5,0.4,1.27773,0.831436,0.691218
E,oxidation,diversity,12,6,0.333333,0,0.5,0.4,0.623252,0.705001,0.618669
E,oxidation,diversity,12,7,0.542484,0.5,0.5,0.4,0.201222,0.620421,0.522406
E,oxidation,diversity,12,8,0.594771,0.5,0.5,0.4,0.201222,0.620421,0.522406
E,oxidation,diversity,12,9,0.647059,0.5,0.5,0.4,0.201222,0.620421,0.522406
E,oxidation,diversity,12,10,0.660131,0.5,0.75,0.8,0.201222,0.274003,0.247718
E,oxidation,diversity,12,11,0.856209,1,1,1,0,0,0
E,oxidation,diversity,12,12,0.803922,1,1,1,0,0,0
E,oxidation,diversity,12,13,0.777778,1,1,1,0,0,0
E,oxidation,diversity,12,14,0.856209,1,1,1,0,0,0
E,oxidation,diversity,12,15,0.908497,1,1,1,0,0,0
E,oxidation,diversity,12,16,0.973856,1,1,1,0,0,0
E,oxidation,diversity,12,17,0.973856,1,0.75,0.8,0,0.0272338,0.0153422
E,oxidation,diversity,12,18,1,1,1,1,0,0,0
E,oxidation,uncertainty,12,4,0.411765,0,0.5,0.4,0.623252,0.597054,0.54488
E,oxidation,uncertainty,12,5,0.45098,0,0.5,0.4,1.27773,0.831436,0.691218
E,oxidation,uncertainty,12,6,0.333333,0,0.5,0.4,0.623252,0.705001,0.618669
E,oxidation,uncertainty,12,7,0.542484,0.5,0.5,0.4,0.201222,0.620421,0.522406
E,oxidation,uncertainty,12,8,0.594771,0.5,0.5,0.4,0.201222,0.620421,0.522406
E,oxidation,uncertainty,12,9,0.647059,0.5,0.5,0.4,0.201222,0.620421,0.522406
E,oxidation,uncertainty,12,10,0.633987,0.5,0.75,0.8,0.201222,0.593187,0.474549
E,oxidation,uncertainty,12,11,0.908497,1,1,1,0,0,0
E,oxidation,uncertainty,12,12,0.908497,1,1,1,0,0,0
E,oxidation,uncertainty,12,13,0.908497,1,1,1,0,0,0
E,oxidation,uncertainty,12,14,0.830065,1,1,0.8,0,0,0.0672366
E,oxidation,uncertainty,12,15,0.934641,1,1,1,0,0,0
E,oxidation,uncertainty,12,16,0.973856,1,1,1,0,0,0
E,oxidation,uncertainty,12,17,1,1,1,1,0,0,0
E,oxidation,uncertainty,12,18,1,1,1,1,0,0,0
E,oxidation,ranking_aware,12,4,0.411765,0,0.5,0.4,0.623252,0.597054,0.54488
E,oxidation,ranking_aware,12,5,0.568627,0.5,0.5,0.4,0.201222,0.620421,0.522406
E,oxidation,ranking_aware,12,6,0.466483,0.5,0.75,0.6,0.201222,0.309647,0.302387
E,oxidation,ranking_aware,12,7,0.464052,0.5,0.75,0.6,0.201222,0.309647,0.302387
E,oxidation,ranking_aware,12,8,0.503268,0.5,0.75,0.6,0.201222,0.309647,0.314954
E,oxidation,ranking_aware,12,9,0.542484,0.5,0.75,0.8,0.201222,0.274003,0.247718
E,oxidation,ranking_aware,12,10,0.555556,0.5,0.75,0.8,0.201222,0.274003,0.247718
E,oxidation,ranking_aware,12,11,0.594771,1,1,1,0,0,0
E,oxidation,ranking_aware,12,12,0.738562,1,1,1,0,0,0
E,oxidation,ranking_aware,12,13,0.79085,1,1,0.8,0,0,0.0672366
E,oxidation,ranking_aware,12,14,0.830065,1,1,1,0,0,0
E,oxidation,ranking_aware,12,15,0.843137,1,1,1,0,0,0
E,oxidation,ranking_aware,12,16,0.869281,1,1,1,0,0,0
E,oxidation,ranking_aware,12,17,0.986928,1,1,1,0,0,0
E,oxidation,ranking_aware,12,18,1,1,1,1,0,0,0
E,oxidation,random,13,4,0.321388,0.5,0.5,0.4,0.531894,0.583312,0.495165
E,oxidation,random,13,5,0.261516,0.5,0.5,0.4,0.531894,0.58637,0.536332
E,oxidation,random,13,6,0.277185,0.5,0.5,0.4,0.531894,0.58637,0.536332
E,oxidation,random,13,7,0.267974,0.5,0.5,0.4,0.531894,0.58637,0.523764
E,oxidation,random,13,8,0.43944,0.5,0.5,0.6,0.531894,0.515627,0.273788
E,oxidation,random,13,9,0.580116,1,0.75,0.6,0,0.205979,0.193299
E,oxidation,random,13,10,0.6733,1,0.75,0.6,0,0.205979,0.193299
E,oxidation,random,13,11,0.6733,1,1,0.8,0,0,0.0260698
E,oxidation,random,13,12,0.751634,1,1,0.8,0,0,0.0260698
E,oxidation,random,13,13,0.738562,1,1,0.8,0,0,0.0260698
E,oxidation,random,13,14,0.764706,1,1,0.8,0,0,0.0260698
E,oxidation,random,13,15,0.803922,1,1,1,0,0,0
E,oxidation,random,13,16,0.830065,1,1,1,0,0,0
E,oxidation,random,13,17,0.908497,1,1,1,0,0,0
E,oxidation,random,13,18,1,1,1,1,0,0,0
E,oxidation,diversity,13,4,0.321388,0.5,0.5,0.4,0.531894,0.583312,0.495165
E,oxidation,diversity,13,5,0.424837,0.5,0.5,0.4,0.531894,0.551375,0.508337
E,oxidation,diversity,13,6,0.45098,0.5,0.5,0.4,0.531894,0.551375,0.508337
E,oxidation,diversity,13,7,0.503268,0.5,0.5,0.6,0.531894,0.483039,0.4411
E,oxidation,diversity,13,8,0.633987,0.5,0.5,0.6,0.531894,0.483039,0.4411
E,oxidation,diversity,13,9,0.607843,0.5,0.5,0.6,0.531894,0.483039,0.4411
E,oxidation,diversity,13,10,0.764706,1,0.75,0.8,0,0.173392,0.167229
E,oxidation,diversity,13,11,0.856209,1,1,1,0,0,0
E,oxidation,diversity,13,12,0.803922,1,1,1,0,0,0
E,oxidation,diversity,13,13,0.777778,1,1,1,0,0,0
E,oxidation,diversity,13,14,0.856209,1,1,1,0,0,0
E,oxidation,diversity,13,15,0.908497,1,1,1,0,0,0
E,oxidation,diversity,13,16,0.973856,1,1,1,0,0,0
E,oxidation,diversity,13,17,0.973856,1,0.75,0.8,0,0.0272338,0.0153422
E,oxidation,diversity,13,18,1,1,1,1,0,0,0
E,oxidation,uncertainty,13,4,0.321388,0.5,0.5,0.4,0.531894,0.583312,0.495165
E,oxidation,uncertainty,13,5,0.261516,0.5,0.5,0.4,0.531894,0.58637,0.523764
E,oxidation,uncertainty,13,6,0.371628,0.5,0.75,0.6,0.201222,0.309647,0.330382
E,oxidation,uncertainty,13,7,0.294118,0.5,0.75,0.6,0.201222,0.309647,0.330382
E,oxidation,uncertainty,13,8,0.555556,0.5,1,0.8,0.201222,0,0.0672366
E,oxidation,uncertainty,13,9,0.673203,0.5,0.75,0.6,0.201222,0.309647,0.302387
E,oxidation,uncertainty,13,10,0.686275,0.5,0.75,0.8,0.201222,0.274003,0.247718
E,oxidation,uncertainty,13,11,0.764706,0.5,0.75,0.8,0.201222,0.274003,0.247718
E,oxidation,uncertainty,13,12,0.699346,0.5,0.75,0.8,0.201222,0.274003,0.247718
E,oxidation,uncertainty,13,13,0.803922,1,0.75,0.8,0,0.0921018,0.0672366
E,oxidation,uncertainty,13,14,0.777778,1,0.75,0.8,0,0.0921018,0.0672366
E,oxidation,uncertainty,13,15,0.816993,1,1,1,0,0,0
E,oxidation,uncertainty,13,16,0.947712,1,1,1,0,0,0
E,oxidation,uncertainty,13,17,0.973856,1,1,1,0,0,0
E,oxidation,uncertainty,13,18,1,1,1,1,0,0,0
E,oxidation,ranking_aware,13,4,0.321388,0.5,0.5,0.4,0.531894,0.583312,0.495165
E,oxidation,ranking_aware,13,5,0.37998,0.5,0.5,0.4,0.531894,0.58637,0.523764
E,oxidation,ranking_aware,13,6,0.43944,0.5,0.75,0.6,0.201222,0.377333,0.330382
E,oxidation,ranking_aware,13,7,0.445904,0.5,0.75,0.6,0.201222,0.309647,0.330382
E,oxidation,ranking_aware,13,8,0.542484,0.5,0.75,0.6,0.201222,0.309647,0.314954
E,oxidation,ranking_aware,13,9,0.568627,0.5,0.75,0.6,0.201222,0.309647,0.314954
E,oxidation,ranking_aware,13,10,0.647059,1,1,0.8,0,0,0.0285154
E,oxidation,ranking_aware,13,11,0.764706,1,1,0.8,0,0,0.0285154
E,oxidation,ranking_aware,13,12,0.830065,1,1,1,0,0,0
E,oxidation,ranking_aware,13,13,0.816993,1,1,1,0,0,0
E,oxidation,ranking_aware,13,14,0.830065,1,1,1,0,0,0
E,oxidation,ranking_aware,13,15,0.830065,1,1,1,0,0,0
E,oxidation,ranking_aware,13,16,0.973856,1,1,1,0,0,0
E,oxidation,ranking_aware,13,17,0.986928,1,1,1,0,0,0
E,oxidation,ranking_aware,13,18,1,1,1,1,0,0,0
E,oxidation,random,14,4,0.320261,0.5,0.5,0.4,0.606234,0.907526,0.754536
E,oxidation,random,14,5,0.267974,0.5,0.5,0.6,0.606234,0.907526,0.550764
E,oxidation,random,14,6,0.333333,0.5,0.5,0.6,0.606234,0.907526,0.550764
E,oxidation,random,14,7,0.45098,0.5,0.5,0.6,0.606234,0.907526,0.550764
E,oxidation,random,14,8,0.568627,0.5,0.5,0.6,0.42203,0.411641,0.355382
E,oxidation,random,14,9,0.503268,0.5,0.75,0.8,0.606234,0.303117,0.242493
E,oxidation,random,14,10,0.555556,0.5,0.5,0.6,0.42203,0.411641,0.355382
E,oxidation,random,14,11,0.607843,0.5,0.75,0.8,0.091358,0.219071,0.190599
E,oxidation,random,14,12,0.686275,0.5,0.75,0.8,0.091358,0.219071,0.190599
E,oxidation,random,14,13,0.686275,0.5,0.75,0.8,0.091358,0.219071,0.190599
E,oxidation,random,14,14,0.738562,1,0.75,0.8,0,0.173392,0.154056
E,oxidation,random,14,15,0.843137,1,1,1,0,0,0
E,oxidation,random,14,16,0.947712,1,1,1,0,0,0
E,oxidation,random,14,17,0.934641,1,1,1,0,0,0
E,oxidation,random,14,18,1,1,1,1,0,0,0
E,oxidation,diversity,14,4,0.320261,0.5,0.5,0.4,0.606234,0.907526,0.754536
E,oxidation,diversity,14,5,0.294118,0.5,0.25,0.4,0.606234,1.01891,0.808685
E,oxidation,diversity,14,6,0.333333,1,0.5,0.4,0,0.696511,0.639873
E,oxidation,diversity,14,7,0.346405,1,0.5,0.4,0,0.696511,0.639873
E,oxidation,diversity,14,8,0.320261,1,0.5,0.4,0,0.368824,0.639873
E,oxidation,diversity,14,9,0.398693,1,0.5,0.4,0,0.368824,0.639873
E,oxidation,diversity,14,10,0.751634,1,0.75,0.8,0,0.173392,0.154056
E,oxidation,diversity,14,11,0.738562,1,0.75,0.8,0,0.173392,0.20595
E,oxidation,diversity,14,12,0.738562,1,0.75,0.8,0,0.173392,0.20595
E,oxidation,diversity,14,13,0.908497,1,1,1,0,0,0
E,oxidation,diversity,14,14,0.830065,1,1,0.8,0,0,0.0672366
E,oxidation,diversity,14,15,0.934641,1,1,1,0,0,0
E,oxidation,diversity,14,16,0.973856,1,1,1,0,0,0
E,oxidation,diversity,14,17,0.986928,1,1,1,0,0,0
E,oxidation,diversity,14,18,1,1,1,1,0,0,0
E,oxidation,uncertainty,14,4,0.320261,0.5,0.5,0.4,0.606234,0.907526,0.754536
E,oxidation,uncertainty,14,5,0.294118,0.5,0.25,0.4,0.606234,1.01891,0.808685
E,oxidation,uncertainty,14,6,0.320261,0.5,0.25,0.4,0.606234,1.01891,0.639873
E,oxidation,uncertainty,14,7,0.346405,1,0.5,0.4,0,0.696511,0.639873
E,oxidation,uncertainty,14,8,0.738562,1,0.75,0.6,0,0.19257,0.182571
E,oxidation,uncertainty,14,9,0.777778,1,0.75,0.6,0,0.19257,0.180126
E,oxidation,uncertainty,14,10,0.633987,1,0.75,0.6,0,0.257438,0.461297
E,oxidation,uncertainty,14,11,0.738562,1,0.75,0.8,0,0.173392,0.20595
E,oxidation,uncertainty,14,12,0.908497,1,1,1,0,0,0
E,oxidation,uncertainty,14,13,0.908497,1,1,1,0,0,0
E,oxidation,uncertainty,14,14,0.830065,1,1,0.8,0,0,0.0672366
E,oxidation,uncertainty,14,15,0.934641,1,1,1,0,0,0
E,oxidation,uncertainty,14,16,0.973856,1,1,1,0,0,0
E,oxidation,uncertainty,14,17,1,1,1,1,0,0,0
E,oxidation,uncertainty,14,18,1,1,1,1,0,0,0
E,oxidation,ranking_aware,14,4,0.320261,0.5,0.5,0.4,0.606234,0.907526,0.754536
E,oxidation,ranking_aware,14,5,0.459019,0.5,0.5,0.4,0.42203,0.444228,0.383898
E,oxidation,ranking_aware,14,6,0.313396,1,0.75,0.6,0,0.209036,0.221898
E,oxidation,ranking_aware,14,7,0.30719,1,0.75,0.8,0,0.173392,0.167229
E,oxidation,ranking_aware,14,8,0.0457516,1,0.75,0.6,0,0.554788,0.740879
E,oxidation,ranking_aware,14,9,0.72549,1,1,1,0,0,0
E,oxidation,ranking_aware,14,10,0.555556,1,0.75,0.6,0,0.32724,0.316461
E,oxidation,ranking_aware,14,11,0.751634,1,1,1,0,0,0
E,oxidation,ranking_aware,14,12,0.843137,1,1,1,0,0,0
E,oxidation,ranking_aware,14,13,0.960784,1,1,1,0,0,0
E,oxidation,ranking_aware,14,14,0.986928,1,1,1,0,0,0
E,oxidation,ranking_aware,14,15,0.986928,1,1,1,0,0,0
E,oxidation,ranking_aware,14,16,0.986928,1,1,1,0,0,0
E,oxidation,ranking_aware,14,17,0.986928,1,1,1,0,0,0
E,oxidation,ranking_aware,14,18,1,1,1,1,0,0,0
E,oxidation,random,15,4,0.197027,0.5,0.5,0.4,0.606234,0.512153,0.464391
E,oxidation,random,15,5,0.112587,0.5,0.5,0.4,0.701313,0.608094,0.514991
E,oxidation,random,15,6,0.313396,0.5,0.5,0.4,0.42203,0.512153,0.492387
E,oxidation,random,15,7,0.303645,0.5,0.5,0.4,0.42203,0.559693,0.58878
E,oxidation,random,15,8,0.385621,0.5,0.5,0.4,0.42203,0.512153,0.492387
E,oxidation,random,15,9,0.398693,0.5,0.5,0.4,0.42203,0.512153,0.464391
E,oxidation,random,15,10,0.581699,0.5,0.5,0.4,0.42203,0.447285,0.383898
E,oxidation,random,15,11,0.738562,1,0.75,0.6,0,0.19257,0.182571
E,oxidation,random,15,12,0.764706,1,1,0.8,0,0,0.0153422
E,oxidation,random,15,13,0.830065,1,0.75,0.8,0,0.173392,0.154056
E,oxidation,random,15,14,0.843137,1,1,1,0,0,0
E,oxidation,random,15,15,0.699346,1,0.75,0.8,0,0.415903,0.326278
E,oxidation,random,15,16,0.947712,1,1,1,0,0,0
E,oxidation,random,15,17,0.973856,1,1,1,0,0,0
E,oxidation,random,15,18,1,1,1,1,0,0,0
E,oxidation,diversity,15,4,0.197027,0.5,0.5,0.4,0.606234,0.512153,0.464391
E,oxidation,diversity,15,5,0.192696,0.5,0.25,0.4,0.790706,0.764177,0.604897
E,oxidation,diversity,15,6,0.281046,0.5,0.25,0.2,0.790706,0.764177,0.71661
E,oxidation,diversity,15,7,0.359477,0.5,0.25,0.4,0.438142,0.660847,0.611342
E,oxidation,diversity,15,8,0.490196,0.5,0.5,0.6,0.42203,0.428107,0.483512
E,oxidation,diversity,15,9,0.581699,0.5,0.5,0.6,0.42203,0.428107,0.483512
E,oxidation,diversity,15,10,0.673203,0.5,0.75,0.8,0.091358,0.219071,0.203772
E,oxidation,diversity,15,11,0.856209,1,1,1,0,0,0
E,oxidation,diversity,15,12,0.803922,1,1,1,0,0,0
E,oxidation,diversity,15,13,0.777778,1,1,1,0,0,0
E,oxidation,diversity,15,14,0.856209,1,1,1,0,0,0
E,oxidation,diversity,15,15,0.908497,1,1,1,0,0,0
E,oxidation,diversity,15,16,0.973856,1,1,1,0,0,0
E,oxidation,diversity,15,17,0.973856,1,0.75,0.8,0,0.0272338,0.0153422
E,oxidation,diversity,15,18,1,1,1,1,0,0,0
E,oxidation,uncertainty,15,4,0.197027,0.5,0.5,0.4,0.606234,0.512153,0.464391
E,oxidation,uncertainty,15,5,0.286724,0.5,0.5,0.4,0.42203,0.512153,0.492387
E,oxidation,uncertainty,15,6,0.38033,0.5,0.5,0.4,0.42203,0.512153,0.492387
E,oxidation,uncertainty,15,7,0.367215,0.5,0.5,0.4,0.42203,0.604389,0.550748
E,oxidation,uncertainty,15,8,0.477124,0.5,0.5,0.4,0.42203,0.604389,0.53818
E,oxidation,uncertainty,15,9,0.581699,0.5,0.5,0.6,0.42203,0.428107,0.483512
E,oxidation,uncertainty,15,10,0.673203,0.5,0.75,0.8,0.091358,0.219071,0.203772
E,oxidation,uncertainty,15,11,0.856209,1,1,1,0,0,0
E,oxidation,uncertainty,15,12,0.803922,1,1,1,0,0,0
E,oxidation,uncertainty,15,13,0.777778,1,1,1,0,0,0
E,oxidation,uncertainty,15,14,0.856209,1,1,1,0,0,0
E,oxidation,uncertainty,15,15,0.908497,1,1,1,0,0,0
E,oxidation,uncertainty,15,16,0.973856,1,1,1,0,0,0
E,oxidation,uncertainty,15,17,1,1,1,1,0,0,0
E,oxidation,uncertainty,15,18,1,1,1,1,0,0,0
E,oxidation,ranking_aware,15,4,0.197027,0.5,0.5,0.4,0.606234,0.512153,0.464391
E,oxidation,ranking_aware,15,5,0.455923,0.5,0.5,0.6,0.476498,0.278892,0.216669
E,oxidation,ranking_aware,15,6,0.398876,0.5,0.25,0.2,0.476498,0.52062,0.445011
E,oxidation,ranking_aware,15,7,0.393412,0.5,0.25,0.2,0.476498,0.572078,0.483733
E,oxidation,ranking_aware,15,8,0.486764,0.5,0.25,0.2,0.476498,0.572078,0.483733
E,oxidation,ranking_aware,15,9,0.555556,0.5,0.25,0.4,0.476498,0.487928,0.383898
E,oxidation,ranking_aware,15,10,0.568627,0.5,0.5,0.4,0.476498,0.444228,0.383898
E,oxidation,ranking_aware,15,11,0.647059,0.5,0.75,0.6,0.091358,0.238249,0.216669
E,oxidation,ranking_aware,15,12,0.72549,0.5,0.5,0.4,0.091358,0.278892,0.251629
E,oxidation,ranking_aware,15,13,0.764706,0.5,0.75,0.6,0.091358,0.238249,0.216669
E,oxidation,ranking_aware,15,14,0.777778,0.5,0.75,0.6,0.091358,0.238249,0.216669
E,oxidation,ranking_aware,15,15,0.882353,1,1,0.8,0,0,0.0153422
E,oxidation,ranking_aware,15,16,0.973856,1,1,1,0,0,0
E,oxidation,ranking_aware,15,17,0.986928,1,1,1,0,0,0
E,oxidation,ranking_aware,15,18,1,1,1,1,0,0,0
E,oxidation,random,16,4,0.294118,0,0.5,0.4,0.677719,0.831436,0.691218
E,oxidation,random,16,5,0.346405,0,0.5,0.4,0.623252,0.660303,0.582912
E,oxidation,random,16,6,0.424837,0,0.25,0.4,1.27773,0.872079,0.691218
E,oxidation,random,16,7,0.503268,0.5,0.75,0.6,0.091358,0.254715,0.271009
E,oxidation,random,16,8,0.542484,0.5,0.75,0.8,0.091358,0.219071,0.242493
E,oxidation,random,16,9,0.529412,0.5,0.75,0.8,0.091358,0.219071,0.203772
E,oxidation,random,16,10,0.503268,0.5,0.75,0.8,0.091358,0.219071,0.203772
E,oxidation,random,16,11,0.594771,1,1,1,0,0,0
E,oxidation,random,16,12,0.620915,1,1,1,0,0,0
E,oxidation,random,16,13,0.803922,1,1,1,0,0,0
E,oxidation,random,16,14,0.830065,1,1,1,0,0,0
E,oxidation,random,16,15,0.843137,1,1,1,0,0,0
E,oxidation,random,16,16,0.869281,1,1,1,0,0,0
E,oxidation,random,16,17,0.986928,1,1,1,0,0,0
E,oxidation,random,16,18,1,1,1,1,0,0,0
E,oxidation,diversity,16,4,0.294118,0,0.5,0.4,0.677719,0.831436,0.691218
E,oxidation,diversity,16,5,0.346405,0,0.5,0.4,0.623252,0.660303,0.582912
E,oxidation,diversity,16,6,0.346405,0,0.5,0.4,0.623252,0.660303,0.582912
E,oxidation,diversity,16,7,0.51634,0.5,0.5,0.4,0.201222,0.620421,0.522406
E,oxidation,diversity,16,8,0.542484,0.5,0.5,0.4,0.201222,0.620421,0.522406
E,oxidation,diversity,16,9,0.581699,0.5,0.5,0.4,0.201222,0.620421,0.522406
E,oxidation,diversity,16,10,0.869281,1,1,1,0,0,0
E,oxidation,diversity,16,11,0.816993,1,1,1,0,0,0
E,oxidation,diversity,16,12,0.895425,1,1,1,0,0,0
E,oxidation,diversity,16,13,0.908497,1,1,1,0,0,0
E,oxidation,diversity,16,14,0.830065,1,1,0.8,0,0,0.0672366
E,oxidation,diversity,16,15,0.934641,1,1,1,0,0,0
E,oxidation,diversity,16,16,0.973856,1,1,1,0,0,0
E,oxidation,diversity,16,17,0.986928,1,1,1,0,0,0
E,oxidation,diversity,16,18,1,1,1,1,0,0,0
E,oxidation,uncertainty,16,4,0.294118,0,0.5,0.4,0.677719,0.831436,0.691218
E,oxidation,uncertainty,16,5,0.346405,0,0.5,0.4,0.623252,0.660303,0.582912
E,oxidation,uncertainty,16,6,0.372549,0,0.5,0.4,0.623252,0.660303,0.582912
E,oxidation,uncertainty,16,7,0.529412,0.5,0.5,0.4,0.201222,0.620421,0.522406
E,oxidation,uncertainty,16,8,0.529412,0.5,0.5,0.4,0.201222,0.620421,0.522406
E,oxidation,uncertainty,16,9,0.581699,0.5,0.5,0.4,0.201222,0.620421,0.522406
E,oxidation,uncertainty,16,10,0.869281,1,1,1,0,0,0
E,oxidation,uncertainty,16,11,0.816993,1,1,1,0,0,0
E,oxidation,uncertainty,16,12,0.895425,1,1,1,0,0,0
E,oxidation,uncertainty,16,13,0.908497,1,1,1,0,0,0
E,oxidation,uncertainty,16,14,0.830065,1,1,0.8,0,0,0.0672366
E,oxidation,uncertainty,16,15,0.934641,1,1,1,0,0,0
E,oxidation,uncertainty,16,16,0.973856,1,1,1,0,0,0
E,oxidation,uncertainty,16,17,1,1,1,1,0,0,0
E,oxidation,uncertainty,16,18,1,1,1,1,0,0,0
E,oxidation,ranking_aware,16,4,0.294118,0,0.5,0.4,0.677719,0.831436,0.691218
E,oxidation,ranking_aware,16,5,0.33776,0,0.5,0.6,0.623252,0.727989,0.407135
E,oxidation,ranking_aware,16,6,0.309614,0,0.5,0.4,0.623252,0.612764,0.516281
E,oxidation,ranking_aware,16,7,0.36674,0.5,0.75,0.6,0.091358,0.254715,0.258441
E,oxidation,ranking_aware,16,8,0.514877,0.5,0.75,0.6,0.091358,0.251658,0.229842
E,oxidation,ranking_aware,16,9,0.5001,0.5,0.75,0.6,0.091358,0.251658,0.229842
E,oxidation,ranking_aware,16,10,0.459019,0.5,0.75,0.6,0.091358,0.251658,0.229842
E,oxidation,ranking_aware,16,11,0.464052,0.5,0.75,0.8,0.091358,0.219071,0.201327
E,oxidation,ranking_aware,16,12,0.555556,0.5,0.75,0.8,0.091358,0.219071,0.201327
E,oxidation,ranking_aware,16,13,0.620915,0.5,0.75,0.8,0.091358,0.219071,0.201327
E,oxidation,ranking_aware,16,14,0.843137,0.5,0.75,0.8,0.091358,0.219071,0.190599
E,oxidation,ranking_aware,16,15,0.843137,0.5,0.75,0.8,0.091358,0.219071,0.190599
E,oxidation,ranking_aware,16,16,0.973856,1,1,1,0,0,0
E,oxidation,ranking_aware,16,17,0.986928,1,1,1,0,0,0
E,oxidation,ranking_aware,16,18,1,1,1,1,0,0,0
E,oxidation,random,17,4,0.326732,0.5,0.25,0.4,0.61318,0.627013,0.495165
E,oxidation,random,17,5,0.30719,0.5,0.25,0.2,0.754666,0.627013,0.756957
E,oxidation,random,17,6,0.372549,0.5,0.25,0.2,1.18637,0.8264,0.689635
E,oxidation,random,17,7,0.581699,0.5,0.5,0.6,1.18637,0.785757,0.489892
E,oxidation,random,17,8,0.673203,0.5,0.75,0.6,0.201222,0.593187,0.489892
E,oxidation,random,17,9,0.673203,0.5,0.75,0.6,0.201222,0.593187,0.489892
E,oxidation,random,17,10,0.607843,0.5,0.5,0.6,1.18637,0.785757,0.489892
E,oxidation,random,17,11,0.633987,0.5,0.5,0.4,0.531894,0.515627,0.46717
E,oxidation,random,17,12,0.699346,0.5,0.5,0.6,0.531894,0.515627,0.273788
E,oxidation,random,17,13,0.764706,0.5,0.5,0.6,0.531894,0.479982,0.412501
E,oxidation,random,17,14,0.960784,1,1,1,0,0,0
E,oxidation,random,17,15,0.947712,1,0.75,0.8,0,0.0272338,0.0153422
E,oxidation,random,17,16,0.973856,1,1,1,0,0,0
E,oxidation,random,17,17,0.973856,1,1,1,0,0,0
E,oxidation,random,17,18,1,1,1,1,0,0,0
E,oxidation,diversity,17,4,0.326732,0.5,0.25,0.4,0.61318,0.627013,0.495165
E,oxidation,diversity,17,5,0.385621,0.5,0.25,0.2,1.18637,0.8264,0.689635
E,oxidation,diversity,17,6,0.372549,0.5,0.25,0.2,1.18637,0.8264,0.689635
E,oxidation,diversity,17,7,0.411765,0.5,0.25,0.4,0.548006,0.842971,0.700446
E,oxidation,diversity,17,8,0.437908,0.5,0.25,0.4,0.548006,0.842971,0.689719
E,oxidation,diversity,17,9,0.751634,1,0.5,0.6,0,0.214035,0.199744
E,oxidation,diversity,17,10,0.699346,1,0.5,0.8,0,0.265494,0.20595
E,oxidation,diversity,17,11,0.738562,1,0.75,0.6,0,0.19257,0.409403
E,oxidation,diversity,17,12,0.738562,1,0.75,0.6,0,0.19257,0.409403
E,oxidation,diversity,17,13,0.856209,1,0.75,0.8,0,0.008056,0.0325146
E,oxidation,diversity,17,14,0.816993,1,0.75,0.8,0,0.008056,0.0325146
E,oxidation,diversity,17,15,0.895425,1,0.75,0.8,0,0.008056,0.0325146
E,oxidation,diversity,17,16,0.986928,1,0.75,1,0,0.008056,0
E,oxidation,diversity,17,17,0.973856,1,0.75,0.8,0,0.0272338,0.0153422
E,oxidation,diversity,17,18,1,1,1,1,0,0,0
E,oxidation,uncertainty,17,4,0.326732,0.5,0.25,0.4,0.61318,0.627013,0.495165
E,oxidation,uncertainty,17,5,0.385621,0.5,0.25,0.2,0.61318,0.627013,0.606878
E,oxidation,uncertainty,17,6,0.398693,0.5,0.25,0.4,1.18637,0.8264,0.654675
E,oxidation,uncertainty,17,7,0.477124,0.5,0.5,0.4,1.18637,0.785757,0.654675
E,oxidation,uncertainty,17,8,0.437908,0.5,0.25,0.4,0.548006,0.842971,0.689719
E,oxidation,uncertainty,17,9,0.751634,1,0.5,0.6,0,0.214035,0.199744
E,oxidation,uncertainty,17,10,0.699346,1,0.5,0.8,0,0.265494,0.20595
E,oxidation,uncertainty,17,11,0.869281,1,0.75,0.8,0,0.008056,0.0325146
E,oxidation,uncertainty,17,12,0.856209,1,0.75,0.8,0,0.008056,0.0325146
E,oxidation,uncertainty,17,13,0.856209,1,0.75,0.8,0,0.008056,0.0325146
E,oxidation,uncertainty,17,14,0.816993,1,0.75,0.8,0,0.008056,0.0325146
E,oxidation,uncertainty,17,15,0.895425,1,0.75,0.8,0,0.008056,0.0325146
E,oxidation,uncertainty,17,16,0.986928,1,0.75,1,0,0.008056,0
E,oxidation,uncertainty,17,17,0.986928,1,0.75,1,0,0.008056,0
E,oxidation,uncertainty,17,18,1,1,1,1,0,0,0
E,oxidation,ranking_aware,17,4,0.326732,0.5,0.25,0.4,0.61318,0.627013,0.495165
E,oxidation,ranking_aware,17,5,0.41292,0.5,0.25,0.4,0.61318,0.54286,0.295575
E,oxidation,ranking_aware,17,6,0.371628,0.5,0.25,0.4,0.61318,0.54286,0.427843
E,oxidation,ranking_aware,17,7,0.446756,0.5,0.25,0.2,0.61318,0.607728,0.568847
E,oxidation,ranking_aware,17,8,0.43342,0.5,0.25,0.2,0.61318,0.607728,0.568847
E,oxidation,ranking_aware,17,9,0.460092,0.5,0.5,0.4,0.201222,0.350291,0.347469
E,oxidation,ranking_aware,17,10,0.606788,1,0.75,0.6,0,0.0406433,0.06103
E,oxidation,ranking_aware,17,11,0.594089,1,0.75,0.6,0,0.0406433,0.06103
E,oxidation,ranking_aware,17,12,0.633694,1,1,0.8,0,0,0.0260698
E,oxidation,ranking_aware,17,13,0.581699,1,1,0.8,0,0,0.0260698
E,oxidation,ranking_aware,17,14,0.633987,1,1,1,0,0,0
E,oxidation,ranking_aware,17,15,0.72549,1,1,1,0,0,0
E,oxidation,ranking_aware,17,16,0.947712,1,0.75,0.8,0,0.0272338,0.0153422
E,oxidation,ranking_aware,17,17,0.973856,1,1,1,0,0,0
E,oxidation,ranking_aware,17,18,1,1,1,1,0,0,0
E,oxidation,random,18,4,0.250143,0,0.25,0.4,1.05132,0.718231,0.829932
E,oxidation,random,18,5,0.155587,0,0,0.4,1.05132,0.761931,0.6031
E,oxidation,random,18,6,0.150327,0,0.25,0.4,1.0245,0.718231,0.6031
E,oxidation,random,18,7,-0.0849673,0.5,0.25,0.2,1.18076,1.72641,1.72594
E,oxidation,random,18,8,-0.0457516,1,0.5,0.4,0,1.09949,1.20587
E,oxidation,random,18,9,0.111111,1,0.5,0.4,0,1.04736,1.16417
E,oxidation,random,18,10,0.176471,1,0.75,0.6,0,0.32724,0.699177
E,oxidation,random,18,11,0.633987,1,0.75,0.8,0,0.32724,0.261792
E,oxidation,random,18,12,0.647059,1,0.75,0.8,0,0.32724,0.261792
E,oxidation,random,18,13,0.738562,1,0.75,0.8,0,0.32724,0.255347
E,oxidation,random,18,14,0.869281,1,1,1,0,0,0
E,oxidation,random,18,15,0.869281,1,1,1,0,0,0
E,oxidation,random,18,16,0.895425,1,0.75,1,0,0.008056,0
E,oxidation,random,18,17,0.934641,1,1,1,0,0,0
E,oxidation,random,18,18,1,1,1,1,0,0,0
E,oxidation,diversity,18,4,0.250143,0,0.25,0.4,1.05132,0.718231,0.829932
E,oxidation,diversity,18,5,0.51634,0,0.25,0.6,0.970036,1.00483,0.665148
E,oxidation,diversity,18,6,0.51634,0,0.25,0.4,0.970036,0.718231,0.6031
E,oxidation,diversity,18,7,0.503268,0,0.25,0.4,0.970036,0.718231,0.6031
E,oxidation,diversity,18,8,0.686275,0.5,0.5,0.8,1.18637,0.601243,0.474549
E,oxidation,diversity,18,9,0.699346,0.5,0.5,0.8,1.18637,0.601243,0.474549
E,oxidation,diversity,18,10,0.699346,1,0.75,0.8,0,0.257438,0.20595
E,oxidation,diversity,18,11,0.712418,1,0.75,0.6,0,0.257438,0.461297
E,oxidation,diversity,18,12,0.751634,1,0.75,0.6,0,0.19257,0.409403
E,oxidation,diversity,18,13,0.764706,1,0.75,0.8,0,0.19257,0.154056
E,oxidation,diversity,18,14,0.830065,1,0.75,0.8,0,0.0272338,0.0153422
E,oxidation,diversity,18,15,0.908497,1,0.75,0.8,0,0.008056,0.0325146
E,oxidation,diversity,18,16,0.986928,1,0.75,1,0,0.008056,0
E,oxidation,diversity,18,17,0.973856,1,0.75,0.8,0,0.0272338,0.0153422
E,oxidation,diversity,18,18,1,1,1,1,0,0,0
E,oxidation,uncertainty,18,4,0.250143,0,0.25,0.4,1.05132,0.718231,0.829932
E,oxidation,uncertainty,18,5,0.424837,0,0.5,0.6,0.970036,0.525661,0.449044
E,oxidation,uncertainty,18,6,0.490196,0,0.25,0.4,0.970036,0.718231,0.6031
E,oxidation,uncertainty,18,7,0.542484,0,0.5,0.6,0.639364,0.512252,0.665148
E,oxidation,uncertainty,18,8,0.581699,0,0.5,0.6,0.639364,0.512252,0.665148
E,oxidation,uncertainty,18,9,0.699346,0.5,0.5,0.8,1.18637,0.601243,0.474549
E,oxidation,uncertainty,18,10,0.686275,0.5,0.5,0.6,0.201222,0.601243,0.496336
E,oxidation,uncertainty,18,11,0.830065,1,0.75,0.8,0,0.0921018,0.0672366
E,oxidation,uncertainty,18,12,0.803922,1,0.75,0.8,0,0.32724,0.255347
E,oxidation,uncertainty,18,13,0.816993,1,0.75,0.6,0,0.0272338,0.277134
E,oxidation,uncertainty,18,14,0.921569,1,0.75,0.8,0,0.008056,0.0325146
E,oxidation,uncertainty,18,15,0.908497,1,0.75,0.8,0,0.008056,0.0325146
E,oxidation,uncertainty,18,16,0.986928,1,0.75,1,0,0.008056,0
E,oxidation,uncertainty,18,17,0.986928,1,0.75,1,0,0.008056,0
E,oxidation,uncertainty,18,18,1,1,1,1,0,0,0
E,oxidation,ranking_aware,18,4,0.250143,0,0.25,0.4,1.05132,0.718231,0.829932
E,oxidation,ranking_aware,18,5,0.424837,0,0.5,0.6,0.970036,0.525661,0.449044
E,oxidation,ranking_aware,18,6,0.477124,0,0.5,0.6,0.639364,0.812258,0.665148
E,oxidation,ranking_aware,18,7,0.45098,0.5,0.5,0.6,0.201222,0.620421,0.489892
E,oxidation,ranking_aware,18,8,0.436274,0.5,0.5,0.6,0.201222,0.314646,0.280232
E,oxidation,ranking_aware,18,9,0.371834,0.5,0.5,0.6,0.201222,0.314646,0.280232
E,oxidation,ranking_aware,18,10,0.452961,0.5,0.5,0.6,0.201222,0.301237,0.267059
E,oxidation,ranking_aware,18,11,0.385621,1,0.75,0.8,0,0.008056,0.021787
E,oxidation,ranking_aware,18,12,0.660131,1,0.75,0.8,0,0.008056,0.021787
E,oxidation,ranking_aware,18,13,0.882353,1,0.75,0.8,0,0.008056,0.021787
E,oxidation,ranking_aware,18,14,0.869281,1,0.75,0.8,0,0.008056,0.021787
E,oxidation,ranking_aware,18,15,0.960784,1,1,1,0,0,0
E,oxidation,ranking_aware,18,16,0.960784,1,1,1,0,0,0
E,oxidation,ranking_aware,18,17,0.986928,1,1,1,0,0,0
E,oxidation,ranking_aware,18,18,1,1,1,1,0,0,0
E,oxidation,random,19,4,0.33127,0.5,0.5,0.4,0.42203,0.447285,0.383898
E,oxidation,random,19,5,0.412398,0.5,0.75,0.6,0.091358,0.238249,0.216669
E,oxidation,random,19,6,0.358313,0.5,0.75,0.6,0.091358,0.238249,0.216669
E,oxidation,random,19,7,0.358313,0.5,0.75,0.6,0.091358,0.254715,0.53005
E,oxidation,random,19,8,0.406748,0.5,0.75,0.6,0.091358,0.254715,0.258441
E,oxidation,random,19,9,0.464052,0.5,0.75,0.6,0.091358,0.254715,0.258441
E,oxidation,random,19,10,0.477124,0.5,0.75,0.6,0.091358,0.254715,0.258441
E,oxidation,random,19,11,0.477124,0.5,0.75,0.6,0.091358,0.254715,0.258441
E,oxidation,random,19,12,0.503268,0.5,0.75,0.6,0.091358,0.251658,0.229842
E,oxidation,random,19,13,0.594771,0.5,0.75,0.6,0.091358,0.238249,0.216669
E,oxidation,random,19,14,0.594771,0.5,0.75,0.6,0.091358,0.238249,0.216669
E,oxidation,random,19,15,0.673203,0.5,0.75,0.6,0.091358,0.238249,0.216669
E,oxidation,random,19,16,0.882353,0.5,1,0.8,0.091358,0,0.0153422
E,oxidation,random,19,17,0.895425,1,1,0.8,0,0,0.0153422
E,oxidation,random,19,18,1,1,1,1,0,0,0
E,oxidation,diversity,19,4,0.33127,0.5,0.5,0.4,0.42203,0.447285,0.383898
E,oxidation,diversity,19,5,0.424837,0.5,0.5,0.4,0.42203,0.531438,0.492387
E,oxidation,diversity,19,6,0.464052,0.5,0.5,0.4,0.42203,0.531438,0.492387
E,oxidation,diversity,19,7,0.585712,0.5,0.75,0.6,0.091358,0.322401,0.286436
E,oxidation,diversity,19,8,0.577052,0.5,0.75,0.6,0.091358,0.322401,0.286436
E,oxidation,diversity,19,9,0.673203,1,1,0.8,0,0,0.0285154
E,oxidation,diversity,19,10,0.751634,1,1,1,0,0,0
E,oxidation,diversity,19,11,0.803922,1,1,1,0,0,0
E,oxidation,diversity,19,12,0.803922,1,1,1,0,0,0
E,oxidation,diversity,19,13,0.777778,1,1,1,0,0,0
E,oxidation,diversity,19,14,0.856209,1,1,1,0,0,0
E,oxidation,diversity,19,15,0.908497,1,1,1,0,0,0
E,oxidation,diversity,19,16,0.973856,1,1,1,0,0,0
E,oxidation,diversity,19,17,0.973856,1,0.75,0.8,0,0.0272338,0.0153422
E,oxidation,diversity,19,18,1,1,1,1,0,0,0
E,oxidation,uncertainty,19,4,0.33127,0.5,0.5,0.4,0.42203,0.447285,0.383898
E,oxidation,uncertainty,19,5,0.317749,0.5,0.5,0.4,0.42203,0.447285,0.383898
E,oxidation,uncertainty,19,6,0.344791,0.5,0.5,0.4,0.42203,0.444228,0.383898
E,oxidation,uncertainty,19,7,0.412398,0.5,0.5,0.4,0.42203,0.493386,0.410051
E,oxidation,uncertainty,19,8,0.475271,0.5,0.5,0.4,0.42203,0.493386,0.477373
E,oxidation,uncertainty,19,9,0.51634,0.5,0.5,0.4,0.42203,0.493386,0.477373
E,oxidation,uncertainty,19,10,0.568627,0.5,0.5,0.4,0.42203,0.460695,0.435792
E,oxidation,uncertainty,19,11,0.673203,0.5,0.5,0.6,0.42203,0.428107,0.368556
E,oxidation,uncertainty,19,12,0.79085,1,0.75,0.8,0,0.173392,0.164783
E,oxidation,uncertainty,19,13,0.895425,1,1,1,0,0,0
E,oxidation,uncertainty,19,14,0.895425,1,1,1,0,0,0
E,oxidation,uncertainty,19,15,0.908497,1,1,1,0,0,0
E,oxidation,uncertainty,19,16,0.973856,1,1,1,0,0,0
E,oxidation,uncertainty,19,17,1,1,1,1,0,0,0
E,oxidation,uncertainty,19,18,1,1,1,1,0,0,0
E,oxidation,ranking_aware,19,4,0.33127,0.5,0.5,0.4,0.42203,0.447285,0.383898
E,oxidation,ranking_aware,19,5,0.480004,1,0.75,0.6,0,0.209036,0.182571
E,oxidation,ranking_aware,19,6,0.541281,1,0.75,0.8,0,0.173392,0.167229
E,oxidation,ranking_aware,19,7,0.528079,1,0.75,0.8,0,0.173392,0.167229
E,oxidation,ranking_aware,19,8,0.567685,1,1,1,0,0,0
E,oxidation,ranking_aware,19,9,0.528079,1,1,1,0,0,0
E,oxidation,ranking_aware,19,10,0.647059,1,1,1,0,0,0
E,oxidation,ranking_aware,19,11,0.633987,1,1,1,0,0,0
E,oxidation,ranking_aware,19,12,0.620915,1,1,1,0,0,0
E,oxidation,ranking_aware,19,13,0.803922,1,1,1,0,0,0
E,oxidation,ranking_aware,19,14,0.830065,1,1,1,0,0,0
E,oxidation,ranking_aware,19,15,0.856209,1,1,1,0,0,0
E,oxidation,ranking_aware,19,16,0.973856,1,1,1,0,0,0
E,oxidation,ranking_aware,19,17,0.986928,1,1,1,0,0,0
E,oxidation,ranking_aware,19,18,1,1,1,1,0,0,0
E,reduction,random,0,4,0.105616,0,0,0.2,0.560066,0.606313,0.584558
E,reduction,random,0,5,0.24183,0,0,0.2,0.560066,0.468784,0.627049
E,reduction,random,0,6,0.303645,0,0,0.2,0.420257,0.709107,0.685061
E,reduction,random,0,7,0.264039,0,0,0.2,0.420257,0.500441,0.51071
E,reduction,random,0,8,0.398693,0,0,0.2,0.420257,0.500441,0.652375
E,reduction,random,0,9,0.464052,0,0,0.2,0.420257,0.491149,0.478009
E,reduction,random,0,10,0.424837,0,0,0.2,0.420257,0.491149,0.478009
E,reduction,random,0,11,0.607843,0,0.5,0.8,0.21695,0.132569,0.0355734
E,reduction,random,0,12,0.607843,0,0.25,0.4,0.21695,0.319591,0.337256
E,reduction,random,0,13,0.673203,0.5,0.5,0.8,0.037044,0.132569,0.0355734
E,reduction,random,0,14,0.673203,0.5,0.75,0.8,0.037044,0.0881018,0.0961402
E,reduction,random,0,15,0.908497,0.5,0.75,0.8,0.037044,0.0881018,0.0961402
E,reduction,random,0,16,0.895425,0.5,0.75,0.8,0.037044,0.0881018,0.0961402
E,reduction,random,0,17,1,1,1,1,0,0,0
E,reduction,random,0,18,1,1,1,1,0,0,0
E,reduction,diversity,0,4,0.105616,0,0,0.2,0.560066,0.606313,0.584558
E,reduction,diversity,0,5,0.385621,0.5,0.25,0.4,0.179906,0.348609,0.304546
E,reduction,diversity,0,6,0.490196,0.5,0.5,0.8,0.0407465,0.204324,0.0914972
E,reduction,diversity,0,7,0.51634,0.5,0.5,0.8,0.0407465,0.204324,0.0914972
E,reduction,diversity,0,8,0.620915,0.5,0.5,0.8,0.0407465,0.13442,0.0355734
E,reduction,diversity,0,9,0.647059,0.5,0.75,0.8,0.0407465,0.0123932,0.0355734
E,reduction,diversity,0,10,0.699346,1,0.75,0.8,0,0.0123932,0.0355734
E,reduction,diversity,0,11,0.699346,1,0.75,0.8,0,0.0123932,0.0355734
E,reduction,diversity,0,12,0.751634,1,0.75,0.8,0,0.0123932,0.0355734
E,reduction,diversity,0,13,0.882353,1,1,1,0,0,0
E,reduction,diversity,0,14,0.882353,1,1,1,0,0,0
E,reduction,diversity,0,15,0.895425,1,1,1,0,0,0
E,reduction,diversity,0,16,0.973856,1,1,1,0,0,0
E,reduction,diversity,0,17,0.960784,1,1,1,0,0,0
E,reduction,diversity,0,18,1,1,1,1,0,0,0
E,reduction,uncertainty,0,4,0.105616,0,0,0.2,0.560066,0.606313,0.584558
E,reduction,uncertainty,0,5,0.424837,0.5,0.25,0.6,0.176203,0.346758,0.221743
E,reduction,uncertainty,0,6,0.503268,1,0.5,0.6,0,0.183951,0.206925
E,reduction,uncertainty,0,7,0.542484,1,0.5,0.8,0,0.183951,0.0914972
E,reduction,uncertainty,0,8,0.686275,1,0.5,0.8,0,0.114047,0.0355734
E,reduction,uncertainty,0,9,0.699346,1,0.75,0.8,0,0.0123933,0.0355734
E,reduction,uncertainty,0,10,0.699346,1,0.75,0.8,0,0.0123932,0.0355734
E,reduction,uncertainty,0,11,0.699346,1,0.75,0.8,0,0.0123932,0.0355734
E,reduction,uncertainty,0,12,0.882353,1,1,1,0,0,0
E,reduction,uncertainty,0,13,0.882353,1,1,1,0,0,0
E,reduction,uncertainty,0,14,0.882353,1,1,1,0,0,0
E,reduction,uncertainty,0,15,0.895425,1,1,1,0,0,0
E,reduction,uncertainty,0,16,0.960784,1,1,1,0,0,0
E,reduction,uncertainty,0,17,0.960784,1,1,1,0,0,0
E,reduction,uncertainty,0,18,1,1,1,1,0,0,0
E,reduction,ranking_aware,0,4,0.105616,0,0,0.2,0.560066,0.606313,0.584558
E,reduction,ranking_aware,0,5,0.193372,0,0,0.2,0.560066,0.606313,0.737072
E,reduction,ranking_aware,0,6,0.420084,0,0.25,0.6,0.560066,0.66464,0.459749
E,reduction,ranking_aware,0,7,0.367215,0,0,0.2,0.560066,0.592752,0.584558
E,reduction,ranking_aware,0,8,0.209837,0,0,0.2,0.550249,0.58346,0.551857
E,reduction,ranking_aware,0,9,0.490196,0,0.25,0.4,0.331323,0.446682,0.456853
E,reduction,ranking_aware,0,10,0.633987,0.5,0.5,0.6,0.151417,0.254751,0.285384
E,reduction,ranking_aware,0,11,0.633987,0.5,0.5,0.6,0.151417,0.232387,0.263565
E,reduction,ranking_aware,0,12,0.751634,0.5,0.75,0.8,0.037044,0.0881018,0.130245
E,reduction,ranking_aware,0,13,0.843137,1,0.75,0.8,0,0.0444667,0.0256588
E,reduction,ranking_aware,0,14,0.869281,1,1,1,0,0,0
E,reduction,ranking_aware,0,15,0.882353,1,1,1,0,0,0
E,reduction,ranking_aware,0,16,0.908497,1,1,1,0,0,0
E,reduction,ranking_aware,0,17,0.960784,1,1,1,0,0,0
E,reduction,ranking_aware,0,18,1,1,1,1,0,0,0
E,reduction,random,1,4,0.281046,0,0,0,0.709476,0.690293,0.662591
E,reduction,random,1,5,0.45098,0,0,0.2,0.569666,0.616005,0.420841
E,reduction,random,1,6,0.254902,0,0,0.2,0.569666,0.468784,0.517506
E,reduction,random,1,7,0.464052,0,0,0.2,0.569666,0.468784,0.485384
E,reduction,random,1,8,0.686275,0.5,0.25,0.4,0.244053,0.380683,0.248882
E,reduction,random,1,9,0.620915,0.5,0.25,0.6,0.179906,0.278705,0.1673
E,reduction,random,1,10,0.48174,0.5,0.25,0.4,0.179906,0.278705,0.300619
E,reduction,random,1,11,0.594771,0.5,0.25,0.4,0.179906,0.278705,0.300619
E,reduction,random,1,12,0.686275,0.5,0.5,0.6,0.0407465,0.13442,0.1673
E,reduction,random,1,13,0.79085,0.5,0.75,0.8,0.0407465,0.0123932,0.0355734
E,reduction,random,1,14,0.79085,0.5,0.75,0.8,0.0407465,0.0123932,0.0355734
E,reduction,random,1,15,0.882353,0.5,0.75,1,0.0407465,0.089953,0
E,reduction,random,1,16,0.921569,1,1,1,0,0,0
E,reduction,random,1,17,0.960784,1,1,1,0,0,0
E,reduction,random,1,18,1,1,1,1,0,0,0
E,reduction,diversity,1,4,0.281046,0,0,0,0.709476,0.690293,0.662591
E,reduction,diversity,1,5,0.24183,0.5,0.25,0.2,0.244053,0.456802,0.528122
E,reduction,diversity,1,6,0.555556,1,0.75,0.6,0,0.0444667,0.113229
E,reduction,diversity,1,7,0.51634,1,0.75,0.6,0,0.0444667,0.0953374
E,reduction,diversity,1,8,0.568627,1,0.75,0.6,0,0.0444667,0.0953374
E,reduction,diversity,1,9,0.555556,1,1,0.8,0,0,0.0256588
E,reduction,diversity,1,10,0.568627,1,1,0.8,0,0,0.0256588
E,reduction,diversity,1,11,0.699346,1,1,0.8,0,0,0.0256588
E,reduction,diversity,1,12,0.751634,1,1,0.8,0,0,0.0256588
E,reduction,diversity,1,13,0.816993,1,1,0.8,0,0,0.0256588
E,reduction,diversity,1,14,0.856209,1,1,0.8,0,0,0.0256588
E,reduction,diversity,1,15,0.921569,1,1,0.8,0,0,0.0256588
E,reduction,diversity,1,16,0.934641,1,1,0.8,0,0,0.0256588
E,reduction,diversity,1,17,0.960784,1,1,1,0,0,0
E,reduction,diversity,1,18,1,1,1,1,0,0,0
E,reduction,uncertainty,1,4,0.281046,0,0,0,0.709476,0.690293,0.662591
E,reduction,uncertainty,1,5,0.24183,0.5,0.25,0.2,0.244053,0.456802,0.528122
E,reduction,uncertainty,1,6,0.555556,1,0.75,0.6,0,0.0444667,0.113229
E,reduction,uncertainty,1,7,0.51634,1,0.75,0.6,0,0.0444667,0.0953374
E,reduction,uncertainty,1,8,0.568627,1,0.75,0.6,0,0.0444667,0.0953374
E,reduction,uncertainty,1,9,0.620915,1,0.75,0.6,0,0.0444667,0.0953374
E,reduction,uncertainty,1,10,0.568627,1,1,0.8,0,0,0.0256588
E,reduction,uncertainty,1,11,0.699346,1,1,0.8,0,0,0.0256588
E,reduction,uncertainty,1,12,0.751634,1,1,0.8,0,0,0.0256588
E,reduction,uncertainty,1,13,0.777778,1,1,0.8,0,0,0.0256588
E,reduction,uncertainty,1,14,0.908497,1,1,0.8,0,0,0.0256588
E,reduction,uncertainty,1,15,0.921569,1,1,0.8,0,0,0.0256588
E,reduction,uncertainty,1,16,0.921569,1,1,0.8,0,0,0.0256588
E,reduction,uncertainty,1,17,0.934641,1,1,0.8,0,0,0.0256588
E,reduction,uncertainty,1,18,1,1,1,1,0,0,0
E,reduction,ranking_aware,1,4,0.281046,0,0,0,0.709476,0.690293,0.662591
E,reduction,ranking_aware,1,5,0.202614,0,0.25,0.4,0.709476,0.530679,0.424544
E,reduction,ranking_aware,1,6,0.320261,0,0.5,0.4,0.480733,0.430858,0.507367
E,reduction,ranking_aware,1,7,0.294118,0,0.25,0.2,0.39547,0.456391,0.527794
E,reduction,ranking_aware,1,8,0.581699,0,0.25,0.4,0.39547,0.456391,0.365113
E,reduction,ranking_aware,1,9,0.607843,0,0.25,0.2,0.39547,0.456391,0.450202
E,reduction,ranking_aware,1,10,0.712418,0.5,0.75,0.6,0.151417,0.120175,0.155904
E,reduction,ranking_aware,1,11,0.79085,0.5,0.75,0.6,0.037044,0.120175,0.155904
E,reduction,ranking_aware,1,12,0.882353,1,1,0.8,0,0,0.0256588
E,reduction,ranking_aware,1,13,0.895425,1,1,0.8,0,0,0.0256588
E,reduction,ranking_aware,1,14,0.908497,1,1,0.8,0,0,0.0256588
E,reduction,ranking_aware,1,15,0.921569,1,1,0.8,0,0,0.0256588
E,reduction,ranking_aware,1,16,0.908497,1,1,1,0,0,0
E,reduction,ranking_aware,1,17,0.960784,1,1,1,0,0,0
E,reduction,ranking_aware,1,18,1,1,1,1,0,0,0
E,reduction,random,2,4,0.202614,0,0,0.2,0.709476,0.543073,0.544815
E,reduction,random,2,5,0.420084,0,0,0.4,0.560066,0.751738,0.591476
E,reduction,random,2,6,0.382857,0,0,0.2,0.560066,0.543073,0.68648
E,reduction,random,2,7,0.51634,0,0.25,0.6,0.21695,0.367131,0.221743
E,reduction,random,2,8,0.45098,0,0.25,0.6,0.21695,0.367131,0.221743
E,reduction,random,2,9,0.503268,0,0.25,0.6,0.21695,0.3245,0.187637
E,reduction,random,2,10,0.490196,0,0.25,0.6,0.21695,0.3245,0.187637
E,reduction,random,2,11,0.568627,0,0.25,0.4,0.21695,0.3245,0.319364
E,reduction,random,2,12,0.581699,0,0.25,0.6,0.21695,0.297227,0.165819
E,reduction,random,2,13,0.633987,0,0.5,0.6,0.192163,0.210128,0.227867
E,reduction,random,2,14,0.751634,0,0.5,0.6,0.192163,0.210128,0.227867
E,reduction,random,2,15,0.764706,0,0.5,0.6,0.192163,0.210128,0.227867
E,reduction,random,2,16,0.908497,0.5,0.75,0.8,0.037044,0.0881018,0.0961402
E,reduction,random,2,17,0.895425,0.5,0.75,0.8,0.037044,0.0881018,0.0961402
E,reduction,random,2,18,1,1,1,1,0,0,0
E,reduction,diversity,2,4,0.202614,0,0,0.2,0.709476,0.543073,0.544815
E,reduction,diversity,2,5,0.228758,0.5,0.25,0.4,0.244053,0.380683,0.304546
E,reduction,diversity,2,6,0.529412,0.5,0.75,0.6,0.0407465,0.0444667,0.0953374
E,reduction,diversity,2,7,0.594771,0.5,0.75,0.6,0.0407465,0.0444667,0.0953374
E,reduction,diversity,2,8,0.594771,0.5,0.75,0.6,0.0407465,0.0444667,0.0953374
E,reduction,diversity,2,9,0.660131,1,0.75,0.6,0,0.0444667,0.0953374
E,reduction,diversity,2,10,0.712418,1,0.75,0.6,0,0.0444667,0.0953374
E,reduction,diversity,2,11,0.72549,1,0.75,0.6,0,0.0444667,0.0953374
E,reduction,diversity,2,12,0.869281,1,1,0.8,0,0,0.0256588
E,reduction,diversity,2,13,0.869281,1,1,0.8,0,0,0.0256588
E,reduction,diversity,2,14,0.882353,1,1,1,0,0,0
E,reduction,diversity,2,15,0.895425,1,1,1,0,0,0
E,reduction,diversity,2,16,0.973856,1,1,1,0,0,0
E,reduction,diversity,2,17,0.960784,1,1,1,0,0,0
E,reduction,diversity,2,18,1,1,1,1,0,0,0
E,reduction,uncertainty,2,4,0.202614,0,0,0.2,0.709476,0.543073,0.544815
E,reduction,uncertainty,2,5,0.542484,0.5,0.5,0.6,0.325614,0.207273,0.0953374
E,reduction,uncertainty,2,6,0.620915,1,0.75,0.6,0,0.0444667,0.0953374
E,reduction,uncertainty,2,7,0.660131,1,0.75,0.6,0,0.0444667,0.0953374
E,reduction,uncertainty,2,8,0.660131,1,0.75,0.6,0,0.0444667,0.0953374
E,reduction,uncertainty,2,9,0.686275,1,0.75,0.6,0,0.0444667,0.0953374
E,reduction,uncertainty,2,10,0.699346,1,0.75,0.6,0,0.0444667,0.0953374
E,reduction,uncertainty,2,11,0.72549,1,0.75,0.6,0,0.0444667,0.0953374
E,reduction,uncertainty,2,12,0.869281,1,1,0.8,0,0,0.0256588
E,reduction,uncertainty,2,13,0.869281,1,1,0.8,0,0,0.0256588
E,reduction,uncertainty,2,14,0.882353,1,1,1,0,0,0
E,reduction,uncertainty,2,15,0.895425,1,1,1,0,0,0
E,reduction,uncertainty,2,16,0.960784,1,1,1,0,0,0
E,reduction,uncertainty,2,17,0.960784,1,1,1,0,0,0
E,reduction,uncertainty,2,18,1,1,1,1,0,0,0
E,reduction,ranking_aware,2,4,0.202614,0,0,0.2,0.709476,0.543073,0.544815
E,reduction,ranking_aware,2,5,0.24183,0,0.25,0.2,0.709476,0.530679,0.54232
E,reduction,ranking_aware,2,6,0.45098,0,0.5,0.6,0.39547,0.284833,0.155904
E,reduction,ranking_aware,2,7,0.568627,0.5,0.75,0.6,0.151417,0.120175,0.155904
E,reduction,ranking_aware,2,8,0.555556,0.5,0.75,0.6,0.151417,0.120175,0.155904
E,reduction,ranking_aware,2,9,0.660131,0.5,0.75,0.8,0.037044,0.120175,0.0256588
E,reduction,ranking_aware,2,10,0.660131,1,1,0.8,0,0,0.0256588
E,reduction,ranking_aware,2,11,0.72549,1,1,0.8,0,0,0.0256588
E,reduction,ranking_aware,2,12,0.79085,1,1,0.8,0,0,0.0256588
E,reduction,ranking_aware,2,13,0.882353,1,1,0.8,0,0,0.0256588
E,reduction,ranking_aware,2,14,0.921569,1,1,0.8,0,0,0.0256588
E,reduction,ranking_aware,2,15,0.908497,1,1,1,0,0,0
E,reduction,ranking_aware,2,16,0.960784,1,1,1,0,0,0
E,reduction,ranking_aware,2,17,0.973856,1,1,1,0,0,0
E,reduction,ranking_aware,2,18,1,1,1,1,0,0,0
E,reduction,random,3,4,0.490196,0,0.75,0.8,0.192163,0.120175,0.0256588
E,reduction,random,3,5,0.124469,0,0.25,0.2,0.607214,0.639162,0.67401
E,reduction,random,3,6,0.12706,0,0.25,0.2,0.607214,0.710898,0.653808
E,reduction,random,3,7,0.39613,0,0.25,0.4,0.544046,0.639162,0.51133
E,reduction,random,3,8,0.346405,0,0.25,0.2,0.544046,0.57545,0.570717
E,reduction,random,3,9,0.620915,0.5,0.75,0.6,0.151417,0.120175,0.18123
E,reduction,random,3,10,0.72549,0.5,0.75,0.6,0.151417,0.120175,0.155904
E,reduction,random,3,11,0.856209,1,0.75,0.8,0,0.0444667,0.0256588
E,reduction,random,3,12,0.803922,0.5,0.75,0.8,0.037044,0.0444667,0.0256588
E,reduction,random,3,13,0.830065,0.5,0.75,0.8,0.240351,0.0444667,0.0256588
E,reduction,random,3,14,0.882353,1,1,0.8,0,0,0.0256588
E,reduction,random,3,15,0.921569,1,1,0.8,0,0,0.0256588
E,reduction,random,3,16,0.934641,1,1,0.8,0,0,0.0256588
E,reduction,random,3,17,1,1,1,1,0,0,0
E,reduction,random,3,18,1,1,1,1,0,0,0
E,reduction,diversity,3,4,0.490196,0,0.75,0.8,0.192163,0.120175,0.0256588
E,reduction,diversity,3,5,0.567685,0.5,1,0.8,0.155119,0,0.0256588
E,reduction,diversity,3,6,0.529412,1,0.75,0.8,0,0.27293,0.162681
E,reduction,diversity,3,7,0.490196,1,0.75,0.8,0,0.101653,0.0256588
E,reduction,diversity,3,8,0.529412,0.5,1,0.8,0.037044,0,0.0256588
E,reduction,diversity,3,9,0.555556,1,1,0.8,0,0,0.0256588
E,reduction,diversity,3,10,0.581699,1,1,0.8,0,0,0.0256588
E,reduction,diversity,3,11,0.620915,1,1,0.8,0,0,0.0256588
E,reduction,diversity,3,12,0.777778,1,1,0.8,0,0,0.0256588
E,reduction,diversity,3,13,0.869281,1,1,0.8,0,0,0.0256588
E,reduction,diversity,3,14,0.882353,1,1,1,0,0,0
E,reduction,diversity,3,15,0.895425,1,1,1,0,0,0
E,reduction,diversity,3,16,0.973856,1,1,1,0,0,0
E,reduction,diversity,3,17,0.960784,1,1,1,0,0,0
E,reduction,diversity,3,18,1,1,1,1,0,0,0
E,reduction,uncertainty,3,4,0.490196,0,0.75,0.8,0.192163,0.120175,0.0256588
E,reduction,uncertainty,3,5,0.567685,0.5,1,0.8,0.155119,0,0.0256588
E,reduction,uncertainty,3,6,0.501675,0.5,0.5,0.6,0.155119,0.261511,0.268973
E,reduction,uncertainty,3,7,0.555556,1,0.75,0.8,0,0.0695798,0.137246
E,reduction,uncertainty,3,8,0.607843,1,1,1,0,0,0
E,reduction,uncertainty,3,9,0.555556,1,1,1,0,0,0
E,reduction,uncertainty,3,10,0.620915,1,1,1,0,0,0
E,reduction,uncertainty,3,11,0.830065,1,1,1,0,0,0
E,reduction,uncertainty,3,12,0.843137,1,1,1,0,0,0
E,reduction,uncertainty,3,13,0.882353,1,1,1,0,0,0
E,reduction,uncertainty,3,14,0.882353,1,1,1,0,0,0
E,reduction,uncertainty,3,15,0.895425,1,1,1,0,0,0
E,reduction,uncertainty,3,16,0.960784,1,1,1,0,0,0
E,reduction,uncertainty,3,17,0.960784,1,1,1,0,0,0
E,reduction,uncertainty,3,18,1,1,1,1,0,0,0
E,reduction,ranking_aware,3,4,0.490196,0,0.75,0.8,0.192163,0.120175,0.0256588
E,reduction,ranking_aware,3,5,0.594771,0.5,0.75,0.6,0.151417,0.162807,0.155904
E,reduction,ranking_aware,3,6,0.555556,0.5,0.75,0.8,0.151417,0.120175,0.0256588
E,reduction,ranking_aware,3,7,0.51634,0.5,0.75,0.8,0.151417,0.120175,0.0256588
E,reduction,ranking_aware,3,8,0.51634,0.5,0.75,0.8,0.151417,0.120175,0.0256588
E,reduction,ranking_aware,3,9,0.542484,0.5,0.75,0.8,0.037044,0.120175,0.0256588
E,reduction,ranking_aware,3,10,0.464052,1,1,0.8,0,0,0.0256588
E,reduction,ranking_aware,3,11,0.660131,1,1,1,0,0,0
E,reduction,ranking_aware,3,12,0.673203,1,1,1,0,0,0
E,reduction,ranking_aware,3,13,0.856209,1,1,1,0,0,0
E,reduction,ranking_aware,3,14,0.947712,1,1,1,0,0,0
E,reduction,ranking_aware,3,15,0.947712,1,1,1,0,0,0
E,reduction,ranking_aware,3,16,0.960784,1,1,1,0,0,0
E,reduction,ranking_aware,3,17,0.973856,1,1,1,0,0,0
E,reduction,ranking_aware,3,18,1,1,1,1,0,0,0
E,reduction,random,4,4,0.281046,0,0.25,0.2,0.39547,0.524015,0.536989
E,reduction,random,4,5,0.568627,0,0.75,0.6,0.192163,0.120175,0.155904
E,reduction,random,4,6,0.581699,0,0.75,0.6,0.192163,0.120175,0.173796
E,reduction,random,4,7,0.633987,0,0.75,0.6,0.192163,0.120175,0.155904
E,reduction,random,4,8,0.581699,0.5,0.75,0.6,0.037044,0.120175,0.155904
E,reduction,random,4,9,0.581699,0,0.75,0.6,0.192163,0.120175,0.155904
E,reduction,random,4,10,0.647059,0,0.75,0.6,0.192163,0.120175,0.155904
E,reduction,random,4,11,0.72549,0.5,1,0.8,0.0407465,0,0.0256588
E,reduction,random,4,12,0.72549,1,1,0.8,0,0,0.0256588
E,reduction,random,4,13,0.72549,1,1,0.8,0,0,0.0256588
E,reduction,random,4,14,0.830065,1,1,0.8,0,0,0.0256588
E,reduction,random,4,15,0.830065,1,1,0.8,0,0,0.0256588
E,reduction,random,4,16,0.856209,1,1,0.8,0,0,0.0256588
E,reduction,random,4,17,0.934641,1,1,0.8,0,0,0.0256588
E,reduction,random,4,18,1,1,1,1,0,0,0
E,reduction,diversity,4,4,0.281046,0,0.25,0.2,0.39547,0.524015,0.536989
E,reduction,diversity,4,5,0.313396,0.5,0.5,0.4,0.155119,0.394957,0.37573
E,reduction,diversity,4,6,0.633987,1,1,0.8,0,0,0.0256588
E,reduction,diversity,4,7,0.738562,1,1,0.8,0,0,0.0256588
E,reduction,diversity,4,8,0.555556,1,0.75,0.8,0,0.0695798,0.0813226
E,reduction,diversity,4,9,0.647059,1,1,1,0,0,0
E,reduction,diversity,4,10,0.660131,1,1,1,0,0,0
E,reduction,diversity,4,11,0.764706,1,1,1,0,0,0
E,reduction,diversity,4,12,0.882353,1,1,1,0,0,0
E,reduction,diversity,4,13,0.921569,1,1,1,0,0,0
E,reduction,diversity,4,14,0.921569,1,1,1,0,0,0
E,reduction,diversity,4,15,0.921569,1,1,1,0,0,0
E,reduction,diversity,4,16,0.947712,1,1,1,0,0,0
E,reduction,diversity,4,17,0.986928,1,1,1,0,0,0
E,reduction,diversity,4,18,1,1,1,1,0,0,0
E,reduction,uncertainty,4,4,0.281046,0,0.25,0.2,0.39547,0.524015,0.536989
E,reduction,uncertainty,4,5,0.647059,0.5,0.75,0.6,0.151417,0.120175,0.155904
E,reduction,uncertainty,4,6,0.633987,1,1,0.8,0,0,0.0256588
E,reduction,uncertainty,4,7,0.738562,1,1,0.8,0,0,0.0256588
E,reduction,uncertainty,4,8,0.555556,1,0.75,0.8,0,0.0695798,0.0813226
E,reduction,uncertainty,4,9,0.647059,1,1,1,0,0,0
E,reduction,uncertainty,4,10,0.660131,1,1,1,0,0,0
E,reduction,uncertainty,4,11,0.686275,1,1,1,0,0,0
E,reduction,uncertainty,4,12,0.856209,1,1,1,0,0,0
E,reduction,uncertainty,4,13,0.856209,1,1,1,0,0,0
E,reduction,uncertainty,4,14,0.869281,1,1,1,0,0,0
E,reduction,uncertainty,4,15,0.921569,1,1,1,0,0,0
E,reduction,uncertainty,4,16,0.960784,1,1,1,0,0,0
E,reduction,uncertainty,4,17,0.960784,1,1,1,0,0,0
E,reduction,uncertainty,4,18,1,1,1,1,0,0,0
E,reduction,ranking_aware,4,4,0.281046,0,0.25,0.2,0.39547,0.524015,0.536989
E,reduction,ranking_aware,4,5,0.320261,0,0.25,0.2,0.39547,0.460775,0.486396
E,reduction,ranking_aware,4,6,0.385621,0,0.25,0.2,0.39547,0.460775,0.486396
E,reduction,ranking_aware,4,7,0.594771,0,0.75,0.6,0.192163,0.120175,0.155904
E,reduction,ranking_aware,4,8,0.686275,0.5,0.75,0.6,0.037044,0.120175,0.155904
E,reduction,ranking_aware,4,9,0.673203,1,1,0.8,0,0,0.0256588
E,reduction,ranking_aware,4,10,0.72549,1,1,0.8,0,0,0.0256588
E,reduction,ranking_aware,4,11,0.777778,1,1,0.8,0,0,0.0256588
E,reduction,ranking_aware,4,12,0.764706,1,1,0.8,0,0,0.0256588
E,reduction,ranking_aware,4,13,0.764706,1,1,0.8,0,0,0.0256588
E,reduction,ranking_aware,4,14,0.882353,1,1,0.8,0,0,0.0256588
E,reduction,ranking_aware,4,15,0.908497,1,1,0.8,0,0,0.0256588
E,reduction,ranking_aware,4,16,0.947712,1,1,1,0,0,0
E,reduction,ranking_aware,4,17,0.986928,1,1,1,0,0,0
E,reduction,ranking_aware,4,18,1,1,1,1,0,0,0
E,reduction,random,5,4,0.197027,0,0,0.2,0.50552,0.621198,0.639437
E,reduction,random,5,5,0.411765,0.5,0.25,0.4,0.176203,0.346758,0.419885
E,reduction,random,5,6,0.432789,0.5,0.25,0.4,0.176203,0.346758,0.419885
E,reduction,random,5,7,0.419674,0.5,0.25,0.4,0.176203,0.346758,0.419885
E,reduction,random,5,8,0.372549,0.5,0.25,0.4,0.176203,0.346758,0.419885
E,reduction,random,5,9,0.529412,0.5,0.25,0.4,0.176203,0.341849,0.355062
E,reduction,random,5,10,0.542484,0.5,0.25,0.4,0.176203,0.341849,0.358569
E,reduction,random,5,11,0.633987,0.5,0.5,0.6,0.037044,0.1752,0.221743
E,reduction,random,5,12,0.738562,0.5,0.5,0.6,0.037044,0.1752,0.221743
E,reduction,random,5,13,0.777778,0.5,0.5,0.6,0.037044,0.132569,0.187637
E,reduction,random,5,14,0.777778,0.5,0.5,0.6,0.037044,0.132569,0.187637
E,reduction,random,5,15,0.856209,1,0.75,0.8,0,0.0123932,0.0914972
E,reduction,random,5,16,0.908497,1,1,1,0,0,0
E,reduction,random,5,17,0.960784,1,1,1,0,0,0
E,reduction,random,5,18,1,1,1,1,0,0,0
E,reduction,diversity,5,4,0.197027,0,0,0.2,0.50552,0.621198,0.639437
E,reduction,diversity,5,5,0.267974,0.5,0.25,0.4,0.179906,0.458391,0.426477
E,reduction,diversity,5,6,0.411765,1,0.5,0.8,0,0.183951,0.0914972
E,reduction,diversity,5,7,0.437908,1,0.5,0.6,0,0.183951,0.294751
E,reduction,diversity,5,8,0.555556,1,0.75,0.8,0,0.0123932,0.0355734
E,reduction,diversity,5,9,0.568627,1,1,1,0,0,0
E,reduction,diversity,5,10,0.594771,1,1,1,0,0,0
E,reduction,diversity,5,11,0.738562,1,1,1,0,0,0
E,reduction,diversity,5,12,0.764706,1,1,1,0,0,0
E,reduction,diversity,5,13,0.843137,1,1,1,0,0,0
E,reduction,diversity,5,14,0.882353,1,1,1,0,0,0
E,reduction,diversity,5,15,0.895425,1,1,1,0,0,0
E,reduction,diversity,5,16,0.973856,1,1,1,0,0,0
E,reduction,diversity,5,17,0.960784,1,1,1,0,0,0
E,reduction,diversity,5,18,1,1,1,1,0,0,0
E,reduction,uncertainty,5,4,0.197027,0,0,0.2,0.50552,0.621198,0.639437
E,reduction,uncertainty,5,5,0.411765,0.5,0.25,0.4,0.176203,0.346758,0.419885
E,reduction,uncertainty,5,6,0.411765,1,0.5,0.8,0,0.183951,0.0914972
E,reduction,uncertainty,5,7,0.437908,1,0.5,0.6,0,0.183951,0.294751
E,reduction,uncertainty,5,8,0.555556,1,0.75,0.8,0,0.0123932,0.0355734
E,reduction,uncertainty,5,9,0.581699,1,0.75,0.8,0,0.0123932,0.0355734
E,reduction,uncertainty,5,10,0.660131,1,0.75,0.8,0,0.0123932,0.0355734
E,reduction,uncertainty,5,11,0.738562,1,1,1,0,0,0
E,reduction,uncertainty,5,12,0.764706,1,1,1,0,0,0
E,reduction,uncertainty,5,13,0.764706,1,1,1,0,0,0
E,reduction,uncertainty,5,14,0.830065,1,1,1,0,0,0
E,reduction,uncertainty,5,15,0.895425,1,1,1,0,0,0
E,reduction,uncertainty,5,16,0.960784,1,1,1,0,0,0
E,reduction,uncertainty,5,17,0.960784,1,1,1,0,0,0
E,reduction,uncertainty,5,18,1,1,1,1,0,0,0
E,reduction,ranking_aware,5,4,0.197027,0,0,0.2,0.50552,0.621198,0.639437
E,reduction,ranking_aware,5,5,0.323687,0,0,0.2,0.50552,0.614809,0.639437
E,reduction,ranking_aware,5,6,0.446756,0,0,0.2,0.50552,0.574657,0.544815
E,reduction,ranking_aware,5,7,0.529412,0,0,0.4,0.420257,0.468785,0.304546
E,reduction,ranking_aware,5,8,0.542484,0,0,0.4,0.420257,0.468785,0.304546
E,reduction,ranking_aware,5,9,0.581699,0,0.25,0.4,0.21695,0.297227,0.319364
E,reduction,ranking_aware,5,10,0.529412,0,0.25,0.4,0.21695,0.297227,0.315437
E,reduction,ranking_aware,5,11,0.620915,0.5,0.75,0.8,0.0407465,0.0123932,0.0355734
E,reduction,ranking_aware,5,12,0.633987,1,0.75,0.8,0,0.0123932,0.0355734
E,reduction,ranking_aware,5,13,0.673203,1,0.75,0.8,0,0.0123932,0.0355734
E,reduction,ranking_aware,5,14,0.79085,1,0.75,0.8,0,0.0123932,0.0355734
E,reduction,ranking_aware,5,15,0.816993,1,0.75,0.8,0,0.0123932,0.0355734
E,reduction,ranking_aware,5,16,0.908497,1,1,1,0,0,0
E,reduction,ranking_aware,5,17,0.947712,1,1,1,0,0,0
E,reduction,ranking_aware,5,18,1,1,1,1,0,0,0
E,reduction,random,6,4,0.503268,1,0.75,0.6,0,0.0444667,0.113229
E,reduction,random,6,5,0.620915,0.5,0.75,0.6,0.0407465,0.0444667,0.113229
E,reduction,random,6,6,0.607843,1,0.75,0.6,0,0.109463,0.113229
E,reduction,random,6,7,0.686275,1,0.75,0.6,0,0.0444667,0.113229
E,reduction,random,6,8,0.633987,1,0.75,0.6,0,0.159613,0.15335
E,reduction,random,6,9,0.764706,1,0.75,0.8,0,0.0444667,0.0256588
E,reduction,random,6,10,0.803922,1,0.75,0.6,0,0.0444667,0.0953374
E,reduction,random,6,11,0.843137,1,0.75,0.6,0,0.0444667,0.0953374
E,reduction,random,6,12,0.830065,1,0.75,0.8,0,0.0123932,0.0914972
E,reduction,random,6,13,0.830065,1,0.75,0.8,0,0.0123932,0.0914972
E,reduction,random,6,14,0.882353,1,0.75,0.8,0,0.0123932,0.0914972
E,reduction,random,6,15,0.908497,1,0.75,0.8,0,0.0123932,0.0914972
E,reduction,random,6,16,0.960784,1,1,1,0,0,0
E,reduction,random,6,17,0.960784,1,1,1,0,0,0
E,reduction,random,6,18,1,1,1,1,0,0,0
E,reduction,diversity,6,4,0.503268,1,0.75,0.6,0,0.0444667,0.113229
E,reduction,diversity,6,5,0.594771,0.5,0.75,0.6,0.244053,0.0444667,0.113229
E,reduction,diversity,6,6,0.686275,0.5,0.75,0.6,0.0407465,0.0444667,0.113229
E,reduction,diversity,6,7,0.660131,0.5,0.75,0.6,0.0407465,0.0444667,0.113229
E,reduction,diversity,6,8,0.699346,1,0.75,0.6,0,0.0444667,0.113229
E,reduction,diversity,6,9,0.738562,1,0.75,0.8,0,0.0444667,0.0256588
E,reduction,diversity,6,10,0.633987,1,0.75,0.6,0,0.0444667,0.113229
E,reduction,diversity,6,11,0.620915,1,0.75,0.6,0,0.0444667,0.113229
E,reduction,diversity,6,12,0.686275,1,0.75,0.6,0,0.0444667,0.0953374
E,reduction,diversity,6,13,0.816993,1,1,0.8,0,0,0.0256588
E,reduction,diversity,6,14,0.843137,1,1,1,0,0,0
E,reduction,diversity,6,15,0.921569,1,1,1,0,0,0
E,reduction,diversity,6,16,0.947712,1,1,1,0,0,0
E,reduction,diversity,6,17,0.986928,1,1,1,0,0,0
E,reduction,diversity,6,18,1,1,1,1,0,0,0
E,reduction,uncertainty,6,4,0.503268,1,0.75,0.6,0,0.0444667,0.113229
E,reduction,uncertainty,6,5,0.620915,0.5,0.75,0.6,0.0407465,0.0444667,0.113229
E,reduction,uncertainty,6,6,0.686275,0.5,0.75,0.6,0.0407465,0.0444667,0.113229
E,reduction,uncertainty,6,7,0.660131,0.5,0.75,0.6,0.0407465,0.0444667,0.113229
E,reduction,uncertainty,6,8,0.699346,1,0.75,0.6,0,0.0444667,0.113229
E,reduction,uncertainty,6,9,0.647059,1,0.75,0.6,0,0.0444667,0.113229
E,reduction,uncertainty,6,10,0.633987,1,0.75,0.6,0,0.0444667,0.113229
E,reduction,uncertainty,6,11,0.620915,1,0.75,0.6,0,0.0444667,0.113229
E,reduction,uncertainty,6,12,0.72549,1,1,0.8,0,0,0.0256588
E,reduction,uncertainty,6,13,0.830065,1,1,1,0,0,0
E,reduction,uncertainty,6,14,0.895425,1,1,1,0,0,0
E,reduction,uncertainty,6,15,0.895425,1,1,1,0,0,0
E,reduction,uncertainty,6,16,0.960784,1,1,1,0,0,0
E,reduction,uncertainty,6,17,0.960784,1,1,1,0,0,0
E,reduction,uncertainty,6,18,1,1,1,1,0,0,0
E,reduction,ranking_aware,6,4,0.503268,1,0.75,0.6,0,0.0444667,0.113229
E,reduction,ranking_aware,6,5,0.620915,0.5,0.75,0.6,0.0407465,0.0444667,0.113229
E,reduction,ranking_aware,6,6,0.686275,0.5,0.75,0.6,0.0407465,0.0444667,0.113229
E,reduction,ranking_aware,6,7,0.673203,1,0.75,0.6,0,0.0444667,0.113229
E,reduction,ranking_aware,6,8,0.660131,1,1,0.8,0,0,0.0256588
E,reduction,ranking_aware,6,9,0.647059,1,1,0.8,0,0,0.0256588
E,reduction,ranking_aware,6,10,0.699346,1,1,0.8,0,0,0.0256588
E,reduction,ranking_aware,6,11,0.686275,1,1,0.8,0,0,0.0256588
E,reduction,ranking_aware,6,12,0.751634,1,1,1,0,0,0
E,reduction,ranking_aware,6,13,0.777778,1,1,1,0,0,0
E,reduction,ranking_aware,6,14,0.843137,1,1,1,0,0,0
E,reduction,ranking_aware,6,15,0.856209,1,1,1,0,0,0
E,reduction,ranking_aware,6,16,0.882353,1,1,1,0,0,0
E,reduction,ranking_aware,6,17,0.960784,1,1,1,0,0,0
E,reduction,ranking_aware,6,18,1,1,1,1,0,0,0
E,reduction,random,7,4,0.202614,0,0,0.2,0.709476,0.543073,0.544815
E,reduction,random,7,5,0.260052,0,0,0.2,0.781411,0.681018,0.544815
E,reduction,random,7,6,0.1667,0,0,0.2,0.709476,0.681018,0.544815
E,reduction,random,7,7,0.211231,0,0,0,0.709476,0.699041,0.644322
E,reduction,random,7,8,0.542484,0.5,0.25,0.2,0.244053,0.380683,0.422322
E,reduction,random,7,9,0.594771,0.5,0.25,0.4,0.329316,0.380683,0.304546
E,reduction,random,7,10,0.751634,0.5,0.75,0.6,0.244053,0.0444667,0.0953374
E,reduction,random,7,11,0.816993,0.5,0.75,0.8,0.244053,0.0444667,0.0256588
E,reduction,random,7,12,0.869281,0.5,0.75,0.8,0.244053,0.0444667,0.0256588
E,reduction,random,7,13,0.882353,1,0.75,0.6,0,0.0444667,0.0953374
E,reduction,random,7,14,0.895425,1,0.75,0.6,0,0.0444667,0.0953374
E,reduction,random,7,15,0.856209,1,0.75,0.8,0,0.0123933,0.0355734
E,reduction,random,7,16,0.882353,1,0.75,0.8,0,0.0123932,0.0355734
E,reduction,random,7,17,0.973856,1,1,1,0,0,0
E,reduction,random,7,18,1,1,1,1,0,0,0
E,reduction,diversity,7,4,0.202614,0,0,0.2,0.709476,0.543073,0.544815
E,reduction,diversity,7,5,0.228758,0.5,0.25,0.4,0.244053,0.380683,0.304546
E,reduction,diversity,7,6,0.620915,1,0.75,0.6,0,0.0444667,0.0953374
E,reduction,diversity,7,7,0.647059,1,0.75,0.6,0,0.0444667,0.0953374
E,reduction,diversity,7,8,0.660131,1,0.75,0.6,0,0.0444667,0.0953374
E,reduction,diversity,7,9,0.699346,1,0.75,0.6,0,0.0444667,0.0953374
E,reduction,diversity,7,10,0.686275,1,0.75,0.6,0,0.0444667,0.0953374
E,reduction,diversity,7,11,0.816993,1,1,0.8,0,0,0.0256588
E,reduction,diversity,7,12,0.843137,1,1,0.8,0,0,0.0256588
E,reduction,diversity,7,13,0.843137,1,1,0.8,0,0,0.0256588
E,reduction,diversity,7,14,0.895425,1,1,1,0,0,0
E,reduction,diversity,7,15,0.895425,1,1,1,0,0,0
E,reduction,diversity,7,16,0.973856,1,1,1,0,0,0
E,reduction,diversity,7,17,0.960784,1,1,1,0,0,0
E,reduction,diversity,7,18,1,1,1,1,0,0,0
E,reduction,uncertainty,7,4,0.202614,0,0,0.2,0.709476,0.543073,0.544815
E,reduction,uncertainty,7,5,0.581699,0.5,0.5,0.4,0.325614,0.207273,0.247401
E,reduction,uncertainty,7,6,0.620915,1,0.75,0.6,0,0.0444667,0.0953374
E,reduction,uncertainty,7,7,0.647059,1,0.75,0.6,0,0.0444667,0.0953374
E,reduction,uncertainty,7,8,0.660131,1,0.75,0.6,0,0.0444667,0.0953374
E,reduction,uncertainty,7,9,0.660131,1,0.75,0.6,0,0.0444667,0.0953374
E,reduction,uncertainty,7,10,0.686275,1,0.75,0.6,0,0.0444667,0.0953374
E,reduction,uncertainty,7,11,0.816993,1,1,0.8,0,0,0.0256588
E,reduction,uncertainty,7,12,0.816993,1,1,0.8,0,0,0.0256588
E,reduction,uncertainty,7,13,0.843137,1,1,0.8,0,0,0.0256588
E,reduction,uncertainty,7,14,0.816993,1,1,0.8,0,0,0.0256588
E,reduction,uncertainty,7,15,0.895425,1,1,1,0,0,0
E,reduction,uncertainty,7,16,0.960784,1,1,1,0,0,0
E,reduction,uncertainty,7,17,0.960784,1,1,1,0,0,0
E,reduction,uncertainty,7,18,1,1,1,1,0,0,0
E,reduction,ranking_aware,7,4,0.202614,0,0,0.2,0.709476,0.543073,0.544815
E,reduction,ranking_aware,7,5,0.409261,0,0,0.4,0.560066,0.751738,0.591476
E,reduction,ranking_aware,7,6,0.420084,0,0,0.4,0.50552,0.751738,0.591476
E,reduction,ranking_aware,7,7,0.462069,0,0,0.2,0.50552,0.574657,0.544815
E,reduction,ranking_aware,7,8,0.594771,0,0.25,0.4,0.331323,0.424318,0.365113
E,reduction,ranking_aware,7,9,0.568627,0,0.25,0.4,0.331323,0.424318,0.438961
E,reduction,ranking_aware,7,10,0.620915,0,0.25,0.4,0.331323,0.354413,0.365113
E,reduction,ranking_aware,7,11,0.686275,0.5,0.5,0.6,0.155119,0.191606,0.213049
E,reduction,ranking_aware,7,12,0.764706,0.5,0.75,0.8,0.0407465,0.089953,0.0976212
E,reduction,ranking_aware,7,13,0.856209,1,1,1,0,0,0
E,reduction,ranking_aware,7,14,0.882353,1,1,1,0,0,0
E,reduction,ranking_aware,7,15,0.869281,1,1,1,0,0,0
E,reduction,ranking_aware,7,16,0.908497,1,1,1,0,0,0
E,reduction,ranking_aware,7,17,0.960784,1,1,1,0,0,0
E,reduction,ranking_aware,7,18,1,1,1,1,0,0,0
E,reduction,random,8,4,0.176471,0.5,0.75,0.6,0.0407465,0.109463,0.205347
E,reduction,random,8,5,0.281046,0.5,1,0.8,0.0407465,0,0.162681
E,reduction,random,8,6,0.372549,1,0.75,0.8,0,0.109463,0.0776558
E,reduction,random,8,7,0.24183,1,1,0.8,0,0,0.162681
E,reduction,random,8,8,0.424837,1,1,1,0,0,0
E,reduction,random,8,9,0.555556,1,1,1,0,0,0
E,reduction,random,8,10,0.686275,1,1,1,0,0,0
E,reduction,random,8,11,0.673203,1,1,1,0,0,0
E,reduction,random,8,12,0.686275,1,0.75,0.8,0,0.0444667,0.0256588
E,reduction,random,8,13,0.79085,1,0.75,0.8,0,0.0444667,0.0256588
E,reduction,random,8,14,0.79085,1,1,1,0,0,0
E,reduction,random,8,15,0.947712,1,1,1,0,0,0
E,reduction,random,8,16,0.973856,1,1,1,0,0,0
E,reduction,random,8,17,0.973856,1,0.75,0.8,0,0.0444667,0.0256588
E,reduction,random,8,18,1,1,1,1,0,0,0
E,reduction,diversity,8,4,0.176471,0.5,0.75,0.6,0.0407465,0.109463,0.205347
E,reduction,diversity,8,5,0.215686,0.5,0.75,0.6,0.0407465,0.196315,0.319732
E,reduction,diversity,8,6,0.163399,0.5,0.75,0.6,0.0407465,0.196315,0.319732
E,reduction,diversity,8,7,0.30719,0.5,0.75,0.6,0.0407465,0.196315,0.319732
E,reduction,diversity,8,8,0.346405,0.5,0.75,0.6,0.0407465,0.122027,0.182711
E,reduction,diversity,8,9,0.72549,1,1,0.8,0,0,0.0256588
E,reduction,diversity,8,10,0.72549,1,1,0.8,0,0,0.0256588
E,reduction,diversity,8,11,0.764706,1,1,0.8,0,0,0.0256588
E,reduction,diversity,8,12,0.79085,1,1,0.8,0,0,0.0256588
E,reduction,diversity,8,13,0.816993,1,1,0.8,0,0,0.0256588
E,reduction,diversity,8,14,0.843137,1,1,1,0,0,0
E,reduction,diversity,8,15,0.921569,1,1,1,0,0,0
E,reduction,diversity,8,16,0.947712,1,1,1,0,0,0
E,reduction,diversity,8,17,0.986928,1,1,1,0,0,0
E,reduction,diversity,8,18,1,1,1,1,0,0,0
E,reduction,uncertainty,8,4,0.176471,0.5,0.75,0.6,0.0407465,0.109463,0.205347
E,reduction,uncertainty,8,5,0.215686,0.5,0.75,0.6,0.0407465,0.196315,0.319732
E,reduction,uncertainty,8,6,0.163399,0.5,0.75,0.6,0.0407465,0.196315,0.319732
E,reduction,uncertainty,8,7,0.30719,0.5,0.75,0.6,0.0407465,0.196315,0.319732
E,reduction,uncertainty,8,8,0.346405,0.5,0.75,0.6,0.0407465,0.122027,0.182711
E,reduction,uncertainty,8,9,0.72549,1,1,0.8,0,0,0.0256588
E,reduction,uncertainty,8,10,0.72549,1,1,0.8,0,0,0.0256588
E,reduction,uncertainty,8,11,0.72549,1,1,0.8,0,0,0.0256588
E,reduction,uncertainty,8,12,0.738562,1,1,1,0,0,0
E,reduction,uncertainty,8,13,0.843137,1,1,1,0,0,0
E,reduction,uncertainty,8,14,0.830065,1,1,1,0,0,0
E,reduction,uncertainty,8,15,0.895425,1,1,1,0,0,0
E,reduction,uncertainty,8,16,0.960784,1,1,1,0,0,0
E,reduction,uncertainty,8,17,0.960784,1,1,1,0,0,0
E,reduction,uncertainty,8,18,1,1,1,1,0,0,0
E,reduction,ranking_aware,8,4,0.176471,0.5,0.75,0.6,0.0407465,0.109463,0.205347
E,reduction,ranking_aware,8,5,0.281046,1,0.75,0.6,0,0.109463,0.205347
E,reduction,ranking_aware,8,6,0.189542,1,1,0.8,0,0,0.117776
E,reduction,ranking_aware,8,7,0.346405,1,1,0.8,0,0,0.0256588
E,reduction,ranking_aware,8,8,0.437908,1,1,0.8,0,0,0.0256588
E,reduction,ranking_aware,8,9,0.72549,1,1,0.8,0,0,0.0256588
E,reduction,ranking_aware,8,10,0.79085,1,1,0.8,0,0,0.0256588
E,reduction,ranking_aware,8,11,0.830065,1,1,0.8,0,0,0.0256588
E,reduction,ranking_aware,8,12,0.830065,1,1,0.8,0,0,0.0256588
E,reduction,ranking_aware,8,13,0.908497,1,1,0.8,0,0,0.0256588
E,reduction,ranking_aware,8,14,0.895425,1,1,1,0,0,0
E,reduction,ranking_aware,8,15,0.934641,1,1,1,0,0,0
E,reduction,ranking_aware,8,16,0.934641,1,1,1,0,0,0
E,reduction,ranking_aware,8,17,0.973856,1,1,1,0,0,0
E,reduction,ranking_aware,8,18,1,1,1,1,0,0,0
E,reduction,random,9,4,0.330049,0,0,0.2,0.420257,0.468785,0.627049
E,reduction,random,9,5,0.356453,0,0,0.2,0.420257,0.468785,0.627049
E,reduction,random,9,6,0.411765,0,0,0.2,0.420257,0.468785,0.627049
E,reduction,random,9,7,0.281046,0,0,0.2,0.420257,0.468785,0.522617
E,reduction,random,9,8,0.294118,0,0,0.2,0.420257,0.491149,0.478009
E,reduction,random,9,9,0.581699,0,0.25,0.4,0.21695,0.3245,0.319364
E,reduction,random,9,10,0.620915,0.5,0.5,0.6,0.0407465,0.204324,0.223224
E,reduction,random,9,11,0.751634,0.5,0.75,0.8,0.0407465,0.089953,0.153545
E,reduction,random,9,12,0.816993,1,1,1,0,0,0
E,reduction,random,9,13,0.882353,1,1,1,0,0,0
E,reduction,random,9,14,0.921569,1,1,1,0,0,0
E,reduction,random,9,15,0.934641,1,1,1,0,0,0
E,reduction,random,9,16,0.934641,1,1,1,0,0,0
E,reduction,random,9,17,1,1,1,1,0,0,0
E,reduction,random,9,18,1,1,1,1,0,0,0
E,reduction,diversity,9,4,0.330049,0,0,0.2,0.420257,0.468785,0.627049
E,reduction,diversity,9,5,0.372549,0.5,0.25,0.4,0.179906,0.305978,0.304546
E,reduction,diversity,9,6,0.359477,0.5,0.5,0.6,0.0407465,0.204324,0.223224
E,reduction,diversity,9,7,0.581699,0.5,0.5,0.6,0.0407465,0.204324,0.223224
E,reduction,diversity,9,8,0.633987,1,0.75,0.8,0,0.0123932,0.0914972
E,reduction,diversity,9,9,0.72549,1,1,1,0,0,0
E,reduction,diversity,9,10,0.673203,1,1,1,0,0,0
E,reduction,diversity,9,11,0.79085,1,1,1,0,0,0
E,reduction,diversity,9,12,0.869281,1,1,1,0,0,0
E,reduction,diversity,9,13,0.882353,1,1,1,0,0,0
E,reduction,diversity,9,14,0.882353,1,1,1,0,0,0
E,reduction,diversity,9,15,0.895425,1,1,1,0,0,0
E,reduction,diversity,9,16,0.973856,1,1,1,0,0,0
E,reduction,diversity,9,17,0.960784,1,1,1,0,0,0
E,reduction,diversity,9,18,1,1,1,1,0,0,0
E,reduction,uncertainty,9,4,0.330049,0,0,0.2,0.420257,0.468785,0.627049
E,reduction,uncertainty,9,5,0.385621,0.5,0.25,0.4,0.176203,0.304127,0.385779
E,reduction,uncertainty,9,6,0.385621,1,0.5,0.6,0,0.183951,0.206925
E,reduction,uncertainty,9,7,0.529412,1,0.75,0.8,0,0.114371,0.0914972
E,reduction,uncertainty,9,8,0.633987,1,0.75,0.8,0,0.0123932,0.0914972
E,reduction,uncertainty,9,9,0.72549,1,1,1,0,0,0
E,reduction,uncertainty,9,10,0.673203,1,1,1,0,0,0
E,reduction,uncertainty,9,11,0.816993,1,1,1,0,0,0
E,reduction,uncertainty,9,12,0.856209,1,1,1,0,0,0
E,reduction,uncertainty,9,13,0.843137,1,1,1,0,0,0
E,reduction,uncertainty,9,14,0.830065,1,1,1,0,0,0
E,reduction,uncertainty,9,15,0.895425,1,1,1,0,0,0
E,reduction,uncertainty,9,16,0.960784,1,1,1,0,0,0
E,reduction,uncertainty,9,17,0.960784,1,1,1,0,0,0
E,reduction,uncertainty,9,18,1,1,1,1,0,0,0
E,reduction,ranking_aware,9,4,0.330049,0,0,0.2,0.420257,0.468785,0.627049
E,reduction,ranking_aware,9,5,0.372549,0.5,0.25,0.4,0.179906,0.305978,0.304546
E,reduction,ranking_aware,9,6,0.23338,0.5,0.25,0.4,0.179906,0.35122,0.528307
E,reduction,ranking_aware,9,7,0.201802,0.5,0.25,0.4,0.179906,0.35122,0.528307
E,reduction,ranking_aware,9,8,0.29554,0.5,0.25,0.4,0.179906,0.35122,0.528307
E,reduction,ranking_aware,9,9,0.40656,0.5,0.5,0.8,0.179906,0.114047,0.0355734
E,reduction,ranking_aware,9,10,0.568627,0.5,0.75,0.8,0.0407465,0.0123932,0.0355734
E,reduction,ranking_aware,9,11,0.660131,1,0.75,0.8,0,0.0123932,0.0355734
E,reduction,ranking_aware,9,12,0.594771,1,1,1,0,0,0
E,reduction,ranking_aware,9,13,0.830065,1,1,1,0,0,0
E,reduction,ranking_aware,9,14,0.856209,1,1,1,0,0,0
E,reduction,ranking_aware,9,15,0.947712,1,1,1,0,0,0
E,reduction,ranking_aware,9,16,0.960784,1,1,1,0,0,0
E,reduction,ranking_aware,9,17,0.973856,1,1,1,0,0,0
E,reduction,ranking_aware,9,18,1,1,1,1,0,0,0
E,reduction,random,10,4,0.51634,0.5,0.5,0.6,0.244053,0.188751,0.0953374
E,reduction,random,10,5,0.529412,0.5,0.5,0.6,0.244053,0.266311,0.141087
E,reduction,random,10,6,0.712418,1,0.75,0.8,0,0.0444667,0.0256588
E,reduction,random,10,7,0.607843,1,0.75,0.8,0,0.0123933,0.0914972
E,reduction,random,10,8,0.647059,1,0.75,0.8,0,0.0123933,0.0355734
E,reduction,random,10,9,0.699346,1,0.5,0.6,0,0.114047,0.17282
E,reduction,random,10,10,0.738562,1,0.5,0.6,0,0.114047,0.17282
E,reduction,random,10,11,0.777778,1,0.75,0.8,0,0.0123932,0.0355734
E,reduction,random,10,12,0.738562,1,0.75,0.8,0,0.0123932,0.0355734
E,reduction,random,10,13,0.777778,1,0.75,0.8,0,0.0123932,0.0355734
E,reduction,random,10,14,0.830065,1,0.75,0.8,0,0.0123932,0.0355734
E,reduction,random,10,15,0.869281,1,0.75,0.8,0,0.0123932,0.0355734
E,reduction,random,10,16,0.882353,1,0.75,0.8,0,0.0123932,0.0355734
E,reduction,random,10,17,0.921569,1,0.75,0.8,0,0.0123932,0.0355734
E,reduction,random,10,18,1,1,1,1,0,0,0
E,reduction,diversity,10,4,0.51634,0.5,0.5,0.6,0.244053,0.188751,0.0953374
E,reduction,diversity,10,5,0.437908,0.5,0.75,0.6,0.0407465,0.109463,0.113229
E,reduction,diversity,10,6,0.529412,0.5,1,0.8,0.0407465,0,0.0256588
E,reduction,diversity,10,7,0.699346,0.5,0.75,0.8,0.0407465,0.0444667,0.0256588
E,reduction,diversity,10,8,0.633987,0.5,0.75,0.8,0.0407465,0.0444667,0.0256588
E,reduction,diversity,10,9,0.686275,1,0.75,0.8,0,0.0444667,0.0256588
E,reduction,diversity,10,10,0.712418,1,0.75,0.8,0,0.0444667,0.0256588
E,reduction,diversity,10,11,0.686275,1,1,0.8,0,0,0.0256588
E,reduction,diversity,10,12,0.751634,1,1,0.8,0,0,0.0256588
E,reduction,diversity,10,13,0.882353,1,1,0.8,0,0,0.0256588
E,reduction,diversity,10,14,0.934641,1,1,0.8,0,0,0.0256588
E,reduction,diversity,10,15,0.934641,1,1,1,0,0,0
E,reduction,diversity,10,16,0.960784,1,1,1,0,0,0
E,reduction,diversity,10,17,0.960784,1,1,1,0,0,0
E,reduction,diversity,10,18,1,1,1,1,0,0,0
E,reduction,uncertainty,10,4,0.51634,0.5,0.5,0.6,0.244053,0.188751,0.0953374
E,reduction,uncertainty,10,5,0.464052,1,0.75,0.6,0,0.109463,0.113229
E,reduction,uncertainty,10,6,0.542484,1,0.75,0.8,0,0.0444667,0.0256588
E,reduction,uncertainty,10,7,0.764706,1,0.75,0.8,0,0.0444667,0.0256588
E,reduction,uncertainty,10,8,0.712418,1,0.75,0.8,0,0.0444667,0.0256588
E,reduction,uncertainty,10,9,0.686275,1,0.75,0.8,0,0.0444667,0.0256588
E,reduction,uncertainty,10,10,0.712418,1,0.75,0.8,0,0.0444667,0.0256588
E,reduction,uncertainty,10,11,0.686275,1,1,0.8,0,0,0.0256588
E,reduction,uncertainty,10,12,0.72549,1,1,0.8,0,0,0.0256588
E,reduction,uncertainty,10,13,0.908497,1,1,0.8,0,0,0.0256588
E,reduction,uncertainty,10,14,0.869281,1,1,1,0,0,0
E,reduction,uncertainty,10,15,0.934641,1,1,1,0,0,0
E,reduction,uncertainty,10,16,0.960784,1,1,1,0,0,0
E,reduction,uncertainty,10,17,0.960784,1,1,1,0,0,0
E,reduction,uncertainty,10,18,1,1,1,1,0,0,0
E,reduction,ranking_aware,10,4,0.51634,0.5,0.5,0.6,0.244053,0.188751,0.0953374
E,reduction,ranking_aware,10,5,0.464052,1,0.75,0.6,0,0.109463,0.113229
E,reduction,ranking_aware,10,6,0.529412,1,0.75,0.6,0,0.109463,0.113229
E,reduction,ranking_aware,10,7,0.777778,1,0.75,0.8,0,0.0444667,0.0256588
E,reduction,ranking_aware,10,8,0.751634,1,0.75,0.8,0,0.0444667,0.0256588
E,reduction,ranking_aware,10,9,0.607843,1,1,0.8,0,0,0.0256588
E,reduction,ranking_aware,10,10,0.647059,1,1,0.8,0,0,0.0256588
E,reduction,ranking_aware,10,11,0.830065,1,1,0.8,0,0,0.0256588
E,reduction,ranking_aware,10,12,0.882353,1,1,0.8,0,0,0.0256588
E,reduction,ranking_aware,10,13,0.908497,1,1,0.8,0,0,0.0256588
E,reduction,ranking_aware,10,14,0.869281,1,1,1,0,0,0
E,reduction,ranking_aware,10,15,0.921569,1,1,1,0,0,0
E,reduction,ranking_aware,10,16,0.960784,1,1,1,0,0,0
E,reduction,ranking_aware,10,17,0.960784,1,1,1,0,0,0
E,reduction,ranking_aware,10,18,1,1,1,1,0,0,0
E,reduction,random,11,4,0.253086,0,0,0.2,0.50552,0.751738,0.848722
E,reduction,random,11,5,0.246716,0,0,0.2,0.560066,0.574657,0.544815
E,reduction,random,11,6,0.411765,0.5,0.25,0.6,0.179906,0.348609,0.223224
E,reduction,random,11,7,0.437908,0.5,0.25,0.6,0.179906,0.305978,0.189118
E,reduction,random,11,8,0.437908,0.5,0.5,0.6,0.155119,0.191606,0.234868
E,reduction,random,11,9,0.477124,0.5,0.5,0.6,0.155119,0.191606,0.234868
E,reduction,random,11,10,0.581699,1,0.75,0.8,0,0.0695798,0.0813226
E,reduction,random,11,11,0.607843,1,1,1,0,0,0
E,reduction,random,11,12,0.803922,1,1,1,0,0,0
E,reduction,random,11,13,0.843137,1,1,1,0,0,0
E,reduction,random,11,14,0.843137,1,1,1,0,0,0
E,reduction,random,11,15,0.908497,1,1,1,0,0,0
E,reduction,random,11,16,0.947712,1,1,1,0,0,0
E,reduction,random,11,17,0.934641,1,1,1,0,0,0
E,reduction,random,11,18,1,1,1,1,0,0,0
E,reduction,diversity,11,4,0.253086,0,0,0.2,0.50552,0.751738,0.848722
E,reduction,diversity,11,5,0.325396,0.5,0.5,0.8,0.179906,0.183951,0.0914972
E,reduction,diversity,11,6,0.490196,0.5,0.75,0.8,0.0407465,0.0123932,0.0355734
E,reduction,diversity,11,7,0.660131,0.5,0.5,0.8,0.0407465,0.204324,0.0914972
E,reduction,diversity,11,8,0.660131,0.5,0.75,0.8,0.0407465,0.0123932,0.0355734
E,reduction,diversity,11,9,0.686275,1,0.75,0.8,0,0.0123932,0.0355734
E,reduction,diversity,11,10,0.72549,1,0.75,0.8,0,0.0123932,0.0355734
E,reduction,diversity,11,11,0.738562,1,0.75,0.8,0,0.0123932,0.0355734
E,reduction,diversity,11,12,0.777778,1,1,1,0,0,0
E,reduction,diversity,11,13,0.882353,1,1,1,0,0,0
E,reduction,diversity,11,14,0.921569,1,1,1,0,0,0
E,reduction,diversity,11,15,0.921569,1,1,1,0,0,0
E,reduction,diversity,11,16,0.947712,1,1,1,0,0,0
E,reduction,diversity,11,17,0.986928,1,1,1,0,0,0
E,reduction,diversity,11,18,1,1,1,1,0,0,0
E,reduction,uncertainty,11,4,0.253086,0,0,0.2,0.50552,0.751738,0.848722
E,reduction,uncertainty,11,5,0.330336,0,0,0.4,0.50552,0.751738,0.529428
E,reduction,uncertainty,11,6,0.406748,0,0,0.2,0.50552,0.543073,0.544815
E,reduction,uncertainty,11,7,0.524593,0.5,0.25,0.4,0.176203,0.346758,0.303065
E,reduction,uncertainty,11,8,0.568627,0.5,0.5,0.6,0.037044,0.1752,0.221743
E,reduction,uncertainty,11,9,0.712418,1,0.75,0.8,0,0.0123932,0.0355734
E,reduction,uncertainty,11,10,0.712418,1,0.75,0.8,0,0.0123932,0.0355734
E,reduction,uncertainty,11,11,0.686275,1,0.75,0.8,0,0.0123932,0.0355734
E,reduction,uncertainty,11,12,0.803922,1,0.75,0.8,0,0.0123932,0.0355734
E,reduction,uncertainty,11,13,0.777778,1,0.75,0.8,0,0.0123932,0.0355734
E,reduction,uncertainty,11,14,0.882353,1,1,1,0,0,0
E,reduction,uncertainty,11,15,0.921569,1,1,1,0,0,0
E,reduction,uncertainty,11,16,0.960784,1,1,1,0,0,0
E,reduction,uncertainty,11,17,0.960784,1,1,1,0,0,0
E,reduction,uncertainty,11,18,1,1,1,1,0,0,0
E,reduction,ranking_aware,11,4,0.253086,0,0,0.2,0.50552,0.751738,0.848722
E,reduction,ranking_aware,11,5,0.380076,0,0,0.2,0.50552,0.543073,0.544815
E,reduction,ranking_aware,11,6,0.380076,0,0,0.2,0.50552,0.543073,0.544815
E,reduction,ranking_aware,11,7,0.540108,0,0,0.4,0.50552,0.543073,0.424544
E,reduction,ranking_aware,11,8,0.529412,0,0.25,0.4,0.331323,0.424318,0.424544
E,reduction,ranking_aware,11,9,0.751634,0.5,0.5,0.8,0.151417,0.232387,0.130245
E,reduction,ranking_aware,11,10,0.751634,0.5,0.5,0.8,0.151417,0.232387,0.130245
E,reduction,ranking_aware,11,11,0.699346,0.5,0.5,0.6,0.151417,0.189755,0.211568
E,reduction,ranking_aware,11,12,0.79085,1,0.75,1,0,0.0695798,0
E,reduction,ranking_aware,11,13,0.816993,1,1,1,0,0,0
E,reduction,ranking_aware,11,14,0.830065,1,1,1,0,0,0
E,reduction,ranking_aware,11,15,0.856209,1,1,1,0,0,0
E,reduction,ranking_aware,11,16,0.960784,1,1,1,0,0,0
E,reduction,ranking_aware,11,17,0.973856,1,1,1,0,0,0
E,reduction,ranking_aware,11,18,1,1,1,1,0,0,0
E,reduction,random,12,4,0.542484,0.5,0.75,0.6,0.244053,0.0444667,0.0953374
E,reduction,random,12,5,0.477124,0.5,0.5,0.4,0.244053,0.188751,0.232584
E,reduction,random,12,6,0.607843,0.5,0.5,0.6,0.244053,0.211116,0.113229
E,reduction,random,12,7,0.686275,1,0.75,0.6,0,0.0444667,0.113229
E,reduction,random,12,8,0.712418,1,0.75,0.6,0,0.0444667,0.113229
E,reduction,random,12,9,0.764706,1,1,0.8,0,0,0.0256588
E,reduction,random,12,10,0.777778,1,1,0.8,0,0,0.0256588
E,reduction,random,12,11,0.830065,1,0.75,1,0,0.0695798,0
E,reduction,random,12,12,0.856209,1,1,1,0,0,0
E,reduction,random,12,13,0.908497,1,1,1,0,0,0
E,reduction,random,12,14,0.921569,1,1,1,0,0,0
E,reduction,random,12,15,0.947712,1,1,1,0,0,0
E,reduction,random,12,16,0.973856,1,1,1,0,0,0
E,reduction,random,12,17,0.973856,1,1,1,0,0,0
E,reduction,random,12,18,1,1,1,1,0,0,0
E,reduction,diversity,12,4,0.542484,0.5,0.75,0.6,0.244053,0.0444667,0.0953374
E,reduction,diversity,12,5,0.424837,0.5,0.75,0.8,0.0407465,0.0123932,0.0914972
E,reduction,diversity,12,6,0.294118,0.5,0.5,0.6,0.0407465,0.204324,0.223224
E,reduction,diversity,12,7,0.51634,0.5,0.5,0.6,0.0407465,0.204324,0.223224
E,reduction,diversity,12,8,0.647059,1,0.75,0.8,0,0.0123932,0.0914972
E,reduction,diversity,12,9,0.647059,1,1,1,0,0,0
E,reduction,diversity,12,10,0.673203,1,1,1,0,0,0
E,reduction,diversity,12,11,0.79085,1,1,1,0,0,0
E,reduction,diversity,12,12,0.869281,1,1,1,0,0,0
E,reduction,diversity,12,13,0.882353,1,1,1,0,0,0
E,reduction,diversity,12,14,0.882353,1,1,1,0,0,0
E,reduction,diversity,12,15,0.895425,1,1,1,0,0,0
E,reduction,diversity,12,16,0.973856,1,1,1,0,0,0
E,reduction,diversity,12,17,0.960784,1,1,1,0,0,0
E,reduction,diversity,12,18,1,1,1,1,0,0,0
E,reduction,uncertainty,12,4,0.542484,0.5,0.75,0.6,0.244053,0.0444667,0.0953374
E,reduction,uncertainty,12,5,0.424837,0.5,0.75,0.8,0.0407465,0.0123932,0.0914972
E,reduction,uncertainty,12,6,0.294118,0.5,0.5,0.6,0.0407465,0.204324,0.223224
E,reduction,uncertainty,12,7,0.51634,0.5,0.5,0.6,0.0407465,0.204324,0.223224
E,reduction,uncertainty,12,8,0.647059,1,0.75,0.8,0,0.0123932,0.0914972
E,reduction,uncertainty,12,9,0.647059,1,1,1,0,0,0
E,reduction,uncertainty,12,10,0.673203,1,1,1,0,0,0
E,reduction,uncertainty,12,11,0.816993,1,1,1,0,0,0
E,reduction,uncertainty,12,12,0.856209,1,1,1,0,0,0
E,reduction,uncertainty,12,13,0.843137,1,1,1,0,0,0
E,reduction,uncertainty,12,14,0.830065,1,1,1,0,0,0
E,reduction,uncertainty,12,15,0.895425,1,1,1,0,0,0
E,reduction,uncertainty,12,16,0.960784,1,1,1,0,0,0
E,reduction,uncertainty,12,17,0.960784,1,1,1,0,0,0
E,reduction,uncertainty,12,18,1,1,1,1,0,0,0
E,reduction,ranking_aware,12,4,0.542484,0.5,0.75,0.6,0.244053,0.0444667,0.0953374
E,reduction,ranking_aware,12,5,0.424837,0.5,0.75,0.8,0.0407465,0.0123932,0.0914972
E,reduction,ranking_aware,12,6,0.581699,1,0.75,0.8,0,0.0444667,0.0355734
E,reduction,ranking_aware,12,7,0.647059,1,0.75,0.6,0,0.0444667,0.0953374
E,reduction,ranking_aware,12,8,0.464052,1,1,0.8,0,0,0.0256588
E,reduction,ranking_aware,12,9,0.712418,1,1,0.8,0,0,0.0256588
E,reduction,ranking_aware,12,10,0.830065,1,1,0.8,0,0,0.0256588
E,reduction,ranking_aware,12,11,0.830065,1,1,0.8,0,0,0.0256588
E,reduction,ranking_aware,12,12,0.895425,1,1,0.8,0,0,0.0256588
E,reduction,ranking_aware,12,13,0.908497,1,1,0.8,0,0,0.0256588
E,reduction,ranking_aware,12,14,0.908497,1,1,0.8,0,0,0.0256588
E,reduction,ranking_aware,12,15,0.921569,1,1,0.8,0,0,0.0256588
E,reduction,ranking_aware,12,16,0.908497,1,1,1,0,0,0
E,reduction,ranking_aware,12,17,0.960784,1,1,1,0,0,0
E,reduction,ranking_aware,12,18,1,1,1,1,0,0,0
E,reduction,random,13,4,0.590167,0.5,0.75,0.6,0.424972,0.136777,0.135081
E,reduction,random,13,5,0.503268,0.5,0.5,0.4,0.037044,0.321949,0.283218
E,reduction,random,13,6,0.594771,0.5,0.25,0.4,0.176203,0.396437,0.376914
E,reduction,random,13,7,0.594771,0.5,0.25,0.6,0.176203,0.346758,0.221743
E,reduction,random,13,8,0.464052,0.5,0.25,0.4,0.176203,0.378415,0.402239
E,reduction,random,13,9,0.568627,0.5,0.25,0.4,0.176203,0.346758,0.362496
E,reduction,random,13,10,0.490196,0.5,0.25,0.4,0.176203,0.346758,0.355062
E,reduction,random,13,11,0.529412,0.5,0.25,0.4,0.176203,0.346758,0.355062
E,reduction,random,13,12,0.607843,0.5,0.5,0.6,0.176203,0.202473,0.279755
E,reduction,random,13,13,0.673203,0.5,0.5,0.6,0.176203,0.202473,0.187637
E,reduction,random,13,14,0.816993,1,0.75,0.8,0,0.0123933,0.0914972
E,reduction,random,13,15,0.882353,1,0.75,0.8,0,0.0123933,0.0914972
E,reduction,random,13,16,0.921569,1,0.75,0.8,0,0.0123932,0.0355734
E,reduction,random,13,17,0.921569,1,0.75,0.8,0,0.0123932,0.0355734
E,reduction,random,13,18,1,1,1,1,0,0,0
E,reduction,diversity,13,4,0.590167,0.5,0.75,0.6,0.424972,0.136777,0.135081
E,reduction,diversity,13,5,0.51634,1,0.75,0.6,0,0.109463,0.113229
E,reduction,diversity,13,6,0.51634,1,0.75,0.6,0,0.0444667,0.113229
E,reduction,diversity,13,7,0.620915,1,0.75,0.6,0,0.0444667,0.113229
E,reduction,diversity,13,8,0.620915,1,0.75,0.6,0,0.0444667,0.113229
E,reduction,diversity,13,9,0.673203,1,0.75,0.6,0,0.0444667,0.113229
E,reduction,diversity,13,10,0.633987,1,0.75,0.6,0,0.0444667,0.113229
E,reduction,diversity,13,11,0.620915,1,1,0.8,0,0,0.0256588
E,reduction,diversity,13,12,0.751634,1,1,0.8,0,0,0.0256588
E,reduction,diversity,13,13,0.816993,1,1,0.8,0,0,0.0256588
E,reduction,diversity,13,14,0.869281,1,1,1,0,0,0
E,reduction,diversity,13,15,0.934641,1,1,1,0,0,0
E,reduction,diversity,13,16,0.947712,1,1,1,0,0,0
E,reduction,diversity,13,17,0.986928,1,1,1,0,0,0
E,reduction,diversity,13,18,1,1,1,1,0,0,0
E,reduction,uncertainty,13,4,0.590167,0.5,0.75,0.6,0.424972,0.136777,0.135081
E,reduction,uncertainty,13,5,0.568627,0.5,0.5,0.4,0.240351,0.207273,0.243475
E,reduction,uncertainty,13,6,0.620915,1,0.75,0.6,0,0.0444667,0.0953374
E,reduction,uncertainty,13,7,0.647059,1,0.75,0.6,0,0.0444667,0.0953374
E,reduction,uncertainty,13,8,0.673203,1,0.75,0.6,0,0.0444667,0.0953374
E,reduction,uncertainty,13,9,0.738562,1,1,0.8,0,0,0.0256588
E,reduction,uncertainty,13,10,0.712418,1,1,0.8,0,0,0.0256588
E,reduction,uncertainty,13,11,0.738562,1,1,0.8,0,0,0.0256588
E,reduction,uncertainty,13,12,0.751634,1,1,0.8,0,0,0.0256588
E,reduction,uncertainty,13,13,0.816993,1,1,0.8,0,0,0.0256588
E,reduction,uncertainty,13,14,0.816993,1,1,0.8,0,0,0.0256588
E,reduction,uncertainty,13,15,0.895425,1,1,1,0,0,0
E,reduction,uncertainty,13,16,0.960784,1,1,1,0,0,0
E,reduction,uncertainty,13,17,0.960784,1,1,1,0,0,0
E,reduction,uncertainty,13,18,1,1,1,1,0,0,0
E,reduction,ranking_aware,13,4,0.590167,0.5,0.75,0.6,0.424972,0.136777,0.135081
E,reduction,ranking_aware,13,5,0.412398,0.5,0.25,0.4,0.388927,0.548041,0.428518
E,reduction,ranking_aware,13,6,0.550823,0.5,0.25,0.6,0.176203,0.346758,0.221743
E,reduction,ranking_aware,13,7,0.507046,0.5,0.25,0.4,0.176203,0.400821,0.402239
E,reduction,ranking_aware,13,8,0.466483,0.5,0.25,0.4,0.176203,0.351141,0.38042
E,reduction,ranking_aware,13,9,0.526772,0.5,0.25,0.4,0.176203,0.341849,0.358569
E,reduction,ranking_aware,13,10,0.577052,0.5,0.25,0.4,0.176203,0.276853,0.299138
E,reduction,ranking_aware,13,11,0.607843,0.5,0.25,0.4,0.176203,0.304126,0.303065
E,reduction,ranking_aware,13,12,0.764706,0.5,0.25,0.6,0.176203,0.276853,0.165819
E,reduction,ranking_aware,13,13,0.816993,0.5,0.5,0.6,0.037044,0.132569,0.165819
E,reduction,ranking_aware,13,14,0.869281,1,0.75,0.8,0,0.0123932,0.0355734
E,reduction,ranking_aware,13,15,0.856209,1,0.75,0.8,0,0.0123932,0.0355734
E,reduction,ranking_aware,13,16,0.934641,1,1,1,0,0,0
E,reduction,ranking_aware,13,17,0.986928,1,1,1,0,0,0
E,reduction,ranking_aware,13,18,1,1,1,1,0,0,0
E,reduction,random,14,4,0.55056,0.5,0.25,0.6,0.176203,0.409999,0.272335
E,reduction,random,14,5,0.642259,0.5,0.5,0.6,0.037044,0.202473,0.239634
E,reduction,random,14,6,0.554483,0.5,0.5,0.6,0.037044,0.202473,0.239634
E,reduction,random,14,7,0.660131,0.5,0.5,0.6,0.037044,0.202473,0.221743
E,reduction,random,14,8,0.660131,0.5,0.5,0.6,0.037044,0.202473,0.221743
E,reduction,random,14,9,0.699346,0.5,0.5,0.6,0.037044,0.202473,0.221743
E,reduction,random,14,10,0.699346,1,0.75,0.8,0,0.0444667,0.0355734
E,reduction,random,14,11,0.72549,1,0.75,0.8,0,0.0444667,0.0355734
E,reduction,random,14,12,0.830065,1,0.75,0.8,0,0.0444667,0.0355734
E,reduction,random,14,13,0.856209,1,0.75,0.8,0,0.0444667,0.0355734
E,reduction,random,14,14,0.869281,1,0.75,0.8,0,0.0444667,0.0355734
E,reduction,random,14,15,0.882353,1,0.75,0.8,0,0.0123932,0.0355734
E,reduction,random,14,16,0.869281,1,0.75,0.8,0,0.0123932,0.0355734
E,reduction,random,14,17,0.921569,1,0.75,0.8,0,0.0123932,0.0355734
E,reduction,random,14,18,1,1,1,1,0,0,0
E,reduction,diversity,14,4,0.55056,0.5,0.25,0.6,0.176203,0.409999,0.272335
E,reduction,diversity,14,5,0.529412,1,0.5,0.6,0,0.183951,0.206925
E,reduction,diversity,14,6,0.464052,1,0.5,0.6,0,0.183951,0.206925
E,reduction,diversity,14,7,0.490196,1,0.75,0.8,0,0.0695798,0.137246
E,reduction,diversity,14,8,0.555556,1,0.75,0.8,0,0.0695798,0.137246
E,reduction,diversity,14,9,0.699346,1,1,1,0,0,0
E,reduction,diversity,14,10,0.72549,1,1,1,0,0,0
E,reduction,diversity,14,11,0.72549,1,1,0.8,0,0,0.0815826
E,reduction,diversity,14,12,0.803922,1,1,1,0,0,0
E,reduction,diversity,14,13,0.830065,1,1,1,0,0,0
E,reduction,diversity,14,14,0.843137,1,1,1,0,0,0
E,reduction,diversity,14,15,0.921569,1,1,1,0,0,0
E,reduction,diversity,14,16,0.947712,1,1,1,0,0,0
E,reduction,diversity,14,17,0.986928,1,1,1,0,0,0
E,reduction,diversity,14,18,1,1,1,1,0,0,0
E,reduction,uncertainty,14,4,0.55056,0.5,0.25,0.6,0.176203,0.409999,0.272335
E,reduction,uncertainty,14,5,0.488473,0.5,0.25,0.4,0.176203,0.346758,0.424996
E,reduction,uncertainty,14,6,0.555556,0.5,0.5,0.6,0.037044,0.202473,0.239634
E,reduction,uncertainty,14,7,0.620915,1,0.75,0.8,0,0.0123932,0.0914972
E,reduction,uncertainty,14,8,0.647059,1,0.75,0.8,0,0.0123932,0.0914972
E,reduction,uncertainty,14,9,0.633987,1,1,1,0,0,0
E,reduction,uncertainty,14,10,0.660131,1,1,1,0,0,0
E,reduction,uncertainty,14,11,0.712418,1,1,1,0,0,0
E,reduction,uncertainty,14,12,0.738562,1,1,1,0,0,0
E,reduction,uncertainty,14,13,0.843137,1,1,1,0,0,0
E,reduction,uncertainty,14,14,0.830065,1,1,1,0,0,0
E,reduction,uncertainty,14,15,0.895425,1,1,1,0,0,0
E,reduction,uncertainty,14,16,0.960784,1,1,1,0,0,0
E,reduction,uncertainty,14,17,0.960784,1,1,1,0,0,0
E,reduction,uncertainty,14,18,1,1,1,1,0,0,0
E,reduction,ranking_aware,14,4,0.55056,0.5,0.25,0.6,0.176203,0.409999,0.272335
E,reduction,ranking_aware,14,5,0.660131,0.5,0.5,0.6,0.176203,0.202473,0.187637
E,reduction,ranking_aware,14,6,0.526772,0.5,0.25,0.6,0.176203,0.346758,0.221743
E,reduction,ranking_aware,14,7,0.633987,0.5,0.25,0.6,0.176203,0.346758,0.221743
E,reduction,ranking_aware,14,8,0.607843,0.5,0.5,0.8,0.176203,0.202473,0.0914972
E,reduction,ranking_aware,14,9,0.738562,0.5,0.75,0.8,0.037044,0.0123932,0.0914972
E,reduction,ranking_aware,14,10,0.777778,1,0.75,0.8,0,0.0123932,0.0355734
E,reduction,ranking_aware,14,11,0.803922,1,0.75,0.8,0,0.0123932,0.0355734
E,reduction,ranking_aware,14,12,0.777778,1,1,1,0,0,0
E,reduction,ranking_aware,14,13,0.921569,1,1,1,0,0,0
E,reduction,ranking_aware,14,14,0.960784,1,1,1,0,0,0
E,reduction,ranking_aware,14,15,0.960784,1,1,1,0,0,0
E,reduction,ranking_aware,14,16,0.960784,1,1,1,0,0,0
E,reduction,ranking_aware,14,17,0.973856,1,1,1,0,0,0
E,reduction,ranking_aware,14,18,1,1,1,1,0,0,0
E,reduction,random,15,4,0.594771,0.5,0.75,0.6,0.244053,0.0444667,0.113229
E,reduction,random,15,5,0.542484,1,0.5,0.6,0,0.211116,0.113229
E,reduction,random,15,6,0.607843,0.5,0.5,0.6,0.244053,0.211116,0.113229
E,reduction,random,15,7,0.594771,0.5,0.5,0.4,0.244053,0.211116,0.250476
E,reduction,random,15,8,0.647059,0.5,0.75,0.6,0.244053,0.0444667,0.113229
E,reduction,random,15,9,0.607843,0.5,0.5,0.4,0.244053,0.188751,0.228657
E,reduction,random,15,10,0.620915,0.5,0.5,0.4,0.244053,0.188751,0.228657
E,reduction,random,15,11,0.712418,0.5,0.5,0.4,0.244053,0.266311,0.290705
E,reduction,random,15,12,0.673203,0.5,0.25,0.4,0.179906,0.301069,0.322438
E,reduction,random,15,13,0.764706,0.5,0.5,0.6,0.155119,0.191606,0.230941
E,reduction,random,15,14,0.738562,0.5,0.5,0.6,0.155119,0.191606,0.230941
E,reduction,random,15,15,0.843137,0.5,0.5,0.6,0.155119,0.191606,0.213049
E,reduction,random,15,16,0.947712,0.5,1,1,0.0407465,0,0
E,reduction,random,15,17,0.960784,0.5,1,1,0.0407465,0,0
E,reduction,random,15,18,1,1,1,1,0,0,0
E,reduction,diversity,15,4,0.594771,0.5,0.75,0.6,0.244053,0.0444667,0.113229
E,reduction,diversity,15,5,0.673203,0.5,0.75,0.6,0.0407465,0.0444667,0.113229
E,reduction,diversity,15,6,0.699346,0.5,0.75,0.6,0.0407465,0.0444667,0.0953374
E,reduction,diversity,15,7,0.660131,0.5,0.75,0.6,0.0407465,0.0444667,0.0953374
E,reduction,diversity,15,8,0.699346,1,0.75,0.6,0,0.0444667,0.0953374
E,reduction,diversity,15,9,0.712418,1,0.75,0.6,0,0.0444667,0.0953374
E,reduction,diversity,15,10,0.72549,1,0.75,0.6,0,0.0444667,0.0953374
E,reduction,diversity,15,11,0.816993,1,0.75,0.6,0,0.0444667,0.0953374
E,reduction,diversity,15,12,0.816993,1,1,0.8,0,0,0.0256588
E,reduction,diversity,15,13,0.843137,1,1,0.8,0,0,0.0256588
E,reduction,diversity,15,14,0.895425,1,1,1,0,0,0
E,reduction,diversity,15,15,0.895425,1,1,1,0,0,0
E,reduction,diversity,15,16,0.973856,1,1,1,0,0,0
E,reduction,diversity,15,17,0.960784,1,1,1,0,0,0
E,reduction,diversity,15,18,1,1,1,1,0,0,0
E,reduction,uncertainty,15,4,0.594771,0.5,0.75,0.6,0.244053,0.0444667,0.113229
E,reduction,uncertainty,15,5,0.686275,1,0.75,0.6,0,0.0444667,0.113229
E,reduction,uncertainty,15,6,0.686275,1,0.75,0.6,0,0.0444667,0.0953374
E,reduction,uncertainty,15,7,0.699346,1,0.75,0.6,0,0.0444667,0.0953374
E,reduction,uncertainty,15,8,0.699346,1,0.75,0.6,0,0.0444667,0.0953374
E,reduction,uncertainty,15,9,0.699346,1,0.75,0.6,0,0.0444667,0.113229
E,reduction,uncertainty,15,10,0.647059,1,0.75,0.6,0,0.0444667,0.113229
E,reduction,uncertainty,15,11,0.79085,1,1,0.8,0,0,0.0256588
E,reduction,uncertainty,15,12,0.830065,1,1,0.8,0,0,0.0256588
E,reduction,uncertainty,15,13,0.843137,1,1,0.8,0,0,0.0256588
E,reduction,uncertainty,15,14,0.816993,1,1,0.8,0,0,0.0256588
E,reduction,uncertainty,15,15,0.895425,1,1,1,0,0,0
E,reduction,uncertainty,15,16,0.960784,1,1,1,0,0,0
E,reduction,uncertainty,15,17,0.960784,1,1,1,0,0,0
E,reduction,uncertainty,15,18,1,1,1,1,0,0,0
E,reduction,ranking_aware,15,4,0.594771,0.5,0.75,0.6,0.244053,0.0444667,0.113229
E,reduction,ranking_aware,15,5,0.686275,1,0.75,0.6,0,0.0444667,0.113229
E,reduction,ranking_aware,15,6,0.699346,1,0.75,0.6,0,0.0444667,0.113229
E,reduction,ranking_aware,15,7,0.699346,1,0.75,0.6,0,0.0444667,0.113229
E,reduction,ranking_aware,15,8,0.699346,1,0.75,0.6,0,0.0444667,0.113229
E,reduction,ranking_aware,15,9,0.751634,1,0.75,0.8,0,0.0123932,0.0914972
E,reduction,ranking_aware,15,10,0.764706,1,0.75,0.8,0,0.0123932,0.0355734
E,reduction,ranking_aware,15,11,0.79085,1,0.75,0.8,0,0.0123932,0.0355734
E,reduction,ranking_aware,15,12,0.72549,1,0.75,0.8,0,0.0123932,0.0355734
E,reduction,ranking_aware,15,13,0.751634,1,1,1,0,0,0
E,reduction,ranking_aware,15,14,0.908497,1,1,1,0,0,0
E,reduction,ranking_aware,15,15,0.947712,1,1,1,0,0,0
E,reduction,ranking_aware,15,16,0.947712,1,1,1,0,0,0
E,reduction,ranking_aware,15,17,0.973856,1,1,1,0,0,0
E,reduction,ranking_aware,15,18,1,1,1,1,0,0,0
E,reduction,random,16,4,0.10002,0,0,0.2,0.560066,0.606313,0.584558
E,reduction,random,16,5,0.246716,0,0,0.2,0.568833,0.592752,0.584558
E,reduction,random,16,6,0.550823,0.5,0.25,0.6,0.176203,0.346758,0.221743
E,reduction,random,16,7,0.555556,0.5,0.5,0.8,0.176203,0.25966,0.152064
E,reduction,random,16,8,0.51634,0.5,0.25,0.4,0.176203,0.378415,0.420508
E,reduction,random,16,9,0.712418,0.5,0.75,1,0.037044,0.0881018,0
E,reduction,random,16,10,0.699346,0.5,0.5,0.6,0.037044,0.202473,0.247068
E,reduction,random,16,11,0.738562,0.5,0.5,0.6,0.037044,0.197565,0.183711
E,reduction,random,16,12,0.72549,0.5,0.5,0.6,0.037044,0.1752,0.217816
E,reduction,random,16,13,0.816993,0.5,0.5,0.6,0.037044,0.132569,0.165819
E,reduction,random,16,14,0.79085,0.5,0.5,0.6,0.037044,0.132569,0.165819
E,reduction,random,16,15,0.869281,0.5,0.75,0.8,0.037044,0.0881018,0.0961402
E,reduction,random,16,16,0.960784,1,1,1,0,0,0
E,reduction,random,16,17,0.934641,1,1,1,0,0,0
E,reduction,random,16,18,1,1,1,1,0,0,0
E,reduction,diversity,16,4,0.10002,0,0,0.2,0.560066,0.606313,0.584558
E,reduction,diversity,16,5,0.529412,0.5,0.25,0.4,0.179906,0.348609,0.304546
E,reduction,diversity,16,6,0.555556,1,0.5,0.6,0,0.183951,0.206925
E,reduction,diversity,16,7,0.555556,1,0.5,0.6,0,0.183951,0.17282
E,reduction,diversity,16,8,0.647059,1,0.75,0.8,0,0.0123932,0.0355734
E,reduction,diversity,16,9,0.660131,1,0.75,0.8,0,0.0123932,0.0355734
E,reduction,diversity,16,10,0.738562,1,0.75,0.8,0,0.0123932,0.0355734
E,reduction,diversity,16,11,0.79085,1,1,1,0,0,0
E,reduction,diversity,16,12,0.908497,1,1,1,0,0,0
E,reduction,diversity,16,13,0.921569,1,1,1,0,0,0
E,reduction,diversity,16,14,0.921569,1,1,1,0,0,0
E,reduction,diversity,16,15,0.921569,1,1,1,0,0,0
E,reduction,diversity,16,16,0.947712,1,1,1,0,0,0
E,reduction,diversity,16,17,0.986928,1,1,1,0,0,0
E,reduction,diversity,16,18,1,1,1,1,0,0,0
E,reduction,uncertainty,16,4,0.10002,0,0,0.2,0.560066,0.606313,0.584558
E,reduction,uncertainty,16,5,0.372549,0.5,0.25,0.4,0.176203,0.45654,0.50771
E,reduction,uncertainty,16,6,0.555556,1,0.5,0.6,0,0.183951,0.206925
E,reduction,uncertainty,16,7,0.555556,1,0.5,0.6,0,0.183951,0.17282
E,reduction,uncertainty,16,8,0.647059,1,0.75,0.8,0,0.0123932,0.0355734
E,reduction,uncertainty,16,9,0.660131,1,0.75,0.8,0,0.0123932,0.0355734
E,reduction,uncertainty,16,10,0.738562,1,0.75,0.8,0,0.0123932,0.0355734
E,reduction,uncertainty,16,11,0.738562,1,0.75,0.8,0,0.0123932,0.0355734
E,reduction,uncertainty,16,12,0.79085,1,1,1,0,0,0
E,reduction,uncertainty,16,13,0.803922,1,1,1,0,0,0
E,reduction,uncertainty,16,14,0.869281,1,1,1,0,0,0
E,reduction,uncertainty,16,15,0.921569,1,1,1,0,0,0
E,reduction,uncertainty,16,16,0.960784,1,1,1,0,0,0
E,reduction,uncertainty,16,17,0.960784,1,1,1,0,0,0
E,reduction,uncertainty,16,18,1,1,1,1,0,0,0
E,reduction,ranking_aware,16,4,0.10002,0,0,0.2,0.560066,0.606313,0.584558
E,reduction,ranking_aware,16,5,0.0792118,0,0,0.2,0.560066,0.606313,0.584558
E,reduction,ranking_aware,16,6,0.193372,0,0,0.2,0.550249,0.565438,0.59994
E,reduction,ranking_aware,16,7,0.273388,0,0,0.2,0.550249,0.565438,0.551857
E,reduction,ranking_aware,16,8,0.393445,0,0,0.2,0.550249,0.565438,0.551857
E,reduction,ranking_aware,16,9,0.464052,0.5,0.25,0.4,0.179906,0.370974,0.381869
E,reduction,ranking_aware,16,10,0.542484,0.5,0.25,0.4,0.179906,0.370974,0.381869
E,reduction,ranking_aware,16,11,0.620915,0.5,0.75,0.8,0.0407465,0.0123932,0.0875704
E,reduction,ranking_aware,16,12,0.686275,0.5,0.75,1,0.0407465,0.089953,0
E,reduction,ranking_aware,16,13,0.895425,1,0.75,0.8,0,0.0444667,0.0256588
E,reduction,ranking_aware,16,14,0.908497,1,1,1,0,0,0
E,reduction,ranking_aware,16,15,0.921569,1,1,1,0,0,0
E,reduction,ranking_aware,16,16,0.908497,1,1,1,0,0,0
E,reduction,ranking_aware,16,17,0.947712,1,1,1,0,0,0
E,reduction,ranking_aware,16,18,1,1,1,1,0,0,0
E,reduction,random,17,4,0.431229,0.5,0.25,0.4,0.452095,0.409999,0.387763
E,reduction,random,17,5,0.476095,0.5,0.25,0.4,0.452095,0.409999,0.387763
E,reduction,random,17,6,0.459378,0.5,0.25,0.4,0.370343,0.40509,0.405655
E,reduction,random,17,7,0.524593,0.5,0.5,0.4,0.151417,0.401972,0.406667
E,reduction,random,17,8,0.620915,0.5,0.75,0.6,0.151417,0.185172,0.173796
E,reduction,random,17,9,0.686275,0.5,0.75,0.6,0.037044,0.120175,0.155904
E,reduction,random,17,10,0.660131,0.5,0.75,0.6,0.037044,0.120175,0.173796
E,reduction,random,17,11,0.686275,0.5,0.75,0.6,0.037044,0.120175,0.155904
E,reduction,random,17,12,0.699346,0.5,0.75,0.6,0.037044,0.120175,0.155904
E,reduction,random,17,13,0.830065,1,1,0.8,0,0,0.0256588
E,reduction,random,17,14,0.830065,1,1,0.8,0,0,0.0256588
E,reduction,random,17,15,0.895425,1,1,1,0,0,0
E,reduction,random,17,16,0.921569,1,1,1,0,0,0
E,reduction,random,17,17,0.934641,1,1,1,0,0,0
E,reduction,random,17,18,1,1,1,1,0,0,0
E,reduction,diversity,17,4,0.431229,0.5,0.25,0.4,0.452095,0.409999,0.387763
E,reduction,diversity,17,5,0.686275,1,0.75,0.6,0,0.0444667,0.113229
E,reduction,diversity,17,6,0.686275,1,0.75,0.6,0,0.0444667,0.113229
E,reduction,diversity,17,7,0.686275,1,0.75,0.6,0,0.0444667,0.113229
E,reduction,diversity,17,8,0.633987,1,0.5,0.8,0,0.114047,0.0355734
E,reduction,diversity,17,9,0.673203,1,0.75,0.8,0,0.0123932,0.0355734
E,reduction,diversity,17,10,0.72549,1,1,1,0,0,0
E,reduction,diversity,17,11,0.738562,1,1,1,0,0,0
E,reduction,diversity,17,12,0.816993,1,1,1,0,0,0
E,reduction,diversity,17,13,0.882353,1,1,1,0,0,0
E,reduction,diversity,17,14,0.895425,1,1,1,0,0,0
E,reduction,diversity,17,15,0.895425,1,1,1,0,0,0
E,reduction,diversity,17,16,0.973856,1,1,1,0,0,0
E,reduction,diversity,17,17,0.960784,1,1,1,0,0,0
E,reduction,diversity,17,18,1,1,1,1,0,0,0
E,reduction,uncertainty,17,4,0.431229,0.5,0.25,0.4,0.452095,0.409999,0.387763
E,reduction,uncertainty,17,5,0.412398,0.5,0.25,0.4,0.176203,0.450151,0.44521
E,reduction,uncertainty,17,6,0.555556,0.5,0.25,0.4,0.176203,0.346758,0.395183
E,reduction,uncertainty,17,7,0.568627,1,0.75,0.8,0,0.0123933,0.0914972
E,reduction,uncertainty,17,8,0.620915,1,0.75,0.8,0,0.0123933,0.0914972
E,reduction,uncertainty,17,9,0.660131,1,0.75,0.8,0,0.0123932,0.0355734
E,reduction,uncertainty,17,10,0.660131,1,0.75,0.8,0,0.0123932,0.0355734
E,reduction,uncertainty,17,11,0.738562,1,1,1,0,0,0
E,reduction,uncertainty,17,12,0.764706,1,1,1,0,0,0
E,reduction,uncertainty,17,13,0.764706,1,1,1,0,0,0
E,reduction,uncertainty,17,14,0.830065,1,1,1,0,0,0
E,reduction,uncertainty,17,15,0.895425,1,1,1,0,0,0
E,reduction,uncertainty,17,16,0.960784,1,1,1,0,0,0
E,reduction,uncertainty,17,17,0.960784,1,1,1,0,0,0
E,reduction,uncertainty,17,18,1,1,1,1,0,0,0
E,reduction,ranking_aware,17,4,0.431229,0.5,0.25,0.4,0.452095,0.409999,0.387763
E,reduction,ranking_aware,17,5,0.35933,0.5,0.25,0.2,0.325614,0.489087,0.472852
E,reduction,ranking_aware,17,6,0.420084,0.5,0.25,0.2,0.325614,0.489087,0.472852
E,reduction,ranking_aware,17,7,0.607843,0.5,0.5,0.4,0.325614,0.277178,0.247401
E,reduction,ranking_aware,17,8,0.686275,0.5,0.5,0.4,0.037044,0.207273,0.247401
E,reduction,ranking_aware,17,9,0.686275,0.5,0.5,0.4,0.037044,0.207273,0.247401
E,reduction,ranking_aware,17,10,0.660131,1,0.75,0.6,0,0.0444667,0.15335
E,reduction,ranking_aware,17,11,0.673203,1,0.75,0.6,0,0.0444667,0.0953374
E,reduction,ranking_aware,17,12,0.673203,1,0.75,0.6,0,0.0444667,0.0953374
E,reduction,ranking_aware,17,13,0.699346,1,0.75,0.6,0,0.0444667,0.0953374
E,reduction,ranking_aware,17,14,0.712418,1,0.75,0.8,0,0.0123932,0.0355734
E,reduction,ranking_aware,17,15,0.856209,1,1,1,0,0,0
E,reduction,ranking_aware,17,16,0.908497,1,1,1,0,0,0
E,reduction,ranking_aware,17,17,0.960784,1,1,1,0,0,0
E,reduction,ranking_aware,17,18,1,1,1,1,0,0,0
E,reduction,random,18,4,0.294118,0.5,1,0.8,0.037044,0,0.252022
E,reduction,random,18,5,0.398693,0.5,0.75,0.6,0.037044,0.0444667,0.135081
E,reduction,random,18,6,0.437908,0.5,0.75,0.8,0.037044,0.0444667,0.0256588
E,reduction,random,18,7,0.542484,0,0.5,0.4,0.281097,0.207273,0.243475
E,reduction,random,18,8,0.424837,0,0.25,0.2,0.281097,0.394296,0.39702
E,reduction,random,18,9,0.542484,0,0.5,0.6,0.192163,0.284833,0.155904
E,reduction,random,18,10,0.542484,0,0.5,0.4,0.192163,0.284833,0.305522
E,reduction,random,18,11,0.738562,0,0.75,0.6,0.192163,0.120175,0.155904
E,reduction,random,18,12,0.647059,0,0.5,0.6,0.192163,0.210128,0.227867
E,reduction,random,18,13,0.686275,0.5,0.75,0.8,0.0407465,0.089953,0.0976212
E,reduction,random,18,14,0.738562,0.5,0.75,0.8,0.0407465,0.089953,0.0976212
E,reduction,random,18,15,0.869281,0.5,0.75,1,0.0407465,0.089953,0
E,reduction,random,18,16,0.908497,0.5,0.75,1,0.0407465,0.089953,0
E,reduction,random,18,17,0.960784,0.5,1,1,0.0407465,0,0
E,reduction,random,18,18,1,1,1,1,0,0,0
E,reduction,diversity,18,4,0.294118,0.5,1,0.8,0.037044,0,0.252022
E,reduction,diversity,18,5,0.189542,0.5,1,0.8,0.0407465,0,0.252022
E,reduction,diversity,18,6,0.163399,0.5,0.75,0.6,0.0407465,0.196315,0.319732
E,reduction,diversity,18,7,0.30719,0.5,0.75,0.6,0.0407465,0.196315,0.319732
E,reduction,diversity,18,8,0.346405,0.5,0.75,0.6,0.0407465,0.122027,0.182711
E,reduction,diversity,18,9,0.72549,1,1,0.8,0,0,0.0256588
E,reduction,diversity,18,10,0.72549,1,1,0.8,0,0,0.0256588
E,reduction,diversity,18,11,0.764706,1,1,0.8,0,0,0.0256588
E,reduction,diversity,18,12,0.79085,1,1,0.8,0,0,0.0256588
E,reduction,diversity,18,13,0.816993,1,1,0.8,0,0,0.0256588
E,reduction,diversity,18,14,0.843137,1,1,1,0,0,0
E,reduction,diversity,18,15,0.921569,1,1,1,0,0,0
E,reduction,diversity,18,16,0.947712,1,1,1,0,0,0
E,reduction,diversity,18,17,0.986928,1,1,1,0,0,0
E,reduction,diversity,18,18,1,1,1,1,0,0,0
E,reduction,uncertainty,18,4,0.294118,0.5,1,0.8,0.037044,0,0.252022
E,reduction,uncertainty,18,5,0.189542,0.5,1,0.8,0.0407465,0,0.252022
E,reduction,uncertainty,18,6,0.163399,0.5,0.75,0.6,0.0407465,0.196315,0.319732
E,reduction,uncertainty,18,7,0.30719,0.5,0.75,0.6,0.0407465,0.196315,0.319732
E,reduction,uncertainty,18,8,0.346405,0.5,0.75,0.6,0.0407465,0.122027,0.182711
E,reduction,uncertainty,18,9,0.72549,1,1,0.8,0,0,0.0256588
E,reduction,uncertainty,18,10,0.72549,1,1,0.8,0,0,0.0256588
E,reduction,uncertainty,18,11,0.72549,1,1,0.8,0,0,0.0256588
E,reduction,uncertainty,18,12,0.738562,1,1,1,0,0,0
E,reduction,uncertainty,18,13,0.843137,1,1,1,0,0,0
E,reduction,uncertainty,18,14,0.830065,1,1,1,0,0,0
E,reduction,uncertainty,18,15,0.895425,1,1,1,0,0,0
E,reduction,uncertainty,18,16,0.960784,1,1,1,0,0,0
E,reduction,uncertainty,18,17,0.960784,1,1,1,0,0,0
E,reduction,uncertainty,18,18,1,1,1,1,0,0,0
E,reduction,ranking_aware,18,4,0.294118,0.5,1,0.8,0.037044,0,0.252022
E,reduction,ranking_aware,18,5,0.477124,0.5,0.75,0.6,0.037044,0.0444667,0.135081
E,reduction,ranking_aware,18,6,0.477124,0.5,0.75,0.6,0.037044,0.0444667,0.135081
E,reduction,ranking_aware,18,7,0.803922,1,0.75,0.8,0,0.0444667,0.0256588
E,reduction,ranking_aware,18,8,0.738562,1,0.75,0.8,0,0.0444667,0.0256588
E,reduction,ranking_aware,18,9,0.620915,1,1,0.8,0,0,0.0256588
E,reduction,ranking_aware,18,10,0.660131,1,1,0.8,0,0,0.0256588
E,reduction,ranking_aware,18,11,0.51634,1,1,1,0,0,0
E,reduction,ranking_aware,18,12,0.712418,1,1,1,0,0,0
E,reduction,ranking_aware,18,13,0.856209,1,1,1,0,0,0
E,reduction,ranking_aware,18,14,0.895425,1,1,1,0,0,0
E,reduction,ranking_aware,18,15,0.947712,1,1,1,0,0,0
E,reduction,ranking_aware,18,16,0.947712,1,1,1,0,0,0
E,reduction,ranking_aware,18,17,0.986928,1,1,1,0,0,0
E,reduction,ranking_aware,18,18,1,1,1,1,0,0,0
E,reduction,random,19,4,0.464052,0.5,0.5,0.4,0.388927,0.411264,0.388775
E,reduction,random,19,5,0.555556,0.5,0.5,0.4,0.240351,0.207273,0.283595
E,reduction,random,19,6,0.555556,0.5,0.5,0.4,0.240351,0.207273,0.243475
E,reduction,random,19,7,0.594771,0.5,0.75,0.6,0.240351,0.120175,0.155904
E,reduction,random,19,8,0.647059,0.5,0.75,0.6,0.240351,0.120175,0.155904
E,reduction,random,19,9,0.633987,0.5,0.75,0.6,0.037044,0.120175,0.155904
E,reduction,random,19,10,0.699346,0.5,0.75,0.6,0.037044,0.120175,0.155904
E,reduction,random,19,11,0.699346,0.5,0.75,0.6,0.037044,0.120175,0.155904
E,reduction,random,19,12,0.72549,0.5,0.5,0.4,0.037044,0.207273,0.243475
E,reduction,random,19,13,0.803922,0.5,0.75,0.6,0.151417,0.120175,0.155904
E,reduction,random,19,14,0.921569,1,1,0.8,0,0,0.0256588
E,reduction,random,19,15,0.921569,1,1,0.8,0,0,0.0256588
E,reduction,random,19,16,0.934641,1,1,0.8,0,0,0.0256588
E,reduction,random,19,17,1,1,1,1,0,0,0
E,reduction,random,19,18,1,1,1,1,0,0,0
E,reduction,diversity,19,4,0.464052,0.5,0.5,0.4,0.388927,0.411264,0.388775
E,reduction,diversity,19,5,0.555556,1,0.75,0.6,0,0.0444667,0.15335
E,reduction,diversity,19,6,0.594771,1,0.75,0.8,0,0.0444667,0.0256588
E,reduction,diversity,19,7,0.581699,1,0.75,0.8,0,0.0444667,0.0256588
E,reduction,diversity,19,8,0.542484,1,0.75,0.8,0,0.0444667,0.0256588
E,reduction,diversity,19,9,0.673203,1,0.75,0.8,0,0.0444667,0.0256588
E,reduction,diversity,19,10,0.660131,1,1,0.8,0,0,0.0256588
E,reduction,diversity,19,11,0.79085,1,1,0.8,0,0,0.0256588
E,reduction,diversity,19,12,0.830065,1,1,0.8,0,0,0.0256588
E,reduction,diversity,19,13,0.843137,1,1,0.8,0,0,0.0256588
E,reduction,diversity,19,14,0.921569,1,1,1,0,0,0
E,reduction,diversity,19,15,0.934641,1,1,1,0,0,0
E,reduction,diversity,19,16,0.947712,1,1,1,0,0,0
E,reduction,diversity,19,17,0.986928,1,1,1,0,0,0
E,reduction,diversity,19,18,1,1,1,1,0,0,0
E,reduction,uncertainty,19,4,0.464052,0.5,0.5,0.4,0.388927,0.411264,0.388775
E,reduction,uncertainty,19,5,0.555556,1,0.75,0.6,0,0.0444667,0.15335
E,reduction,uncertainty,19,6,0.594771,1,0.75,0.8,0,0.0444667,0.0256588
E,reduction,uncertainty,19,7,0.581699,1,0.75,0.8,0,0.0444667,0.0256588
E,reduction,uncertainty,19,8,0.542484,1,0.75,0.8,0,0.0444667,0.0256588
E,reduction,uncertainty,19,9,0.581699,1,1,0.8,0,0,0.0256588
E,reduction,uncertainty,19,10,0.594771,1,1,0.8,0,0,0.0256588
E,reduction,uncertainty,19,11,0.555556,1,1,0.8,0,0,0.0256588
E,reduction,uncertainty,19,12,0.712418,1,1,0.8,0,0,0.0256588
E,reduction,uncertainty,19,13,0.738562,1,1,0.8,0,0,0.0256588
E,reduction,uncertainty,19,14,0.895425,1,1,1,0,0,0
E,reduction,uncertainty,19,15,0.934641,1,1,1,0,0,0
E,reduction,uncertainty,19,16,0.960784,1,1,1,0,0,0
E,reduction,uncertainty,19,17,0.960784,1,1,1,0,0,0
E,reduction,uncertainty,19,18,1,1,1,1,0,0,0
E,reduction,ranking_aware,19,4,0.464052,0.5,0.5,0.4,0.388927,0.411264,0.388775
E,reduction,ranking_aware,19,5,0.385621,0.5,0.5,0.4,0.388927,0.354077,0.393618
E,reduction,ranking_aware,19,6,0.660131,0.5,0.75,0.8,0.037044,0.120175,0.0256588
E,reduction,ranking_aware,19,7,0.633987,0.5,0.75,0.6,0.037044,0.120175,0.173796
E,reduction,ranking_aware,19,8,0.594771,0.5,0.75,0.8,0.037044,0.120175,0.0256588
E,reduction,ranking_aware,19,9,0.594771,0.5,0.75,0.8,0.037044,0.120175,0.0256588
E,reduction,ranking_aware,19,10,0.555556,1,1,0.8,0,0,0.0256588
E,reduction,ranking_aware,19,11,0.79085,1,1,0.8,0,0,0.0256588
E,reduction,ranking_aware,19,12,0.777778,1,1,0.8,0,0,0.0256588
E,reduction,ranking_aware,19,13,0.843137,1,1,0.8,0,0,0.0256588
E,reduction,ranking_aware,19,14,0.921569,1,1,1,0,0,0
E,reduction,ranking_aware,19,15,0.934641,1,1,1,0,0,0
E,reduction,ranking_aware,19,16,0.960784,1,1,1,0,0,0
E,reduction,ranking_aware,19,17,0.973856,1,1,1,0,0,0
E,reduction,ranking_aware,19,18,1,1,1,1,0,0,0
C,oxidation,random,0,4,0.377778,0,0.5,0.333333,0.877966,1.15262,0.913156
C,oxidation,random,0,5,0.377778,0,0.5,0.333333,0.877966,1.13239,0.969875
C,oxidation,random,0,6,0.466667,0,0.5,0.333333,0.877966,1.13239,0.969875
C,oxidation,random,0,7,0.866667,1,1,1,0,0,0
C,oxidation,random,0,8,1,1,1,1,0,0,0
C,oxidation,random,0,9,0.955556,1,1,0.666667,0,0,0.14474
C,oxidation,random,0,10,1,1,1,1,0,0,0
C,oxidation,diversity,0,4,0.377778,0,0.5,0.333333,0.877966,1.15262,0.913156
C,oxidation,diversity,0,5,0.466667,0,0.5,0.333333,0.877966,1.15262,0.913156
C,oxidation,diversity,0,6,0.644444,0,0.5,0.666667,0.877966,0.830198,0.768416
C,oxidation,diversity,0,7,0.866667,1,1,1,0,0,0
C,oxidation,diversity,0,8,0.866667,1,1,1,0,0,0
C,oxidation,diversity,0,9,1,1,1,1,0,0,0
C,oxidation,diversity,0,10,1,1,1,1,0,0,0
C,oxidation,uncertainty,0,4,0.377778,0,0.5,0.333333,0.877966,1.15262,0.913156
C,oxidation,uncertainty,0,5,0.422222,0,0.5,0.333333,0.877966,1.15262,0.913156
C,oxidation,uncertainty,0,6,0.555556,0,0.5,0.333333,0.877966,1.04731,0.913156
C,oxidation,uncertainty,0,7,0.688889,0,0.5,0.666667,0.877966,0.830198,0.768416
C,oxidation,uncertainty,0,8,1,1,1,1,0,0,0
C,oxidation,uncertainty,0,9,1,1,1,1,0,0,0
C,oxidation,uncertainty,0,10,1,1,1,1,0,0,0
C,oxidation,ranking_aware,0,4,0.377778,0,0.5,0.333333,0.877966,1.15262,0.913156
C,oxidation,ranking_aware,0,5,0.422222,0,0.5,0.333333,0.877966,1.04731,0.913156
C,oxidation,ranking_aware,0,6,0.466667,0,0.5,0.333333,0.877966,1.04731,0.913156
C,oxidation,ranking_aware,0,7,0.511111,0,0.5,0.333333,0.877966,1.04731,0.899665
C,oxidation,ranking_aware,0,8,0.733333,1,1,0.666667,0,0,0.508885
C,oxidation,ranking_aware,0,9,0.777778,1,1,1,0,0,0
C,oxidation,ranking_aware,0,10,1,1,1,1,0,0,0
C,oxidation,random,1,4,0.358057,0,0.5,0.333333,0.877966,1.13239,1.25903
C,oxidation,random,1,5,0.414039,0,0.5,0.666667,0.877966,1.58636,1.05758
C,oxidation,random,1,6,0.598057,1,1,0.666667,0,0,0.50411
C,oxidation,random,1,7,0.80904,1,1,0.666667,0,0,0.50411
C,oxidation,random,1,8,0.80904,1,1,0.666667,0,0,0.50411
C,oxidation,random,1,9,0.822222,1,1,1,0,0,0
C,oxidation,random,1,10,1,1,1,1,0,0,0
C,oxidation,diversity,1,4,0.358057,0,0.5,0.333333,0.877966,1.13239,1.25903
C,oxidation,diversity,1,5,0.511111,0,0.5,0.333333,0.877966,1.04731,0.913156
C,oxidation,diversity,1,6,0.688889,0,0.5,0.666667,0.877966,0.830198,0.698205
C,oxidation,diversity,1,7,0.688889,0,0.5,0.666667,0.877966,0.830198,0.768416
C,oxidation,diversity,1,8,1,1,1,1,0,0,0
C,oxidation,diversity,1,9,1,1,1,1,0,0,0
C,oxidation,diversity,1,10,1,1,1,1,0,0,0
C,oxidation,uncertainty,1,4,0.358057,0,0.5,0.333333,0.877966,1.13239,1.25903
C,oxidation,uncertainty,1,5,0.414039,0,0.5,0.666667,0.877966,1.58636,1.05758
C,oxidation,uncertainty,1,6,0.466667,0,0.5,0.333333,0.877966,1.13239,0.899665
C,oxidation,uncertainty,1,7,0.6,0,0.5,0.333333,0.877966,1.04731,0.899665
C,oxidation,uncertainty,1,8,0.688889,0,0.5,0.666667,0.877966,0.830198,0.754925
C,oxidation,uncertainty,1,9,1,1,1,1,0,0,0
C,oxidation,uncertainty,1,10,1,1,1,1,0,0,0
C,oxidation,ranking_aware,1,4,0.358057,0,0.5,0.333333,0.877966,1.13239,1.25903
C,oxidation,ranking_aware,1,5,0.596762,1,1,0.666667,0,0,0.20146
C,oxidation,ranking_aware,1,6,0.688889,1,1,0.666667,0,0,0.20146
C,oxidation,ranking_aware,1,7,0.733333,1,1,0.666667,0,0,0.508885
C,oxidation,ranking_aware,1,8,0.777778,1,1,1,0,0,0
C,oxidation,ranking_aware,1,9,0.777778,1,1,1,0,0,0
C,oxidation,ranking_aware,1,10,1,1,1,1,0,0,0
C,oxidation,random,2,4,0.310316,1,0.5,0.666667,0,1.14738,0.76492
C,oxidation,random,2,5,0.333333,1,0.5,0.666667,0,0.391215,0.76492
C,oxidation,random,2,6,0.511111,1,1,1,0,0,0
C,oxidation,random,2,7,0.688889,1,1,1,0,0,0
C,oxidation,random,2,8,0.822222,1,1,1,0,0,0
C,oxidation,random,2,9,1,1,1,1,0,0,0
C,oxidation,random,2,10,1,1,1,1,0,0,0
C,oxidation,diversity,2,4,0.310316,1,0.5,0.666667,0,1.14738,0.76492
C,oxidation,diversity,2,5,0.555556,1,0.5,0.666667,0,1.15454,0.508885
C,oxidation,diversity,2,6,0.555556,1,0.5,0.333333,0,0.693404,0.67722
C,oxidation,diversity,2,7,0.822222,1,0.5,1,0,0.391215,0
C,oxidation,diversity,2,8,0.866667,1,1,1,0,0,0
C,oxidation,diversity,2,9,1,1,1,1,0,0,0
C,oxidation,diversity,2,10,1,1,1,1,0,0,0
C,oxidation,uncertainty,2,4,0.310316,1,0.5,0.666667,0,1.14738,0.76492
C,oxidation,uncertainty,2,5,0.555556,1,0.5,0.666667,0,1.15454,0.508885
C,oxidation,uncertainty,2,6,0.555556,1,0.5,0.333333,0,0.693404,0.67722
C,oxidation,uncertainty,2,7,0.822222,1,0.5,1,0,0.391215,0
C,oxidation,uncertainty,2,8,0.866667,1,1,1,0,0,0
C,oxidation,uncertainty,2,9,1,1,1,1,0,0,0
C,oxidation,uncertainty,2,10,1,1,1,1,0,0,0
C,oxidation,ranking_aware,2,4,0.310316,1,0.5,0.666667,0,1.14738,0.76492
C,oxidation,ranking_aware,2,5,0.555556,1,0.5,0.666667,0,1.15454,0.508885
C,oxidation,ranking_aware,2,6,0.6,1,1,0.666667,0,0,0.508885
C,oxidation,ranking_aware,2,7,0.6,1,1,0.666667,0,0,0.508885
C,oxidation,ranking_aware,2,8,0.866667,1,1,0.666667,0,0,0.14474
C,oxidation,ranking_aware,2,9,0.866667,1,1,1,0,0,0
C,oxidation,ranking_aware,2,10,1,1,1,1,0,0,0
C,oxidation,random,3,4,0.466667,0,0,0.333333,1.6604,1.43852,1.24979
C,oxidation,random,3,5,0.511111,0,0,0.333333,1.6604,1.43852,1.17397
C,oxidation,random,3,6,0.511111,0,0,0.333333,1.6604,1.43852,1.17397
C,oxidation,random,3,7,0.466667,0,0,0.333333,1.6604,1.43852,1.17397
C,oxidation,random,3,8,0.555556,0,0,0.333333,1.6604,1.43852,1.16047
C,oxidation,random,3,9,0.866667,1,0.5,0.666667,0,0.391215,0.40555
C,oxidation,random,3,10,1,1,1,1,0,0,0
C,oxidation,diversity,3,4,0.466667,0,0,0.333333,1.6604,1.43852,1.24979
C,oxidation,diversity,3,5,0.511111,0,0,0.333333,1.6604,1.43852,1.17397
C,oxidation,diversity,3,6,0.555556,0,0,0.333333,1.6604,1.43852,1.16047
C,oxidation,diversity,3,7,0.466667,0,0,0.333333,1.6604,1.43852,1.16047
C,oxidation,diversity,3,8,0.822222,1,0.5,0.666667,0,0.391215,0.40555
C,oxidation,diversity,3,9,0.955556,1,1,1,0,0,0
C,oxidation,diversity,3,10,1,1,1,1,0,0,0
C,oxidation,uncertainty,3,4,0.466667,0,0,0.333333,1.6604,1.43852,1.24979
C,oxidation,uncertainty,3,5,0.555556,0,0,0.666667,1.6604,1.5236,0.754925
C,oxidation,uncertainty,3,6,0.555556,0,0,0.333333,1.6604,1.43852,1.16047
C,oxidation,uncertainty,3,7,0.466667,0,0,0.333333,1.6604,1.43852,1.16047
C,oxidation,uncertainty,3,8,0.822222,1,0.5,0.666667,0,0.391215,0.40555
C,oxidation,uncertainty,3,9,0.955556,1,1,1,0,0,0
C,oxidation,uncertainty,3,10,1,1,1,1,0,0,0
C,oxidation,ranking_aware,3,4,0.466667,0,0,0.333333,1.6604,1.43852,1.24979
C,oxidation,ranking_aware,3,5,0.853986,1,0.5,1,0,0.391215,0
C,oxidation,ranking_aware,3,6,0.822222,1,0.5,0.666667,0,0.391215,0.462269
C,oxidation,ranking_aware,3,7,0.866667,1,1,1,0,0,0
C,oxidation,ranking_aware,3,8,1,1,1,1,0,0,0
C,oxidation,ranking_aware,3,9,1,1,1,1,0,0,0
C,oxidation,ranking_aware,3,10,1,1,1,1,0,0,0
C,oxidation,random,4,4,0.466667,0,0.5,0.333333,0.877966,1.13239,0.899665
C,oxidation,random,4,5,0.511111,0,0.5,0.666667,0.877966,0.830198,0.754925
C,oxidation,random,4,6,0.688889,0,0.5,0.666667,0.877966,0.830198,0.698205
C,oxidation,random,4,7,0.688889,0,0.5,0.666667,0.877966,0.830198,0.768416
C,oxidation,random,4,8,0.688889,0,0.5,0.666667,0.877966,0.830198,0.754925
C,oxidation,random,4,9,0.777778,0,0.5,0.666667,0.877966,0.830198,0.698205
C,oxidation,random,4,10,1,1,1,1,0,0,0
C,oxidation,diversity,4,4,0.466667,0,0.5,0.333333,0.877966,1.13239,0.899665
C,oxidation,diversity,4,5,0.511111,0,0.5,0.333333,0.877966,1.04731,0.899665
C,oxidation,diversity,4,6,0.555556,1,1,0.666667,0,0,0.20146
C,oxidation,diversity,4,7,0.911111,1,1,0.666667,0,0,0.20146
C,oxidation,diversity,4,8,1,1,1,1,0,0,0
C,oxidation,diversity,4,9,1,1,1,1,0,0,0
C,oxidation,diversity,4,10,1,1,1,1,0,0,0
C,oxidation,uncertainty,4,4,0.466667,0,0.5,0.333333,0.877966,1.13239,0.899665
C,oxidation,uncertainty,4,5,0.511111,0,0.5,0.333333,0.877966,1.04731,0.899665
C,oxidation,uncertainty,4,6,0.555556,1,1,0.666667,0,0,0.20146
C,oxidation,uncertainty,4,7,0.911111,1,1,0.666667,0,0,0.20146
C,oxidation,uncertainty,4,8,1,1,1,1,0,0,0
C,oxidation,uncertainty,4,9,1,1,1,1,0,0,0
C,oxidation,uncertainty,4,10,1,1,1,1,0,0,0
C,oxidation,ranking_aware,4,4,0.466667,0,0.5,0.333333,0.877966,1.13239,0.899665
C,oxidation,ranking_aware,4,5,0.511111,0,0.5,0.333333,0.877966,1.04731,0.899665
C,oxidation,ranking_aware,4,6,0.511111,0,0.5,0.333333,0.877966,1.04731,0.899665
C,oxidation,ranking_aware,4,7,0.511111,0,0.5,0.333333,0.877966,1.04731,0.899665
C,oxidation,ranking_aware,4,8,0.688889,1,1,0.666667,0,0,0.525853
C,oxidation,ranking_aware,4,9,0.733333,1,1,1,0,0,0
C,oxidation,ranking_aware,4,10,1,1,1,1,0,0,0
C,oxidation,random,5,4,0.466667,0,0.5,0.333333,0.877966,1.04731,0.913156
C,oxidation,random,5,5,0.555556,0,0.5,0.333333,0.877966,1.04731,0.913156
C,oxidation,random,5,6,0.466667,0,0.5,0.333333,0.877966,1.13239,0.969875
C,oxidation,random,5,7,0.6,0,0.5,0.333333,0.877966,1.04731,0.899665
C,oxidation,random,5,8,0.688889,0,0.5,0.666667,0.877966,0.830198,0.754925
C,oxidation,random,5,9,1,1,1,1,0,0,0
C,oxidation,random,5,10,1,1,1,1,0,0,0
C,oxidation,diversity,5,4,0.466667,0,0.5,0.333333,0.877966,1.04731,0.913156
C,oxidation,diversity,5,5,0.555556,0,0.5,0.333333,0.877966,1.04731,0.913156
C,oxidation,diversity,5,6,0.511111,0,0.5,0.333333,0.877966,1.13239,0.899665
C,oxidation,diversity,5,7,0.733333,0,0.5,0.666667,0.877966,0.830198,0.754925
C,oxidation,diversity,5,8,0.955556,1,1,1,0,0,0
C,oxidation,diversity,5,9,0.955556,1,1,1,0,0,0
C,oxidation,diversity,5,10,1,1,1,1,0,0,0
C,oxidation,uncertainty,5,4,0.466667,0,0.5,0.333333,0.877966,1.04731,0.913156
C,oxidation,uncertainty,5,5,0.555556,0,0.5,0.333333,0.877966,1.04731,0.913156
C,oxidation,uncertainty,5,6,0.511111,0,0.5,0.333333,0.877966,1.13239,0.899665
C,oxidation,uncertainty,5,7,0.733333,0,0.5,0.666667,0.877966,0.830198,0.754925
C,oxidation,uncertainty,5,8,0.955556,1,1,1,0,0,0
C,oxidation,uncertainty,5,9,0.955556,1,1,1,0,0,0
C,oxidation,uncertainty,5,10,1,1,1,1,0,0,0
C,oxidation,ranking_aware,5,4,0.466667,0,0.5,0.333333,0.877966,1.04731,0.913156
C,oxidation,ranking_aware,5,5,0.466667,0,0.5,0.333333,0.877966,1.15262,0.913156
C,oxidation,ranking_aware,5,6,0.6,0,0.5,0.333333,0.877966,1.04731,0.899665
C,oxidation,ranking_aware,5,7,0.6,0,0.5,0.333333,0.877966,1.04731,0.899665
C,oxidation,ranking_aware,5,8,0.6,0,0.5,0.333333,0.877966,1.04731,0.899665
C,oxidation,ranking_aware,5,9,0.955556,1,1,0.666667,0,0,0.14474
C,oxidation,ranking_aware,5,10,1,1,1,1,0,0,0
C,oxidation,random,6,4,0.422222,0,0,0.333333,1.6604,1.43852,1.17397
C,oxidation,random,6,5,0.333333,0,0,0.333333,1.6604,1.43852,1.17397
C,oxidation,random,6,6,0.466667,0,0,0.333333,1.6604,1.43852,1.17397
C,oxidation,random,6,7,0.644444,0,0.5,0.666667,0.877966,0.830198,0.698205
C,oxidation,random,6,8,0.644444,0,0.5,0.666667,0.877966,0.830198,0.698205
C,oxidation,random,6,9,0.777778,0,0.5,0.666667,0.877966,0.830198,0.698205
C,oxidation,random,6,10,1,1,1,1,0,0,0
C,oxidation,diversity,6,4,0.422222,0,0,0.333333,1.6604,1.43852,1.17397
C,oxidation,diversity,6,5,0.422222,0,0,0.333333,1.6604,1.43852,1.17397
C,oxidation,diversity,6,6,0.422222,0,0,0.333333,1.6604,1.43852,1.24979
C,oxidation,diversity,6,7,0.466667,0,0,0.333333,1.6604,1.43852,1.16047
C,oxidation,diversity,6,8,0.822222,1,0.5,0.666667,0,0.391215,0.40555
C,oxidation,diversity,6,9,0.955556,1,1,1,0,0,0
C,oxidation,diversity,6,10,1,1,1,1,0,0,0
C,oxidation,uncertainty,6,4,0.422222,0,0,0.333333,1.6604,1.43852,1.17397
C,oxidation,uncertainty,6,5,0.333333,0,0,0.333333,1.6604,1.43852,1.24979
C,oxidation,uncertainty,6,6,0.422222,0,0,0.333333,1.6604,1.43852,1.24979
C,oxidation,uncertainty,6,7,0.466667,0,0,0.333333,1.6604,1.43852,1.16047
C,oxidation,uncertainty,6,8,0.822222,1,0.5,0.666667,0,0.391215,0.40555
C,oxidation,uncertainty,6,9,0.955556,1,1,1,0,0,0
C,oxidation,uncertainty,6,10,1,1,1,1,0,0,0
C,oxidation,ranking_aware,6,4,0.422222,0,0,0.333333,1.6604,1.43852,1.17397
C,oxidation,ranking_aware,6,5,0.333333,0,0,0.333333,1.6604,1.43852,1.24979
C,oxidation,ranking_aware,6,6,0.466667,0,0,0.333333,1.6604,1.43852,1.17397
C,oxidation,ranking_aware,6,7,0.644444,0,0.5,0.666667,0.877966,0.830198,0.698205
C,oxidation,ranking_aware,6,8,0.777778,1,1,1,0,0,0
C,oxidation,ranking_aware,6,9,1,1,1,1,0,0,0
C,oxidation,ranking_aware,6,10,1,1,1,1,0,0,0
C,oxidation,random,7,4,-0.0449467,1,0.5,0.333333,0,1.17999,1.29077
C,oxidation,random,7,5,0.111111,1,0.5,0.333333,0,1.17999,1.29077
C,oxidation,random,7,6,0.466667,1,0.5,0.666667,0,1.17999,0.786663
C,oxidation,random,7,7,0.764093,1,0.5,0.666667,0,0.608325,0.14474
C,oxidation,random,7,8,0.80904,1,1,0.666667,0,0,0.50411
C,oxidation,random,7,9,0.822222,1,1,1,0,0,0
C,oxidation,random,7,10,1,1,1,1,0,0,0
C,oxidation,diversity,7,4,-0.0449467,1,0.5,0.333333,0,1.17999,1.29077
C,oxidation,diversity,7,5,0.377778,1,0.5,0.666667,0,1.17999,0.525853
C,oxidation,diversity,7,6,0.511111,1,0.5,0.666667,0,1.17999,0.525853
C,oxidation,diversity,7,7,0.555556,1,0.5,0.666667,0,0.391215,0.40555
C,oxidation,diversity,7,8,0.822222,1,0.5,0.666667,0,0.391215,0.40555
C,oxidation,diversity,7,9,0.866667,1,1,1,0,0,0
C,oxidation,diversity,7,10,1,1,1,1,0,0,0
C,oxidation,uncertainty,7,4,-0.0449467,1,0.5,0.333333,0,1.17999,1.29077
C,oxidation,uncertainty,7,5,0.377778,1,0.5,0.666667,0,1.17999,0.525853
C,oxidation,uncertainty,7,6,0.511111,1,0.5,0.666667,0,1.17999,0.525853
C,oxidation,uncertainty,7,7,0.555556,1,0.5,0.666667,0,0.391215,0.40555
C,oxidation,uncertainty,7,8,0.822222,1,0.5,0.666667,0,0.391215,0.40555
C,oxidation,uncertainty,7,9,0.866667,1,1,1,0,0,0
C,oxidation,uncertainty,7,10,1,1,1,1,0,0,0
C,oxidation,ranking_aware,7,4,-0.0449467,1,0.5,0.333333,0,1.17999,1.29077
C,oxidation,ranking_aware,7,5,0.276026,1,0.5,0.666667,0,1.14738,0.76492
C,oxidation,ranking_aware,7,6,0.460044,1,1,0.666667,0,0,0.50411
C,oxidation,ranking_aware,7,7,0.6,1,1,0.666667,0,0,0.508885
C,oxidation,ranking_aware,7,8,0.733333,1,1,0.666667,0,0,0.508885
C,oxidation,ranking_aware,7,9,0.955556,1,1,0.666667,0,0,0.14474
C,oxidation,ranking_aware,7,10,1,1,1,1,0,0,0
C,oxidation,random,8,4,0.764093,1,1,0.666667,0,0,0.20146
C,oxidation,random,8,5,0.629253,1,0.5,0.333333,0,0.693404,0.96638
C,oxidation,random,8,6,0.764093,1,1,0.666667,0,0,0.20146
C,oxidation,random,8,7,0.911111,1,1,0.666667,0,0,0.20146
C,oxidation,random,8,8,1,1,1,1,0,0,0
C,oxidation,random,8,9,0.955556,1,1,0.666667,0,0,0.14474
C,oxidation,random,8,10,1,1,1,1,0,0,0
C,oxidation,diversity,8,4,0.764093,1,1,0.666667,0,0,0.20146
C,oxidation,diversity,8,5,0.688889,1,0.5,0.666667,0,0.391215,0.76492
C,oxidation,diversity,8,6,0.688889,1,0.5,0.666667,0,0.391215,0.76492
C,oxidation,diversity,8,7,0.866667,1,0.5,0.666667,0,0.391215,0.462269
C,oxidation,diversity,8,8,0.955556,1,1,1,0,0,0
C,oxidation,diversity,8,9,0.955556,1,1,1,0,0,0
C,oxidation,diversity,8,10,1,1,1,1,0,0,0
C,oxidation,uncertainty,8,4,0.764093,1,1,0.666667,0,0,0.20146
C,oxidation,uncertainty,8,5,0.6742,1,0.5,0.666667,0,1.14738,0.76492
C,oxidation,uncertainty,8,6,0.6742,1,0.5,0.333333,0,0.608325,0.6205
C,oxidation,uncertainty,8,7,0.733333,1,0.5,0.333333,0,0.608325,0.607009
C,oxidation,uncertainty,8,8,0.822222,1,0.5,0.666667,0,0.391215,0.40555
C,oxidation,uncertainty,8,9,0.955556,1,1,1,0,0,0
C,oxidation,uncertainty,8,10,1,1,1,1,0,0,0
C,oxidation,ranking_aware,8,4,0.764093,1,1,0.666667,0,0,0.20146
C,oxidation,ranking_aware,8,5,0.911111,1,1,0.666667,0,0,0.20146
C,oxidation,ranking_aware,8,6,0.911111,1,1,0.666667,0,0,0.14474
C,oxidation,ranking_aware,8,7,0.955556,1,1,1,0,0,0
C,oxidation,ranking_aware,8,8,0.955556,1,1,1,0,0,0
C,oxidation,ranking_aware,8,9,1,1,1,1,0,0,0
C,oxidation,ranking_aware,8,10,1,1,1,1,0,0,0
C,oxidation,random,9,4,0.555556,1,1,0.666667,0,0,0.20146
C,oxidation,random,9,5,0.555556,1,1,0.666667,0,0,0.20146
C,oxidation,random,9,6,0.511111,1,1,0.666667,0,0,0.20146
C,oxidation,random,9,7,0.733333,1,1,1,0,0,0
C,oxidation,random,9,8,0.644444,1,1,0.666667,0,0,0.525853
C,oxidation,random,9,9,1,1,1,1,0,0,0
C,oxidation,random,9,10,1,1,1,1,0,0,0
C,oxidation,diversity,9,4,0.555556,1,1,0.666667,0,0,0.20146
C,oxidation,diversity,9,5,0.511111,1,1,0.666667,0,0,0.525853
C,oxidation,diversity,9,6,0.644444,1,1,0.666667,0,0,0.14474
C,oxidation,diversity,9,7,1,1,1,1,0,0,0
C,oxidation,diversity,9,8,0.955556,1,1,1,0,0,0
C,oxidation,diversity,9,9,0.955556,1,1,1,0,0,0
C,oxidation,diversity,9,10,1,1,1,1,0,0,0
C,oxidation,uncertainty,9,4,0.555556,1,1,0.666667,0,0,0.20146
C,oxidation,uncertainty,9,5,0.511111,1,1,0.666667,0,0,0.525853
C,oxidation,uncertainty,9,6,0.911111,1,1,0.666667,0,0,0.14474
C,oxidation,uncertainty,9,7,0.955556,1,1,1,0,0,0
C,oxidation,uncertainty,9,8,0.866667,1,1,0.666667,0,0,0.14474
C,oxidation,uncertainty,9,9,0.955556,1,1,1,0,0,0
C,oxidation,uncertainty,9,10,1,1,1,1,0,0,0
C,oxidation,ranking_aware,9,4,0.555556,1,1,0.666667,0,0,0.20146
C,oxidation,ranking_aware,9,5,0.80904,1,1,0.666667,0,0,0.14474
C,oxidation,ranking_aware,9,6,0.764093,1,1,0.666667,0,0,0.14474
C,oxidation,ranking_aware,9,7,0.719147,1,1,0.666667,0,0,0.50411
C,oxidation,ranking_aware,9,8,0.80904,1,1,0.666667,0,0,0.50411
C,oxidation,ranking_aware,9,9,0.822222,1,1,1,0,0,0
C,oxidation,ranking_aware,9,10,1,1,1,1,0,0,0
C,oxidation,random,10,4,0.244444,0,0.5,0.333333,0.877966,1.04731,0.913156
C,oxidation,random,10,5,0.555556,0,0.5,0.333333,0.877966,1.04731,0.899665
C,oxidation,random,10,6,0.511111,0,0.5,0.333333,0.877966,1.04731,0.913156
C,oxidation,random,10,7,0.822222,1,1,0.666667,0,0,0.14474
C,oxidation,random,10,8,0.866667,1,1,0.666667,0,0,0.14474
C,oxidation,random,10,9,0.955556,1,1,1,0,0,0
C,oxidation,random,10,10,1,1,1,1,0,0,0
C,oxidation,diversity,10,4,0.244444,0,0.5,0.333333,0.877966,1.04731,0.913156
C,oxidation,diversity,10,5,0.555556,0,0.5,0.333333,0.877966,1.04731,0.899665
C,oxidation,diversity,10,6,0.688889,0,0.5,0.666667,0.877966,0.830198,0.698205
C,oxidation,diversity,10,7,0.733333,0,0.5,0.666667,0.877966,0.830198,0.698205
C,oxidation,diversity,10,8,1,1,1,1,0,0,0
C,oxidation,diversity,10,9,0.955556,1,1,1,0,0,0
C,oxidation,diversity,10,10,1,1,1,1,0,0,0
C,oxidation,uncertainty,10,4,0.244444,0,0.5,0.333333,0.877966,1.04731,0.913156
C,oxidation,uncertainty,10,5,0.422222,0,0.5,0.333333,0.877966,1.04731,0.913156
C,oxidation,uncertainty,10,6,0.511111,0,0.5,0.333333,0.877966,1.04731,0.913156
C,oxidation,uncertainty,10,7,0.733333,0,0.5,0.666667,0.877966,0.830198,0.698205
C,oxidation,uncertainty,10,8,1,1,1,1,0,0,0
C,oxidation,uncertainty,10,9,0.955556,1,1,1,0,0,0
C,oxidation,uncertainty,10,10,1,1,1,1,0,0,0
C,oxidation,ranking_aware,10,4,0.244444,0,0.5,0.333333,0.877966,1.04731,0.913156
C,oxidation,ranking_aware,10,5,0.555556,0,0.5,0.333333,0.877966,1.04731,0.899665
C,oxidation,ranking_aware,10,6,0.555556,0,0.5,0.333333,0.877966,1.04731,0.899665
C,oxidation,ranking_aware,10,7,0.555556,0,0.5,0.333333,0.877966,1.04731,0.899665
C,oxidation,ranking_aware,10,8,0.6,0,0.5,0.666667,0.877966,0.830198,0.698205
C,oxidation,ranking_aware,10,9,0.777778,0,0.5,0.666667,0.877966,0.830198,0.698205
C,oxidation,ranking_aware,10,10,1,1,1,1,0,0,0
C,oxidation,random,11,4,0.111111,0,0,0.333333,1.6604,1.97758,1.84424
C,oxidation,random,11,5,0.155556,1,0.5,0.666667,0,1.17999,0.786663
C,oxidation,random,11,6,0.244444,1,1,0.666667,0,0,0.525853
C,oxidation,random,11,7,0.333333,1,1,0.666667,0,0,0.525853
C,oxidation,random,11,8,0.555556,1,1,1,0,0,0
C,oxidation,random,11,9,0.733333,1,1,1,0,0,0
C,oxidation,random,11,10,1,1,1,1,0,0,0
C,oxidation,diversity,11,4,0.111111,0,0,0.333333,1.6604,1.97758,1.84424
C,oxidation,diversity,11,5,0.288889,0,0,0.333333,1.6604,1.5236,1.23068
C,oxidation,diversity,11,6,0.377778,1,0.5,0.666667,0,1.17999,0.786663
C,oxidation,diversity,11,7,0.733333,1,0.5,0.666667,0,0.391215,0.76492
C,oxidation,diversity,11,8,0.866667,1,0.5,0.666667,0,0.391215,0.462269
C,oxidation,diversity,11,9,1,1,1,1,0,0,0
C,oxidation,diversity,11,10,1,1,1,1,0,0,0
C,oxidation,uncertainty,11,4,0.111111,0,0,0.333333,1.6604,1.97758,1.84424
C,oxidation,uncertainty,11,5,0.288889,0,0,0.333333,1.6604,1.5236,1.23068
C,oxidation,uncertainty,11,6,0.333333,0,0,0.333333,1.6604,1.5236,1.23068
C,oxidation,uncertainty,11,7,0.377778,0,0,0.333333,1.6604,1.5236,1.23068
C,oxidation,uncertainty,11,8,0.866667,1,0.5,0.666667,0,0.391215,0.462269
C,oxidation,uncertainty,11,9,1,1,1,1,0,0,0
C,oxidation,uncertainty,11,10,1,1,1,1,0,0,0
C,oxidation,ranking_aware,11,4,0.111111,0,0,0.333333,1.6604,1.97758,1.84424
C,oxidation,ranking_aware,11,5,0.224733,0,0,0.333333,1.6604,1.5236,1.23068
C,oxidation,ranking_aware,11,6,0.333333,0,0,0.333333,1.6604,1.43852,1.16047
C,oxidation,ranking_aware,11,7,0.460044,0,0.5,0.666667,0.877966,0.830198,0.698205
C,oxidation,ranking_aware,11,8,0.644444,0,0.5,0.666667,0.877966,0.830198,0.698205
C,oxidation,ranking_aware,11,9,0.777778,1,1,1,0,0,0
C,oxidation,ranking_aware,11,10,1,1,1,1,0,0,0
C,oxidation,random,12,4,0.333333,0,0,0.333333,1.6604,1.43852,1.16047
C,oxidation,random,12,5,0.230022,0,0.5,0.666667,0.877966,0.830198,0.768416
C,oxidation,random,12,6,0.555556,0,0.5,0.666667,0.877966,0.830198,0.698205
C,oxidation,random,12,7,0.598057,0,0.5,0.666667,0.877966,0.830198,0.698205
C,oxidation,random,12,8,0.644444,0,0.5,0.666667,0.877966,0.830198,0.698205
C,oxidation,random,12,9,0.777778,1,1,1,0,0,0
C,oxidation,random,12,10,1,1,1,1,0,0,0
C,oxidation,diversity,12,4,0.333333,0,0,0.333333,1.6604,1.43852,1.16047
C,oxidation,diversity,12,5,0.422222,0,0,0.333333,1.6604,1.43852,1.16047
C,oxidation,diversity,12,6,0.377778,1,0.5,0.666667,0,0.391215,0.786663
C,oxidation,diversity,12,7,0.6,1,0.5,0.666667,0,0.391215,0.40555
C,oxidation,diversity,12,8,0.822222,1,0.5,0.666667,0,0.391215,0.40555
C,oxidation,diversity,12,9,0.955556,1,1,1,0,0,0
C,oxidation,diversity,12,10,1,1,1,1,0,0,0
C,oxidation,uncertainty,12,4,0.333333,0,0,0.333333,1.6604,1.43852,1.16047
C,oxidation,uncertainty,12,5,0.422222,0,0,0.333333,1.6604,1.43852,1.16047
C,oxidation,uncertainty,12,6,0.422222,0,0,0.333333,1.6604,1.43852,1.16047
C,oxidation,uncertainty,12,7,0.466667,0,0,0.333333,1.6604,1.43852,1.16047
C,oxidation,uncertainty,12,8,0.822222,1,0.5,0.666667,0,0.391215,0.40555
C,oxidation,uncertainty,12,9,0.955556,1,1,1,0,0,0
C,oxidation,uncertainty,12,10,1,1,1,1,0,0,0
C,oxidation,ranking_aware,12,4,0.333333,0,0,0.333333,1.6604,1.43852,1.16047
C,oxidation,ranking_aware,12,5,0.2,1,0.5,0.666667,0,1.17999,0.786663
C,oxidation,ranking_aware,12,6,0.422222,1,0.5,0.666667,0,0.391215,0.769694
C,oxidation,ranking_aware,12,7,0.555556,1,0.5,0.666667,0,0.391215,0.40555
C,oxidation,ranking_aware,12,8,0.822222,1,0.5,0.666667,0,0.391215,0.40555
C,oxidation,ranking_aware,12,9,0.866667,1,0.5,0.666667,0,0.391215,0.40555
C,oxidation,ranking_aware,12,10,1,1,1,1,0,0,0
C,oxidation,random,13,4,0.333333,1,1,0.666667,0,0,0.14474
C,oxidation,random,13,5,0.555556,1,1,0.666667,0,0,0.20146
C,oxidation,random,13,6,0.764093,1,1,0.666667,0,0,0.20146
C,oxidation,random,13,7,0.822222,1,1,1,0,0,0
C,oxidation,random,13,8,0.822222,1,1,1,0,0,0
C,oxidation,random,13,9,0.822222,1,1,1,0,0,0
C,oxidation,random,13,10,1,1,1,1,0,0,0
C,oxidation,diversity,13,4,0.333333,1,1,0.666667,0,0,0.14474
C,oxidation,diversity,13,5,0.555556,1,1,0.666667,0,0,0.20146
C,oxidation,diversity,13,6,0.555556,1,1,0.666667,0,0,0.20146
C,oxidation,diversity,13,7,0.911111,1,1,0.666667,0,0,0.20146
C,oxidation,diversity,13,8,1,1,1,1,0,0,0
C,oxidation,diversity,13,9,1,1,1,1,0,0,0
C,oxidation,diversity,13,10,1,1,1,1,0,0,0
C,oxidation,uncertainty,13,4,0.333333,1,1,0.666667,0,0,0.14474
C,oxidation,uncertainty,13,5,0.377778,1,1,0.666667,0,0,0.525853
C,oxidation,uncertainty,13,6,0.555556,1,1,0.666667,0,0,0.20146
C,oxidation,uncertainty,13,7,0.911111,1,1,0.666667,0,0,0.20146
C,oxidation,uncertainty,13,8,1,1,1,1,0,0,0
C,oxidation,uncertainty,13,9,1,1,1,1,0,0,0
C,oxidation,uncertainty,13,10,1,1,1,1,0,0,0
C,oxidation,ranking_aware,13,4,0.333333,1,1,0.666667,0,0,0.14474
C,oxidation,ranking_aware,13,5,0.414039,1,1,0.666667,0,0,0.50411
C,oxidation,ranking_aware,13,6,0.511111,1,1,0.666667,0,0,0.14474
C,oxidation,ranking_aware,13,7,0.80904,1,1,0.666667,0,0,0.50411
C,oxidation,ranking_aware,13,8,1,1,1,1,0,0,0
C,oxidation,ranking_aware,13,9,0.955556,1,1,0.666667,0,0,0.14474
C,oxidation,ranking_aware,13,10,1,1,1,1,0,0,0
C,oxidation,random,14,4,0.244444,0,1,0.666667,0.877966,0,0.50411
C,oxidation,random,14,5,0.288889,0,0.5,0.333333,0.877966,1.04731,0.913156
C,oxidation,random,14,6,0.333333,1,1,0.666667,0,0,0.525853
C,oxidation,random,14,7,0.422222,1,1,0.666667,0,0,0.525853
C,oxidation,random,14,8,0.733333,1,1,0.666667,0,0,0.508885
C,oxidation,random,14,9,0.777778,1,1,1,0,0,0
C,oxidation,random,14,10,1,1,1,1,0,0,0
C,oxidation,diversity,14,4,0.244444,0,1,0.666667,0.877966,0,0.50411
C,oxidation,diversity,14,5,0.288889,0,0.5,0.333333,0.877966,1.04731,0.913156
C,oxidation,diversity,14,6,0.333333,1,1,0.666667,0,0,0.525853
C,oxidation,diversity,14,7,0.6,1,1,0.666667,0,0,0.525853
C,oxidation,diversity,14,8,0.644444,1,1,1,0,0,0
C,oxidation,diversity,14,9,0.955556,1,1,1,0,0,0
C,oxidation,diversity,14,10,1,1,1,1,0,0,0
C,oxidation,uncertainty,14,4,0.244444,0,1,0.666667,0.877966,0,0.50411
C,oxidation,uncertainty,14,5,0.288889,0,0.5,0.333333,0.877966,1.04731,0.913156
C,oxidation,uncertainty,14,6,0.333333,1,1,0.666667,0,0,0.525853
C,oxidation,uncertainty,14,7,0.422222,1,1,1,0,0,0
C,oxidation,uncertainty,14,8,0.688889,1,1,1,0,0,0
C,oxidation,uncertainty,14,9,0.955556,1,1,1,0,0,0
C,oxidation,uncertainty,14,10,1,1,1,1,0,0,0
C,oxidation,ranking_aware,14,4,0.244444,0,1,0.666667,0.877966,0,0.50411
C,oxidation,ranking_aware,14,5,0.405798,0,0.5,0.333333,0.877966,1.04731,1.20232
C,oxidation,ranking_aware,14,6,0.555556,0,0.5,0.333333,0.877966,1.04731,0.899665
C,oxidation,ranking_aware,14,7,0.6,0,0.5,0.333333,0.877966,1.04731,0.899665
C,oxidation,ranking_aware,14,8,0.6,0,0.5,0.333333,0.877966,1.04731,0.899665
C,oxidation,ranking_aware,14,9,0.777778,0,0.5,0.666667,0.877966,0.830198,0.698205
C,oxidation,ranking_aware,14,10,1,1,1,1,0,0,0
C,oxidation,random,15,4,0.2,1,1,0.666667,0,0,0.525853
C,oxidation,random,15,5,0.53936,1,1,0.666667,0,0,0.20146
C,oxidation,random,15,6,0.555556,1,1,0.666667,0,0,0.508885
C,oxidation,random,15,7,0.6,1,1,0.666667,0,0,0.508885
C,oxidation,random,15,8,0.866667,1,1,0.666667,0,0,0.14474
C,oxidation,random,15,9,0.955556,1,1,0.666667,0,0,0.14474
C,oxidation,random,15,10,1,1,1,1,0,0,0
C,oxidation,diversity,15,4,0.2,1,1,0.666667,0,0,0.525853
C,oxidation,diversity,15,5,0.422222,1,1,0.666667,0,0,0.525853
C,oxidation,diversity,15,6,0.555556,1,1,1,0,0,0
C,oxidation,diversity,15,7,0.644444,1,1,1,0,0,0
C,oxidation,diversity,15,8,0.644444,1,1,1,0,0,0
C,oxidation,diversity,15,9,0.955556,1,1,1,0,0,0
C,oxidation,diversity,15,10,1,1,1,1,0,0,0
C,oxidation,uncertainty,15,4,0.2,1,1,0.666667,0,0,0.525853
C,oxidation,uncertainty,15,5,0.155556,1,1,0.666667,0,0,0.525853
C,oxidation,uncertainty,15,6,0.288889,1,1,1,0,0,0
C,oxidation,uncertainty,15,7,0.422222,1,1,1,0,0,0
C,oxidation,uncertainty,15,8,0.688889,1,1,1,0,0,0
C,oxidation,uncertainty,15,9,0.955556,1,1,1,0,0,0
C,oxidation,uncertainty,15,10,1,1,1,1,0,0,0
C,oxidation,ranking_aware,15,4,0.2,1,1,0.666667,0,0,0.525853
C,oxidation,ranking_aware,15,5,0.244444,1,1,0.666667,0,0,0.525853
C,oxidation,ranking_aware,15,6,0.333333,1,1,0.666667,0,0,0.508885
C,oxidation,ranking_aware,15,7,0.422222,1,1,1,0,0,0
C,oxidation,ranking_aware,15,8,0.6,1,1,1,0,0,0
C,oxidation,ranking_aware,15,9,0.866667,1,1,1,0,0,0
C,oxidation,ranking_aware,15,10,1,1,1,1,0,0,0
C,oxidation,random,16,4,0.466667,0,0,0.333333,2.09462,1.74071,0.899665
C,oxidation,random,16,5,0.358057,0,0.5,0.333333,0.877966,1.04731,1.20232
C,oxidation,random,16,6,0.333333,0,0.5,0.666667,0.877966,0.830198,1.05758
C,oxidation,random,16,7,0.422222,1,1,1,0,0,0
C,oxidation,random,16,8,0.555556,1,1,1,0,0,0
C,oxidation,random,16,9,0.822222,1,1,1,0,0,0
C,oxidation,random,16,10,1,1,1,1,0,0,0
C,oxidation,diversity,16,4,0.466667,0,0,0.333333,2.09462,1.74071,0.899665
C,oxidation,diversity,16,5,0.377778,0,0,0.333333,2.09462,1.74071,0.899665
C,oxidation,diversity,16,6,0.511111,1,0.5,0.666667,0,1.17999,0.525853
C,oxidation,diversity,16,7,0.555556,1,0.5,0.666667,0,0.391215,0.40555
C,oxidation,diversity,16,8,0.822222,1,0.5,0.666667,0,0.391215,0.40555
C,oxidation,diversity,16,9,0.866667,1,1,1,0,0,0
C,oxidation,diversity,16,10,1,1,1,1,0,0,0
C,oxidation,uncertainty,16,4,0.466667,0,0,0.333333,2.09462,1.74071,0.899665
C,oxidation,uncertainty,16,5,0.377778,0,0,0.333333,2.09462,1.74071,0.899665
C,oxidation,uncertainty,16,6,0.511111,1,0.5,0.666667,0,1.17999,0.525853
C,oxidation,uncertainty,16,7,0.555556,1,0.5,0.666667,0,0.391215,0.40555
C,oxidation,uncertainty,16,8,0.822222,1,0.5,0.666667,0,0.391215,0.40555
C,oxidation,uncertainty,16,9,0.866667,1,1,1,0,0,0
C,oxidation,uncertainty,16,10,1,1,1,1,0,0,0
C,oxidation,ranking_aware,16,4,0.466667,0,0,0.333333,2.09462,1.74071,0.899665
C,oxidation,ranking_aware,16,5,0.358057,0,0.5,0.333333,0.877966,1.04731,1.20232
C,oxidation,ranking_aware,16,6,0.333333,0,0.5,0.666667,0.877966,0.830198,1.05758
C,oxidation,ranking_aware,16,7,0.555556,0,0.5,0.666667,0.877966,0.830198,0.698205
C,oxidation,ranking_aware,16,8,0.6,0,0.5,0.666667,0.877966,0.830198,0.698205
C,oxidation,ranking_aware,16,9,0.777778,0,0.5,0.666667,0.877966,0.830198,0.698205
C,oxidation,ranking_aware,16,10,1,1,1,1,0,0,0
C,oxidation,random,17,4,0.244444,0,0,0.333333,2.26477,1.95976,1.0457
C,oxidation,random,17,5,0.644444,1,0.5,0.666667,0,1.15454,0.508885
C,oxidation,random,17,6,0.866667,1,0.5,0.666667,0,0.693404,0.20146
C,oxidation,random,17,7,0.955556,1,1,1,0,0,0
C,oxidation,random,17,8,1,1,1,1,0,0,0
C,oxidation,random,17,9,0.955556,1,1,0.666667,0,0,0.14474
C,oxidation,random,17,10,1,1,1,1,0,0,0
C,oxidation,diversity,17,4,0.244444,0,0,0.333333,2.26477,1.95976,1.0457
C,oxidation,diversity,17,5,0.244444,0,0,0,2.26477,1.95976,1.52146
C,oxidation,diversity,17,6,0.377778,0,0,0.333333,1.6604,1.5236,1.30651
C,oxidation,diversity,17,7,0.466667,0,0,0.333333,1.6604,1.43852,1.16047
C,oxidation,diversity,17,8,0.822222,1,0.5,0.666667,0,0.391215,0.40555
C,oxidation,diversity,17,9,0.955556,1,1,1,0,0,0
C,oxidation,diversity,17,10,1,1,1,1,0,0,0
C,oxidation,uncertainty,17,4,0.244444,0,0,0.333333,2.26477,1.95976,1.0457
C,oxidation,uncertainty,17,5,0.244444,0,0,0,2.26477,1.95976,1.52146
C,oxidation,uncertainty,17,6,0.377778,0,0,0.333333,1.6604,1.5236,1.30651
C,oxidation,uncertainty,17,7,0.466667,0,0,0.333333,1.6604,1.43852,1.16047
C,oxidation,uncertainty,17,8,0.822222,1,0.5,0.666667,0,0.391215,0.40555
C,oxidation,uncertainty,17,9,0.955556,1,1,1,0,0,0
C,oxidation,uncertainty,17,10,1,1,1,1,0,0,0
C,oxidation,ranking_aware,17,4,0.244444,0,0,0.333333,2.26477,1.95976,1.0457
C,oxidation,ranking_aware,17,5,0.377778,0,0,0.333333,2.09462,1.74071,0.899665
C,oxidation,ranking_aware,17,6,0.466667,0,0.5,0.333333,0.877966,1.04731,0.913156
C,oxidation,ranking_aware,17,7,0.511111,0,0.5,0.333333,0.877966,1.04731,0.899665
C,oxidation,ranking_aware,17,8,0.733333,1,1,0.666667,0,0,0.508885
C,oxidation,ranking_aware,17,9,0.955556,1,1,0.666667,0,0,0.14474
C,oxidation,ranking_aware,17,10,1,1,1,1,0,0,0
C,oxidation,random,18,4,0.822222,1,1,0.666667,0,0,0.14474
C,oxidation,random,18,5,0.511111,1,0.5,0.333333,0,0.713641,0.766533
C,oxidation,random,18,6,0.555556,1,0.5,0.333333,0,0.693404,0.67722
C,oxidation,random,18,7,0.644444,1,0.5,0.333333,0,0.693404,0.67722
C,oxidation,random,18,8,0.733333,1,0.5,0.333333,0,0.608325,0.607009
C,oxidation,random,18,9,0.955556,1,1,0.666667,0,0,0.14474
C,oxidation,random,18,10,1,1,1,1,0,0,0
C,oxidation,diversity,18,4,0.822222,1,1,0.666667,0,0,0.14474
C,oxidation,diversity,18,5,0.733333,1,0.5,0.666667,0,0.693404,0.20146
C,oxidation,diversity,18,6,0.866667,1,0.5,0.666667,0,0.693404,0.20146
C,oxidation,diversity,18,7,0.866667,1,0.5,0.666667,0,0.391215,0.462269
C,oxidation,diversity,18,8,0.955556,1,1,1,0,0,0
C,oxidation,diversity,18,9,0.955556,1,1,1,0,0,0
C,oxidation,diversity,18,10,1,1,1,1,0,0,0
C,oxidation,uncertainty,18,4,0.822222,1,1,0.666667,0,0,0.14474
C,oxidation,uncertainty,18,5,0.733333,1,0.5,0.666667,0,0.693404,0.20146
C,oxidation,uncertainty,18,6,0.644444,1,0.5,0.333333,0,0.608325,0.607009
C,oxidation,uncertainty,18,7,0.777778,1,0.5,0.666667,0,0.391215,0.40555
C,oxidation,uncertainty,18,8,0.822222,1,0.5,0.666667,0,0.391215,0.40555
C,oxidation,uncertainty,18,9,0.955556,1,1,1,0,0,0
C,oxidation,uncertainty,18,10,1,1,1,1,0,0,0
C,oxidation,ranking_aware,18,4,0.822222,1,1,0.666667,0,0,0.14474
C,oxidation,ranking_aware,18,5,0.853986,1,0.5,1,0,0.391215,0
C,oxidation,ranking_aware,18,6,0.822222,1,0.5,0.666667,0,0.391215,0.462269
C,oxidation,ranking_aware,18,7,0.866667,1,0.5,0.666667,0,0.391215,0.40555
C,oxidation,ranking_aware,18,8,0.911111,1,0.5,0.666667,0,0.391215,0.40555
C,oxidation,ranking_aware,18,9,0.866667,1,0.5,0.666667,0,0.391215,0.40555
C,oxidation,ranking_aware,18,10,1,1,1,1,0,0,0
C,oxidation,random,19,4,0.13484,1,1,0.666667,0,0,0.50411
C,oxidation,random,19,5,0.466667,1,1,0.666667,0,0,0.14474
C,oxidation,random,19,6,0.511111,1,1,1,0,0,0
C,oxidation,random,19,7,0.466667,1,1,0.666667,0,0,0.525853
C,oxidation,random,19,8,0.644444,1,1,0.666667,0,0,0.525853
C,oxidation,random,19,9,0.733333,1,1,1,0,0,0
C,oxidation,random,19,10,1,1,1,1,0,0,0
C,oxidation,diversity,19,4,0.13484,1,1,0.666667,0,0,0.50411
C,oxidation,diversity,19,5,0.466667,1,1,0.666667,0,0,0.14474
C,oxidation,diversity,19,6,0.733333,1,1,1,0,0,0
C,oxidation,diversity,19,7,0.866667,1,1,1,0,0,0
C,oxidation,diversity,19,8,0.866667,1,1,1,0,0,0
C,oxidation,diversity,19,9,1,1,1,1,0,0,0
C,oxidation,diversity,19,10,1,1,1,1,0,0,0
C,oxidation,uncertainty,19,4,0.13484,1,1,0.666667,0,0,0.50411
C,oxidation,uncertainty,19,5,0.111111,1,1,0.666667,0,0,0.50411
C,oxidation,uncertainty,19,6,0.422222,1,1,1,0,0,0
C,oxidation,uncertainty,19,7,0.511111,1,1,1,0,0,0
C,oxidation,uncertainty,19,8,0.777778,1,1,1,0,0,0
C,oxidation,uncertainty,19,9,1,1,1,1,0,0,0
C,oxidation,uncertainty,19,10,1,1,1,1,0,0,0
C,oxidation,ranking_aware,19,4,0.13484,1,1,0.666667,0,0,0.50411
C,oxidation,ranking_aware,19,5,0.111111,1,1,0.666667,0,0,0.50411
C,oxidation,ranking_aware,19,6,0.111111,1,1,0.666667,0,0,0.525853
C,oxidation,ranking_aware,19,7,0.422222,1,1,1,0,0,0
C,oxidation,ranking_aware,19,8,0.644444,1,1,1,0,0,0
C,oxidation,ranking_aware,19,9,0.866667,1,1,1,0,0,0
C,oxidation,ranking_aware,19,10,1,1,1,1,0,0,0
C,reduction,random,0,4,0.288889,0,0.5,0.666667,0.150013,0.119581,0.170016
C,reduction,random,0,5,0.719147,1,1,1,0,0,0
C,reduction,random,0,6,0.777778,1,1,1,0,0,0
C,reduction,random,0,7,0.688889,1,1,1,0,0,0
C,reduction,random,0,8,0.644444,1,1,1,0,0,0
C,reduction,random,0,9,0.733333,1,1,1,0,0,0
C,reduction,random,0,10,1,1,1,1,0,0,0
C,reduction,diversity,0,4,0.288889,0,0.5,0.666667,0.150013,0.119581,0.170016
C,reduction,diversity,0,5,0.422222,0,0.5,0.666667,0.150013,0.119581,0.170016
C,reduction,diversity,0,6,0.555556,0,0.5,0.666667,0.150013,0.119581,0.176549
C,reduction,diversity,0,7,0.688889,0,0.5,0.666667,0.150013,0.119581,0.166963
C,reduction,diversity,0,8,0.644444,0,0.5,0.666667,0.150013,0.119581,0.166963
C,reduction,diversity,0,9,0.955556,1,1,1,0,0,0
C,reduction,diversity,0,10,1,1,1,1,0,0,0
C,reduction,uncertainty,0,4,0.288889,0,0.5,0.666667,0.150013,0.119581,0.170016
C,reduction,uncertainty,0,5,0.377778,0,0.5,0.666667,0.150013,0.119581,0.170016
C,reduction,uncertainty,0,6,0.6,0,0.5,0.666667,0.150013,0.119581,0.170016
C,reduction,uncertainty,0,7,0.688889,0,0.5,0.666667,0.150013,0.119581,0.166963
C,reduction,uncertainty,0,8,0.644444,0,0.5,0.666667,0.150013,0.119581,0.166963
C,reduction,uncertainty,0,9,0.955556,1,1,1,0,0,0
C,reduction,uncertainty,0,10,1,1,1,1,0,0,0
C,reduction,ranking_aware,0,4,0.288889,0,0.5,0.666667,0.150013,0.119581,0.170016
C,reduction,ranking_aware,0,5,0.288889,0,0.5,0.666667,0.150013,0.119581,0.275138
C,reduction,ranking_aware,0,6,0.422222,0,0.5,0.666667,0.150013,0.119581,0.170016
C,reduction,ranking_aware,0,7,0.466667,0,0.5,0.666667,0.150013,0.119581,0.275138
C,reduction,ranking_aware,0,8,0.688889,0,0.5,0.666667,0.150013,0.119581,0.166963
C,reduction,ranking_aware,0,9,0.911111,1,1,1,0,0,0
C,reduction,ranking_aware,0,10,1,1,1,1,0,0,0
C,reduction,random,1,4,0.405798,0,0,0,0.510048,0.438003,0.379245
C,reduction,random,1,5,0.549021,1,0.5,0.333333,0,0.180017,0.212281
C,reduction,random,1,6,0.466667,1,0.5,0.333333,0,0.180017,0.212281
C,reduction,random,1,7,0.733333,1,0.5,0.666667,0,0.0445745,0.182199
C,reduction,random,1,8,0.733333,1,0.5,0.666667,0,0.0445745,0.120012
C,reduction,random,1,9,0.866667,1,0.5,0.666667,0,0.0445745,0.116959
C,reduction,random,1,10,1,1,1,1,0,0,0
C,reduction,diversity,1,4,0.405798,0,0,0,0.510048,0.438003,0.379245
C,reduction,diversity,1,5,0.2,0,0,0,0.510048,0.438003,0.38883
C,reduction,diversity,1,6,0.377778,0,0,0.333333,0.239162,0.299598,0.292002
C,reduction,diversity,1,7,0.377778,0,0,0.333333,0.239162,0.299598,0.292002
C,reduction,diversity,1,8,0.733333,1,0.5,0.666667,0,0.0445745,0.120012
C,reduction,diversity,1,9,1,1,1,1,0,0,0
C,reduction,diversity,1,10,1,1,1,1,0,0,0
C,reduction,uncertainty,1,4,0.405798,0,0,0,0.510048,0.438003,0.379245
C,reduction,uncertainty,1,5,0.506048,0,0,0.333333,0.239162,0.299598,0.292002
C,reduction,uncertainty,1,6,0.555556,0,0.5,0.666667,0.150013,0.119581,0.176549
C,reduction,uncertainty,1,7,0.6,0,0.5,0.666667,0.150013,0.119581,0.170016
C,reduction,uncertainty,1,8,0.6,0,0.5,0.666667,0.150013,0.119581,0.170016
C,reduction,uncertainty,1,9,1,1,1,1,0,0,0
C,reduction,uncertainty,1,10,1,1,1,1,0,0,0
C,reduction,ranking_aware,1,4,0.405798,0,0,0,0.510048,0.438003,0.379245
C,reduction,ranking_aware,1,5,0.555556,0,0,0,0.50089,0.430462,0.379245
C,reduction,ranking_aware,1,6,0.555556,0,0,0,0.50089,0.430462,0.379245
C,reduction,ranking_aware,1,7,0.422222,0,0,0,0.50089,0.430462,0.379245
C,reduction,ranking_aware,1,8,0.6,0,0.5,0.333333,0.150013,0.250445,0.257259
C,reduction,ranking_aware,1,9,0.733333,0,0.5,0.666667,0.150013,0.119581,0.166963
C,reduction,ranking_aware,1,10,1,1,1,1,0,0,0
C,reduction,random,2,4,0.288889,0,0.5,0.333333,0.150013,0.255024,0.257259
C,reduction,random,2,5,0.314627,0,0.5,0.666667,0.150013,0.119581,0.275138
C,reduction,random,2,6,0.333333,0,0.5,0.666667,0.150013,0.119581,0.275138
C,reduction,random,2,7,0.555556,1,1,1,0,0,0
C,reduction,random,2,8,0.733333,1,1,1,0,0,0
C,reduction,random,2,9,0.733333,1,1,1,0,0,0
C,reduction,random,2,10,1,1,1,1,0,0,0
C,reduction,diversity,2,4,0.288889,0,0.5,0.333333,0.150013,0.255024,0.257259
C,reduction,diversity,2,5,0.288889,0,0.5,0.333333,0.150013,0.257985,0.268818
C,reduction,diversity,2,6,0.333333,0,0.5,0.333333,0.150013,0.257985,0.268818
C,reduction,diversity,2,7,0.511111,0,0.5,0.666667,0.150013,0.119581,0.17199
C,reduction,diversity,2,8,0.955556,1,1,1,0,0,0
C,reduction,diversity,2,9,0.955556,1,1,1,0,0,0
C,reduction,diversity,2,10,1,1,1,1,0,0,0
C,reduction,uncertainty,2,4,0.288889,0,0.5,0.333333,0.150013,0.255024,0.257259
C,reduction,uncertainty,2,5,0.288889,0,0.5,0.333333,0.150013,0.257985,0.268818
C,reduction,uncertainty,2,6,0.333333,0,0.5,0.333333,0.150013,0.257985,0.268818
C,reduction,uncertainty,2,7,0.466667,0,0.5,0.333333,0.150013,0.250445,0.259233
C,reduction,uncertainty,2,8,0.644444,0,0.5,0.666667,0.150013,0.119581,0.166963
C,reduction,uncertainty,2,9,0.955556,1,1,1,0,0,0
C,reduction,uncertainty,2,10,1,1,1,1,0,0,0
C,reduction,ranking_aware,2,4,0.288889,0,0.5,0.333333,0.150013,0.255024,0.257259
C,reduction,ranking_aware,2,5,0.288889,0,0.5,0.333333,0.150013,0.255024,0.365433
C,reduction,ranking_aware,2,6,0.422222,1,1,0.666667,0,0,0.191831
C,reduction,ranking_aware,2,7,0.511111,1,1,1,0,0,0
C,reduction,ranking_aware,2,8,0.733333,1,1,1,0,0,0
C,reduction,ranking_aware,2,9,0.777778,1,1,1,0,0,0
C,reduction,ranking_aware,2,10,1,1,1,1,0,0,0
C,reduction,random,3,4,0.26968,0,0,0.333333,0.239162,0.295019,0.286975
C,reduction,random,3,5,0.26968,1,0.5,0.666667,0,0.0445745,0.225133
C,reduction,random,3,6,0.422222,1,0.5,0.666667,0,0.0445745,0.225133
C,reduction,random,3,7,0.511111,1,1,1,0,0,0
C,reduction,random,3,8,0.688889,1,1,1,0,0,0
C,reduction,random,3,9,0.955556,1,1,1,0,0,0
C,reduction,random,3,10,1,1,1,1,0,0,0
C,reduction,diversity,3,4,0.26968,0,0,0.333333,0.239162,0.295019,0.286975
C,reduction,diversity,3,5,0.333333,0,0,0.333333,0.239162,0.295019,0.293508
C,reduction,diversity,3,6,0.555556,0,0,0.333333,0.239162,0.295019,0.293508
C,reduction,diversity,3,7,0.688889,0,0.5,0.666667,0.150013,0.119581,0.166963
C,reduction,diversity,3,8,0.644444,0,0.5,0.666667,0.150013,0.119581,0.166963
C,reduction,diversity,3,9,0.955556,1,1,1,0,0,0
C,reduction,diversity,3,10,1,1,1,1,0,0,0
C,reduction,uncertainty,3,4,0.26968,0,0,0.333333,0.239162,0.295019,0.286975
C,reduction,uncertainty,3,5,0.511111,0,0,0.333333,0.239162,0.295019,0.293508
C,reduction,uncertainty,3,6,0.644444,0,0.5,0.666667,0.150013,0.119581,0.166963
C,reduction,uncertainty,3,7,0.688889,0,0.5,0.666667,0.150013,0.119581,0.166963
C,reduction,uncertainty,3,8,0.644444,0,0.5,0.666667,0.150013,0.119581,0.166963
C,reduction,uncertainty,3,9,0.955556,1,1,1,0,0,0
C,reduction,uncertainty,3,10,1,1,1,1,0,0,0
C,reduction,ranking_aware,3,4,0.26968,0,0,0.333333,0.239162,0.295019,0.286975
C,reduction,ranking_aware,3,5,0.333333,0,0,0.333333,0.239162,0.295019,0.293508
C,reduction,ranking_aware,3,6,0.422222,0,0.5,0.666667,0.150013,0.119581,0.170016
C,reduction,ranking_aware,3,7,0.688889,0,0.5,0.666667,0.150013,0.119581,0.166963
C,reduction,ranking_aware,3,8,0.911111,1,1,1,0,0,0
C,reduction,ranking_aware,3,9,0.955556,1,1,1,0,0,0
C,reduction,ranking_aware,3,10,1,1,1,1,0,0,0
C,reduction,random,4,4,0.0222222,0,0,0,0.515971,0.447802,0.451017
C,reduction,random,4,5,0.155556,0,0,0.333333,0.239162,0.30256,0.298535
C,reduction,random,4,6,0.422222,0,0,0.333333,0.239162,0.295019,0.288949
C,reduction,random,4,7,0.466667,0,0,0.333333,0.239162,0.295019,0.288949
C,reduction,random,4,8,0.511111,0,0,0.333333,0.239162,0.295019,0.286975
C,reduction,random,4,9,0.733333,0,0.5,0.666667,0.150013,0.119581,0.166963
C,reduction,random,4,10,1,1,1,1,0,0,0
C,reduction,diversity,4,4,0.0222222,0,0,0,0.515971,0.447802,0.451017
C,reduction,diversity,4,5,0.2,0,0.5,0.333333,0.150013,0.257985,0.268818
C,reduction,diversity,4,6,0.6,0,0.5,0.666667,0.150013,0.119581,0.170016
C,reduction,diversity,4,7,0.688889,0,0.5,0.666667,0.150013,0.119581,0.166963
C,reduction,diversity,4,8,0.644444,0,0.5,0.666667,0.150013,0.119581,0.166963
C,reduction,diversity,4,9,0.955556,1,1,1,0,0,0
C,reduction,diversity,4,10,1,1,1,1,0,0,0
C,reduction,uncertainty,4,4,0.0222222,0,0,0,0.515971,0.447802,0.451017
C,reduction,uncertainty,4,5,0.2,0,0.5,0.333333,0.150013,0.257985,0.268818
C,reduction,uncertainty,4,6,0.6,0,0.5,0.666667,0.150013,0.119581,0.170016
C,reduction,uncertainty,4,7,0.688889,0,0.5,0.666667,0.150013,0.119581,0.166963
C,reduction,uncertainty,4,8,0.644444,0,0.5,0.666667,0.150013,0.119581,0.166963
C,reduction,uncertainty,4,9,0.955556,1,1,1,0,0,0
C,reduction,uncertainty,4,10,1,1,1,1,0,0,0
C,reduction,ranking_aware,4,4,0.0222222,0,0,0,0.515971,0.447802,0.451017
C,reduction,ranking_aware,4,5,0.2,0,0.5,0.333333,0.150013,0.257985,0.268818
C,reduction,ranking_aware,4,6,0.288889,0,0.5,0.333333,0.150013,0.255024,0.262286
C,reduction,ranking_aware,4,7,0.422222,0,0.5,0.333333,0.150013,0.255024,0.262286
C,reduction,ranking_aware,4,8,0.6,0,0.5,0.333333,0.150013,0.250445,0.257259
C,reduction,ranking_aware,4,9,0.733333,0,0.5,0.666667,0.150013,0.119581,0.166963
C,reduction,ranking_aware,4,10,1,1,1,1,0,0,0
C,reduction,random,5,4,0.244444,0,0,0,0.510048,0.438003,0.379245
C,reduction,random,5,5,0.422222,0,0,0,0.50089,0.430462,0.379245
C,reduction,random,5,6,0.333333,0,0,0,0.50089,0.430462,0.379245
C,reduction,random,5,7,0.555556,0,0.5,0.333333,0.150013,0.250445,0.257259
C,reduction,random,5,8,0.6,0,0.5,0.333333,0.150013,0.250445,0.257259
C,reduction,random,5,9,0.955556,1,1,0.666667,0,0,0.0872427
C,reduction,random,5,10,1,1,1,1,0,0,0
C,reduction,diversity,5,4,0.244444,0,0,0,0.510048,0.438003,0.379245
C,reduction,diversity,5,5,0.244444,0,0,0,0.510048,0.438003,0.38883
C,reduction,diversity,5,6,0.288889,0,0,0,0.510048,0.438003,0.38883
C,reduction,diversity,5,7,0.377778,0,0,0.333333,0.239162,0.299598,0.292002
C,reduction,diversity,5,8,0.733333,1,0.5,0.666667,0,0.0445745,0.120012
C,reduction,diversity,5,9,1,1,1,1,0,0,0
C,reduction,diversity,5,10,1,1,1,1,0,0,0
C,reduction,uncertainty,5,4,0.244444,0,0,0,0.510048,0.438003,0.379245
C,reduction,uncertainty,5,5,0.244444,0,0,0,0.510048,0.438003,0.38883
C,reduction,uncertainty,5,6,0.288889,0,0,0,0.510048,0.438003,0.38883
C,reduction,uncertainty,5,7,0.377778,0,0,0.333333,0.239162,0.299598,0.292002
C,reduction,uncertainty,5,8,0.733333,1,0.5,0.666667,0,0.0445745,0.120012
C,reduction,uncertainty,5,9,1,1,1,1,0,0,0
C,reduction,uncertainty,5,10,1,1,1,1,0,0,0
C,reduction,ranking_aware,5,4,0.244444,0,0,0,0.510048,0.438003,0.379245
C,reduction,ranking_aware,5,5,0.244444,0,0,0,0.510048,0.438003,0.38883
C,reduction,ranking_aware,5,6,0.288889,0,0,0,0.510048,0.438003,0.38883
C,reduction,ranking_aware,5,7,0.377778,0,0,0.333333,0.239162,0.299598,0.292002
C,reduction,ranking_aware,5,8,0.733333,1,0.5,0.666667,0,0.0445745,0.120012
C,reduction,ranking_aware,5,9,0.866667,1,0.5,0.666667,0,0.0445745,0.116959
C,reduction,ranking_aware,5,10,1,1,1,1,0,0,0
C,reduction,random,6,4,0.333333,0,0,0,0.50089,0.523743,0.439457
C,reduction,random,6,5,0.511111,0,0,0,0.50089,0.440262,0.383803
C,reduction,random,6,6,0.511111,0,0.5,0.333333,0.150013,0.250445,0.263791
C,reduction,random,6,7,0.466667,0,0.5,0.333333,0.150013,0.250445,0.259233
C,reduction,random,6,8,0.644444,0,0.5,0.666667,0.150013,0.119581,0.166963
C,reduction,random,6,9,0.955556,1,1,1,0,0,0
C,reduction,random,6,10,1,1,1,1,0,0,0
C,reduction,diversity,6,4,0.333333,0,0,0,0.50089,0.523743,0.439457
C,reduction,diversity,6,5,0.511111,0,0,0,0.50089,0.440262,0.383803
C,reduction,diversity,6,6,0.555556,0,0,0.333333,0.239162,0.295019,0.293508
C,reduction,diversity,6,7,0.688889,0,0.5,0.666667,0.150013,0.119581,0.166963
C,reduction,diversity,6,8,0.644444,0,0.5,0.666667,0.150013,0.119581,0.166963
C,reduction,diversity,6,9,0.955556,1,1,1,0,0,0
C,reduction,diversity,6,10,1,1,1,1,0,0,0
C,reduction,uncertainty,6,4,0.333333,0,0,0,0.50089,0.523743,0.439457
C,reduction,uncertainty,6,5,0.688889,0,0,0.333333,0.239162,0.295019,0.286975
C,reduction,uncertainty,6,6,0.733333,0,0.5,0.666667,0.150013,0.119581,0.166963
C,reduction,uncertainty,6,7,0.688889,0,0.5,0.666667,0.150013,0.119581,0.166963
C,reduction,uncertainty,6,8,0.644444,0,0.5,0.666667,0.150013,0.119581,0.166963
C,reduction,uncertainty,6,9,0.955556,1,1,1,0,0,0
C,reduction,uncertainty,6,10,1,1,1,1,0,0,0
C,reduction,ranking_aware,6,4,0.333333,0,0,0,0.50089,0.523743,0.439457
C,reduction,ranking_aware,6,5,0.688889,0,0,0.333333,0.239162,0.295019,0.286975
C,reduction,ranking_aware,6,6,0.688889,0,0,0.333333,0.239162,0.295019,0.286975
C,reduction,ranking_aware,6,7,0.866667,1,0.5,0.666667,0,0.0445745,0.116959
C,reduction,ranking_aware,6,8,0.822222,1,0.5,0.666667,0,0.0445745,0.116959
C,reduction,ranking_aware,6,9,0.866667,1,1,1,0,0,0
C,reduction,ranking_aware,6,10,1,1,1,1,0,0,0
C,reduction,random,7,4,0.460044,1,1,1,0,0,0
C,reduction,random,7,5,0.733333,1,1,1,0,0,0
C,reduction,random,7,6,0.911111,1,1,1,0,0,0
C,reduction,random,7,7,0.955556,1,1,1,0,0,0
C,reduction,random,7,8,0.955556,1,1,1,0,0,0
C,reduction,random,7,9,0.911111,1,1,1,0,0,0
C,reduction,random,7,10,1,1,1,1,0,0,0
C,reduction,diversity,7,4,0.460044,1,1,1,0,0,0
C,reduction,diversity,7,5,0.733333,1,1,1,0,0,0
C,reduction,diversity,7,6,0.777778,1,1,1,0,0,0
C,reduction,diversity,7,7,0.955556,1,1,1,0,0,0
C,reduction,diversity,7,8,0.955556,1,1,1,0,0,0
C,reduction,diversity,7,9,0.955556,1,1,1,0,0,0
C,reduction,diversity,7,10,1,1,1,1,0,0,0
C,reduction,uncertainty,7,4,0.460044,1,1,1,0,0,0
C,reduction,uncertainty,7,5,0.733333,1,1,1,0,0,0
C,reduction,uncertainty,7,6,0.466667,1,1,1,0,0,0
C,reduction,uncertainty,7,7,0.822222,1,1,1,0,0,0
C,reduction,uncertainty,7,8,0.911111,1,1,1,0,0,0
C,reduction,uncertainty,7,9,0.955556,1,1,1,0,0,0
C,reduction,uncertainty,7,10,1,1,1,1,0,0,0
C,reduction,ranking_aware,7,4,0.460044,1,1,1,0,0,0
C,reduction,ranking_aware,7,5,0.40452,1,1,0.666667,0,0,0.195417
C,reduction,ranking_aware,7,6,0.629253,1,1,0.666667,0,0,0.0902953
C,reduction,ranking_aware,7,7,0.911111,1,1,0.666667,0,0,0.0872427
C,reduction,ranking_aware,7,8,0.911111,1,1,0.666667,0,0,0.0872427
C,reduction,ranking_aware,7,9,0.911111,1,1,1,0,0,0
C,reduction,ranking_aware,7,10,1,1,1,1,0,0,0
C,reduction,random,8,4,0.0222222,0,0,0,0.515971,0.531283,0.444484
C,reduction,random,8,5,0.377778,0,0,0,0.510048,0.438003,0.379245
C,reduction,random,8,6,0.555556,0,0,0,0.50089,0.430462,0.379245
C,reduction,random,8,7,0.733333,1,0.5,0.333333,0,0.175438,0.207254
C,reduction,random,8,8,0.822222,1,1,0.666667,0,0,0.096828
C,reduction,random,8,9,0.866667,1,1,1,0,0,0
C,reduction,random,8,10,1,1,1,1,0,0,0
C,reduction,diversity,8,4,0.0222222,0,0,0,0.515971,0.531283,0.444484
C,reduction,diversity,8,5,0.179787,0,0,0,0.515971,0.447802,0.38883
C,reduction,diversity,8,6,0.333333,0,0.5,0.333333,0.150013,0.257985,0.268818
C,reduction,diversity,8,7,0.511111,0,0.5,0.666667,0.150013,0.119581,0.17199
C,reduction,diversity,8,8,0.955556,1,1,1,0,0,0
C,reduction,diversity,8,9,0.955556,1,1,1,0,0,0
C,reduction,diversity,8,10,1,1,1,1,0,0,0
C,reduction,uncertainty,8,4,0.0222222,0,0,0,0.515971,0.531283,0.444484
C,reduction,uncertainty,8,5,0.179787,0,0,0,0.515971,0.447802,0.38883
C,reduction,uncertainty,8,6,0.377778,0,0,0,0.50089,0.433424,0.385777
C,reduction,uncertainty,8,7,0.466667,0,0,0.333333,0.239162,0.295019,0.288949
C,reduction,uncertainty,8,8,0.644444,0,0.5,0.666667,0.150013,0.119581,0.166963
C,reduction,uncertainty,8,9,0.955556,1,1,1,0,0,0
C,reduction,uncertainty,8,10,1,1,1,1,0,0,0
C,reduction,ranking_aware,8,4,0.0222222,0,0,0,0.515971,0.531283,0.444484
C,reduction,ranking_aware,8,5,0.179787,0,0,0,0.515971,0.447802,0.38883
C,reduction,ranking_aware,8,6,0.377778,0,0,0,0.50089,0.433424,0.385777
C,reduction,ranking_aware,8,7,0.555556,1,0.5,0.333333,0,0.175438,0.209229
C,reduction,ranking_aware,8,8,0.644444,1,0.5,0.333333,0,0.175438,0.207254
C,reduction,ranking_aware,8,9,0.866667,1,0.5,0.666667,0,0.0445745,0.116959
C,reduction,ranking_aware,8,10,1,1,1,1,0,0,0
C,reduction,random,9,4,0.552052,1,1,1,0,0,0
C,reduction,random,9,5,0.719147,1,1,1,0,0,0
C,reduction,random,9,6,0.777778,1,1,1,0,0,0
C,reduction,random,9,7,0.777778,1,1,1,0,0,0
C,reduction,random,9,8,0.955556,1,1,1,0,0,0
C,reduction,random,9,9,0.955556,1,1,1,0,0,0
C,reduction,random,9,10,1,1,1,1,0,0,0
C,reduction,diversity,9,4,0.552052,1,1,1,0,0,0
C,reduction,diversity,9,5,0.733333,1,1,1,0,0,0
C,reduction,diversity,9,6,0.777778,1,1,1,0,0,0
C,reduction,diversity,9,7,0.955556,1,1,1,0,0,0
C,reduction,diversity,9,8,0.955556,1,1,1,0,0,0
C,reduction,diversity,9,9,0.955556,1,1,1,0,0,0
C,reduction,diversity,9,10,1,1,1,1,0,0,0
C,reduction,uncertainty,9,4,0.552052,1,1,1,0,0,0
C,reduction,uncertainty,9,5,0.719147,1,1,1,0,0,0
C,reduction,uncertainty,9,6,0.866667,1,1,1,0,0,0
C,reduction,uncertainty,9,7,0.911111,1,1,1,0,0,0
C,reduction,uncertainty,9,8,0.955556,1,1,1,0,0,0
C,reduction,uncertainty,9,9,0.955556,1,1,1,0,0,0
C,reduction,uncertainty,9,10,1,1,1,1,0,0,0
C,reduction,ranking_aware,9,4,0.552052,1,1,1,0,0,0
C,reduction,ranking_aware,9,5,0.719147,1,1,1,0,0,0
C,reduction,ranking_aware,9,6,0.690066,1,1,1,0,0,0
C,reduction,ranking_aware,9,7,0.866667,1,1,1,0,0,0
C,reduction,ranking_aware,9,8,0.866667,1,1,1,0,0,0
C,reduction,ranking_aware,9,9,1,1,1,1,0,0,0
C,reduction,ranking_aware,9,10,1,1,1,1,0,0,0
C,reduction,random,10,4,0.288889,0,0.5,0.333333,0.50089,0.175438,0.207254
C,reduction,random,10,5,0.0666667,0,0.5,0.666667,0.150013,0.412706,0.275138
C,reduction,random,10,6,0.2,0,0.5,0.333333,0.150013,0.250445,0.36238
C,reduction,random,10,7,0.466667,0,0.5,0.333333,0.150013,0.250445,0.257259
C,reduction,random,10,8,0.822222,1,1,1,0,0,0
C,reduction,random,10,9,0.955556,1,1,0.666667,0,0,0.0872427
C,reduction,random,10,10,1,1,1,1,0,0,0
C,reduction,diversity,10,4,0.288889,0,0.5,0.333333,0.50089,0.175438,0.207254
C,reduction,diversity,10,5,0.377778,0,0,0,0.50089,0.430462,0.379245
C,reduction,diversity,10,6,0.511111,0,0,0.333333,0.239162,0.295019,0.286975
C,reduction,diversity,10,7,0.466667,0,0,0.333333,0.239162,0.295019,0.286975
C,reduction,diversity,10,8,0.511111,0,0,0.333333,0.239162,0.295019,0.286975
C,reduction,diversity,10,9,0.866667,1,0.5,0.666667,0,0.0445745,0.116959
C,reduction,diversity,10,10,1,1,1,1,0,0,0
C,reduction,uncertainty,10,4,0.288889,0,0.5,0.333333,0.50089,0.175438,0.207254
C,reduction,uncertainty,10,5,0.377778,0,0,0,0.50089,0.430462,0.379245
C,reduction,uncertainty,10,6,0.511111,0,0,0.333333,0.239162,0.295019,0.286975
C,reduction,uncertainty,10,7,0.466667,0,0,0.333333,0.239162,0.295019,0.286975
C,reduction,uncertainty,10,8,0.511111,0,0,0.333333,0.239162,0.295019,0.286975
C,reduction,uncertainty,10,9,0.866667,1,0.5,0.666667,0,0.0445745,0.116959
C,reduction,uncertainty,10,10,1,1,1,1,0,0,0
C,reduction,ranking_aware,10,4,0.288889,0,0.5,0.333333,0.50089,0.175438,0.207254
C,reduction,ranking_aware,10,5,0.155556,1,0.5,0.333333,0,0.332321,0.416964
C,reduction,ranking_aware,10,6,0.422222,1,0.5,0.666667,0,0.332321,0.221547
C,reduction,ranking_aware,10,7,0.466667,1,0.5,0.666667,0,0.0445745,0.221547
C,reduction,ranking_aware,10,8,0.688889,1,0.5,0.666667,0,0.0445745,0.221547
C,reduction,ranking_aware,10,9,0.777778,1,1,1,0,0,0
C,reduction,ranking_aware,10,10,1,1,1,1,0,0,0
C,reduction,random,11,4,0.0449467,1,0.5,0.666667,0,0.0445745,0.225133
C,reduction,random,11,5,0.244444,1,0.5,0.666667,0,0.0445745,0.221547
C,reduction,random,11,6,0.377778,1,0.5,0.666667,0,0.0445745,0.221547
C,reduction,random,11,7,0.422222,1,0.5,0.666667,0,0.0445745,0.221547
C,reduction,random,11,8,0.644444,1,0.5,0.666667,0,0.0445745,0.225133
C,reduction,random,11,9,0.866667,1,0.5,0.666667,0,0.0445745,0.116959
C,reduction,random,11,10,1,1,1,1,0,0,0
C,reduction,diversity,11,4,0.0449467,1,0.5,0.666667,0,0.0445745,0.225133
C,reduction,diversity,11,5,0.244444,1,0.5,0.666667,0,0.0445745,0.221547
C,reduction,diversity,11,6,0.6,1,0.5,0.666667,0,0.0445745,0.116959
C,reduction,diversity,11,7,0.688889,1,0.5,0.666667,0,0.0445745,0.221547
C,reduction,diversity,11,8,0.733333,1,0.5,0.666667,0,0.0445745,0.120012
C,reduction,diversity,11,9,1,1,1,1,0,0,0
C,reduction,diversity,11,10,1,1,1,1,0,0,0
C,reduction,uncertainty,11,4,0.0449467,1,0.5,0.666667,0,0.0445745,0.225133
C,reduction,uncertainty,11,5,0.333333,1,0.5,0.666667,0,0.0445745,0.225133
C,reduction,uncertainty,11,6,0.777778,1,0.5,0.666667,0,0.0445745,0.120012
C,reduction,uncertainty,11,7,0.777778,1,0.5,0.666667,0,0.0445745,0.120012
C,reduction,uncertainty,11,8,0.733333,1,0.5,0.666667,0,0.0445745,0.120012
C,reduction,uncertainty,11,9,1,1,1,1,0,0,0
C,reduction,uncertainty,11,10,1,1,1,1,0,0,0
C,reduction,ranking_aware,11,4,0.0449467,1,0.5,0.666667,0,0.0445745,0.225133
C,reduction,ranking_aware,11,5,0.466667,1,0.5,0.666667,0,0.0445745,0.116959
C,reduction,ranking_aware,11,6,0.782074,1,1,1,0,0,0
C,reduction,ranking_aware,11,7,0.866667,1,1,1,0,0,0
C,reduction,ranking_aware,11,8,0.866667,1,1,1,0,0,0
C,reduction,ranking_aware,11,9,0.866667,1,1,1,0,0,0
C,reduction,ranking_aware,11,10,1,1,1,1,0,0,0
C,reduction,random,12,4,0.111111,0,0.5,0.333333,0.150013,0.264823,0.371966
C,reduction,random,12,5,0.333333,0,0.5,0.666667,0.150013,0.264823,0.176549
C,reduction,random,12,6,0.333333,1,1,0.666667,0,0,0.195417
C,reduction,random,12,7,0.733333,1,0.5,0.666667,0,0.189817,0.096828
C,reduction,random,12,8,0.733333,1,1,0.666667,0,0,0.191831
C,reduction,random,12,9,0.777778,1,1,1,0,0,0
C,reduction,random,12,10,1,1,1,1,0,0,0
C,reduction,diversity,12,4,0.111111,0,0.5,0.333333,0.150013,0.264823,0.371966
C,reduction,diversity,12,5,0.244444,0,0.5,0.666667,0.150013,0.119581,0.170016
C,reduction,diversity,12,6,0.333333,0,0.5,0.666667,0.150013,0.119581,0.170016
C,reduction,diversity,12,7,0.377778,0,0.5,0.666667,0.150013,0.119581,0.275138
C,reduction,diversity,12,8,0.644444,0,0.5,0.666667,0.150013,0.119581,0.166963
C,reduction,diversity,12,9,0.955556,1,1,1,0,0,0
C,reduction,diversity,12,10,1,1,1,1,0,0,0
C,reduction,uncertainty,12,4,0.111111,0,0.5,0.333333,0.150013,0.264823,0.371966
C,reduction,uncertainty,12,5,0.244444,0,0.5,0.666667,0.150013,0.119581,0.170016
C,reduction,uncertainty,12,6,0.333333,0,0.5,0.666667,0.150013,0.119581,0.170016
C,reduction,uncertainty,12,7,0.377778,0,0.5,0.666667,0.150013,0.119581,0.275138
C,reduction,uncertainty,12,8,0.644444,0,0.5,0.666667,0.150013,0.119581,0.166963
C,reduction,uncertainty,12,9,0.955556,1,1,1,0,0,0
C,reduction,uncertainty,12,10,1,1,1,1,0,0,0
C,reduction,ranking_aware,12,4,0.111111,0,0.5,0.333333,0.150013,0.264823,0.371966
C,reduction,ranking_aware,12,5,0.506048,0,0.5,0.333333,0.150013,0.250445,0.259233
C,reduction,ranking_aware,12,6,0.6,0,0.5,0.333333,0.150013,0.250445,0.259233
C,reduction,ranking_aware,12,7,0.466667,0,0.5,0.333333,0.150013,0.250445,0.259233
C,reduction,ranking_aware,12,8,0.6,0,0.5,0.333333,0.150013,0.250445,0.257259
C,reduction,ranking_aware,12,9,0.955556,1,1,0.666667,0,0,0.0872427
C,reduction,ranking_aware,12,10,1,1,1,1,0,0,0
C,reduction,random,13,4,0.13484,1,0.5,0.666667,0,0.332321,0.221547
C,reduction,random,13,5,0.155556,1,0.5,0.333333,0,0.332321,0.416964
C,reduction,random,13,6,0.422222,1,0.5,0.666667,0,0.332321,0.221547
C,reduction,random,13,7,0.644444,1,0.5,0.333333,0,0.175438,0.207254
C,reduction,random,13,8,0.822222,1,1,1,0,0,0
C,reduction,random,13,9,0.955556,1,1,0.666667,0,0,0.0872427
C,reduction,random,13,10,1,1,1,1,0,0,0
C,reduction,diversity,13,4,0.13484,1,0.5,0.666667,0,0.332321,0.221547
C,reduction,diversity,13,5,0.422222,1,0.5,0.666667,0,0.332321,0.221547
C,reduction,diversity,13,6,0.466667,1,0.5,0.666667,0,0.0445745,0.221547
C,reduction,diversity,13,7,0.688889,1,0.5,0.666667,0,0.0445745,0.221547
C,reduction,diversity,13,8,0.733333,1,0.5,0.666667,0,0.0445745,0.120012
C,reduction,diversity,13,9,1,1,1,1,0,0,0
C,reduction,diversity,13,10,1,1,1,1,0,0,0
C,reduction,uncertainty,13,4,0.13484,1,0.5,0.666667,0,0.332321,0.221547
C,reduction,uncertainty,13,5,0.40452,1,0.5,0.666667,0,0.0445745,0.225133
C,reduction,uncertainty,13,6,0.422222,1,0.5,0.666667,0,0.0445745,0.225133
C,reduction,uncertainty,13,7,0.733333,1,0.5,0.666667,0,0.0445745,0.182199
C,reduction,uncertainty,13,8,0.733333,1,0.5,0.666667,0,0.0445745,0.120012
C,reduction,uncertainty,13,9,1,1,1,1,0,0,0
C,reduction,uncertainty,13,10,1,1,1,1,0,0,0
C,reduction,ranking_aware,13,4,0.13484,1,0.5,0.666667,0,0.332321,0.221547
C,reduction,ranking_aware,13,5,0.422222,1,0.5,0.666667,0,0.332321,0.221547
C,reduction,ranking_aware,13,6,0.555556,1,1,0.666667,0,0,0.191831
C,reduction,ranking_aware,13,7,0.6,1,1,1,0,0,0
C,reduction,ranking_aware,13,8,0.822222,1,1,1,0,0,0
C,reduction,ranking_aware,13,9,0.822222,1,1,1,0,0,0
C,reduction,ranking_aware,13,10,1,1,1,1,0,0,0
C,reduction,random,14,4,0.549021,0,0,0.666667,0.239162,0.299598,0.170016
C,reduction,random,14,5,0.466667,1,0.5,0.666667,0,0.0445745,0.116959
C,reduction,random,14,6,0.777778,1,0.5,0.666667,0,0.0445745,0.120012
C,reduction,random,14,7,0.777778,1,0.5,0.666667,0,0.0445745,0.120012
C,reduction,random,14,8,0.866667,1,1,1,0,0,0
C,reduction,random,14,9,0.866667,1,1,1,0,0,0
C,reduction,random,14,10,1,1,1,1,0,0,0
C,reduction,diversity,14,4,0.549021,0,0,0.666667,0.239162,0.299598,0.170016
C,reduction,diversity,14,5,0.422222,0,0,0.333333,0.239162,0.299598,0.29656
C,reduction,diversity,14,6,0.511111,0,0,0.333333,0.239162,0.299598,0.29656
C,reduction,diversity,14,7,0.377778,0,0,0.333333,0.239162,0.299598,0.292002
C,reduction,diversity,14,8,0.733333,1,0.5,0.666667,0,0.0445745,0.120012
C,reduction,diversity,14,9,1,1,1,1,0,0,0
C,reduction,diversity,14,10,1,1,1,1,0,0,0
C,reduction,uncertainty,14,4,0.549021,0,0,0.666667,0.239162,0.299598,0.170016
C,reduction,uncertainty,14,5,0.555556,0,0,0.333333,0.239162,0.299598,0.286975
C,reduction,uncertainty,14,6,0.511111,0,0,0.333333,0.239162,0.299598,0.29656
C,reduction,uncertainty,14,7,0.377778,0,0,0.333333,0.239162,0.299598,0.292002
C,reduction,uncertainty,14,8,0.733333,1,0.5,0.666667,0,0.0445745,0.120012
C,reduction,uncertainty,14,9,1,1,1,1,0,0,0
C,reduction,uncertainty,14,10,1,1,1,1,0,0,0
C,reduction,ranking_aware,14,4,0.549021,0,0,0.666667,0.239162,0.299598,0.170016
C,reduction,ranking_aware,14,5,0.555556,0,0,0.333333,0.239162,0.299598,0.286975
C,reduction,ranking_aware,14,6,0.6,0,0.5,0.666667,0.150013,0.119581,0.170016
C,reduction,ranking_aware,14,7,0.6,0,0.5,0.666667,0.150013,0.119581,0.170016
C,reduction,ranking_aware,14,8,0.688889,0,0.5,0.666667,0.150013,0.119581,0.166963
C,reduction,ranking_aware,14,9,0.733333,0,0.5,0.666667,0.150013,0.119581,0.166963
C,reduction,ranking_aware,14,10,1,1,1,1,0,0,0
C,reduction,random,15,4,0.52915,0,0,0.333333,0.239162,0.295019,0.286975
C,reduction,random,15,5,0.111111,0,0.5,0.666667,0.150013,0.119581,0.275138
C,reduction,random,15,6,0.155556,0,0.5,0.666667,0.150013,0.119581,0.176549
C,reduction,random,15,7,0.466667,1,1,1,0,0,0
C,reduction,random,15,8,0.6,1,1,1,0,0,0
C,reduction,random,15,9,0.866667,1,1,1,0,0,0
C,reduction,random,15,10,1,1,1,1,0,0,0
C,reduction,diversity,15,4,0.52915,0,0,0.333333,0.239162,0.295019,0.286975
C,reduction,diversity,15,5,0.288889,0,0,0.333333,0.239162,0.295019,0.286975
C,reduction,diversity,15,6,0.288889,0,0,0.333333,0.239162,0.295019,0.286975
C,reduction,diversity,15,7,0.555556,0,0,0.333333,0.239162,0.295019,0.286975
C,reduction,diversity,15,8,0.511111,0,0,0.333333,0.239162,0.295019,0.286975
C,reduction,diversity,15,9,0.866667,1,0.5,0.666667,0,0.0445745,0.116959
C,reduction,diversity,15,10,1,1,1,1,0,0,0
C,reduction,uncertainty,15,4,0.52915,0,0,0.333333,0.239162,0.295019,0.286975
C,reduction,uncertainty,15,5,0.598057,0,0,0.333333,0.239162,0.295019,0.286975
C,reduction,uncertainty,15,6,0.494413,0,0.5,0.666667,0.150013,0.119581,0.166963
C,reduction,uncertainty,15,7,0.555556,0,0.5,0.666667,0.150013,0.119581,0.166963
C,reduction,uncertainty,15,8,0.688889,0,0.5,0.666667,0.150013,0.119581,0.166963
C,reduction,uncertainty,15,9,0.733333,0,0.5,0.666667,0.150013,0.119581,0.166963
C,reduction,uncertainty,15,10,1,1,1,1,0,0,0
C,reduction,ranking_aware,15,4,0.52915,0,0,0.333333,0.239162,0.295019,0.286975
C,reduction,ranking_aware,15,5,0.288889,0,0,0.333333,0.239162,0.295019,0.286975
C,reduction,ranking_aware,15,6,0.333333,0,0.5,0.666667,0.150013,0.119581,0.275138
C,reduction,ranking_aware,15,7,0.466667,0,0.5,0.666667,0.150013,0.119581,0.275138
C,reduction,ranking_aware,15,8,0.422222,0,0.5,0.666667,0.150013,0.119581,0.275138
C,reduction,ranking_aware,15,9,0.733333,0,0.5,0.666667,0.150013,0.119581,0.166963
C,reduction,ranking_aware,15,10,1,1,1,1,0,0,0
C,reduction,random,16,4,0.288889,0,0.5,0.333333,0.150013,0.255024,0.266844
C,reduction,random,16,5,0.598057,1,1,1,0,0,0
C,reduction,random,16,6,0.719147,1,1,0.666667,0,0,0.0872427
C,reduction,random,16,7,0.733333,1,1,1,0,0,0
C,reduction,random,16,8,0.955556,1,1,1,0,0,0
C,reduction,random,16,9,1,1,1,1,0,0,0
C,reduction,random,16,10,1,1,1,1,0,0,0
C,reduction,diversity,16,4,0.288889,0,0.5,0.333333,0.150013,0.255024,0.266844
C,reduction,diversity,16,5,0.288889,0,0.5,0.333333,0.150013,0.255024,0.266844
C,reduction,diversity,16,6,0.377778,0,0.5,0.333333,0.150013,0.255024,0.266844
C,reduction,diversity,16,7,0.422222,0,0.5,0.333333,0.150013,0.255024,0.262286
C,reduction,diversity,16,8,0.6,0,0.5,0.666667,0.150013,0.119581,0.170016
C,reduction,diversity,16,9,1,1,1,1,0,0,0
C,reduction,diversity,16,10,1,1,1,1,0,0,0
C,reduction,uncertainty,16,4,0.288889,0,0.5,0.333333,0.150013,0.255024,0.266844
C,reduction,uncertainty,16,5,0.288889,0,0.5,0.333333,0.150013,0.255024,0.266844
C,reduction,uncertainty,16,6,0.377778,0,0.5,0.333333,0.150013,0.255024,0.266844
C,reduction,uncertainty,16,7,0.6,0,0.5,0.666667,0.150013,0.119581,0.170016
C,reduction,uncertainty,16,8,0.6,0,0.5,0.666667,0.150013,0.119581,0.170016
C,reduction,uncertainty,16,9,1,1,1,1,0,0,0
C,reduction,uncertainty,16,10,1,1,1,1,0,0,0
C,reduction,ranking_aware,16,4,0.288889,0,0.5,0.333333,0.150013,0.255024,0.266844
C,reduction,ranking_aware,16,5,0.598057,1,1,1,0,0,0
C,reduction,ranking_aware,16,6,0.719147,1,1,1,0,0,0
C,reduction,ranking_aware,16,7,0.822222,1,1,1,0,0,0
C,reduction,ranking_aware,16,8,0.822222,1,1,1,0,0,0
C,reduction,ranking_aware,16,9,0.822222,1,1,1,0,0,0
C,reduction,ranking_aware,16,10,1,1,1,1,0,0,0
C,reduction,random,17,4,0.6,1,0.5,0.666667,0,0.0445745,0.116959
C,reduction,random,17,5,0.333333,1,0.5,0.666667,0,0.0445745,0.225133
C,reduction,random,17,6,0.466667,1,0.5,0.666667,0,0.0445745,0.225133
C,reduction,random,17,7,0.644444,1,1,1,0,0,0
C,reduction,random,17,8,0.955556,1,1,1,0,0,0
C,reduction,random,17,9,1,1,1,1,0,0,0
C,reduction,random,17,10,1,1,1,1,0,0,0
C,reduction,diversity,17,4,0.6,1,0.5,0.666667,0,0.0445745,0.116959
C,reduction,diversity,17,5,0.644444,1,0.5,0.666667,0,0.0445745,0.116959
C,reduction,diversity,17,6,0.644444,1,0.5,0.666667,0,0.0445745,0.116959
C,reduction,diversity,17,7,0.777778,1,1,1,0,0,0
C,reduction,diversity,17,8,0.955556,1,1,1,0,0,0
C,reduction,diversity,17,9,0.955556,1,1,1,0,0,0
C,reduction,diversity,17,10,1,1,1,1,0,0,0
C,reduction,uncertainty,17,4,0.6,1,0.5,0.666667,0,0.0445745,0.116959
C,reduction,uncertainty,17,5,0.733333,1,1,1,0,0,0
C,reduction,uncertainty,17,6,0.466667,1,1,1,0,0,0
C,reduction,uncertainty,17,7,0.822222,1,1,1,0,0,0
C,reduction,uncertainty,17,8,0.911111,1,1,1,0,0,0
C,reduction,uncertainty,17,9,0.955556,1,1,1,0,0,0
C,reduction,uncertainty,17,10,1,1,1,1,0,0,0
C,reduction,ranking_aware,17,4,0.6,1,0.5,0.666667,0,0.0445745,0.116959
C,reduction,ranking_aware,17,5,0.644444,1,0.5,0.666667,0,0.0445745,0.116959
C,reduction,ranking_aware,17,6,0.466667,1,0.5,0.666667,0,0.0445745,0.225133
C,reduction,ranking_aware,17,7,0.644444,1,1,1,0,0,0
C,reduction,ranking_aware,17,8,0.733333,1,1,1,0,0,0
C,reduction,ranking_aware,17,9,1,1,1,1,0,0,0
C,reduction,ranking_aware,17,10,1,1,1,1,0,0,0
C,reduction,random,18,4,0.111111,0,0,0.666667,0.239162,0.457281,0.275138
C,reduction,random,18,5,0.0666667,1,0.5,0.666667,0,0.0445745,0.225133
C,reduction,random,18,6,0.2,1,0.5,0.666667,0,0.0445745,0.225133
C,reduction,random,18,7,0.466667,1,0.5,0.666667,0,0.0445745,0.225133
C,reduction,random,18,8,0.6,1,1,1,0,0,0
C,reduction,random,18,9,0.866667,1,1,1,0,0,0
C,reduction,random,18,10,1,1,1,1,0,0,0
C,reduction,diversity,18,4,0.111111,0,0,0.666667,0.239162,0.457281,0.275138
C,reduction,diversity,18,5,0.244444,0,0,0.666667,0.239162,0.457281,0.275138
C,reduction,diversity,18,6,0.288889,0,0,0.333333,0.239162,0.295019,0.286975
C,reduction,diversity,18,7,0.555556,0,0,0.333333,0.239162,0.295019,0.286975
C,reduction,diversity,18,8,0.511111,0,0,0.333333,0.239162,0.295019,0.286975
C,reduction,diversity,18,9,0.866667,1,0.5,0.666667,0,0.0445745,0.116959
C,reduction,diversity,18,10,1,1,1,1,0,0,0
C,reduction,uncertainty,18,4,0.111111,0,0,0.666667,0.239162,0.457281,0.275138
C,reduction,uncertainty,18,5,0.244444,0,0,0.666667,0.239162,0.457281,0.275138
C,reduction,uncertainty,18,6,0.288889,0,0,0.333333,0.239162,0.295019,0.286975
C,reduction,uncertainty,18,7,0.555556,0,0,0.333333,0.239162,0.295019,0.286975
C,reduction,uncertainty,18,8,0.511111,0,0,0.333333,0.239162,0.295019,0.286975
C,reduction,uncertainty,18,9,0.866667,1,0.5,0.666667,0,0.0445745,0.116959
C,reduction,uncertainty,18,10,1,1,1,1,0,0,0
C,reduction,ranking_aware,18,4,0.111111,0,0,0.666667,0.239162,0.457281,0.275138
C,reduction,ranking_aware,18,5,0.511111,0,0,0.333333,0.239162,0.295019,0.286975
C,reduction,ranking_aware,18,6,0.377778,1,0.5,0.666667,0,0.0445745,0.221547
C,reduction,ranking_aware,18,7,0.555556,1,0.5,0.666667,0,0.0445745,0.221547
C,reduction,ranking_aware,18,8,0.688889,1,1,1,0,0,0
C,reduction,ranking_aware,18,9,0.777778,1,1,1,0,0,0
C,reduction,ranking_aware,18,10,1,1,1,1,0,0,0
C,reduction,random,19,4,-0.111111,0,0,0.333333,0.239162,0.457281,0.397124
C,reduction,random,19,5,0.0666667,1,0.5,0.666667,0,0.0445745,0.221547
C,reduction,random,19,6,0.2,1,0.5,0.666667,0,0.0445745,0.221547
C,reduction,random,19,7,0.377778,1,1,1,0,0,0
C,reduction,random,19,8,0.6,1,1,1,0,0,0
C,reduction,random,19,9,0.822222,1,1,1,0,0,0
C,reduction,random,19,10,1,1,1,1,0,0,0
C,reduction,diversity,19,4,-0.111111,0,0,0.333333,0.239162,0.457281,0.397124
C,reduction,diversity,19,5,0.244444,0,0,0.666667,0.239162,0.457281,0.275138
C,reduction,diversity,19,6,0.288889,0,0,0.333333,0.239162,0.295019,0.286975
C,reduction,diversity,19,7,0.555556,0,0,0.333333,0.239162,0.295019,0.286975
C,reduction,diversity,19,8,0.511111,0,0,0.333333,0.239162,0.295019,0.286975
C,reduction,diversity,19,9,0.866667,1,0.5,0.666667,0,0.0445745,0.116959
C,reduction,diversity,19,10,1,1,1,1,0,0,0
C,reduction,uncertainty,19,4,-0.111111,0,0,0.333333,0.239162,0.457281,0.397124
C,reduction,uncertainty,19,5,0.244444,0,0,0.666667,0.239162,0.457281,0.275138
C,reduction,uncertainty,19,6,0.288889,0,0,0.333333,0.239162,0.295019,0.286975
C,reduction,uncertainty,19,7,0.555556,0,0,0.333333,0.239162,0.295019,0.286975
C,reduction,uncertainty,19,8,0.511111,0,0,0.333333,0.239162,0.295019,0.286975
C,reduction,uncertainty,19,9,0.866667,1,0.5,0.666667,0,0.0445745,0.116959
C,reduction,uncertainty,19,10,1,1,1,1,0,0,0
C,reduction,ranking_aware,19,4,-0.111111,0,0,0.333333,0.239162,0.457281,0.397124
C,reduction,ranking_aware,19,5,0.555556,0,0,0.333333,0.239162,0.295019,0.286975
C,reduction,ranking_aware,19,6,0.466667,0,0,0.333333,0.239162,0.295019,0.286975
C,reduction,ranking_aware,19,7,0.466667,0,0,0.333333,0.239162,0.295019,0.286975
C,reduction,ranking_aware,19,8,0.733333,1,0.5,0.666667,0,0.0445745,0.182199
C,reduction,ranking_aware,19,9,0.822222,1,1,1,0,0,0
C,reduction,ranking_aware,19,10,1,1,1,1,0,0,0
