task,objective,baseline,repeat,step,name,family,y_true_ev
M,oxidation,random,0,0,EMC,linear_carbonate,10.2016
M,oxidation,random,0,1,PC,cyclic_carbonate,10.5388
M,oxidation,random,0,2,DME,ether,8.85602
M,oxidation,random,0,3,EA,ester,10.0028
M,oxidation,random,0,4,DOL,ether,9.31314
M,oxidation,random,0,5,DMSO,sulfoxide,8.81417
M,oxidation,random,0,6,AN,nitrile,12.1404
M,oxidation,random,0,7,EC,cyclic_carbonate,10.7691
M,oxidation,random,0,8,VC,cyclic_carbonate,9.61883
M,oxidation,random,0,9,DEC,linear_carbonate,9.98433
M,oxidation,random,0,10,TMP,phosphate,10.0568
M,oxidation,random,0,11,TEGDME,ether,7.59532
M,oxidation,random,0,12,SL,sulfone,9.79305
M,oxidation,random,0,13,DMC,linear_carbonate,10.5799
M,oxidation,random,0,14,SN,nitrile,11.6036
M,oxidation,random,0,15,FEC,cyclic_carbonate,11.3226
M,oxidation,random,0,16,MA,ester,10.202
M,oxidation,random,0,17,GBL,ester,9.95154
M,oxidation,diversity,0,0,EMC,linear_carbonate,10.2016
M,oxidation,diversity,0,1,PC,cyclic_carbonate,10.5388
M,oxidation,diversity,0,2,DME,ether,8.85602
M,oxidation,diversity,0,3,EA,ester,10.0028
M,oxidation,diversity,0,4,TEGDME,ether,7.59532
M,oxidation,diversity,0,5,SN,nitrile,11.6036
M,oxidation,diversity,0,6,DOL,ether,9.31314
M,oxidation,diversity,0,7,TMP,phosphate,10.0568
M,oxidation,diversity,0,8,DMSO,sulfoxide,8.81417
M,oxidation,diversity,0,9,AN,nitrile,12.1404
M,oxidation,diversity,0,10,SL,sulfone,9.79305
M,oxidation,diversity,0,11,GBL,ester,9.95154
M,oxidation,diversity,0,12,FEC,cyclic_carbonate,11.3226
M,oxidation,diversity,0,13,VC,cyclic_carbonate,9.61883
M,oxidation,diversity,0,14,MA,ester,10.202
M,oxidation,diversity,0,15,DEC,linear_carbonate,9.98433
M,oxidation,diversity,0,16,DMC,linear_carbonate,10.5799
M,oxidation,diversity,0,17,EC,cyclic_carbonate,10.7691
M,oxidation,uncertainty,0,0,EMC,linear_carbonate,10.2016
M,oxidation,uncertainty,0,1,PC,cyclic_carbonate,10.5388
M,oxidation,uncertainty,0,2,DME,ether,8.85602
M,oxidation,uncertainty,0,3,EA,ester,10.0028
M,oxidation,uncertainty,0,4,TEGDME,ether,7.59532
M,oxidation,uncertainty,0,5,DOL,ether,9.31314
M,oxidation,uncertainty,0,6,SN,nitrile,11.6036
M,oxidation,uncertainty,0,7,AN,nitrile,12.1404
M,oxidation,uncertainty,0,8,DMSO,sulfoxide,8.81417
M,oxidation,uncertainty,0,9,TMP,phosphate,10.0568
M,oxidation,uncertainty,0,10,SL,sulfone,9.79305
M,oxidation,uncertainty,0,11,FEC,cyclic_carbonate,11.3226
M,oxidation,uncertainty,0,12,GBL,ester,9.95154
M,oxidation,uncertainty,0,13,VC,cyclic_carbonate,9.61883
M,oxidation,uncertainty,0,14,MA,ester,10.202
M,oxidation,uncertainty,0,15,EC,cyclic_carbonate,10.7691
M,oxidation,uncertainty,0,16,DEC,linear_carbonate,9.98433
M,oxidation,uncertainty,0,17,DMC,linear_carbonate,10.5799
M,oxidation,ranking_aware,0,0,EMC,linear_carbonate,10.2016
M,oxidation,ranking_aware,0,1,PC,cyclic_carbonate,10.5388
M,oxidation,ranking_aware,0,2,DME,ether,8.85602
M,oxidation,ranking_aware,0,3,EA,ester,10.0028
M,oxidation,ranking_aware,0,4,DMC,linear_carbonate,10.5799
M,oxidation,ranking_aware,0,5,VC,cyclic_carbonate,9.61883
M,oxidation,ranking_aware,0,6,EC,cyclic_carbonate,10.7691
M,oxidation,ranking_aware,0,7,DOL,ether,9.31314
M,oxidation,ranking_aware,0,8,SL,sulfone,9.79305
M,oxidation,ranking_aware,0,9,TMP,phosphate,10.0568
M,oxidation,ranking_aware,0,10,FEC,cyclic_carbonate,11.3226
M,oxidation,ranking_aware,0,11,TEGDME,ether,7.59532
M,oxidation,ranking_aware,0,12,AN,nitrile,12.1404
M,oxidation,ranking_aware,0,13,SN,nitrile,11.6036
M,oxidation,ranking_aware,0,14,DMSO,sulfoxide,8.81417
M,oxidation,ranking_aware,0,15,GBL,ester,9.95154
M,oxidation,ranking_aware,0,16,DEC,linear_carbonate,9.98433
M,oxidation,ranking_aware,0,17,MA,ester,10.202
M,oxidation,random,1,0,DMC,linear_carbonate,10.5799
M,oxidation,random,1,1,VC,cyclic_carbonate,9.61883
M,oxidation,random,1,2,DOL,ether,9.31314
M,oxidation,random,1,3,SL,sulfone,9.79305
M,oxidation,random,1,4,EMC,linear_carbonate,10.2016
M,oxidation,random,1,5,PC,cyclic_carbonate,10.5388
M,oxidation,random,1,6,FEC,cyclic_carbonate,11.3226
M,oxidation,random,1,7,TMP,phosphate,10.0568
M,oxidation,random,1,8,EA,ester,10.0028
M,oxidation,random,1,9,AN,nitrile,12.1404
M,oxidation,random,1,10,DMSO,sulfoxide,8.81417
M,oxidation,random,1,11,SN,nitrile,11.6036
M,oxidation,random,1,12,MA,ester,10.202
M,oxidation,random,1,13,DEC,linear_carbonate,9.98433
M,oxidation,random,1,14,EC,cyclic_carbonate,10.7691
M,oxidation,random,1,15,DME,ether,8.85602
M,oxidation,random,1,16,TEGDME,ether,7.59532
M,oxidation,random,1,17,GBL,ester,9.95154
M,oxidation,diversity,1,0,DMC,linear_carbonate,10.5799
M,oxidation,diversity,1,1,VC,cyclic_carbonate,9.61883
M,oxidation,diversity,1,2,DOL,ether,9.31314
M,oxidation,diversity,1,3,SL,sulfone,9.79305
M,oxidation,diversity,1,4,TEGDME,ether,7.59532
M,oxidation,diversity,1,5,DMSO,sulfoxide,8.81417
M,oxidation,diversity,1,6,TMP,phosphate,10.0568
M,oxidation,diversity,1,7,DME,ether,8.85602
M,oxidation,diversity,1,8,AN,nitrile,12.1404
M,oxidation,diversity,1,9,FEC,cyclic_carbonate,11.3226
M,oxidation,diversity,1,10,SN,nitrile,11.6036
M,oxidation,diversity,1,11,EA,ester,10.0028
M,oxidation,diversity,1,12,GBL,ester,9.95154
M,oxidation,diversity,1,13,DEC,linear_carbonate,9.98433
M,oxidation,diversity,1,14,PC,cyclic_carbonate,10.5388
M,oxidation,diversity,1,15,MA,ester,10.202
M,oxidation,diversity,1,16,EMC,linear_carbonate,10.2016
M,oxidation,diversity,1,17,EC,cyclic_carbonate,10.7691
M,oxidation,uncertainty,1,0,DMC,linear_carbonate,10.5799
M,oxidation,uncertainty,1,1,VC,cyclic_carbonate,9.61883
M,oxidation,uncertainty,1,2,DOL,ether,9.31314
M,oxidation,uncertainty,1,3,SL,sulfone,9.79305
M,oxidation,uncertainty,1,4,DEC,linear_carbonate,9.98433
M,oxidation,uncertainty,1,5,FEC,cyclic_carbonate,11.3226
M,oxidation,uncertainty,1,6,DME,ether,8.85602
M,oxidation,uncertainty,1,7,TEGDME,ether,7.59532
M,oxidation,uncertainty,1,8,DMSO,sulfoxide,8.81417
M,oxidation,uncertainty,1,9,TMP,phosphate,10.0568
M,oxidation,uncertainty,1,10,SN,nitrile,11.6036
M,oxidation,uncertainty,1,11,AN,nitrile,12.1404
M,oxidation,uncertainty,1,12,EA,ester,10.0028
M,oxidation,uncertainty,1,13,GBL,ester,9.95154
M,oxidation,uncertainty,1,14,PC,cyclic_carbonate,10.5388
M,oxidation,uncertainty,1,15,MA,ester,10.202
M,oxidation,uncertainty,1,16,EC,cyclic_carbonate,10.7691
M,oxidation,uncertainty,1,17,EMC,linear_carbonate,10.2016
M,oxidation,ranking_aware,1,0,DMC,linear_carbonate,10.5799
M,oxidation,ranking_aware,1,1,VC,cyclic_carbonate,9.61883
M,oxidation,ranking_aware,1,2,DOL,ether,9.31314
M,oxidation,ranking_aware,1,3,SL,sulfone,9.79305
M,oxidation,ranking_aware,1,4,FEC,cyclic_carbonate,11.3226
M,oxidation,ranking_aware,1,5,DME,ether,8.85602
M,oxidation,ranking_aware,1,6,PC,cyclic_carbonate,10.5388
M,oxidation,ranking_aware,1,7,DEC,linear_carbonate,9.98433
M,oxidation,ranking_aware,1,8,DMSO,sulfoxide,8.81417
M,oxidation,ranking_aware,1,9,EC,cyclic_carbonate,10.7691
M,oxidation,ranking_aware,1,10,AN,nitrile,12.1404
M,oxidation,ranking_aware,1,11,SN,nitrile,11.6036
M,oxidation,ranking_aware,1,12,TEGDME,ether,7.59532
M,oxidation,ranking_aware,1,13,MA,ester,10.202
M,oxidation,ranking_aware,1,14,TMP,phosphate,10.0568
M,oxidation,ranking_aware,1,15,EMC,linear_carbonate,10.2016
M,oxidation,ranking_aware,1,16,EA,ester,10.0028
M,oxidation,ranking_aware,1,17,GBL,ester,9.95154
M,oxidation,random,2,0,EMC,linear_carbonate,10.2016
M,oxidation,random,2,1,DEC,linear_carbonate,9.98433
M,oxidation,random,2,2,SL,sulfone,9.79305
M,oxidation,random,2,3,DMSO,sulfoxide,8.81417
M,oxidation,random,2,4,MA,ester,10.202
M,oxidation,random,2,5,DME,ether,8.85602
M,oxidation,random,2,6,DOL,ether,9.31314
M,oxidation,random,2,7,GBL,ester,9.95154
M,oxidation,random,2,8,TEGDME,ether,7.59532
M,oxidation,random,2,9,DMC,linear_carbonate,10.5799
M,oxidation,random,2,10,FEC,cyclic_carbonate,11.3226
M,oxidation,random,2,11,EA,ester,10.0028
M,oxidation,random,2,12,AN,nitrile,12.1404
M,oxidation,random,2,13,TMP,phosphate,10.0568
M,oxidation,random,2,14,PC,cyclic_carbonate,10.5388
M,oxidation,random,2,15,SN,nitrile,11.6036
M,oxidation,random,2,16,EC,cyclic_carbonate,10.7691
M,oxidation,random,2,17,VC,cyclic_carbonate,9.61883
M,oxidation,diversity,2,0,EMC,linear_carbonate,10.2016
M,oxidation,diversity,2,1,DEC,linear_carbonate,9.98433
M,oxidation,diversity,2,2,SL,sulfone,9.79305
M,oxidation,diversity,2,3,DMSO,sulfoxide,8.81417
M,oxidation,diversity,2,4,TEGDME,ether,7.59532
M,oxidation,diversity,2,5,DME,ether,8.85602
M,oxidation,diversity,2,6,FEC,cyclic_carbonate,11.3226
M,oxidation,diversity,2,7,SN,nitrile,11.6036
M,oxidation,diversity,2,8,DOL,ether,9.31314
M,oxidation,diversity,2,9,TMP,phosphate,10.0568
M,oxidation,diversity,2,10,VC,cyclic_carbonate,9.61883
M,oxidation,diversity,2,11,AN,nitrile,12.1404
M,oxidation,diversity,2,12,EA,ester,10.0028
M,oxidation,diversity,2,13,GBL,ester,9.95154
M,oxidation,diversity,2,14,PC,cyclic_carbonate,10.5388
M,oxidation,diversity,2,15,MA,ester,10.202
M,oxidation,diversity,2,16,DMC,linear_carbonate,10.5799
M,oxidation,diversity,2,17,EC,cyclic_carbonate,10.7691
M,oxidation,uncertainty,2,0,EMC,linear_carbonate,10.2016
M,oxidation,uncertainty,2,1,DEC,linear_carbonate,9.98433
M,oxidation,uncertainty,2,2,SL,sulfone,9.79305
M,oxidation,uncertainty,2,3,DMSO,sulfoxide,8.81417
M,oxidation,uncertainty,2,4,TEGDME,ether,7.59532
M,oxidation,uncertainty,2,5,DME,ether,8.85602
M,oxidation,uncertainty,2,6,FEC,cyclic_carbonate,11.3226
M,oxidation,uncertainty,2,7,SN,nitrile,11.6036
M,oxidation,uncertainty,2,8,DOL,ether,9.31314
M,oxidation,uncertainty,2,9,TMP,phosphate,10.0568
M,oxidation,uncertainty,2,10,EC,cyclic_carbonate,10.7691
M,oxidation,uncertainty,2,11,AN,nitrile,12.1404
M,oxidation,uncertainty,2,12,GBL,ester,9.95154
M,oxidation,uncertainty,2,13,VC,cyclic_carbonate,9.61883
M,oxidation,uncertainty,2,14,EA,ester,10.0028
M,oxidation,uncertainty,2,15,PC,cyclic_carbonate,10.5388
M,oxidation,uncertainty,2,16,MA,ester,10.202
M,oxidation,uncertainty,2,17,DMC,linear_carbonate,10.5799
M,oxidation,ranking_aware,2,0,EMC,linear_carbonate,10.2016
M,oxidation,ranking_aware,2,1,DEC,linear_carbonate,9.98433
M,oxidation,ranking_aware,2,2,SL,sulfone,9.79305
M,oxidation,ranking_aware,2,3,DMSO,sulfoxide,8.81417
M,oxidation,ranking_aware,2,4,DMC,linear_carbonate,10.5799
M,oxidation,ranking_aware,2,5,EC,cyclic_carbonate,10.7691
M,oxidation,ranking_aware,2,6,VC,cyclic_carbonate,9.61883
M,oxidation,ranking_aware,2,7,PC,cyclic_carbonate,10.5388
M,oxidation,ranking_aware,2,8,FEC,cyclic_carbonate,11.3226
M,oxidation,ranking_aware,2,9,TEGDME,ether,7.59532
M,oxidation,ranking_aware,2,10,DOL,ether,9.31314
M,oxidation,ranking_aware,2,11,AN,nitrile,12.1404
M,oxidation,ranking_aware,2,12,SN,nitrile,11.6036
M,oxidation,ranking_aware,2,13,TMP,phosphate,10.0568
M,oxidation,ranking_aware,2,14,DME,ether,8.85602
M,oxidation,ranking_aware,2,15,MA,ester,10.202
M,oxidation,ranking_aware,2,16,EA,ester,10.0028
M,oxidation,ranking_aware,2,17,GBL,ester,9.95154
M,oxidation,random,3,0,FEC,cyclic_carbonate,11.3226
M,oxidation,random,3,1,VC,cyclic_carbonate,9.61883
M,oxidation,random,3,2,MA,ester,10.202
M,oxidation,random,3,3,AN,nitrile,12.1404
M,oxidation,random,3,4,SL,sulfone,9.79305
M,oxidation,random,3,5,EC,cyclic_carbonate,10.7691
M,oxidation,random,3,6,TMP,phosphate,10.0568
M,oxidation,random,3,7,DOL,ether,9.31314
M,oxidation,random,3,8,PC,cyclic_carbonate,10.5388
M,oxidation,random,3,9,DME,ether,8.85602
M,oxidation,random,3,10,TEGDME,ether,7.59532
M,oxidation,random,3,11,EMC,linear_carbonate,10.2016
M,oxidation,random,3,12,GBL,ester,9.95154
M,oxidation,random,3,13,DMC,linear_carbonate,10.5799
M,oxidation,random,3,14,DMSO,sulfoxide,8.81417
M,oxidation,random,3,15,EA,ester,10.0028
M,oxidation,random,3,16,SN,nitrile,11.6036
M,oxidation,random,3,17,DEC,linear_carbonate,9.98433
M,oxidation,diversity,3,0,FEC,cyclic_carbonate,11.3226
M,oxidation,diversity,3,1,VC,cyclic_carbonate,9.61883
M,oxidation,diversity,3,2,MA,ester,10.202
M,oxidation,diversity,3,3,AN,nitrile,12.1404
M,oxidation,diversity,3,4,TEGDME,ether,7.59532
M,oxidation,diversity,3,5,DOL,ether,9.31314
M,oxidation,diversity,3,6,TMP,phosphate,10.0568
M,oxidation,diversity,3,7,DME,ether,8.85602
M,oxidation,diversity,3,8,SL,sulfone,9.79305
M,oxidation,diversity,3,9,DEC,linear_carbonate,9.98433
M,oxidation,diversity,3,10,SN,nitrile,11.6036
M,oxidation,diversity,3,11,DMSO,sulfoxide,8.81417
M,oxidation,diversity,3,12,GBL,ester,9.95154
M,oxidation,diversity,3,13,DMC,linear_carbonate,10.5799
M,oxidation,diversity,3,14,PC,cyclic_carbonate,10.5388
M,oxidation,diversity,3,15,EA,ester,10.0028
M,oxidation,diversity,3,16,EMC,linear_carbonate,10.2016
M,oxidation,diversity,3,17,EC,cyclic_carbonate,10.7691
M,oxidation,uncertainty,3,0,FEC,cyclic_carbonate,11.3226
M,oxidation,uncertainty,3,1,VC,cyclic_carbonate,9.61883
M,oxidation,uncertainty,3,2,MA,ester,10.202
M,oxidation,uncertainty,3,3,AN,nitrile,12.1404
M,oxidation,uncertainty,3,4,EMC,linear_carbonate,10.2016
M,oxidation,uncertainty,3,5,DME,ether,8.85602
M,oxidation,uncertainty,3,6,DOL,ether,9.31314
M,oxidation,uncertainty,3,7,TEGDME,ether,7.59532
M,oxidation,uncertainty,3,8,TMP,phosphate,10.0568
M,oxidation,uncertainty,3,9,SL,sulfone,9.79305
M,oxidation,uncertainty,3,10,SN,nitrile,11.6036
M,oxidation,uncertainty,3,11,DMSO,sulfoxide,8.81417
M,oxidation,uncertainty,3,12,GBL,ester,9.95154
M,oxidation,uncertainty,3,13,PC,cyclic_carbonate,10.5388
M,oxidation,uncertainty,3,14,EA,ester,10.0028
M,oxidation,uncertainty,3,15,EC,cyclic_carbonate,10.7691
M,oxidation,uncertainty,3,16,DEC,linear_carbonate,9.98433
M,oxidation,uncertainty,3,17,DMC,linear_carbonate,10.5799
M,oxidation,ranking_aware,3,0,FEC,cyclic_carbonate,11.3226
M,oxidation,ranking_aware,3,1,VC,cyclic_carbonate,9.61883
M,oxidation,ranking_aware,3,2,MA,ester,10.202
M,oxidation,ranking_aware,3,3,AN,nitrile,12.1404
M,oxidation,ranking_aware,3,4,GBL,ester,9.95154
M,oxidation,ranking_aware,3,5,DME,ether,8.85602
M,oxidation,ranking_aware,3,6,TMP,phosphate,10.0568
M,oxidation,ranking_aware,3,7,SL,sulfone,9.79305
M,oxidation,ranking_aware,3,8,TEGDME,ether,7.59532
M,oxidation,ranking_aware,3,9,DMSO,sulfoxide,8.81417
M,oxidation,ranking_aware,3,10,DEC,linear_carbonate,9.98433
M,oxidation,ranking_aware,3,11,EA,ester,10.0028
M,oxidation,ranking_aware,3,12,SN,nitrile,11.6036
M,oxidation,ranking_aware,3,13,EC,cyclic_carbonate,10.7691
M,oxidation,ranking_aware,3,14,PC,cyclic_carbonate,10.5388
M,oxidation,ranking_aware,3,15,DOL,ether,9.31314
M,oxidation,ranking_aware,3,16,DMC,linear_carbonate,10.5799
M,oxidation,ranking_aware,3,17,EMC,linear_carbonate,10.2016
M,oxidation,random,4,0,DMC,linear_carbonate,10.5799
M,oxidation,random,4,1,PC,cyclic_carbonate,10.5388
M,oxidation,random,4,2,TEGDME,ether,7.59532
M,oxidation,random,4,3,AN,nitrile,12.1404
M,oxidation,random,4,4,MA,ester,10.202
M,oxidation,random,4,5,SN,nitrile,11.6036
M,oxidation,random,4,6,EMC,linear_carbonate,10.2016
M,oxidation,random,4,7,DOL,ether,9.31314
M,oxidation,random,4,8,EC,cyclic_carbonate,10.7691
M,oxidation,random,4,9,EA,ester,10.0028
M,oxidation,random,4,10,TMP,phosphate,10.0568
M,oxidation,random,4,11,FEC,cyclic_carbonate,11.3226
M,oxidation,random,4,12,SL,sulfone,9.79305
M,oxidation,random,4,13,VC,cyclic_carbonate,9.61883
M,oxidation,random,4,14,GBL,ester,9.95154
M,oxidation,random,4,15,DME,ether,8.85602
M,oxidation,random,4,16,DMSO,sulfoxide,8.81417
M,oxidation,random,4,17,DEC,linear_carbonate,9.98433
M,oxidation,diversity,4,0,DMC,linear_carbonate,10.5799
M,oxidation,diversity,4,1,PC,cyclic_carbonate,10.5388
M,oxidation,diversity,4,2,TEGDME,ether,7.59532
M,oxidation,diversity,4,3,AN,nitrile,12.1404
M,oxidation,diversity,4,4,DOL,ether,9.31314
M,oxidation,diversity,4,5,TMP,phosphate,10.0568
M,oxidation,diversity,4,6,SN,nitrile,11.6036
M,oxidation,diversity,4,7,DME,ether,8.85602
M,oxidation,diversity,4,8,DMSO,sulfoxide,8.81417
M,oxidation,diversity,4,9,SL,sulfone,9.79305
M,oxidation,diversity,4,10,EA,ester,10.0028
M,oxidation,diversity,4,11,GBL,ester,9.95154
M,oxidation,diversity,4,12,FEC,cyclic_carbonate,11.3226
M,oxidation,diversity,4,13,DEC,linear_carbonate,9.98433
M,oxidation,diversity,4,14,VC,cyclic_carbonate,9.61883
M,oxidation,diversity,4,15,MA,ester,10.202
M,oxidation,diversity,4,16,EMC,linear_carbonate,10.2016
M,oxidation,diversity,4,17,EC,cyclic_carbonate,10.7691
M,oxidation,uncertainty,4,0,DMC,linear_carbonate,10.5799
M,oxidation,uncertainty,4,1,PC,cyclic_carbonate,10.5388
M,oxidation,uncertainty,4,2,TEGDME,ether,7.59532
M,oxidation,uncertainty,4,3,AN,nitrile,12.1404
M,oxidation,uncertainty,4,4,DOL,ether,9.31314
M,oxidation,uncertainty,4,5,DME,ether,8.85602
M,oxidation,uncertainty,4,6,DMSO,sulfoxide,8.81417
M,oxidation,uncertainty,4,7,TMP,phosphate,10.0568
M,oxidation,uncertainty,4,8,SN,nitrile,11.6036
M,oxidation,uncertainty,4,9,SL,sulfone,9.79305
M,oxidation,uncertainty,4,10,FEC,cyclic_carbonate,11.3226
M,oxidation,uncertainty,4,11,EA,ester,10.0028
M,oxidation,uncertainty,4,12,GBL,ester,9.95154
M,oxidation,uncertainty,4,13,DEC,linear_carbonate,9.98433
M,oxidation,uncertainty,4,14,VC,cyclic_carbonate,9.61883
M,oxidation,uncertainty,4,15,MA,ester,10.202
M,oxidation,uncertainty,4,16,EC,cyclic_carbonate,10.7691
M,oxidation,uncertainty,4,17,EMC,linear_carbonate,10.2016
M,oxidation,ranking_aware,4,0,DMC,linear_carbonate,10.5799
M,oxidation,ranking_aware,4,1,PC,cyclic_carbonate,10.5388
M,oxidation,ranking_aware,4,2,TEGDME,ether,7.59532
M,oxidation,ranking_aware,4,3,AN,nitrile,12.1404
M,oxidation,ranking_aware,4,4,MA,ester,10.202
M,oxidation,ranking_aware,4,5,DMSO,sulfoxide,8.81417
M,oxidation,ranking_aware,4,6,EMC,linear_carbonate,10.2016
M,oxidation,ranking_aware,4,7,GBL,ester,9.95154
M,oxidation,ranking_aware,4,8,VC,cyclic_carbonate,9.61883
M,oxidation,ranking_aware,4,9,EC,cyclic_carbonate,10.7691
M,oxidation,ranking_aware,4,10,FEC,cyclic_carbonate,11.3226
M,oxidation,ranking_aware,4,11,DOL,ether,9.31314
M,oxidation,ranking_aware,4,12,SN,nitrile,11.6036
M,oxidation,ranking_aware,4,13,TMP,phosphate,10.0568
M,oxidation,ranking_aware,4,14,DME,ether,8.85602
M,oxidation,ranking_aware,4,15,SL,sulfone,9.79305
M,oxidation,ranking_aware,4,16,DEC,linear_carbonate,9.98433
M,oxidation,ranking_aware,4,17,EA,ester,10.0028
M,oxidation,random,5,0,PC,cyclic_carbonate,10.5388
M,oxidation,random,5,1,DME,ether,8.85602
M,oxidation,random,5,2,EA,ester,10.0028
M,oxidation,random,5,3,MA,ester,10.202
M,oxidation,random,5,4,DMC,linear_carbonate,10.5799
M,oxidation,random,5,5,GBL,ester,9.95154
M,oxidation,random,5,6,EC,cyclic_carbonate,10.7691
M,oxidation,random,5,7,DMSO,sulfoxide,8.81417
M,oxidation,random,5,8,EMC,linear_carbonate,10.2016
M,oxidation,random,5,9,SL,sulfone,9.79305
M,oxidation,random,5,10,DEC,linear_carbonate,9.98433
M,oxidation,random,5,11,VC,cyclic_carbonate,9.61883
M,oxidation,random,5,12,DOL,ether,9.31314
M,oxidation,random,5,13,FEC,cyclic_carbonate,11.3226
M,oxidation,random,5,14,AN,nitrile,12.1404
M,oxidation,random,5,15,TEGDME,ether,7.59532
M,oxidation,random,5,16,TMP,phosphate,10.0568
M,oxidation,random,5,17,SN,nitrile,11.6036
M,oxidation,diversity,5,0,PC,cyclic_carbonate,10.5388
M,oxidation,diversity,5,1,DME,ether,8.85602
M,oxidation,diversity,5,2,EA,ester,10.0028
M,oxidation,diversity,5,3,MA,ester,10.202
M,oxidation,diversity,5,4,TEGDME,ether,7.59532
M,oxidation,diversity,5,5,TMP,phosphate,10.0568
M,oxidation,diversity,5,6,DOL,ether,9.31314
M,oxidation,diversity,5,7,SN,nitrile,11.6036
M,oxidation,diversity,5,8,DMSO,sulfoxide,8.81417
M,oxidation,diversity,5,9,SL,sulfone,9.79305
M,oxidation,diversity,5,10,DEC,linear_carbonate,9.98433
M,oxidation,diversity,5,11,GBL,ester,9.95154
M,oxidation,diversity,5,12,AN,nitrile,12.1404
M,oxidation,diversity,5,13,FEC,cyclic_carbonate,11.3226
M,oxidation,diversity,5,14,DMC,linear_carbonate,10.5799
M,oxidation,diversity,5,15,VC,cyclic_carbonate,9.61883
M,oxidation,diversity,5,16,EMC,linear_carbonate,10.2016
M,oxidation,diversity,5,17,EC,cyclic_carbonate,10.7691
M,oxidation,uncertainty,5,0,PC,cyclic_carbonate,10.5388
M,oxidation,uncertainty,5,1,DME,ether,8.85602
M,oxidation,uncertainty,5,2,EA,ester,10.0028
M,oxidation,uncertainty,5,3,MA,ester,10.202
M,oxidation,uncertainty,5,4,TEGDME,ether,7.59532
M,oxidation,uncertainty,5,5,TMP,phosphate,10.0568
M,oxidation,uncertainty,5,6,DOL,ether,9.31314
M,oxidation,uncertainty,5,7,SN,nitrile,11.6036
M,oxidation,uncertainty,5,8,DMSO,sulfoxide,8.81417
M,oxidation,uncertainty,5,9,FEC,cyclic_carbonate,11.3226
M,oxidation,uncertainty,5,10,SL,sulfone,9.79305
M,oxidation,uncertainty,5,11,VC,cyclic_carbonate,9.61883
M,oxidation,uncertainty,5,12,AN,nitrile,12.1404
M,oxidation,uncertainty,5,13,DEC,linear_carbonate,9.98433
M,oxidation,uncertainty,5,14,GBL,ester,9.95154
M,oxidation,uncertainty,5,15,DMC,linear_carbonate,10.5799
M,oxidation,uncertainty,5,16,EC,cyclic_carbonate,10.7691
M,oxidation,uncertainty,5,17,EMC,linear_carbonate,10.2016
M,oxidation,ranking_aware,5,0,PC,cyclic_carbonate,10.5388
M,oxidation,ranking_aware,5,1,DME,ether,8.85602
M,oxidation,ranking_aware,5,2,EA,ester,10.0028
M,oxidation,ranking_aware,5,3,MA,ester,10.202
M,oxidation,ranking_aware,5,4,EC,cyclic_carbonate,10.7691
M,oxidation,ranking_aware,5,5,SN,nitrile,11.6036
M,oxidation,ranking_aware,5,6,DEC,linear_carbonate,9.98433
M,oxidation,ranking_aware,5,7,FEC,cyclic_carbonate,11.3226
M,oxidation,ranking_aware,5,8,TEGDME,ether,7.59532
M,oxidation,ranking_aware,5,9,AN,nitrile,12.1404
M,oxidation,ranking_aware,5,10,DMSO,sulfoxide,8.81417
M,oxidation,ranking_aware,5,11,VC,cyclic_carbonate,9.61883
M,oxidation,ranking_aware,5,12,TMP,phosphate,10.0568
M,oxidation,ranking_aware,5,13,SL,sulfone,9.79305
M,oxidation,ranking_aware,5,14,DOL,ether,9.31314
M,oxidation,ranking_aware,5,15,DMC,linear_carbonate,10.5799
M,oxidation,ranking_aware,5,16,EMC,linear_carbonate,10.2016
M,oxidation,ranking_aware,5,17,GBL,ester,9.95154
M,oxidation,random,6,0,DMC,linear_carbonate,10.5799
M,oxidation,random,6,1,EMC,linear_carbonate,10.2016
M,oxidation,random,6,2,TEGDME,ether,7.59532
M,oxidation,random,6,3,SL,sulfone,9.79305
M,oxidation,random,6,4,TMP,phosphate,10.0568
M,oxidation,random,6,5,GBL,ester,9.95154
M,oxidation,random,6,6,DME,ether,8.85602
M,oxidation,random,6,7,FEC,cyclic_carbonate,11.3226
M,oxidation,random,6,8,DMSO,sulfoxide,8.81417
M,oxidation,random,6,9,AN,nitrile,12.1404
M,oxidation,random,6,10,PC,cyclic_carbonate,10.5388
M,oxidation,random,6,11,SN,nitrile,11.6036
M,oxidation,random,6,12,EA,ester,10.0028
M,oxidation,random,6,13,VC,cyclic_carbonate,9.61883
M,oxidation,random,6,14,EC,cyclic_carbonate,10.7691
M,oxidation,random,6,15,DEC,linear_carbonate,9.98433
M,oxidation,random,6,16,DOL,ether,9.31314
M,oxidation,random,6,17,MA,ester,10.202
M,oxidation,diversity,6,0,DMC,linear_carbonate,10.5799
M,oxidation,diversity,6,1,EMC,linear_carbonate,10.2016
M,oxidation,diversity,6,2,TEGDME,ether,7.59532
M,oxidation,diversity,6,3,SL,sulfone,9.79305
M,oxidation,diversity,6,4,DME,ether,8.85602
M,oxidation,diversity,6,5,DMSO,sulfoxide,8.81417
M,oxidation,diversity,6,6,FEC,cyclic_carbonate,11.3226
M,oxidation,diversity,6,7,SN,nitrile,11.6036
M,oxidation,diversity,6,8,TMP,phosphate,10.0568
M,oxidation,diversity,6,9,DOL,ether,9.31314
M,oxidation,diversity,6,10,VC,cyclic_carbonate,9.61883
M,oxidation,diversity,6,11,AN,nitrile,12.1404
M,oxidation,diversity,6,12,GBL,ester,9.95154
M,oxidation,diversity,6,13,EA,ester,10.0028
M,oxidation,diversity,6,14,PC,cyclic_carbonate,10.5388
M,oxidation,diversity,6,15,MA,ester,10.202
M,oxidation,diversity,6,16,DEC,linear_carbonate,9.98433
M,oxidation,diversity,6,17,EC,cyclic_carbonate,10.7691
M,oxidation,uncertainty,6,0,DMC,linear_carbonate,10.5799
M,oxidation,uncertainty,6,1,EMC,linear_carbonate,10.2016
M,oxidation,uncertainty,6,2,TEGDME,ether,7.59532
M,oxidation,uncertainty,6,3,SL,sulfone,9.79305
M,oxidation,uncertainty,6,4,DME,ether,8.85602
M,oxidation,uncertainty,6,5,DMSO,sulfoxide,8.81417
M,oxidation,uncertainty,6,6,FEC,cyclic_carbonate,11.3226
M,oxidation,uncertainty,6,7,SN,nitrile,11.6036
M,oxidation,uncertainty,6,8,DOL,ether,9.31314
M,oxidation,uncertainty,6,9,EC,cyclic_carbonate,10.7691
M,oxidation,uncertainty,6,10,TMP,phosphate,10.0568
M,oxidation,uncertainty,6,11,AN,nitrile,12.1404
M,oxidation,uncertainty,6,12,GBL,ester,9.95154
M,oxidation,uncertainty,6,13,VC,cyclic_carbonate,9.61883
M,oxidation,uncertainty,6,14,EA,ester,10.0028
M,oxidation,uncertainty,6,15,PC,cyclic_carbonate,10.5388
M,oxidation,uncertainty,6,16,MA,ester,10.202
M,oxidation,uncertainty,6,17,DEC,linear_carbonate,9.98433
M,oxidation,ranking_aware,6,0,DMC,linear_carbonate,10.5799
M,oxidation,ranking_aware,6,1,EMC,linear_carbonate,10.2016
M,oxidation,ranking_aware,6,2,TEGDME,ether,7.59532
M,oxidation,ranking_aware,6,3,SL,sulfone,9.79305
M,oxidation,ranking_aware,6,4,AN,nitrile,12.1404
M,oxidation,ranking_aware,6,5,DMSO,sulfoxide,8.81417
M,oxidation,ranking_aware,6,6,MA,ester,10.202
M,oxidation,ranking_aware,6,7,VC,cyclic_carbonate,9.61883
M,oxidation,ranking_aware,6,8,DME,ether,8.85602
M,oxidation,ranking_aware,6,9,TMP,phosphate,10.0568
M,oxidation,ranking_aware,6,10,DOL,ether,9.31314
M,oxidation,ranking_aware,6,11,GBL,ester,9.95154
M,oxidation,ranking_aware,6,12,SN,nitrile,11.6036
M,oxidation,ranking_aware,6,13,FEC,cyclic_carbonate,11.3226
M,oxidation,ranking_aware,6,14,EC,cyclic_carbonate,10.7691
M,oxidation,ranking_aware,6,15,PC,cyclic_carbonate,10.5388
M,oxidation,ranking_aware,6,16,DEC,linear_carbonate,9.98433
M,oxidation,ranking_aware,6,17,EA,ester,10.0028
M,oxidation,random,7,0,FEC,cyclic_carbonate,11.3226
M,oxidation,random,7,1,VC,cyclic_carbonate,9.61883
M,oxidation,random,7,2,DME,ether,8.85602
M,oxidation,random,7,3,SL,sulfone,9.79305
M,oxidation,random,7,4,SN,nitrile,11.6036
M,oxidation,random,7,5,TMP,phosphate,10.0568
M,oxidation,random,7,6,GBL,ester,9.95154
M,oxidation,random,7,7,EA,ester,10.0028
M,oxidation,random,7,8,DEC,linear_carbonate,9.98433
M,oxidation,random,7,9,TEGDME,ether,7.59532
M,oxidation,random,7,10,DMC,linear_carbonate,10.5799
M,oxidation,random,7,11,EMC,linear_carbonate,10.2016
M,oxidation,random,7,12,DMSO,sulfoxide,8.81417
M,oxidation,random,7,13,EC,cyclic_carbonate,10.7691
M,oxidation,random,7,14,PC,cyclic_carbonate,10.5388
M,oxidation,random,7,15,MA,ester,10.202
M,oxidation,random,7,16,AN,nitrile,12.1404
M,oxidation,random,7,17,DOL,ether,9.31314
M,oxidation,diversity,7,0,FEC,cyclic_carbonate,11.3226
M,oxidation,diversity,7,1,VC,cyclic_carbonate,9.61883
M,oxidation,diversity,7,2,DME,ether,8.85602
M,oxidation,diversity,7,3,SL,sulfone,9.79305
M,oxidation,diversity,7,4,TEGDME,ether,7.59532
M,oxidation,diversity,7,5,TMP,phosphate,10.0568
M,oxidation,diversity,7,6,AN,nitrile,12.1404
M,oxidation,diversity,7,7,DMC,linear_carbonate,10.5799
M,oxidation,diversity,7,8,DOL,ether,9.31314
M,oxidation,diversity,7,9,SN,nitrile,11.6036
M,oxidation,diversity,7,10,DMSO,sulfoxide,8.81417
M,oxidation,diversity,7,11,EA,ester,10.0028
M,oxidation,diversity,7,12,GBL,ester,9.95154
M,oxidation,diversity,7,13,DEC,linear_carbonate,9.98433
M,oxidation,diversity,7,14,PC,cyclic_carbonate,10.5388
M,oxidation,diversity,7,15,MA,ester,10.202
M,oxidation,diversity,7,16,EMC,linear_carbonate,10.2016
M,oxidation,diversity,7,17,EC,cyclic_carbonate,10.7691
M,oxidation,uncertainty,7,0,FEC,cyclic_carbonate,11.3226
M,oxidation,uncertainty,7,1,VC,cyclic_carbonate,9.61883
M,oxidation,uncertainty,7,2,DME,ether,8.85602
M,oxidation,uncertainty,7,3,SL,sulfone,9.79305
M,oxidation,uncertainty,7,4,DMC,linear_carbonate,10.5799
M,oxidation,uncertainty,7,5,DEC,linear_carbonate,9.98433
M,oxidation,uncertainty,7,6,DOL,ether,9.31314
M,oxidation,uncertainty,7,7,TEGDME,ether,7.59532
M,oxidation,uncertainty,7,8,DMSO,sulfoxide,8.81417
M,oxidation,uncertainty,7,9,TMP,phosphate,10.0568
M,oxidation,uncertainty,7,10,SN,nitrile,11.6036
M,oxidation,uncertainty,7,11,AN,nitrile,12.1404
M,oxidation,uncertainty,7,12,EA,ester,10.0028
M,oxidation,uncertainty,7,13,GBL,ester,9.95154
M,oxidation,uncertainty,7,14,PC,cyclic_carbonate,10.5388
M,oxidation,uncertainty,7,15,MA,ester,10.202
M,oxidation,uncertainty,7,16,EC,cyclic_carbonate,10.7691
M,oxidation,uncertainty,7,17,EMC,linear_carbonate,10.2016
M,oxidation,ranking_aware,7,0,FEC,cyclic_carbonate,11.3226
M,oxidation,ranking_aware,7,1,VC,cyclic_carbonate,9.61883
M,oxidation,ranking_aware,7,2,DME,ether,8.85602
M,oxidation,ranking_aware,7,3,SL,sulfone,9.79305
M,oxidation,ranking_aware,7,4,DMC,linear_carbonate,10.5799
M,oxidation,ranking_aware,7,5,GBL,ester,9.95154
M,oxidation,ranking_aware,7,6,DEC,linear_carbonate,9.98433
M,oxidation,ranking_aware,7,7,PC,cyclic_carbonate,10.5388
M,oxidation,ranking_aware,7,8,AN,nitrile,12.1404
M,oxidation,ranking_aware,7,9,DMSO,sulfoxide,8.81417
M,oxidation,ranking_aware,7,10,EC,cyclic_carbonate,10.7691
M,oxidation,ranking_aware,7,11,DOL,ether,9.31314
M,oxidation,ranking_aware,7,12,TMP,phosphate,10.0568
M,oxidation,ranking_aware,7,13,EMC,linear_carbonate,10.2016
M,oxidation,ranking_aware,7,14,TEGDME,ether,7.59532
M,oxidation,ranking_aware,7,15,SN,nitrile,11.6036
M,oxidation,ranking_aware,7,16,MA,ester,10.202
M,oxidation,ranking_aware,7,17,EA,ester,10.0028
M,oxidation,random,8,0,EMC,linear_carbonate,10.2016
M,oxidation,random,8,1,FEC,cyclic_carbonate,11.3226
M,oxidation,random,8,2,SL,sulfone,9.79305
M,oxidation,random,8,3,DMSO,sulfoxide,8.81417
M,oxidation,random,8,4,DOL,ether,9.31314
M,oxidation,random,8,5,DMC,linear_carbonate,10.5799
M,oxidation,random,8,6,SN,nitrile,11.6036
M,oxidation,random,8,7,TMP,phosphate,10.0568
M,oxidation,random,8,8,AN,nitrile,12.1404
M,oxidation,random,8,9,TEGDME,ether,7.59532
M,oxidation,random,8,10,GBL,ester,9.95154
M,oxidation,random,8,11,VC,cyclic_carbonate,9.61883
M,oxidation,random,8,12,DEC,linear_carbonate,9.98433
M,oxidation,random,8,13,EA,ester,10.0028
M,oxidation,random,8,14,EC,cyclic_carbonate,10.7691
M,oxidation,random,8,15,PC,cyclic_carbonate,10.5388
M,oxidation,random,8,16,DME,ether,8.85602
M,oxidation,random,8,17,MA,ester,10.202
M,oxidation,diversity,8,0,EMC,linear_carbonate,10.2016
M,oxidation,diversity,8,1,FEC,cyclic_carbonate,11.3226
M,oxidation,diversity,8,2,SL,sulfone,9.79305
M,oxidation,diversity,8,3,DMSO,sulfoxide,8.81417
M,oxidation,diversity,8,4,TEGDME,ether,7.59532
M,oxidation,diversity,8,5,DME,ether,8.85602
M,oxidation,diversity,8,6,SN,nitrile,11.6036
M,oxidation,diversity,8,7,TMP,phosphate,10.0568
M,oxidation,diversity,8,8,DOL,ether,9.31314
M,oxidation,diversity,8,9,VC,cyclic_carbonate,9.61883
M,oxidation,diversity,8,10,AN,nitrile,12.1404
M,oxidation,diversity,8,11,EA,ester,10.0028
M,oxidation,diversity,8,12,GBL,ester,9.95154
M,oxidation,diversity,8,13,PC,cyclic_carbonate,10.5388
M,oxidation,diversity,8,14,MA,ester,10.202
M,oxidation,diversity,8,15,DEC,linear_carbonate,9.98433
M,oxidation,diversity,8,16,DMC,linear_carbonate,10.5799
M,oxidation,diversity,8,17,EC,cyclic_carbonate,10.7691
M,oxidation,uncertainty,8,0,EMC,linear_carbonate,10.2016
M,oxidation,uncertainty,8,1,FEC,cyclic_carbonate,11.3226
M,oxidation,uncertainty,8,2,SL,sulfone,9.79305
M,oxidation,uncertainty,8,3,DMSO,sulfoxide,8.81417
M,oxidation,uncertainty,8,4,DME,ether,8.85602
M,oxidation,uncertainty,8,5,TEGDME,ether,7.59532
M,oxidation,uncertainty,8,6,SN,nitrile,11.6036
M,oxidation,uncertainty,8,7,DOL,ether,9.31314
M,oxidation,uncertainty,8,8,TMP,phosphate,10.0568
M,oxidation,uncertainty,8,9,EC,cyclic_carbonate,10.7691
M,oxidation,uncertainty,8,10,AN,nitrile,12.1404
M,oxidation,uncertainty,8,11,GBL,ester,9.95154
M,oxidation,uncertainty,8,12,EA,ester,10.0028
M,oxidation,uncertainty,8,13,VC,cyclic_carbonate,9.61883
M,oxidation,uncertainty,8,14,MA,ester,10.202
M,oxidation,uncertainty,8,15,PC,cyclic_carbonate,10.5388
M,oxidation,uncertainty,8,16,DEC,linear_carbonate,9.98433
M,oxidation,uncertainty,8,17,DMC,linear_carbonate,10.5799
M,oxidation,ranking_aware,8,0,EMC,linear_carbonate,10.2016
M,oxidation,ranking_aware,8,1,FEC,cyclic_carbonate,11.3226
M,oxidation,ranking_aware,8,2,SL,sulfone,9.79305
M,oxidation,ranking_aware,8,3,DMSO,sulfoxide,8.81417
M,oxidation,ranking_aware,8,4,DEC,linear_carbonate,9.98433
M,oxidation,ranking_aware,8,5,PC,cyclic_carbonate,10.5388
M,oxidation,ranking_aware,8,6,VC,cyclic_carbonate,9.61883
M,oxidation,ranking_aware,8,7,EC,cyclic_carbonate,10.7691
M,oxidation,ranking_aware,8,8,DMC,linear_carbonate,10.5799
M,oxidation,ranking_aware,8,9,DOL,ether,9.31314
M,oxidation,ranking_aware,8,10,SN,nitrile,11.6036
M,oxidation,ranking_aware,8,11,DME,ether,8.85602
M,oxidation,ranking_aware,8,12,MA,ester,10.202
M,oxidation,ranking_aware,8,13,EA,ester,10.0028
M,oxidation,ranking_aware,8,14,TEGDME,ether,7.59532
M,oxidation,ranking_aware,8,15,AN,nitrile,12.1404
M,oxidation,ranking_aware,8,16,TMP,phosphate,10.0568
M,oxidation,ranking_aware,8,17,GBL,ester,9.95154
M,oxidation,random,9,0,FEC,cyclic_carbonate,11.3226
M,oxidation,random,9,1,TEGDME,ether,7.59532
M,oxidation,random,9,2,EA,ester,10.0028
M,oxidation,random,9,3,AN,nitrile,12.1404
M,oxidation,random,9,4,SN,nitrile,11.6036
M,oxidation,random,9,5,GBL,ester,9.95154
M,oxidation,random,9,6,PC,cyclic_carbonate,10.5388
M,oxidation,random,9,7,DEC,linear_carbonate,9.98433
M,oxidation,random,9,8,DMSO,sulfoxide,8.81417
M,oxidation,random,9,9,DME,ether,8.85602
M,oxidation,random,9,10,DMC,linear_carbonate,10.5799
M,oxidation,random,9,11,TMP,phosphate,10.0568
M,oxidation,random,9,12,DOL,ether,9.31314
M,oxidation,random,9,13,SL,sulfone,9.79305
M,oxidation,random,9,14,EMC,linear_carbonate,10.2016
M,oxidation,random,9,15,VC,cyclic_carbonate,9.61883
M,oxidation,random,9,16,EC,cyclic_carbonate,10.7691
M,oxidation,random,9,17,MA,ester,10.202
M,oxidation,diversity,9,0,FEC,cyclic_carbonate,11.3226
M,oxidation,diversity,9,1,TEGDME,ether,7.59532
M,oxidation,diversity,9,2,EA,ester,10.0028
M,oxidation,diversity,9,3,AN,nitrile,12.1404
M,oxidation,diversity,9,4,DOL,ether,9.31314
M,oxidation,diversity,9,5,TMP,phosphate,10.0568
M,oxidation,diversity,9,6,SL,sulfone,9.79305
M,oxidation,diversity,9,7,SN,nitrile,11.6036
M,oxidation,diversity,9,8,DME,ether,8.85602
M,oxidation,diversity,9,9,EC,cyclic_carbonate,10.7691
M,oxidation,diversity,9,10,DMSO,sulfoxide,8.81417
M,oxidation,diversity,9,11,DEC,linear_carbonate,9.98433
M,oxidation,diversity,9,12,GBL,ester,9.95154
M,oxidation,diversity,9,13,DMC,linear_carbonate,10.5799
M,oxidation,diversity,9,14,VC,cyclic_carbonate,9.61883
M,oxidation,diversity,9,15,MA,ester,10.202
M,oxidation,diversity,9,16,EMC,linear_carbonate,10.2016
M,oxidation,diversity,9,17,PC,cyclic_carbonate,10.5388
M,oxidation,uncertainty,9,0,FEC,cyclic_carbonate,11.3226
M,oxidation,uncertainty,9,1,TEGDME,ether,7.59532
M,oxidation,uncertainty,9,2,EA,ester,10.0028
M,oxidation,uncertainty,9,3,AN,nitrile,12.1404
M,oxidation,uncertainty,9,4,DMC,linear_carbonate,10.5799
M,oxidation,uncertainty,9,5,EC,cyclic_carbonate,10.7691
M,oxidation,uncertainty,9,6,DME,ether,8.85602
M,oxidation,uncertainty,9,7,DOL,ether,9.31314
M,oxidation,uncertainty,9,8,SN,nitrile,11.6036
M,oxidation,uncertainty,9,9,TMP,phosphate,10.0568
M,oxidation,uncertainty,9,10,DMSO,sulfoxide,8.81417
M,oxidation,uncertainty,9,11,SL,sulfone,9.79305
M,oxidation,uncertainty,9,12,GBL,ester,9.95154
M,oxidation,uncertainty,9,13,DEC,linear_carbonate,9.98433
M,oxidation,uncertainty,9,14,VC,cyclic_carbonate,9.61883
M,oxidation,uncertainty,9,15,MA,ester,10.202
M,oxidation,uncertainty,9,16,PC,cyclic_carbonate,10.5388
M,oxidation,uncertainty,9,17,EMC,linear_carbonate,10.2016
M,oxidation,ranking_aware,9,0,FEC,cyclic_carbonate,11.3226
M,oxidation,ranking_aware,9,1,TEGDME,ether,7.59532
M,oxidation,ranking_aware,9,2,EA,ester,10.0028
M,oxidation,ranking_aware,9,3,AN,nitrile,12.1404
M,oxidation,ranking_aware,9,4,DMC,linear_carbonate,10.5799
M,oxidation,ranking_aware,9,5,VC,cyclic_carbonate,9.61883
M,oxidation,ranking_aware,9,6,TMP,phosphate,10.0568
M,oxidation,ranking_aware,9,7,SL,sulfone,9.79305
M,oxidation,ranking_aware,9,8,SN,nitrile,11.6036
M,oxidation,ranking_aware,9,9,DOL,ether,9.31314
M,oxidation,ranking_aware,9,10,MA,ester,10.202
M,oxidation,ranking_aware,9,11,DMSO,sulfoxide,8.81417
M,oxidation,ranking_aware,9,12,EMC,linear_carbonate,10.2016
M,oxidation,ranking_aware,9,13,PC,cyclic_carbonate,10.5388
M,oxidation,ranking_aware,9,14,EC,cyclic_carbonate,10.7691
M,oxidation,ranking_aware,9,15,DME,ether,8.85602
M,oxidation,ranking_aware,9,16,DEC,linear_carbonate,9.98433
M,oxidation,ranking_aware,9,17,GBL,ester,9.95154
M,oxidation,random,10,0,EC,cyclic_carbonate,10.7691
M,oxidation,random,10,1,DME,ether,8.85602
M,oxidation,random,10,2,TEGDME,ether,7.59532
M,oxidation,random,10,3,MA,ester,10.202
M,oxidation,random,10,4,DOL,ether,9.31314
M,oxidation,random,10,5,EA,ester,10.0028
M,oxidation,random,10,6,AN,nitrile,12.1404
M,oxidation,random,10,7,GBL,ester,9.95154
M,oxidation,random,10,8,SL,sulfone,9.79305
M,oxidation,random,10,9,DEC,linear_carbonate,9.98433
M,oxidation,random,10,10,SN,nitrile,11.6036
M,oxidation,random,10,11,DMSO,sulfoxide,8.81417
M,oxidation,random,10,12,VC,cyclic_carbonate,9.61883
M,oxidation,random,10,13,TMP,phosphate,10.0568
M,oxidation,random,10,14,EMC,linear_carbonate,10.2016
M,oxidation,random,10,15,DMC,linear_carbonate,10.5799
M,oxidation,random,10,16,PC,cyclic_carbonate,10.5388
M,oxidation,random,10,17,FEC,cyclic_carbonate,11.3226
M,oxidation,diversity,10,0,EC,cyclic_carbonate,10.7691
M,oxidation,diversity,10,1,DME,ether,8.85602
M,oxidation,diversity,10,2,TEGDME,ether,7.59532
M,oxidation,diversity,10,3,MA,ester,10.202
M,oxidation,diversity,10,4,TMP,phosphate,10.0568
M,oxidation,diversity,10,5,SN,nitrile,11.6036
M,oxidation,diversity,10,6,DOL,ether,9.31314
M,oxidation,diversity,10,7,SL,sulfone,9.79305
M,oxidation,diversity,10,8,DMSO,sulfoxide,8.81417
M,oxidation,diversity,10,9,DEC,linear_carbonate,9.98433
M,oxidation,diversity,10,10,GBL,ester,9.95154
M,oxidation,diversity,10,11,AN,nitrile,12.1404
M,oxidation,diversity,10,12,FEC,cyclic_carbonate,11.3226
M,oxidation,diversity,10,13,DMC,linear_carbonate,10.5799
M,oxidation,diversity,10,14,VC,cyclic_carbonate,9.61883
M,oxidation,diversity,10,15,EA,ester,10.0028
M,oxidation,diversity,10,16,EMC,linear_carbonate,10.2016
M,oxidation,diversity,10,17,PC,cyclic_carbonate,10.5388
M,oxidation,uncertainty,10,0,EC,cyclic_carbonate,10.7691
M,oxidation,uncertainty,10,1,DME,ether,8.85602
M,oxidation,uncertainty,10,2,TEGDME,ether,7.59532
M,oxidation,uncertainty,10,3,MA,ester,10.202
M,oxidation,uncertainty,10,4,TMP,phosphate,10.0568
M,oxidation,uncertainty,10,5,DOL,ether,9.31314
M,oxidation,uncertainty,10,6,SL,sulfone,9.79305
M,oxidation,uncertainty,10,7,SN,nitrile,11.6036
M,oxidation,uncertainty,10,8,DMSO,sulfoxide,8.81417
M,oxidation,uncertainty,10,9,FEC,cyclic_carbonate,11.3226
M,oxidation,uncertainty,10,10,AN,nitrile,12.1404
M,oxidation,uncertainty,10,11,DEC,linear_carbonate,9.98433
M,oxidation,uncertainty,10,12,GBL,ester,9.95154
M,oxidation,uncertainty,10,13,DMC,linear_carbonate,10.5799
M,oxidation,uncertainty,10,14,VC,cyclic_carbonate,9.61883
M,oxidation,uncertainty,10,15,EA,ester,10.0028
M,oxidation,uncertainty,10,16,PC,cyclic_carbonate,10.5388
M,oxidation,uncertainty,10,17,EMC,linear_carbonate,10.2016
M,oxidation,ranking_aware,10,0,EC,cyclic_carbonate,10.7691
M,oxidation,ranking_aware,10,1,DME,ether,8.85602
M,oxidation,ranking_aware,10,2,TEGDME,ether,7.59532
M,oxidation,ranking_aware,10,3,MA,ester,10.202
M,oxidation,ranking_aware,10,4,PC,cyclic_carbonate,10.5388
M,oxidation,ranking_aware,10,5,AN,nitrile,12.1404
M,oxidation,ranking_aware,10,6,DMSO,sulfoxide,8.81417
M,oxidation,ranking_aware,10,7,VC,cyclic_carbonate,9.61883
M,oxidation,ranking_aware,10,8,FEC,cyclic_carbonate,11.3226
M,oxidation,ranking_aware,10,9,GBL,ester,9.95154
M,oxidation,ranking_aware,10,10,SN,nitrile,11.6036
M,oxidation,ranking_aware,10,11,TMP,phosphate,10.0568
M,oxidation,ranking_aware,10,12,SL,sulfone,9.79305
M,oxidation,ranking_aware,10,13,DEC,linear_carbonate,9.98433
M,oxidation,ranking_aware,10,14,DMC,linear_carbonate,10.5799
M,oxidation,ranking_aware,10,15,DOL,ether,9.31314
M,oxidation,ranking_aware,10,16,EMC,linear_carbonate,10.2016
M,oxidation,ranking_aware,10,17,EA,ester,10.0028
M,oxidation,random,11,0,EMC,linear_carbonate,10.2016
M,oxidation,random,11,1,DEC,linear_carbonate,9.98433
M,oxidation,random,11,2,EC,cyclic_carbonate,10.7691
M,oxidation,random,11,3,EA,ester,10.0028
M,oxidation,random,11,4,VC,cyclic_carbonate,9.61883
M,oxidation,random,11,5,DMC,linear_carbonate,10.5799
M,oxidation,random,11,6,FEC,cyclic_carbonate,11.3226
M,oxidation,random,11,7,PC,cyclic_carbonate,10.5388
M,oxidation,random,11,8,DOL,ether,9.31314
M,oxidation,random,11,9,TMP,phosphate,10.0568
M,oxidation,random,11,10,DMSO,sulfoxide,8.81417
M,oxidation,random,11,11,MA,ester,10.202
M,oxidation,random,11,12,SN,nitrile,11.6036
M,oxidation,random,11,13,SL,sulfone,9.79305
M,oxidation,random,11,14,GBL,ester,9.95154
M,oxidation,random,11,15,TEGDME,ether,7.59532
M,oxidation,random,11,16,AN,nitrile,12.1404
M,oxidation,random,11,17,DME,ether,8.85602
M,oxidation,diversity,11,0,EMC,linear_carbonate,10.2016
M,oxidation,diversity,11,1,DEC,linear_carbonate,9.98433
M,oxidation,diversity,11,2,EC,cyclic_carbonate,10.7691
M,oxidation,diversity,11,3,EA,ester,10.0028
M,oxidation,diversity,11,4,TEGDME,ether,7.59532
M,oxidation,diversity,11,5,DOL,ether,9.31314
M,oxidation,diversity,11,6,SN,nitrile,11.6036
M,oxidation,diversity,11,7,SL,sulfone,9.79305
M,oxidation,diversity,11,8,TMP,phosphate,10.0568
M,oxidation,diversity,11,9,DME,ether,8.85602
M,oxidation,diversity,11,10,DMSO,sulfoxide,8.81417
M,oxidation,diversity,11,11,AN,nitrile,12.1404
M,oxidation,diversity,11,12,GBL,ester,9.95154
M,oxidation,diversity,11,13,FEC,cyclic_carbonate,11.3226
M,oxidation,diversity,11,14,VC,cyclic_carbonate,9.61883
M,oxidation,diversity,11,15,MA,ester,10.202
M,oxidation,diversity,11,16,DMC,linear_carbonate,10.5799
M,oxidation,diversity,11,17,PC,cyclic_carbonate,10.5388
M,oxidation,uncertainty,11,0,EMC,linear_carbonate,10.2016
M,oxidation,uncertainty,11,1,DEC,linear_carbonate,9.98433
M,oxidation,uncertainty,11,2,EC,cyclic_carbonate,10.7691
M,oxidation,uncertainty,11,3,EA,ester,10.0028
M,oxidation,uncertainty,11,4,DME,ether,8.85602
M,oxidation,uncertainty,11,5,TEGDME,ether,7.59532
M,oxidation,uncertainty,11,6,DOL,ether,9.31314
M,oxidation,uncertainty,11,7,SN,nitrile,11.6036
M,oxidation,uncertainty,11,8,SL,sulfone,9.79305
M,oxidation,uncertainty,11,9,FEC,cyclic_carbonate,11.3226
M,oxidation,uncertainty,11,10,AN,nitrile,12.1404
M,oxidation,uncertainty,11,11,TMP,phosphate,10.0568
M,oxidation,uncertainty,11,12,DMSO,sulfoxide,8.81417
M,oxidation,uncertainty,11,13,GBL,ester,9.95154
M,oxidation,uncertainty,11,14,VC,cyclic_carbonate,9.61883
M,oxidation,uncertainty,11,15,PC,cyclic_carbonate,10.5388
M,oxidation,uncertainty,11,16,MA,ester,10.202
M,oxidation,uncertainty,11,17,DMC,linear_carbonate,10.5799
M,oxidation,ranking_aware,11,0,EMC,linear_carbonate,10.2016
M,oxidation,ranking_aware,11,1,DEC,linear_carbonate,9.98433
M,oxidation,ranking_aware,11,2,EC,cyclic_carbonate,10.7691
M,oxidation,ranking_aware,11,3,EA,ester,10.0028
M,oxidation,ranking_aware,11,4,FEC,cyclic_carbonate,11.3226
M,oxidation,ranking_aware,11,5,VC,cyclic_carbonate,9.61883
M,oxidation,ranking_aware,11,6,PC,cyclic_carbonate,10.5388
M,oxidation,ranking_aware,11,7,TEGDME,ether,7.59532
M,oxidation,ranking_aware,11,8,DME,ether,8.85602
M,oxidation,ranking_aware,11,9,DMC,linear_carbonate,10.5799
M,oxidation,ranking_aware,11,10,AN,nitrile,12.1404
M,oxidation,ranking_aware,11,11,SN,nitrile,11.6036
M,oxidation,ranking_aware,11,12,TMP,phosphate,10.0568
M,oxidation,ranking_aware,11,13,DMSO,sulfoxide,8.81417
M,oxidation,ranking_aware,11,14,SL,sulfone,9.79305
M,oxidation,ranking_aware,11,15,DOL,ether,9.31314
M,oxidation,ranking_aware,11,16,GBL,ester,9.95154
M,oxidation,ranking_aware,11,17,MA,ester,10.202
M,oxidation,random,12,0,DMC,linear_carbonate,10.5799
M,oxidation,random,12,1,FEC,cyclic_carbonate,11.3226
M,oxidation,random,12,2,DMSO,sulfoxide,8.81417
M,oxidation,random,12,3,TMP,phosphate,10.0568
M,oxidation,random,12,4,AN,nitrile,12.1404
M,oxidation,random,12,5,SN,nitrile,11.6036
M,oxidation,random,12,6,DOL,ether,9.31314
M,oxidation,random,12,7,EMC,linear_carbonate,10.2016
M,oxidation,random,12,8,DME,ether,8.85602
M,oxidation,random,12,9,SL,sulfone,9.79305
M,oxidation,random,12,10,TEGDME,ether,7.59532
M,oxidation,random,12,11,EA,ester,10.0028
M,oxidation,random,12,12,DEC,linear_carbonate,9.98433
M,oxidation,random,12,13,PC,cyclic_carbonate,10.5388
M,oxidation,random,12,14,GBL,ester,9.95154
M,oxidation,random,12,15,EC,cyclic_carbonate,10.7691
M,oxidation,random,12,16,VC,cyclic_carbonate,9.61883
M,oxidation,random,12,17,MA,ester,10.202
M,oxidation,diversity,12,0,DMC,linear_carbonate,10.5799
M,oxidation,diversity,12,1,FEC,cyclic_carbonate,11.3226
M,oxidation,diversity,12,2,DMSO,sulfoxide,8.81417
M,oxidation,diversity,12,3,TMP,phosphate,10.0568
M,oxidation,diversity,12,4,TEGDME,ether,7.59532
M,oxidation,diversity,12,5,DOL,ether,9.31314
M,oxidation,diversity,12,6,SL,sulfone,9.79305
M,oxidation,diversity,12,7,SN,nitrile,11.6036
M,oxidation,diversity,12,8,DME,ether,8.85602
M,oxidation,diversity,12,9,VC,cyclic_carbonate,9.61883
M,oxidation,diversity,12,10,AN,nitrile,12.1404
M,oxidation,diversity,12,11,EA,ester,10.0028
M,oxidation,diversity,12,12,GBL,ester,9.95154
M,oxidation,diversity,12,13,DEC,linear_carbonate,9.98433
M,oxidation,diversity,12,14,PC,cyclic_carbonate,10.5388
M,oxidation,diversity,12,15,MA,ester,10.202
M,oxidation,diversity,12,16,EMC,linear_carbonate,10.2016
M,oxidation,diversity,12,17,EC,cyclic_carbonate,10.7691
M,oxidation,uncertainty,12,0,DMC,linear_carbonate,10.5799
M,oxidation,uncertainty,12,1,FEC,cyclic_carbonate,11.3226
M,oxidation,uncertainty,12,2,DMSO,sulfoxide,8.81417
M,oxidation,uncertainty,12,3,TMP,phosphate,10.0568
M,oxidation,uncertainty,12,4,DME,ether,8.85602
M,oxidation,uncertainty,12,5,TEGDME,ether,7.59532
M,oxidation,uncertainty,12,6,DOL,ether,9.31314
M,oxidation,uncertainty,12,7,PC,cyclic_carbonate,10.5388
M,oxidation,uncertainty,12,8,SN,nitrile,11.6036
M,oxidation,uncertainty,12,9,AN,nitrile,12.1404
M,oxidation,uncertainty,12,10,EA,ester,10.0028
M,oxidation,uncertainty,12,11,SL,sulfone,9.79305
M,oxidation,uncertainty,12,12,GBL,ester,9.95154
M,oxidation,uncertainty,12,13,DEC,linear_carbonate,9.98433
M,oxidation,uncertainty,12,14,VC,cyclic_carbonate,9.61883
M,oxidation,uncertainty,12,15,MA,ester,10.202
M,oxidation,uncertainty,12,16,EC,cyclic_carbonate,10.7691
M,oxidation,uncertainty,12,17,EMC,linear_carbonate,10.2016
M,oxidation,ranking_aware,12,0,DMC,linear_carbonate,10.5799
M,oxidation,ranking_aware,12,1,FEC,cyclic_carbonate,11.3226
M,oxidation,ranking_aware,12,2,DMSO,sulfoxide,8.81417
M,oxidation,ranking_aware,12,3,TMP,phosphate,10.0568
M,oxidation,ranking_aware,12,4,PC,cyclic_carbonate,10.5388
M,oxidation,ranking_aware,12,5,VC,cyclic_carbonate,9.61883
M,oxidation,ranking_aware,12,6,DEC,linear_carbonate,9.98433
M,oxidation,ranking_aware,12,7,EC,cyclic_carbonate,10.7691
M,oxidation,ranking_aware,12,8,EMC,linear_carbonate,10.2016
M,oxidation,ranking_aware,12,9,TEGDME,ether,7.59532
M,oxidation,ranking_aware,12,10,DOL,ether,9.31314
M,oxidation,ranking_aware,12,11,AN,nitrile,12.1404
M,oxidation,ranking_aware,12,12,MA,ester,10.202
M,oxidation,ranking_aware,12,13,SN,nitrile,11.6036
M,oxidation,ranking_aware,12,14,DME,ether,8.85602
M,oxidation,ranking_aware,12,15,SL,sulfone,9.79305
M,oxidation,ranking_aware,12,16,EA,ester,10.0028
M,oxidation,ranking_aware,12,17,GBL,ester,9.95154
M,oxidation,random,13,0,EMC,linear_carbonate,10.2016
M,oxidation,random,13,1,MA,ester,10.202
M,oxidation,random,13,2,GBL,ester,9.95154
M,oxidation,random,13,3,DMSO,sulfoxide,8.81417
M,oxidation,random,13,4,TMP,phosphate,10.0568
M,oxidation,random,13,5,DMC,linear_carbonate,10.5799
M,oxidation,random,13,6,TEGDME,ether,7.59532
M,oxidation,random,13,7,AN,nitrile,12.1404
M,oxidation,random,13,8,FEC,cyclic_carbonate,11.3226
M,oxidation,random,13,9,VC,cyclic_carbonate,9.61883
M,oxidation,random,13,10,PC,cyclic_carbonate,10.5388
M,oxidation,random,13,11,EA,ester,10.0028
M,oxidation,random,13,12,SL,sulfone,9.79305
M,oxidation,random,13,13,DOL,ether,9.31314
M,oxidation,random,13,14,DEC,linear_carbonate,9.98433
M,oxidation,random,13,15,EC,cyclic_carbonate,10.7691
M,oxidation,random,13,16,SN,nitrile,11.6036
M,oxidation,random,13,17,DME,ether,8.85602
M,oxidation,diversity,13,0,EMC,linear_carbonate,10.2016
M,oxidation,diversity,13,1,MA,ester,10.202
M,oxidation,diversity,13,2,GBL,ester,9.95154
M,oxidation,diversity,13,3,DMSO,sulfoxide,8.81417
M,oxidation,diversity,13,4,TEGDME,ether,7.59532
M,oxidation,diversity,13,5,DOL,ether,9.31314
M,oxidation,diversity,13,6,FEC,cyclic_carbonate,11.3226
M,oxidation,diversity,13,7,SN,nitrile,11.6036
M,oxidation,diversity,13,8,TMP,phosphate,10.0568
M,oxidation,diversity,13,9,DME,ether,8.85602
M,oxidation,diversity,13,10,EC,cyclic_carbonate,10.7691
M,oxidation,diversity,13,11,SL,sulfone,9.79305
M,oxidation,diversity,13,12,AN,nitrile,12.1404
M,oxidation,diversity,13,13,VC,cyclic_carbonate,9.61883
M,oxidation,diversity,13,14,EA,ester,10.0028
M,oxidation,diversity,13,15,DEC,linear_carbonate,9.98433
M,oxidation,diversity,13,16,DMC,linear_carbonate,10.5799
M,oxidation,diversity,13,17,PC,cyclic_carbonate,10.5388
M,oxidation,uncertainty,13,0,EMC,linear_carbonate,10.2016
M,oxidation,uncertainty,13,1,MA,ester,10.202
M,oxidation,uncertainty,13,2,GBL,ester,9.95154
M,oxidation,uncertainty,13,3,DMSO,sulfoxide,8.81417
M,oxidation,uncertainty,13,4,DME,ether,8.85602
M,oxidation,uncertainty,13,5,FEC,cyclic_carbonate,11.3226
M,oxidation,uncertainty,13,6,DOL,ether,9.31314
M,oxidation,uncertainty,13,7,TEGDME,ether,7.59532
M,oxidation,uncertainty,13,8,SN,nitrile,11.6036
M,oxidation,uncertainty,13,9,TMP,phosphate,10.0568
M,oxidation,uncertainty,13,10,AN,nitrile,12.1404
M,oxidation,uncertainty,13,11,EC,cyclic_carbonate,10.7691
M,oxidation,uncertainty,13,12,SL,sulfone,9.79305
M,oxidation,uncertainty,13,13,VC,cyclic_carbonate,9.61883
M,oxidation,uncertainty,13,14,EA,ester,10.0028
M,oxidation,uncertainty,13,15,PC,cyclic_carbonate,10.5388
M,oxidation,uncertainty,13,16,DEC,linear_carbonate,9.98433
M,oxidation,uncertainty,13,17,DMC,linear_carbonate,10.5799
M,oxidation,ranking_aware,13,0,EMC,linear_carbonate,10.2016
M,oxidation,ranking_aware,13,1,MA,ester,10.202
M,oxidation,ranking_aware,13,2,GBL,ester,9.95154
M,oxidation,ranking_aware,13,3,DMSO,sulfoxide,8.81417
M,oxidation,ranking_aware,13,4,DEC,linear_carbonate,9.98433
M,oxidation,ranking_aware,13,5,EA,ester,10.0028
M,oxidation,ranking_aware,13,6,VC,cyclic_carbonate,9.61883
M,oxidation,ranking_aware,13,7,DMC,linear_carbonate,10.5799
M,oxidation,ranking_aware,13,8,TMP,phosphate,10.0568
M,oxidation,ranking_aware,13,9,TEGDME,ether,7.59532
M,oxidation,ranking_aware,13,10,DOL,ether,9.31314
M,oxidation,ranking_aware,13,11,FEC,cyclic_carbonate,11.3226
M,oxidation,ranking_aware,13,12,EC,cyclic_carbonate,10.7691
M,oxidation,ranking_aware,13,13,PC,cyclic_carbonate,10.5388
M,oxidation,ranking_aware,13,14,AN,nitrile,12.1404
M,oxidation,ranking_aware,13,15,DME,ether,8.85602
M,oxidation,ranking_aware,13,16,SN,nitrile,11.6036
M,oxidation,ranking_aware,13,17,SL,sulfone,9.79305
M,oxidation,random,14,0,EMC,linear_carbonate,10.2016
M,oxidation,random,14,1,GBL,ester,9.95154
M,oxidation,random,14,2,TMP,phosphate,10.0568
M,oxidation,random,14,3,SN,nitrile,11.6036
M,oxidation,random,14,4,TEGDME,ether,7.59532
M,oxidation,random,14,5,SL,sulfone,9.79305
M,oxidation,random,14,6,MA,ester,10.202
M,oxidation,random,14,7,AN,nitrile,12.1404
M,oxidation,random,14,8,DOL,ether,9.31314
M,oxidation,random,14,9,DMC,linear_carbonate,10.5799
M,oxidation,random,14,10,DEC,linear_carbonate,9.98433
M,oxidation,random,14,11,DMSO,sulfoxide,8.81417
M,oxidation,random,14,12,FEC,cyclic_carbonate,11.3226
M,oxidation,random,14,13,EA,ester,10.0028
M,oxidation,random,14,14,VC,cyclic_carbonate,9.61883
M,oxidation,random,14,15,PC,cyclic_carbonate,10.5388
M,oxidation,random,14,16,EC,cyclic_carbonate,10.7691
M,oxidation,random,14,17,DME,ether,8.85602
M,oxidation,diversity,14,0,EMC,linear_carbonate,10.2016
M,oxidation,diversity,14,1,GBL,ester,9.95154
M,oxidation,diversity,14,2,TMP,phosphate,10.0568
M,oxidation,diversity,14,3,SN,nitrile,11.6036
M,oxidation,diversity,14,4,TEGDME,ether,7.59532
M,oxidation,diversity,14,5,DME,ether,8.85602
M,oxidation,diversity,14,6,DMSO,sulfoxide,8.81417
M,oxidation,diversity,14,7,DOL,ether,9.31314
M,oxidation,diversity,14,8,FEC,cyclic_carbonate,11.3226
M,oxidation,diversity,14,9,AN,nitrile,12.1404
M,oxidation,diversity,14,10,EA,ester,10.0028
M,oxidation,diversity,14,11,EC,cyclic_carbonate,10.7691
M,oxidation,diversity,14,12,SL,sulfone,9.79305
M,oxidation,diversity,14,13,VC,cyclic_carbonate,9.61883
M,oxidation,diversity,14,14,MA,ester,10.202
M,oxidation,diversity,14,15,DEC,linear_carbonate,9.98433
M,oxidation,diversity,14,16,DMC,linear_carbonate,10.5799
M,oxidation,diversity,14,17,PC,cyclic_carbonate,10.5388
M,oxidation,uncertainty,14,0,EMC,linear_carbonate,10.2016
M,oxidation,uncertainty,14,1,GBL,ester,9.95154
M,oxidation,uncertainty,14,2,TMP,phosphate,10.0568
M,oxidation,uncertainty,14,3,SN,nitrile,11.6036
M,oxidation,uncertainty,14,4,EC,cyclic_carbonate,10.7691
M,oxidation,uncertainty,14,5,DME,ether,8.85602
M,oxidation,uncertainty,14,6,TEGDME,ether,7.59532
M,oxidation,uncertainty,14,7,DOL,ether,9.31314
M,oxidation,uncertainty,14,8,AN,nitrile,12.1404
M,oxidation,uncertainty,14,9,DMSO,sulfoxide,8.81417
M,oxidation,uncertainty,14,10,EA,ester,10.0028
M,oxidation,uncertainty,14,11,SL,sulfone,9.79305
M,oxidation,uncertainty,14,12,FEC,cyclic_carbonate,11.3226
M,oxidation,uncertainty,14,13,VC,cyclic_carbonate,9.61883
M,oxidation,uncertainty,14,14,MA,ester,10.202
M,oxidation,uncertainty,14,15,PC,cyclic_carbonate,10.5388
M,oxidation,uncertainty,14,16,DEC,linear_carbonate,9.98433
M,oxidation,uncertainty,14,17,DMC,linear_carbonate,10.5799
M,oxidation,ranking_aware,14,0,EMC,linear_carbonate,10.2016
M,oxidation,ranking_aware,14,1,GBL,ester,9.95154
M,oxidation,ranking_aware,14,2,TMP,phosphate,10.0568
M,oxidation,ranking_aware,14,3,SN,nitrile,11.6036
M,oxidation,ranking_aware,14,4,AN,nitrile,12.1404
M,oxidation,ranking_aware,14,5,DME,ether,8.85602
M,oxidation,ranking_aware,14,6,DOL,ether,9.31314
M,oxidation,ranking_aware,14,7,MA,ester,10.202
M,oxidation,ranking_aware,14,8,SL,sulfone,9.79305
M,oxidation,ranking_aware,14,9,EC,cyclic_carbonate,10.7691
M,oxidation,ranking_aware,14,10,VC,cyclic_carbonate,9.61883
M,oxidation,ranking_aware,14,11,DMSO,sulfoxide,8.81417
M,oxidation,ranking_aware,14,12,PC,cyclic_carbonate,10.5388
M,oxidation,ranking_aware,14,13,FEC,cyclic_carbonate,11.3226
M,oxidation,ranking_aware,14,14,TEGDME,ether,7.59532
M,oxidation,ranking_aware,14,15,DMC,linear_carbonate,10.5799
M,oxidation,ranking_aware,14,16,DEC,linear_carbonate,9.98433
M,oxidation,ranking_aware,14,17,EA,ester,10.0028
M,oxidation,random,15,0,DMC,linear_carbonate,10.5799
M,oxidation,random,15,1,DOL,ether,9.31314
M,oxidation,random,15,2,MA,ester,10.202
M,oxidation,random,15,3,DMSO,sulfoxide,8.81417
M,oxidation,random,15,4,AN,nitrile,12.1404
M,oxidation,random,15,5,PC,cyclic_carbonate,10.5388
M,oxidation,random,15,6,GBL,ester,9.95154
M,oxidation,random,15,7,DEC,linear_carbonate,9.98433
M,oxidation,random,15,8,EMC,linear_carbonate,10.2016
M,oxidation,random,15,9,EA,ester,10.0028
M,oxidation,random,15,10,FEC,cyclic_carbonate,11.3226
M,oxidation,random,15,11,TMP,phosphate,10.0568
M,oxidation,random,15,12,DME,ether,8.85602
M,oxidation,random,15,13,VC,cyclic_carbonate,9.61883
M,oxidation,random,15,14,EC,cyclic_carbonate,10.7691
M,oxidation,random,15,15,TEGDME,ether,7.59532
M,oxidation,random,15,16,SN,nitrile,11.6036
M,oxidation,random,15,17,SL,sulfone,9.79305
M,oxidation,diversity,15,0,DMC,linear_carbonate,10.5799
M,oxidation,diversity,15,1,DOL,ether,9.31314
M,oxidation,diversity,15,2,MA,ester,10.202
M,oxidation,diversity,15,3,DMSO,sulfoxide,8.81417
M,oxidation,diversity,15,4,TEGDME,ether,7.59532
M,oxidation,diversity,15,5,FEC,cyclic_carbonate,11.3226
M,oxidation,diversity,15,6,SL,sulfone,9.79305
M,oxidation,diversity,15,7,TMP,phosphate,10.0568
M,oxidation,diversity,15,8,SN,nitrile,11.6036
M,oxidation,diversity,15,9,DME,ether,8.85602
M,oxidation,diversity,15,10,VC,cyclic_carbonate,9.61883
M,oxidation,diversity,15,11,GBL,ester,9.95154
M,oxidation,diversity,15,12,AN,nitrile,12.1404
M,oxidation,diversity,15,13,DEC,linear_carbonate,9.98433
M,oxidation,diversity,15,14,PC,cyclic_carbonate,10.5388
M,oxidation,diversity,15,15,EA,ester,10.0028
M,oxidation,diversity,15,16,EMC,linear_carbonate,10.2016
M,oxidation,diversity,15,17,EC,cyclic_carbonate,10.7691
M,oxidation,uncertainty,15,0,DMC,linear_carbonate,10.5799
M,oxidation,uncertainty,15,1,DOL,ether,9.31314
M,oxidation,uncertainty,15,2,MA,ester,10.202
M,oxidation,uncertainty,15,3,DMSO,sulfoxide,8.81417
M,oxidation,uncertainty,15,4,EMC,linear_carbonate,10.2016
M,oxidation,uncertainty,15,5,TEGDME,ether,7.59532
M,oxidation,uncertainty,15,6,FEC,cyclic_carbonate,11.3226
M,oxidation,uncertainty,15,7,SN,nitrile,11.6036
M,oxidation,uncertainty,15,8,DME,ether,8.85602
M,oxidation,uncertainty,15,9,PC,cyclic_carbonate,10.5388
M,oxidation,uncertainty,15,10,TMP,phosphate,10.0568
M,oxidation,uncertainty,15,11,AN,nitrile,12.1404
M,oxidation,uncertainty,15,12,SL,sulfone,9.79305
M,oxidation,uncertainty,15,13,VC,cyclic_carbonate,9.61883
M,oxidation,uncertainty,15,14,GBL,ester,9.95154
M,oxidation,uncertainty,15,15,EC,cyclic_carbonate,10.7691
M,oxidation,uncertainty,15,16,EA,ester,10.0028
M,oxidation,uncertainty,15,17,DEC,linear_carbonate,9.98433
M,oxidation,ranking_aware,15,0,DMC,linear_carbonate,10.5799
M,oxidation,ranking_aware,15,1,DOL,ether,9.31314
M,oxidation,ranking_aware,15,2,MA,ester,10.202
M,oxidation,ranking_aware,15,3,DMSO,sulfoxide,8.81417
M,oxidation,ranking_aware,15,4,EC,cyclic_carbonate,10.7691
M,oxidation,ranking_aware,15,5,VC,cyclic_carbonate,9.61883
M,oxidation,ranking_aware,15,6,DME,ether,8.85602
M,oxidation,ranking_aware,15,7,EA,ester,10.0028
M,oxidation,ranking_aware,15,8,TMP,phosphate,10.0568
M,oxidation,ranking_aware,15,9,PC,cyclic_carbonate,10.5388
M,oxidation,ranking_aware,15,10,FEC,cyclic_carbonate,11.3226
M,oxidation,ranking_aware,15,11,SL,sulfone,9.79305
M,oxidation,ranking_aware,15,12,TEGDME,ether,7.59532
M,oxidation,ranking_aware,15,13,AN,nitrile,12.1404
M,oxidation,ranking_aware,15,14,SN,nitrile,11.6036
M,oxidation,ranking_aware,15,15,DEC,linear_carbonate,9.98433
M,oxidation,ranking_aware,15,16,EMC,linear_carbonate,10.2016
M,oxidation,ranking_aware,15,17,GBL,ester,9.95154
M,oxidation,random,16,0,DEC,linear_carbonate,9.98433
M,oxidation,random,16,1,EC,cyclic_carbonate,10.7691
M,oxidation,random,16,2,PC,cyclic_carbonate,10.5388
M,oxidation,random,16,3,SL,sulfone,9.79305
M,oxidation,random,16,4,MA,ester,10.202
M,oxidation,random,16,5,DMSO,sulfoxide,8.81417
M,oxidation,random,16,6,SN,nitrile,11.6036
M,oxidation,random,16,7,EA,ester,10.0028
M,oxidation,random,16,8,EMC,linear_carbonate,10.2016
M,oxidation,random,16,9,DMC,linear_carbonate,10.5799
M,oxidation,random,16,10,DME,ether,8.85602
M,oxidation,random,16,11,TMP,phosphate,10.0568
M,oxidation,random,16,12,AN,nitrile,12.1404
M,oxidation,random,16,13,TEGDME,ether,7.59532
M,oxidation,random,16,14,GBL,ester,9.95154
M,oxidation,random,16,15,DOL,ether,9.31314
M,oxidation,random,16,16,FEC,cyclic_carbonate,11.3226
M,oxidation,random,16,17,VC,cyclic_carbonate,9.61883
M,oxidation,diversity,16,0,DEC,linear_carbonate,9.98433
M,oxidation,diversity,16,1,EC,cyclic_carbonate,10.7691
M,oxidation,diversity,16,2,PC,cyclic_carbonate,10.5388
M,oxidation,diversity,16,3,SL,sulfone,9.79305
M,oxidation,diversity,16,4,DMSO,sulfoxide,8.81417
M,oxidation,diversity,16,5,TEGDME,ether,7.59532
M,oxidation,diversity,16,6,DME,ether,8.85602
M,oxidation,diversity,16,7,SN,nitrile,11.6036
M,oxidation,diversity,16,8,TMP,phosphate,10.0568
M,oxidation,diversity,16,9,DOL,ether,9.31314
M,oxidation,diversity,16,10,AN,nitrile,12.1404
M,oxidation,diversity,16,11,EA,ester,10.0028
M,oxidation,diversity,16,12,GBL,ester,9.95154
M,oxidation,diversity,16,13,FEC,cyclic_carbonate,11.3226
M,oxidation,diversity,16,14,DMC,linear_carbonate,10.5799
M,oxidation,diversity,16,15,VC,cyclic_carbonate,9.61883
M,oxidation,diversity,16,16,MA,ester,10.202
M,oxidation,diversity,16,17,EMC,linear_carbonate,10.2016
M,oxidation,uncertainty,16,0,DEC,linear_carbonate,9.98433
M,oxidation,uncertainty,16,1,EC,cyclic_carbonate,10.7691
M,oxidation,uncertainty,16,2,PC,cyclic_carbonate,10.5388
M,oxidation,uncertainty,16,3,SL,sulfone,9.79305
M,oxidation,uncertainty,16,4,DME,ether,8.85602
M,oxidation,uncertainty,16,5,TEGDME,ether,7.59532
M,oxidation,uncertainty,16,6,DMSO,sulfoxide,8.81417
M,oxidation,uncertainty,16,7,SN,nitrile,11.6036
M,oxidation,uncertainty,16,8,DOL,ether,9.31314
M,oxidation,uncertainty,16,9,TMP,phosphate,10.0568
M,oxidation,uncertainty,16,10,FEC,cyclic_carbonate,11.3226
M,oxidation,uncertainty,16,11,AN,nitrile,12.1404
M,oxidation,uncertainty,16,12,GBL,ester,9.95154
M,oxidation,uncertainty,16,13,DMC,linear_carbonate,10.5799
M,oxidation,uncertainty,16,14,VC,cyclic_carbonate,9.61883
M,oxidation,uncertainty,16,15,EA,ester,10.0028
M,oxidation,uncertainty,16,16,MA,ester,10.202
M,oxidation,uncertainty,16,17,EMC,linear_carbonate,10.2016
M,oxidation,ranking_aware,16,0,DEC,linear_carbonate,9.98433
M,oxidation,ranking_aware,16,1,EC,cyclic_carbonate,10.7691
M,oxidation,ranking_aware,16,2,PC,cyclic_carbonate,10.5388
M,oxidation,ranking_aware,16,3,SL,sulfone,9.79305
M,oxidation,ranking_aware,16,4,FEC,cyclic_carbonate,11.3226
M,oxidation,ranking_aware,16,5,TMP,phosphate,10.0568
M,oxidation,ranking_aware,16,6,VC,cyclic_carbonate,9.61883
M,oxidation,ranking_aware,16,7,GBL,ester,9.95154
M,oxidation,ranking_aware,16,8,AN,nitrile,12.1404
M,oxidation,ranking_aware,16,9,DMSO,sulfoxide,8.81417
M,oxidation,ranking_aware,16,10,SN,nitrile,11.6036
M,oxidation,ranking_aware,16,11,DOL,ether,9.31314
M,oxidation,ranking_aware,16,12,DME,ether,8.85602
M,oxidation,ranking_aware,16,13,MA,ester,10.202
M,oxidation,ranking_aware,16,14,EA,ester,10.0028
M,oxidation,ranking_aware,16,15,DMC,linear_carbonate,10.5799
M,oxidation,ranking_aware,16,16,EMC,linear_carbonate,10.2016
M,oxidation,ranking_aware,16,17,TEGDME,ether,7.59532
M,oxidation,random,17,0,EC,cyclic_carbonate,10.7691
M,oxidation,random,17,1,PC,cyclic_carbonate,10.5388
M,oxidation,random,17,2,DME,ether,8.85602
M,oxidation,random,17,3,DMSO,sulfoxide,8.81417
M,oxidation,random,17,4,TEGDME,ether,7.59532
M,oxidation,random,17,5,DOL,ether,9.31314
M,oxidation,random,17,6,DEC,linear_carbonate,9.98433
M,oxidation,random,17,7,TMP,phosphate,10.0568
M,oxidation,random,17,8,EMC,linear_carbonate,10.2016
M,oxidation,random,17,9,VC,cyclic_carbonate,9.61883
M,oxidation,random,17,10,SL,sulfone,9.79305
M,oxidation,random,17,11,FEC,cyclic_carbonate,11.3226
M,oxidation,random,17,12,AN,nitrile,12.1404
M,oxidation,random,17,13,MA,ester,10.202
M,oxidation,random,17,14,SN,nitrile,11.6036
M,oxidation,random,17,15,DMC,linear_carbonate,10.5799
M,oxidation,random,17,16,GBL,ester,9.95154
M,oxidation,random,17,17,EA,ester,10.0028
M,oxidation,diversity,17,0,EC,cyclic_carbonate,10.7691
M,oxidation,diversity,17,1,PC,cyclic_carbonate,10.5388
M,oxidation,diversity,17,2,DME,ether,8.85602
M,oxidation,diversity,17,3,DMSO,sulfoxide,8.81417
M,oxidation,diversity,17,4,TEGDME,ether,7.59532
M,oxidation,diversity,17,5,DEC,linear_carbonate,9.98433
M,oxidation,diversity,17,6,SN,nitrile,11.6036
M,oxidation,diversity,17,7,DOL,ether,9.31314
M,oxidation,diversity,17,8,TMP,phosphate,10.0568
M,oxidation,diversity,17,9,AN,nitrile,12.1404
M,oxidation,diversity,17,10,SL,sulfone,9.79305
M,oxidation,diversity,17,11,EA,ester,10.0028
M,oxidation,diversity,17,12,GBL,ester,9.95154
M,oxidation,diversity,17,13,FEC,cyclic_carbonate,11.3226
M,oxidation,diversity,17,14,DMC,linear_carbonate,10.5799
M,oxidation,diversity,17,15,VC,cyclic_carbonate,9.61883
M,oxidation,diversity,17,16,MA,ester,10.202
M,oxidation,diversity,17,17,EMC,linear_carbonate,10.2016
M,oxidation,uncertainty,17,0,EC,cyclic_carbonate,10.7691
M,oxidation,uncertainty,17,1,PC,cyclic_carbonate,10.5388
M,oxidation,uncertainty,17,2,DME,ether,8.85602
M,oxidation,uncertainty,17,3,DMSO,sulfoxide,8.81417
M,oxidation,uncertainty,17,4,TEGDME,ether,7.59532
M,oxidation,uncertainty,17,5,DMC,linear_carbonate,10.5799
M,oxidation,uncertainty,17,6,DOL,ether,9.31314
M,oxidation,uncertainty,17,7,SN,nitrile,11.6036
M,oxidation,uncertainty,17,8,TMP,phosphate,10.0568
M,oxidation,uncertainty,17,9,FEC,cyclic_carbonate,11.3226
M,oxidation,uncertainty,17,10,AN,nitrile,12.1404
M,oxidation,uncertainty,17,11,SL,sulfone,9.79305
M,oxidation,uncertainty,17,12,GBL,ester,9.95154
M,oxidation,uncertainty,17,13,DEC,linear_carbonate,9.98433
M,oxidation,uncertainty,17,14,VC,cyclic_carbonate,9.61883
M,oxidation,uncertainty,17,15,EA,ester,10.0028
M,oxidation,uncertainty,17,16,MA,ester,10.202
M,oxidation,uncertainty,17,17,EMC,linear_carbonate,10.2016
M,oxidation,ranking_aware,17,0,EC,cyclic_carbonate,10.7691
M,oxidation,ranking_aware,17,1,PC,cyclic_carbonate,10.5388
M,oxidation,ranking_aware,17,2,DME,ether,8.85602
M,oxidation,ranking_aware,17,3,DMSO,sulfoxide,8.81417
M,oxidation,ranking_aware,17,4,FEC,cyclic_carbonate,11.3226
M,oxidation,ranking_aware,17,5,VC,cyclic_carbonate,9.61883
M,oxidation,ranking_aware,17,6,DMC,linear_carbonate,10.5799
M,oxidation,ranking_aware,17,7,EA,ester,10.0028
M,oxidation,ranking_aware,17,8,MA,ester,10.202
M,oxidation,ranking_aware,17,9,AN,nitrile,12.1404
M,oxidation,ranking_aware,17,10,TMP,phosphate,10.0568
M,oxidation,ranking_aware,17,11,SN,nitrile,11.6036
M,oxidation,ranking_aware,17,12,TEGDME,ether,7.59532
M,oxidation,ranking_aware,17,13,DEC,linear_carbonate,9.98433
M,oxidation,ranking_aware,17,14,DOL,ether,9.31314
M,oxidation,ranking_aware,17,15,SL,sulfone,9.79305
M,oxidation,ranking_aware,17,16,EMC,linear_carbonate,10.2016
M,oxidation,ranking_aware,17,17,GBL,ester,9.95154
M,oxidation,random,18,0,DMC,linear_carbonate,10.5799
M,oxidation,random,18,1,EC,cyclic_carbonate,10.7691
M,oxidation,random,18,2,DME,ether,8.85602
M,oxidation,random,18,3,AN,nitrile,12.1404
M,oxidation,random,18,4,DOL,ether,9.31314
M,oxidation,random,18,5,EMC,linear_carbonate,10.2016
M,oxidation,random,18,6,MA,ester,10.202
M,oxidation,random,18,7,VC,cyclic_carbonate,9.61883
M,oxidation,random,18,8,DEC,linear_carbonate,9.98433
M,oxidation,random,18,9,TMP,phosphate,10.0568
M,oxidation,random,18,10,SN,nitrile,11.6036
M,oxidation,random,18,11,EA,ester,10.0028
M,oxidation,random,18,12,GBL,ester,9.95154
M,oxidation,random,18,13,DMSO,sulfoxide,8.81417
M,oxidation,random,18,14,SL,sulfone,9.79305
M,oxidation,random,18,15,FEC,cyclic_carbonate,11.3226
M,oxidation,random,18,16,PC,cyclic_carbonate,10.5388
M,oxidation,random,18,17,TEGDME,ether,7.59532
M,oxidation,diversity,18,0,DMC,linear_carbonate,10.5799
M,oxidation,diversity,18,1,EC,cyclic_carbonate,10.7691
M,oxidation,diversity,18,2,DME,ether,8.85602
M,oxidation,diversity,18,3,AN,nitrile,12.1404
M,oxidation,diversity,18,4,TEGDME,ether,7.59532
M,oxidation,diversity,18,5,SN,nitrile,11.6036
M,oxidation,diversity,18,6,DOL,ether,9.31314
M,oxidation,diversity,18,7,TMP,phosphate,10.0568
M,oxidation,diversity,18,8,SL,sulfone,9.79305
M,oxidation,diversity,18,9,DMSO,sulfoxide,8.81417
M,oxidation,diversity,18,10,EA,ester,10.0028
M,oxidation,diversity,18,11,GBL,ester,9.95154
M,oxidation,diversity,18,12,FEC,cyclic_carbonate,11.3226
M,oxidation,diversity,18,13,DEC,linear_carbonate,9.98433
M,oxidation,diversity,18,14,VC,cyclic_carbonate,9.61883
M,oxidation,diversity,18,15,MA,ester,10.202
M,oxidation,diversity,18,16,EMC,linear_carbonate,10.2016
M,oxidation,diversity,18,17,PC,cyclic_carbonate,10.5388
M,oxidation,uncertainty,18,0,DMC,linear_carbonate,10.5799
M,oxidation,uncertainty,18,1,EC,cyclic_carbonate,10.7691
M,oxidation,uncertainty,18,2,DME,ether,8.85602
M,oxidation,uncertainty,18,3,AN,nitrile,12.1404
M,oxidation,uncertainty,18,4,TEGDME,ether,7.59532
M,oxidation,uncertainty,18,5,DOL,ether,9.31314
M,oxidation,uncertainty,18,6,DMSO,sulfoxide,8.81417
M,oxidation,uncertainty,18,7,TMP,phosphate,10.0568
M,oxidation,uncertainty,18,8,SL,sulfone,9.79305
M,oxidation,uncertainty,18,9,SN,nitrile,11.6036
M,oxidation,uncertainty,18,10,EA,ester,10.0028
M,oxidation,uncertainty,18,11,GBL,ester,9.95154
M,oxidation,uncertainty,18,12,FEC,cyclic_carbonate,11.3226
M,oxidation,uncertainty,18,13,DEC,linear_carbonate,9.98433
M,oxidation,uncertainty,18,14,VC,cyclic_carbonate,9.61883
M,oxidation,uncertainty,18,15,MA,ester,10.202
M,oxidation,uncertainty,18,16,PC,cyclic_carbonate,10.5388
M,oxidation,uncertainty,18,17,EMC,linear_carbonate,10.2016
M,oxidation,ranking_aware,18,0,DMC,linear_carbonate,10.5799
M,oxidation,ranking_aware,18,1,EC,cyclic_carbonate,10.7691
M,oxidation,ranking_aware,18,2,DME,ether,8.85602
M,oxidation,ranking_aware,18,3,AN,nitrile,12.1404
M,oxidation,ranking_aware,18,4,GBL,ester,9.95154
M,oxidation,ranking_aware,18,5,DMSO,sulfoxide,8.81417
M,oxidation,ranking_aware,18,6,SL,sulfone,9.79305
M,oxidation,ranking_aware,18,7,DOL,ether,9.31314
M,oxidation,ranking_aware,18,8,VC,cyclic_carbonate,9.61883
M,oxidation,ranking_aware,18,9,MA,ester,10.202
M,oxidation,ranking_aware,18,10,DEC,linear_carbonate,9.98433
M,oxidation,ranking_aware,18,11,PC,cyclic_carbonate,10.5388
M,oxidation,ranking_aware,18,12,FEC,cyclic_carbonate,11.3226
M,oxidation,ranking_aware,18,13,SN,nitrile,11.6036
M,oxidation,ranking_aware,18,14,TMP,phosphate,10.0568
M,oxidation,ranking_aware,18,15,EMC,linear_carbonate,10.2016
M,oxidation,ranking_aware,18,16,TEGDME,ether,7.59532
M,oxidation,ranking_aware,18,17,EA,ester,10.0028
M,oxidation,random,19,0,EMC,linear_carbonate,10.2016
M,oxidation,random,19,1,DMSO,sulfoxide,8.81417
M,oxidation,random,19,2,TMP,phosphate,10.0568
M,oxidation,random,19,3,SN,nitrile,11.6036
M,oxidation,random,19,4,DOL,ether,9.31314
M,oxidation,random,19,5,PC,cyclic_carbonate,10.5388
M,oxidation,random,19,6,EC,cyclic_carbonate,10.7691
M,oxidation,random,19,7,DME,ether,8.85602
M,oxidation,random,19,8,DEC,linear_carbonate,9.98433
M,oxidation,random,19,9,GBL,ester,9.95154
M,oxidation,random,19,10,MA,ester,10.202
M,oxidation,random,19,11,VC,cyclic_carbonate,9.61883
M,oxidation,random,19,12,SL,sulfone,9.79305
M,oxidation,random,19,13,AN,nitrile,12.1404
M,oxidation,random,19,14,FEC,cyclic_carbonate,11.3226
M,oxidation,random,19,15,TEGDME,ether,7.59532
M,oxidation,random,19,16,EA,ester,10.0028
M,oxidation,random,19,17,DMC,linear_carbonate,10.5799
M,oxidation,diversity,19,0,EMC,linear_carbonate,10.2016
M,oxidation,diversity,19,1,DMSO,sulfoxide,8.81417
M,oxidation,diversity,19,2,TMP,phosphate,10.0568
M,oxidation,diversity,19,3,SN,nitrile,11.6036
M,oxidation,diversity,19,4,TEGDME,ether,7.59532
M,oxidation,diversity,19,5,DOL,ether,9.31314
M,oxidation,diversity,19,6,FEC,cyclic_carbonate,11.3226
M,oxidation,diversity,19,7,SL,sulfone,9.79305
M,oxidation,diversity,19,8,DME,ether,8.85602
M,oxidation,diversity,19,9,VC,cyclic_carbonate,9.61883
M,oxidation,diversity,19,10,AN,nitrile,12.1404
M,oxidation,diversity,19,11,EA,ester,10.0028
M,oxidation,diversity,19,12,GBL,ester,9.95154
M,oxidation,diversity,19,13,PC,cyclic_carbonate,10.5388
M,oxidation,diversity,19,14,MA,ester,10.202
M,oxidation,diversity,19,15,DEC,linear_carbonate,9.98433
M,oxidation,diversity,19,16,DMC,linear_carbonate,10.5799
M,oxidation,diversity,19,17,EC,cyclic_carbonate,10.7691
M,oxidation,uncertainty,19,0,EMC,linear_carbonate,10.2016
M,oxidation,uncertainty,19,1,DMSO,sulfoxide,8.81417
M,oxidation,uncertainty,19,2,TMP,phosphate,10.0568
M,oxidation,uncertainty,19,3,SN,nitrile,11.6036
M,oxidation,uncertainty,19,4,TEGDME,ether,7.59532
M,oxidation,uncertainty,19,5,DME,ether,8.85602
M,oxidation,uncertainty,19,6,FEC,cyclic_carbonate,11.3226
M,oxidation,uncertainty,19,7,DOL,ether,9.31314
M,oxidation,uncertainty,19,8,SL,sulfone,9.79305
M,oxidation,uncertainty,19,9,EC,cyclic_carbonate,10.7691
M,oxidation,uncertainty,19,10,AN,nitrile,12.1404
M,oxidation,uncertainty,19,11,GBL,ester,9.95154
M,oxidation,uncertainty,19,12,EA,ester,10.0028
M,oxidation,uncertainty,19,13,VC,cyclic_carbonate,9.61883
M,oxidation,uncertainty,19,14,MA,ester,10.202
M,oxidation,uncertainty,19,15,PC,cyclic_carbonate,10.5388
M,oxidation,uncertainty,19,16,DEC,linear_carbonate,9.98433
M,oxidation,uncertainty,19,17,DMC,linear_carbonate,10.5799
M,oxidation,ranking_aware,19,0,EMC,linear_carbonate,10.2016
M,oxidation,ranking_aware,19,1,DMSO,sulfoxide,8.81417
M,oxidation,ranking_aware,19,2,TMP,phosphate,10.0568
M,oxidation,ranking_aware,19,3,SN,nitrile,11.6036
M,oxidation,ranking_aware,19,4,VC,cyclic_carbonate,9.61883
M,oxidation,ranking_aware,19,5,GBL,ester,9.95154
M,oxidation,ranking_aware,19,6,AN,nitrile,12.1404
M,oxidation,ranking_aware,19,7,DOL,ether,9.31314
M,oxidation,ranking_aware,19,8,DME,ether,8.85602
M,oxidation,ranking_aware,19,9,DMC,linear_carbonate,10.5799
M,oxidation,ranking_aware,19,10,MA,ester,10.202
M,oxidation,ranking_aware,19,11,TEGDME,ether,7.59532
M,oxidation,ranking_aware,19,12,EC,cyclic_carbonate,10.7691
M,oxidation,ranking_aware,19,13,FEC,cyclic_carbonate,11.3226
M,oxidation,ranking_aware,19,14,PC,cyclic_carbonate,10.5388
M,oxidation,ranking_aware,19,15,SL,sulfone,9.79305
M,oxidation,ranking_aware,19,16,DEC,linear_carbonate,9.98433
M,oxidation,ranking_aware,19,17,EA,ester,10.0028
M,reduction,random,0,0,DMC,linear_carbonate,3.46463
M,reduction,random,0,1,DEC,linear_carbonate,3.36907
M,reduction,random,0,2,DME,ether,3.72927
M,reduction,random,0,3,SL,sulfone,2.97769
M,reduction,random,0,4,DOL,ether,4.08707
M,reduction,random,0,5,FEC,cyclic_carbonate,2.55635
M,reduction,random,0,6,SN,nitrile,1.8543
M,reduction,random,0,7,MA,ester,2.73615
M,reduction,random,0,8,GBL,ester,2.57924
M,reduction,random,0,9,EMC,linear_carbonate,3.31697
M,reduction,random,0,10,DMSO,sulfoxide,2.77929
M,reduction,random,0,11,VC,cyclic_carbonate,1.98927
M,reduction,random,0,12,EA,ester,2.73655
M,reduction,random,0,13,TEGDME,ether,2.86848
M,reduction,random,0,14,PC,cyclic_carbonate,2.88574
M,reduction,random,0,15,EC,cyclic_carbonate,2.59026
M,reduction,random,0,16,AN,nitrile,3.19638
M,reduction,random,0,17,TMP,phosphate,2.91314
M,reduction,diversity,0,0,DMC,linear_carbonate,3.46463
M,reduction,diversity,0,1,DEC,linear_carbonate,3.36907
M,reduction,diversity,0,2,DME,ether,3.72927
M,reduction,diversity,0,3,SL,sulfone,2.97769
M,reduction,diversity,0,4,TEGDME,ether,2.86848
M,reduction,diversity,0,5,DMSO,sulfoxide,2.77929
M,reduction,diversity,0,6,FEC,cyclic_carbonate,2.55635
M,reduction,diversity,0,7,SN,nitrile,1.8543
M,reduction,diversity,0,8,DOL,ether,4.08707
M,reduction,diversity,0,9,TMP,phosphate,2.91314
M,reduction,diversity,0,10,VC,cyclic_carbonate,1.98927
M,reduction,diversity,0,11,AN,nitrile,3.19638
M,reduction,diversity,0,12,EA,ester,2.73655
M,reduction,diversity,0,13,GBL,ester,2.57924
M,reduction,diversity,0,14,PC,cyclic_carbonate,2.88574
M,reduction,diversity,0,15,MA,ester,2.73615
M,reduction,diversity,0,16,EMC,linear_carbonate,3.31697
M,reduction,diversity,0,17,EC,cyclic_carbonate,2.59026
M,reduction,uncertainty,0,0,DMC,linear_carbonate,3.46463
M,reduction,uncertainty,0,1,DEC,linear_carbonate,3.36907
M,reduction,uncertainty,0,2,DME,ether,3.72927
M,reduction,uncertainty,0,3,SL,sulfone,2.97769
M,reduction,uncertainty,0,4,TEGDME,ether,2.86848
M,reduction,uncertainty,0,5,DMSO,sulfoxide,2.77929
M,reduction,uncertainty,0,6,FEC,cyclic_carbonate,2.55635
M,reduction,uncertainty,0,7,SN,nitrile,1.8543
M,reduction,uncertainty,0,8,DOL,ether,4.08707
M,reduction,uncertainty,0,9,TMP,phosphate,2.91314
M,reduction,uncertainty,0,10,EC,cyclic_carbonate,2.59026
M,reduction,uncertainty,0,11,AN,nitrile,3.19638
M,reduction,uncertainty,0,12,GBL,ester,2.57924
M,reduction,uncertainty,0,13,VC,cyclic_carbonate,1.98927
M,reduction,uncertainty,0,14,EA,ester,2.73655
M,reduction,uncertainty,0,15,PC,cyclic_carbonate,2.88574
M,reduction,uncertainty,0,16,MA,ester,2.73615
M,reduction,uncertainty,0,17,EMC,linear_carbonate,3.31697
M,reduction,ranking_aware,0,0,DMC,linear_carbonate,3.46463
M,reduction,ranking_aware,0,1,DEC,linear_carbonate,3.36907
M,reduction,ranking_aware,0,2,DME,ether,3.72927
M,reduction,ranking_aware,0,3,SL,sulfone,2.97769
M,reduction,ranking_aware,0,4,AN,nitrile,3.19638
M,reduction,ranking_aware,0,5,DMSO,sulfoxide,2.77929
M,reduction,ranking_aware,0,6,EMC,linear_carbonate,3.31697
M,reduction,ranking_aware,0,7,TMP,phosphate,2.91314
M,reduction,ranking_aware,0,8,DOL,ether,4.08707
M,reduction,ranking_aware,0,9,TEGDME,ether,2.86848
M,reduction,ranking_aware,0,10,FEC,cyclic_carbonate,2.55635
M,reduction,ranking_aware,0,11,SN,nitrile,1.8543
M,reduction,ranking_aware,0,12,MA,ester,2.73615
M,reduction,ranking_aware,0,13,GBL,ester,2.57924
M,reduction,ranking_aware,0,14,EC,cyclic_carbonate,2.59026
M,reduction,ranking_aware,0,15,PC,cyclic_carbonate,2.88574
M,reduction,ranking_aware,0,16,VC,cyclic_carbonate,1.98927
M,reduction,ranking_aware,0,17,EA,ester,2.73655
M,reduction,random,1,0,VC,cyclic_carbonate,1.98927
M,reduction,random,1,1,DME,ether,3.72927
M,reduction,random,1,2,DOL,ether,4.08707
M,reduction,random,1,3,TEGDME,ether,2.86848
M,reduction,random,1,4,DMSO,sulfoxide,2.77929
M,reduction,random,1,5,DMC,linear_carbonate,3.46463
M,reduction,random,1,6,EC,cyclic_carbonate,2.59026
M,reduction,random,1,7,EMC,linear_carbonate,3.31697
M,reduction,random,1,8,EA,ester,2.73655
M,reduction,random,1,9,SL,sulfone,2.97769
M,reduction,random,1,10,FEC,cyclic_carbonate,2.55635
M,reduction,random,1,11,SN,nitrile,1.8543
M,reduction,random,1,12,TMP,phosphate,2.91314
M,reduction,random,1,13,DEC,linear_carbonate,3.36907
M,reduction,random,1,14,MA,ester,2.73615
M,reduction,random,1,15,PC,cyclic_carbonate,2.88574
M,reduction,random,1,16,GBL,ester,2.57924
M,reduction,random,1,17,AN,nitrile,3.19638
M,reduction,diversity,1,0,VC,cyclic_carbonate,1.98927
M,reduction,diversity,1,1,DME,ether,3.72927
M,reduction,diversity,1,2,DOL,ether,4.08707
M,reduction,diversity,1,3,TEGDME,ether,2.86848
M,reduction,diversity,1,4,TMP,phosphate,2.91314
M,reduction,diversity,1,5,DMSO,sulfoxide,2.77929
M,reduction,diversity,1,6,DMC,linear_carbonate,3.46463
M,reduction,diversity,1,7,SN,nitrile,1.8543
M,reduction,diversity,1,8,SL,sulfone,2.97769
M,reduction,diversity,1,9,AN,nitrile,3.19638
M,reduction,diversity,1,10,FEC,cyclic_carbonate,2.55635
M,reduction,diversity,1,11,EA,ester,2.73655
M,reduction,diversity,1,12,GBL,ester,2.57924
M,reduction,diversity,1,13,DEC,linear_carbonate,3.36907
M,reduction,diversity,1,14,PC,cyclic_carbonate,2.88574
M,reduction,diversity,1,15,MA,ester,2.73615
M,reduction,diversity,1,16,EMC,linear_carbonate,3.31697
M,reduction,diversity,1,17,EC,cyclic_carbonate,2.59026
M,reduction,uncertainty,1,0,VC,cyclic_carbonate,1.98927
M,reduction,uncertainty,1,1,DME,ether,3.72927
M,reduction,uncertainty,1,2,DOL,ether,4.08707
M,reduction,uncertainty,1,3,TEGDME,ether,2.86848
M,reduction,uncertainty,1,4,DMC,linear_carbonate,3.46463
M,reduction,uncertainty,1,5,DMSO,sulfoxide,2.77929
M,reduction,uncertainty,1,6,TMP,phosphate,2.91314
M,reduction,uncertainty,1,7,SN,nitrile,1.8543
M,reduction,uncertainty,1,8,FEC,cyclic_carbonate,2.55635
M,reduction,uncertainty,1,9,SL,sulfone,2.97769
M,reduction,uncertainty,1,10,AN,nitrile,3.19638
M,reduction,uncertainty,1,11,GBL,ester,2.57924
M,reduction,uncertainty,1,12,DEC,linear_carbonate,3.36907
M,reduction,uncertainty,1,13,EC,cyclic_carbonate,2.59026
M,reduction,uncertainty,1,14,EA,ester,2.73655
M,reduction,uncertainty,1,15,PC,cyclic_carbonate,2.88574
M,reduction,uncertainty,1,16,MA,ester,2.73615
M,reduction,uncertainty,1,17,EMC,linear_carbonate,3.31697
M,reduction,ranking_aware,1,0,VC,cyclic_carbonate,1.98927
M,reduction,ranking_aware,1,1,DME,ether,3.72927
M,reduction,ranking_aware,1,2,DOL,ether,4.08707
M,reduction,ranking_aware,1,3,TEGDME,ether,2.86848
M,reduction,ranking_aware,1,4,TMP,phosphate,2.91314
M,reduction,ranking_aware,1,5,DMSO,sulfoxide,2.77929
M,reduction,ranking_aware,1,6,AN,nitrile,3.19638
M,reduction,ranking_aware,1,7,MA,ester,2.73615
M,reduction,ranking_aware,1,8,DMC,linear_carbonate,3.46463
M,reduction,ranking_aware,1,9,EMC,linear_carbonate,3.31697
M,reduction,ranking_aware,1,10,SN,nitrile,1.8543
M,reduction,ranking_aware,1,11,FEC,cyclic_carbonate,2.55635
M,reduction,ranking_aware,1,12,SL,sulfone,2.97769
M,reduction,ranking_aware,1,13,GBL,ester,2.57924
M,reduction,ranking_aware,1,14,DEC,linear_carbonate,3.36907
M,reduction,ranking_aware,1,15,EC,cyclic_carbonate,2.59026
M,reduction,ranking_aware,1,16,PC,cyclic_carbonate,2.88574
M,reduction,ranking_aware,1,17,EA,ester,2.73655
M,reduction,random,2,0,EMC,linear_carbonate,3.31697
M,reduction,random,2,1,VC,cyclic_carbonate,1.98927
M,reduction,random,2,2,DMSO,sulfoxide,2.77929
M,reduction,random,2,3,SN,nitrile,1.8543
M,reduction,random,2,4,DOL,ether,4.08707
M,reduction,random,2,5,SL,sulfone,2.97769
M,reduction,random,2,6,DMC,linear_carbonate,3.46463
M,reduction,random,2,7,DME,ether,3.72927
M,reduction,random,2,8,MA,ester,2.73615
M,reduction,random,2,9,DEC,linear_carbonate,3.36907
M,reduction,random,2,10,PC,cyclic_carbonate,2.88574
M,reduction,random,2,11,TMP,phosphate,2.91314
M,reduction,random,2,12,EC,cyclic_carbonate,2.59026
M,reduction,random,2,13,TEGDME,ether,2.86848
M,reduction,random,2,14,AN,nitrile,3.19638
M,reduction,random,2,15,FEC,cyclic_carbonate,2.55635
M,reduction,random,2,16,GBL,ester,2.57924
M,reduction,random,2,17,EA,ester,2.73655
M,reduction,diversity,2,0,EMC,linear_carbonate,3.31697
M,reduction,diversity,2,1,VC,cyclic_carbonate,1.98927
M,reduction,diversity,2,2,DMSO,sulfoxide,2.77929
M,reduction,diversity,2,3,SN,nitrile,1.8543
M,reduction,diversity,2,4,TEGDME,ether,2.86848
M,reduction,diversity,2,5,DOL,ether,4.08707
M,reduction,diversity,2,6,TMP,phosphate,2.91314
M,reduction,diversity,2,7,DME,ether,3.72927
M,reduction,diversity,2,8,SL,sulfone,2.97769
M,reduction,diversity,2,9,AN,nitrile,3.19638
M,reduction,diversity,2,10,FEC,cyclic_carbonate,2.55635
M,reduction,diversity,2,11,EA,ester,2.73655
M,reduction,diversity,2,12,GBL,ester,2.57924
M,reduction,diversity,2,13,PC,cyclic_carbonate,2.88574
M,reduction,diversity,2,14,MA,ester,2.73615
M,reduction,diversity,2,15,DEC,linear_carbonate,3.36907
M,reduction,diversity,2,16,DMC,linear_carbonate,3.46463
M,reduction,diversity,2,17,EC,cyclic_carbonate,2.59026
M,reduction,uncertainty,2,0,EMC,linear_carbonate,3.31697
M,reduction,uncertainty,2,1,VC,cyclic_carbonate,1.98927
M,reduction,uncertainty,2,2,DMSO,sulfoxide,2.77929
M,reduction,uncertainty,2,3,SN,nitrile,1.8543
M,reduction,uncertainty,2,4,DME,ether,3.72927
M,reduction,uncertainty,2,5,TEGDME,ether,2.86848
M,reduction,uncertainty,2,6,DOL,ether,4.08707
M,reduction,uncertainty,2,7,FEC,cyclic_carbonate,2.55635
M,reduction,uncertainty,2,8,TMP,phosphate,2.91314
M,reduction,uncertainty,2,9,SL,sulfone,2.97769
M,reduction,uncertainty,2,10,AN,nitrile,3.19638
M,reduction,uncertainty,2,11,GBL,ester,2.57924
M,reduction,uncertainty,2,12,EC,cyclic_carbonate,2.59026
M,reduction,uncertainty,2,13,EA,ester,2.73655
M,reduction,uncertainty,2,14,DMC,linear_carbonate,3.46463
M,reduction,uncertainty,2,15,PC,cyclic_carbonate,2.88574
M,reduction,uncertainty,2,16,DEC,linear_carbonate,3.36907
M,reduction,uncertainty,2,17,MA,ester,2.73615
M,reduction,ranking_aware,2,0,EMC,linear_carbonate,3.31697
M,reduction,ranking_aware,2,1,VC,cyclic_carbonate,1.98927
M,reduction,ranking_aware,2,2,DMSO,sulfoxide,2.77929
M,reduction,ranking_aware,2,3,SN,nitrile,1.8543
M,reduction,ranking_aware,2,4,DEC,linear_carbonate,3.36907
M,reduction,ranking_aware,2,5,AN,nitrile,3.19638
M,reduction,ranking_aware,2,6,DMC,linear_carbonate,3.46463
M,reduction,ranking_aware,2,7,DME,ether,3.72927
M,reduction,ranking_aware,2,8,TMP,phosphate,2.91314
M,reduction,ranking_aware,2,9,DOL,ether,4.08707
M,reduction,ranking_aware,2,10,TEGDME,ether,2.86848
M,reduction,ranking_aware,2,11,MA,ester,2.73615
M,reduction,ranking_aware,2,12,FEC,cyclic_carbonate,2.55635
M,reduction,ranking_aware,2,13,SL,sulfone,2.97769
M,reduction,ranking_aware,2,14,GBL,ester,2.57924
M,reduction,ranking_aware,2,15,EC,cyclic_carbonate,2.59026
M,reduction,ranking_aware,2,16,PC,cyclic_carbonate,2.88574
M,reduction,ranking_aware,2,17,EA,ester,2.73655
M,reduction,random,3,0,FEC,cyclic_carbonate,2.55635
M,reduction,random,3,1,EA,ester,2.73655
M,reduction,random,3,2,SL,sulfone,2.97769
M,reduction,random,3,3,TMP,phosphate,2.91314
M,reduction,random,3,4,GBL,ester,2.57924
M,reduction,random,3,5,EMC,linear_carbonate,3.31697
M,reduction,random,3,6,AN,nitrile,3.19638
M,reduction,random,3,7,DMSO,sulfoxide,2.77929
M,reduction,random,3,8,DEC,linear_carbonate,3.36907
M,reduction,random,3,9,SN,nitrile,1.8543
M,reduction,random,3,10,PC,cyclic_carbonate,2.88574
M,reduction,random,3,11,VC,cyclic_carbonate,1.98927
M,reduction,random,3,12,EC,cyclic_carbonate,2.59026
M,reduction,random,3,13,DOL,ether,4.08707
M,reduction,random,3,14,DMC,linear_carbonate,3.46463
M,reduction,random,3,15,DME,ether,3.72927
M,reduction,random,3,16,MA,ester,2.73615
M,reduction,random,3,17,TEGDME,ether,2.86848
M,reduction,diversity,3,0,FEC,cyclic_carbonate,2.55635
M,reduction,diversity,3,1,EA,ester,2.73655
M,reduction,diversity,3,2,SL,sulfone,2.97769
M,reduction,diversity,3,3,TMP,phosphate,2.91314
M,reduction,diversity,3,4,TEGDME,ether,2.86848
M,reduction,diversity,3,5,DME,ether,3.72927
M,reduction,diversity,3,6,SN,nitrile,1.8543
M,reduction,diversity,3,7,DOL,ether,4.08707
M,reduction,diversity,3,8,EC,cyclic_carbonate,2.59026
M,reduction,diversity,3,9,AN,nitrile,3.19638
M,reduction,diversity,3,10,DMSO,sulfoxide,2.77929
M,reduction,diversity,3,11,DEC,linear_carbonate,3.36907
M,reduction,diversity,3,12,GBL,ester,2.57924
M,reduction,diversity,3,13,DMC,linear_carbonate,3.46463
M,reduction,diversity,3,14,VC,cyclic_carbonate,1.98927
M,reduction,diversity,3,15,MA,ester,2.73615
M,reduction,diversity,3,16,EMC,linear_carbonate,3.31697
M,reduction,diversity,3,17,PC,cyclic_carbonate,2.88574
M,reduction,uncertainty,3,0,FEC,cyclic_carbonate,2.55635
M,reduction,uncertainty,3,1,EA,ester,2.73655
M,reduction,uncertainty,3,2,SL,sulfone,2.97769
M,reduction,uncertainty,3,3,TMP,phosphate,2.91314
M,reduction,uncertainty,3,4,DME,ether,3.72927
M,reduction,uncertainty,3,5,TEGDME,ether,2.86848
M,reduction,uncertainty,3,6,SN,nitrile,1.8543
M,reduction,uncertainty,3,7,DOL,ether,4.08707
M,reduction,uncertainty,3,8,AN,nitrile,3.19638
M,reduction,uncertainty,3,9,EC,cyclic_carbonate,2.59026
M,reduction,uncertainty,3,10,DMSO,sulfoxide,2.77929
M,reduction,uncertainty,3,11,DMC,linear_carbonate,3.46463
M,reduction,uncertainty,3,12,GBL,ester,2.57924
M,reduction,uncertainty,3,13,DEC,linear_carbonate,3.36907
M,reduction,uncertainty,3,14,VC,cyclic_carbonate,1.98927
M,reduction,uncertainty,3,15,PC,cyclic_carbonate,2.88574
M,reduction,uncertainty,3,16,MA,ester,2.73615
M,reduction,uncertainty,3,17,EMC,linear_carbonate,3.31697
M,reduction,ranking_aware,3,0,FEC,cyclic_carbonate,2.55635
M,reduction,ranking_aware,3,1,EA,ester,2.73655
M,reduction,ranking_aware,3,2,SL,sulfone,2.97769
M,reduction,ranking_aware,3,3,TMP,phosphate,2.91314
M,reduction,ranking_aware,3,4,DME,ether,3.72927
M,reduction,ranking_aware,3,5,DMC,linear_carbonate,3.46463
M,reduction,ranking_aware,3,6,AN,nitrile,3.19638
M,reduction,ranking_aware,3,7,SN,nitrile,1.8543
M,reduction,ranking_aware,3,8,VC,cyclic_carbonate,1.98927
M,reduction,ranking_aware,3,9,EMC,linear_carbonate,3.31697
M,reduction,ranking_aware,3,10,DOL,ether,4.08707
M,reduction,ranking_aware,3,11,TEGDME,ether,2.86848
M,reduction,ranking_aware,3,12,DMSO,sulfoxide,2.77929
M,reduction,ranking_aware,3,13,DEC,linear_carbonate,3.36907
M,reduction,ranking_aware,3,14,PC,cyclic_carbonate,2.88574
M,reduction,ranking_aware,3,15,GBL,ester,2.57924
M,reduction,ranking_aware,3,16,MA,ester,2.73615
M,reduction,ranking_aware,3,17,EC,cyclic_carbonate,2.59026
M,reduction,random,4,0,PC,cyclic_carbonate,2.88574
M,reduction,random,4,1,FEC,cyclic_carbonate,2.55635
M,reduction,random,4,2,DME,ether,3.72927
M,reduction,random,4,3,DOL,ether,4.08707
M,reduction,random,4,4,MA,ester,2.73615
M,reduction,random,4,5,AN,nitrile,3.19638
M,reduction,random,4,6,DMSO,sulfoxide,2.77929
M,reduction,random,4,7,EC,cyclic_carbonate,2.59026
M,reduction,random,4,8,GBL,ester,2.57924
M,reduction,random,4,9,DMC,linear_carbonate,3.46463
M,reduction,random,4,10,DEC,linear_carbonate,3.36907
M,reduction,random,4,11,SN,nitrile,1.8543
M,reduction,random,4,12,EA,ester,2.73655
M,reduction,random,4,13,EMC,linear_carbonate,3.31697
M,reduction,random,4,14,TMP,phosphate,2.91314
M,reduction,random,4,15,VC,cyclic_carbonate,1.98927
M,reduction,random,4,16,SL,sulfone,2.97769
M,reduction,random,4,17,TEGDME,ether,2.86848
M,reduction,diversity,4,0,PC,cyclic_carbonate,2.88574
M,reduction,diversity,4,1,FEC,cyclic_carbonate,2.55635
M,reduction,diversity,4,2,DME,ether,3.72927
M,reduction,diversity,4,3,DOL,ether,4.08707
M,reduction,diversity,4,4,TEGDME,ether,2.86848
M,reduction,diversity,4,5,TMP,phosphate,2.91314
M,reduction,diversity,4,6,DMSO,sulfoxide,2.77929
M,reduction,diversity,4,7,DMC,linear_carbonate,3.46463
M,reduction,diversity,4,8,SN,nitrile,1.8543
M,reduction,diversity,4,9,AN,nitrile,3.19638
M,reduction,diversity,4,10,EA,ester,2.73655
M,reduction,diversity,4,11,SL,sulfone,2.97769
M,reduction,diversity,4,12,GBL,ester,2.57924
M,reduction,diversity,4,13,DEC,linear_carbonate,3.36907
M,reduction,diversity,4,14,VC,cyclic_carbonate,1.98927
M,reduction,diversity,4,15,MA,ester,2.73615
M,reduction,diversity,4,16,EMC,linear_carbonate,3.31697
M,reduction,diversity,4,17,EC,cyclic_carbonate,2.59026
M,reduction,uncertainty,4,0,PC,cyclic_carbonate,2.88574
M,reduction,uncertainty,4,1,FEC,cyclic_carbonate,2.55635
M,reduction,uncertainty,4,2,DME,ether,3.72927
M,reduction,uncertainty,4,3,DOL,ether,4.08707
M,reduction,uncertainty,4,4,TEGDME,ether,2.86848
M,reduction,uncertainty,4,5,DMSO,sulfoxide,2.77929
M,reduction,uncertainty,4,6,TMP,phosphate,2.91314
M,reduction,uncertainty,4,7,DMC,linear_carbonate,3.46463
M,reduction,uncertainty,4,8,SN,nitrile,1.8543
M,reduction,uncertainty,4,9,AN,nitrile,3.19638
M,reduction,uncertainty,4,10,SL,sulfone,2.97769
M,reduction,uncertainty,4,11,GBL,ester,2.57924
M,reduction,uncertainty,4,12,EA,ester,2.73655
M,reduction,uncertainty,4,13,DEC,linear_carbonate,3.36907
M,reduction,uncertainty,4,14,VC,cyclic_carbonate,1.98927
M,reduction,uncertainty,4,15,EC,cyclic_carbonate,2.59026
M,reduction,uncertainty,4,16,MA,ester,2.73615
M,reduction,uncertainty,4,17,EMC,linear_carbonate,3.31697
M,reduction,ranking_aware,4,0,PC,cyclic_carbonate,2.88574
M,reduction,ranking_aware,4,1,FEC,cyclic_carbonate,2.55635
M,reduction,ranking_aware,4,2,DME,ether,3.72927
M,reduction,ranking_aware,4,3,DOL,ether,4.08707
M,reduction,ranking_aware,4,4,MA,ester,2.73615
M,reduction,ranking_aware,4,5,TEGDME,ether,2.86848
M,reduction,ranking_aware,4,6,TMP,phosphate,2.91314
M,reduction,ranking_aware,4,7,SL,sulfone,2.97769
M,reduction,ranking_aware,4,8,AN,nitrile,3.19638
M,reduction,ranking_aware,4,9,DMSO,sulfoxide,2.77929
M,reduction,ranking_aware,4,10,EC,cyclic_carbonate,2.59026
M,reduction,ranking_aware,4,11,DMC,linear_carbonate,3.46463
M,reduction,ranking_aware,4,12,EMC,linear_carbonate,3.31697
M,reduction,ranking_aware,4,13,DEC,linear_carbonate,3.36907
M,reduction,ranking_aware,4,14,SN,nitrile,1.8543
M,reduction,ranking_aware,4,15,GBL,ester,2.57924
M,reduction,ranking_aware,4,16,VC,cyclic_carbonate,1.98927
M,reduction,ranking_aware,4,17,EA,ester,2.73655
M,reduction,random,5,0,DME,ether,3.72927
M,reduction,random,5,1,TEGDME,ether,2.86848
M,reduction,random,5,2,SL,sulfone,2.97769
M,reduction,random,5,3,AN,nitrile,3.19638
M,reduction,random,5,4,DOL,ether,4.08707
M,reduction,random,5,5,DMSO,sulfoxide,2.77929
M,reduction,random,5,6,EMC,linear_carbonate,3.31697
M,reduction,random,5,7,PC,cyclic_carbonate,2.88574
M,reduction,random,5,8,VC,cyclic_carbonate,1.98927
M,reduction,random,5,9,MA,ester,2.73615
M,reduction,random,5,10,SN,nitrile,1.8543
M,reduction,random,5,11,DMC,linear_carbonate,3.46463
M,reduction,random,5,12,DEC,linear_carbonate,3.36907
M,reduction,random,5,13,EC,cyclic_carbonate,2.59026
M,reduction,random,5,14,TMP,phosphate,2.91314
M,reduction,random,5,15,FEC,cyclic_carbonate,2.55635
M,reduction,random,5,16,GBL,ester,2.57924
M,reduction,random,5,17,EA,ester,2.73655
M,reduction,diversity,5,0,DME,ether,3.72927
M,reduction,diversity,5,1,TEGDME,ether,2.86848
M,reduction,diversity,5,2,SL,sulfone,2.97769
M,reduction,diversity,5,3,AN,nitrile,3.19638
M,reduction,diversity,5,4,FEC,cyclic_carbonate,2.55635
M,reduction,diversity,5,5,TMP,phosphate,2.91314
M,reduction,diversity,5,6,SN,nitrile,1.8543
M,reduction,diversity,5,7,DMC,linear_carbonate,3.46463
M,reduction,diversity,5,8,DOL,ether,4.08707
M,reduction,diversity,5,9,VC,cyclic_carbonate,1.98927
M,reduction,diversity,5,10,DMSO,sulfoxide,2.77929
M,reduction,diversity,5,11,EA,ester,2.73655
M,reduction,diversity,5,12,GBL,ester,2.57924
M,reduction,diversity,5,13,DEC,linear_carbonate,3.36907
M,reduction,diversity,5,14,PC,cyclic_carbonate,2.88574
M,reduction,diversity,5,15,MA,ester,2.73615
M,reduction,diversity,5,16,EMC,linear_carbonate,3.31697
M,reduction,diversity,5,17,EC,cyclic_carbonate,2.59026
M,reduction,uncertainty,5,0,DME,ether,3.72927
M,reduction,uncertainty,5,1,TEGDME,ether,2.86848
M,reduction,uncertainty,5,2,SL,sulfone,2.97769
M,reduction,uncertainty,5,3,AN,nitrile,3.19638
M,reduction,uncertainty,5,4,FEC,cyclic_carbonate,2.55635
M,reduction,uncertainty,5,5,DEC,linear_carbonate,3.36907
M,reduction,uncertainty,5,6,SN,nitrile,1.8543
M,reduction,uncertainty,5,7,DOL,ether,4.08707
M,reduction,uncertainty,5,8,TMP,phosphate,2.91314
M,reduction,uncertainty,5,9,DMSO,sulfoxide,2.77929
M,reduction,uncertainty,5,10,EC,cyclic_carbonate,2.59026
M,reduction,uncertainty,5,11,DMC,linear_carbonate,3.46463
M,reduction,uncertainty,5,12,GBL,ester,2.57924
M,reduction,uncertainty,5,13,VC,cyclic_carbonate,1.98927
M,reduction,uncertainty,5,14,EA,ester,2.73655
M,reduction,uncertainty,5,15,PC,cyclic_carbonate,2.88574
M,reduction,uncertainty,5,16,MA,ester,2.73615
M,reduction,uncertainty,5,17,EMC,linear_carbonate,3.31697
M,reduction,ranking_aware,5,0,DME,ether,3.72927
M,reduction,ranking_aware,5,1,TEGDME,ether,2.86848
M,reduction,ranking_aware,5,2,SL,sulfone,2.97769
M,reduction,ranking_aware,5,3,AN,nitrile,3.19638
M,reduction,ranking_aware,5,4,DEC,linear_carbonate,3.36907
M,reduction,ranking_aware,5,5,DMSO,sulfoxide,2.77929
M,reduction,ranking_aware,5,6,EMC,linear_carbonate,3.31697
M,reduction,ranking_aware,5,7,DOL,ether,4.08707
M,reduction,ranking_aware,5,8,TMP,phosphate,2.91314
M,reduction,ranking_aware,5,9,FEC,cyclic_carbonate,2.55635
M,reduction,ranking_aware,5,10,SN,nitrile,1.8543
M,reduction,ranking_aware,5,11,MA,ester,2.73615
M,reduction,ranking_aware,5,12,DMC,linear_carbonate,3.46463
M,reduction,ranking_aware,5,13,GBL,ester,2.57924
M,reduction,ranking_aware,5,14,EC,cyclic_carbonate,2.59026
M,reduction,ranking_aware,5,15,PC,cyclic_carbonate,2.88574
M,reduction,ranking_aware,5,16,VC,cyclic_carbonate,1.98927
M,reduction,ranking_aware,5,17,EA,ester,2.73655
M,reduction,random,6,0,EMC,linear_carbonate,3.31697
M,reduction,random,6,1,DEC,linear_carbonate,3.36907
M,reduction,random,6,2,PC,cyclic_carbonate,2.88574
M,reduction,random,6,3,AN,nitrile,3.19638
M,reduction,random,6,4,SL,sulfone,2.97769
M,reduction,random,6,5,DME,ether,3.72927
M,reduction,random,6,6,EC,cyclic_carbonate,2.59026
M,reduction,random,6,7,FEC,cyclic_carbonate,2.55635
M,reduction,random,6,8,SN,nitrile,1.8543
M,reduction,random,6,9,MA,ester,2.73615
M,reduction,random,6,10,DMSO,sulfoxide,2.77929
M,reduction,random,6,11,DOL,ether,4.08707
M,reduction,random,6,12,GBL,ester,2.57924
M,reduction,random,6,13,VC,cyclic_carbonate,1.98927
M,reduction,random,6,14,TMP,phosphate,2.91314
M,reduction,random,6,15,EA,ester,2.73655
M,reduction,random,6,16,TEGDME,ether,2.86848
M,reduction,random,6,17,DMC,linear_carbonate,3.46463
M,reduction,diversity,6,0,EMC,linear_carbonate,3.31697
M,reduction,diversity,6,1,DEC,linear_carbonate,3.36907
M,reduction,diversity,6,2,PC,cyclic_carbonate,2.88574
M,reduction,diversity,6,3,AN,nitrile,3.19638
M,reduction,diversity,6,4,DME,ether,3.72927
M,reduction,diversity,6,5,TEGDME,ether,2.86848
M,reduction,diversity,6,6,SN,nitrile,1.8543
M,reduction,diversity,6,7,DOL,ether,4.08707
M,reduction,diversity,6,8,DMSO,sulfoxide,2.77929
M,reduction,diversity,6,9,TMP,phosphate,2.91314
M,reduction,diversity,6,10,SL,sulfone,2.97769
M,reduction,diversity,6,11,EA,ester,2.73655
M,reduction,diversity,6,12,GBL,ester,2.57924
M,reduction,diversity,6,13,FEC,cyclic_carbonate,2.55635
M,reduction,diversity,6,14,VC,cyclic_carbonate,1.98927
M,reduction,diversity,6,15,MA,ester,2.73615
M,reduction,diversity,6,16,DMC,linear_carbonate,3.46463
M,reduction,diversity,6,17,EC,cyclic_carbonate,2.59026
M,reduction,uncertainty,6,0,EMC,linear_carbonate,3.31697
M,reduction,uncertainty,6,1,DEC,linear_carbonate,3.36907
M,reduction,uncertainty,6,2,PC,cyclic_carbonate,2.88574
M,reduction,uncertainty,6,3,AN,nitrile,3.19638
M,reduction,uncertainty,6,4,VC,cyclic_carbonate,1.98927
M,reduction,uncertainty,6,5,TEGDME,ether,2.86848
M,reduction,uncertainty,6,6,DME,ether,3.72927
M,reduction,uncertainty,6,7,DOL,ether,4.08707
M,reduction,uncertainty,6,8,DMSO,sulfoxide,2.77929
M,reduction,uncertainty,6,9,TMP,phosphate,2.91314
M,reduction,uncertainty,6,10,SN,nitrile,1.8543
M,reduction,uncertainty,6,11,SL,sulfone,2.97769
M,reduction,uncertainty,6,12,FEC,cyclic_carbonate,2.55635
M,reduction,uncertainty,6,13,GBL,ester,2.57924
M,reduction,uncertainty,6,14,EA,ester,2.73655
M,reduction,uncertainty,6,15,EC,cyclic_carbonate,2.59026
M,reduction,uncertainty,6,16,MA,ester,2.73615
M,reduction,uncertainty,6,17,DMC,linear_carbonate,3.46463
M,reduction,ranking_aware,6,0,EMC,linear_carbonate,3.31697
M,reduction,ranking_aware,6,1,DEC,linear_carbonate,3.36907
M,reduction,ranking_aware,6,2,PC,cyclic_carbonate,2.88574
M,reduction,ranking_aware,6,3,AN,nitrile,3.19638
M,reduction,ranking_aware,6,4,SN,nitrile,1.8543
M,reduction,ranking_aware,6,5,DMSO,sulfoxide,2.77929
M,reduction,ranking_aware,6,6,DMC,linear_carbonate,3.46463
M,reduction,ranking_aware,6,7,SL,sulfone,2.97769
M,reduction,ranking_aware,6,8,DOL,ether,4.08707
M,reduction,ranking_aware,6,9,DME,ether,3.72927
M,reduction,ranking_aware,6,10,TEGDME,ether,2.86848
M,reduction,ranking_aware,6,11,TMP,phosphate,2.91314
M,reduction,ranking_aware,6,12,MA,ester,2.73615
M,reduction,ranking_aware,6,13,FEC,cyclic_carbonate,2.55635
M,reduction,ranking_aware,6,14,GBL,ester,2.57924
M,reduction,ranking_aware,6,15,EC,cyclic_carbonate,2.59026
M,reduction,ranking_aware,6,16,EA,ester,2.73655
M,reduction,ranking_aware,6,17,VC,cyclic_carbonate,1.98927
M,reduction,random,7,0,PC,cyclic_carbonate,2.88574
M,reduction,random,7,1,FEC,cyclic_carbonate,2.55635
M,reduction,random,7,2,VC,cyclic_carbonate,1.98927
M,reduction,random,7,3,MA,ester,2.73615
M,reduction,random,7,4,GBL,ester,2.57924
M,reduction,random,7,5,DOL,ether,4.08707
M,reduction,random,7,6,TMP,phosphate,2.91314
M,reduction,random,7,7,EMC,linear_carbonate,3.31697
M,reduction,random,7,8,DEC,linear_carbonate,3.36907
M,reduction,random,7,9,AN,nitrile,3.19638
M,reduction,random,7,10,EA,ester,2.73655
M,reduction,random,7,11,DMSO,sulfoxide,2.77929
M,reduction,random,7,12,EC,cyclic_carbonate,2.59026
M,reduction,random,7,13,SN,nitrile,1.8543
M,reduction,random,7,14,DMC,linear_carbonate,3.46463
M,reduction,random,7,15,SL,sulfone,2.97769
M,reduction,random,7,16,TEGDME,ether,2.86848
M,reduction,random,7,17,DME,ether,3.72927
M,reduction,diversity,7,0,PC,cyclic_carbonate,2.88574
M,reduction,diversity,7,1,FEC,cyclic_carbonate,2.55635
M,reduction,diversity,7,2,VC,cyclic_carbonate,1.98927
M,reduction,diversity,7,3,MA,ester,2.73615
M,reduction,diversity,7,4,TEGDME,ether,2.86848
M,reduction,diversity,7,5,DME,ether,3.72927
M,reduction,diversity,7,6,TMP,phosphate,2.91314
M,reduction,diversity,7,7,DOL,ether,4.08707
M,reduction,diversity,7,8,DEC,linear_carbonate,3.36907
M,reduction,diversity,7,9,SN,nitrile,1.8543
M,reduction,diversity,7,10,DMSO,sulfoxide,2.77929
M,reduction,diversity,7,11,SL,sulfone,2.97769
M,reduction,diversity,7,12,GBL,ester,2.57924
M,reduction,diversity,7,13,AN,nitrile,3.19638
M,reduction,diversity,7,14,DMC,linear_carbonate,3.46463
M,reduction,diversity,7,15,EA,ester,2.73655
M,reduction,diversity,7,16,EMC,linear_carbonate,3.31697
M,reduction,diversity,7,17,EC,cyclic_carbonate,2.59026
M,reduction,uncertainty,7,0,PC,cyclic_carbonate,2.88574
M,reduction,uncertainty,7,1,FEC,cyclic_carbonate,2.55635
M,reduction,uncertainty,7,2,VC,cyclic_carbonate,1.98927
M,reduction,uncertainty,7,3,MA,ester,2.73615
M,reduction,uncertainty,7,4,DEC,linear_carbonate,3.36907
M,reduction,uncertainty,7,5,DME,ether,3.72927
M,reduction,uncertainty,7,6,DMC,linear_carbonate,3.46463
M,reduction,uncertainty,7,7,TEGDME,ether,2.86848
M,reduction,uncertainty,7,8,TMP,phosphate,2.91314
M,reduction,uncertainty,7,9,DOL,ether,4.08707
M,reduction,uncertainty,7,10,DMSO,sulfoxide,2.77929
M,reduction,uncertainty,7,11,SN,nitrile,1.8543
M,reduction,uncertainty,7,12,SL,sulfone,2.97769
M,reduction,uncertainty,7,13,AN,nitrile,3.19638
M,reduction,uncertainty,7,14,GBL,ester,2.57924
M,reduction,uncertainty,7,15,EC,cyclic_carbonate,2.59026
M,reduction,uncertainty,7,16,EA,ester,2.73655
M,reduction,uncertainty,7,17,EMC,linear_carbonate,3.31697
M,reduction,ranking_aware,7,0,PC,cyclic_carbonate,2.88574
M,reduction,ranking_aware,7,1,FEC,cyclic_carbonate,2.55635
M,reduction,ranking_aware,7,2,VC,cyclic_carbonate,1.98927
M,reduction,ranking_aware,7,3,MA,ester,2.73615
M,reduction,ranking_aware,7,4,SN,nitrile,1.8543
M,reduction,ranking_aware,7,5,SL,sulfone,2.97769
M,reduction,ranking_aware,7,6,AN,nitrile,3.19638
M,reduction,ranking_aware,7,7,DEC,linear_carbonate,3.36907
M,reduction,ranking_aware,7,8,EMC,linear_carbonate,3.31697
M,reduction,ranking_aware,7,9,DMC,linear_carbonate,3.46463
M,reduction,ranking_aware,7,10,TEGDME,ether,2.86848
M,reduction,ranking_aware,7,11,TMP,phosphate,2.91314
M,reduction,ranking_aware,7,12,DMSO,sulfoxide,2.77929
M,reduction,ranking_aware,7,13,DME,ether,3.72927
M,reduction,ranking_aware,7,14,DOL,ether,4.08707
M,reduction,ranking_aware,7,15,GBL,ester,2.57924
M,reduction,ranking_aware,7,16,EC,cyclic_carbonate,2.59026
M,reduction,ranking_aware,7,17,EA,ester,2.73655
M,reduction,random,8,0,DMC,linear_carbonate,3.46463
M,reduction,random,8,1,PC,cyclic_carbonate,2.88574
M,reduction,random,8,2,DME,ether,3.72927
M,reduction,random,8,3,DMSO,sulfoxide,2.77929
M,reduction,random,8,4,EMC,linear_carbonate,3.31697
M,reduction,random,8,5,TMP,phosphate,2.91314
M,reduction,random,8,6,TEGDME,ether,2.86848
M,reduction,random,8,7,MA,ester,2.73615
M,reduction,random,8,8,GBL,ester,2.57924
M,reduction,random,8,9,DOL,ether,4.08707
M,reduction,random,8,10,VC,cyclic_carbonate,1.98927
M,reduction,random,8,11,DEC,linear_carbonate,3.36907
M,reduction,random,8,12,EA,ester,2.73655
M,reduction,random,8,13,FEC,cyclic_carbonate,2.55635
M,reduction,random,8,14,SL,sulfone,2.97769
M,reduction,random,8,15,EC,cyclic_carbonate,2.59026
M,reduction,random,8,16,AN,nitrile,3.19638
M,reduction,random,8,17,SN,nitrile,1.8543
M,reduction,diversity,8,0,DMC,linear_carbonate,3.46463
M,reduction,diversity,8,1,PC,cyclic_carbonate,2.88574
M,reduction,diversity,8,2,DME,ether,3.72927
M,reduction,diversity,8,3,DMSO,sulfoxide,2.77929
M,reduction,diversity,8,4,TEGDME,ether,2.86848
M,reduction,diversity,8,5,SN,nitrile,1.8543
M,reduction,diversity,8,6,DOL,ether,4.08707
M,reduction,diversity,8,7,TMP,phosphate,2.91314
M,reduction,diversity,8,8,AN,nitrile,3.19638
M,reduction,diversity,8,9,SL,sulfone,2.97769
M,reduction,diversity,8,10,EA,ester,2.73655
M,reduction,diversity,8,11,GBL,ester,2.57924
M,reduction,diversity,8,12,FEC,cyclic_carbonate,2.55635
M,reduction,diversity,8,13,DEC,linear_carbonate,3.36907
M,reduction,diversity,8,14,VC,cyclic_carbonate,1.98927
M,reduction,diversity,8,15,MA,ester,2.73615
M,reduction,diversity,8,16,EMC,linear_carbonate,3.31697
M,reduction,diversity,8,17,EC,cyclic_carbonate,2.59026
M,reduction,uncertainty,8,0,DMC,linear_carbonate,3.46463
M,reduction,uncertainty,8,1,PC,cyclic_carbonate,2.88574
M,reduction,uncertainty,8,2,DME,ether,3.72927
M,reduction,uncertainty,8,3,DMSO,sulfoxide,2.77929
M,reduction,uncertainty,8,4,DEC,linear_carbonate,3.36907
M,reduction,uncertainty,8,5,DOL,ether,4.08707
M,reduction,uncertainty,8,6,TEGDME,ether,2.86848
M,reduction,uncertainty,8,7,SN,nitrile,1.8543
M,reduction,uncertainty,8,8,TMP,phosphate,2.91314
M,reduction,uncertainty,8,9,AN,nitrile,3.19638
M,reduction,uncertainty,8,10,SL,sulfone,2.97769
M,reduction,uncertainty,8,11,GBL,ester,2.57924
M,reduction,uncertainty,8,12,FEC,cyclic_carbonate,2.55635
M,reduction,uncertainty,8,13,EA,ester,2.73655
M,reduction,uncertainty,8,14,VC,cyclic_carbonate,1.98927
M,reduction,uncertainty,8,15,EC,cyclic_carbonate,2.59026
M,reduction,uncertainty,8,16,MA,ester,2.73615
M,reduction,uncertainty,8,17,EMC,linear_carbonate,3.31697
M,reduction,ranking_aware,8,0,DMC,linear_carbonate,3.46463
M,reduction,ranking_aware,8,1,PC,cyclic_carbonate,2.88574
M,reduction,ranking_aware,8,2,DME,ether,3.72927
M,reduction,ranking_aware,8,3,DMSO,sulfoxide,2.77929
M,reduction,ranking_aware,8,4,EC,cyclic_carbonate,2.59026
M,reduction,ranking_aware,8,5,AN,nitrile,3.19638
M,reduction,ranking_aware,8,6,EMC,linear_carbonate,3.31697
M,reduction,ranking_aware,8,7,DOL,ether,4.08707
M,reduction,ranking_aware,8,8,TMP,phosphate,2.91314
M,reduction,ranking_aware,8,9,TEGDME,ether,2.86848
M,reduction,ranking_aware,8,10,SL,sulfone,2.97769
M,reduction,ranking_aware,8,11,MA,ester,2.73615
M,reduction,ranking_aware,8,12,DEC,linear_carbonate,3.36907
M,reduction,ranking_aware,8,13,SN,nitrile,1.8543
M,reduction,ranking_aware,8,14,FEC,cyclic_carbonate,2.55635
M,reduction,ranking_aware,8,15,GBL,ester,2.57924
M,reduction,ranking_aware,8,16,VC,cyclic_carbonate,1.98927
M,reduction,ranking_aware,8,17,EA,ester,2.73655
M,reduction,random,9,0,MA,ester,2.73615
M,reduction,random,9,1,GBL,ester,2.57924
M,reduction,random,9,2,DMSO,sulfoxide,2.77929
M,reduction,random,9,3,TMP,phosphate,2.91314
M,reduction,random,9,4,DOL,ether,4.08707
M,reduction,random,9,5,EMC,linear_carbonate,3.31697
M,reduction,random,9,6,AN,nitrile,3.19638
M,reduction,random,9,7,DMC,linear_carbonate,3.46463
M,reduction,random,9,8,EA,ester,2.73655
M,reduction,random,9,9,PC,cyclic_carbonate,2.88574
M,reduction,random,9,10,EC,cyclic_carbonate,2.59026
M,reduction,random,9,11,VC,cyclic_carbonate,1.98927
M,reduction,random,9,12,DEC,linear_carbonate,3.36907
M,reduction,random,9,13,SL,sulfone,2.97769
M,reduction,random,9,14,DME,ether,3.72927
M,reduction,random,9,15,SN,nitrile,1.8543
M,reduction,random,9,16,FEC,cyclic_carbonate,2.55635
M,reduction,random,9,17,TEGDME,ether,2.86848
M,reduction,diversity,9,0,MA,ester,2.73615
M,reduction,diversity,9,1,GBL,ester,2.57924
M,reduction,diversity,9,2,DMSO,sulfoxide,2.77929
M,reduction,diversity,9,3,TMP,phosphate,2.91314
M,reduction,diversity,9,4,TEGDME,ether,2.86848
M,reduction,diversity,9,5,DOL,ether,4.08707
M,reduction,diversity,9,6,FEC,cyclic_carbonate,2.55635
M,reduction,diversity,9,7,SN,nitrile,1.8543
M,reduction,diversity,9,8,DME,ether,3.72927
M,reduction,diversity,9,9,DEC,linear_carbonate,3.36907
M,reduction,diversity,9,10,EC,cyclic_carbonate,2.59026
M,reduction,diversity,9,11,SL,sulfone,2.97769
M,reduction,diversity,9,12,AN,nitrile,3.19638
M,reduction,diversity,9,13,DMC,linear_carbonate,3.46463
M,reduction,diversity,9,14,VC,cyclic_carbonate,1.98927
M,reduction,diversity,9,15,EA,ester,2.73655
M,reduction,diversity,9,16,EMC,linear_carbonate,3.31697
M,reduction,diversity,9,17,PC,cyclic_carbonate,2.88574
M,reduction,uncertainty,9,0,MA,ester,2.73615
M,reduction,uncertainty,9,1,GBL,ester,2.57924
M,reduction,uncertainty,9,2,DMSO,sulfoxide,2.77929
M,reduction,uncertainty,9,3,TMP,phosphate,2.91314
M,reduction,uncertainty,9,4,TEGDME,ether,2.86848
M,reduction,uncertainty,9,5,DOL,ether,4.08707
M,reduction,uncertainty,9,6,FEC,cyclic_carbonate,2.55635
M,reduction,uncertainty,9,7,SN,nitrile,1.8543
M,reduction,uncertainty,9,8,DME,ether,3.72927
M,reduction,uncertainty,9,9,AN,nitrile,3.19638
M,reduction,uncertainty,9,10,SL,sulfone,2.97769
M,reduction,uncertainty,9,11,EC,cyclic_carbonate,2.59026
M,reduction,uncertainty,9,12,DEC,linear_carbonate,3.36907
M,reduction,uncertainty,9,13,DMC,linear_carbonate,3.46463
M,reduction,uncertainty,9,14,VC,cyclic_carbonate,1.98927
M,reduction,uncertainty,9,15,PC,cyclic_carbonate,2.88574
M,reduction,uncertainty,9,16,EA,ester,2.73655
M,reduction,uncertainty,9,17,EMC,linear_carbonate,3.31697
M,reduction,ranking_aware,9,0,MA,ester,2.73615
M,reduction,ranking_aware,9,1,GBL,ester,2.57924
M,reduction,ranking_aware,9,2,DMSO,sulfoxide,2.77929
M,reduction,ranking_aware,9,3,TMP,phosphate,2.91314
M,reduction,ranking_aware,9,4,DEC,linear_carbonate,3.36907
M,reduction,ranking_aware,9,5,DMC,linear_carbonate,3.46463
M,reduction,ranking_aware,9,6,DOL,ether,4.08707
M,reduction,ranking_aware,9,7,EMC,linear_carbonate,3.31697
M,reduction,ranking_aware,9,8,DME,ether,3.72927
M,reduction,ranking_aware,9,9,TEGDME,ether,2.86848
M,reduction,ranking_aware,9,10,SN,nitrile,1.8543
M,reduction,ranking_aware,9,11,FEC,cyclic_carbonate,2.55635
M,reduction,ranking_aware,9,12,SL,sulfone,2.97769
M,reduction,ranking_aware,9,13,EC,cyclic_carbonate,2.59026
M,reduction,ranking_aware,9,14,PC,cyclic_carbonate,2.88574
M,reduction,ranking_aware,9,15,AN,nitrile,3.19638
M,reduction,ranking_aware,9,16,VC,cyclic_carbonate,1.98927
M,reduction,ranking_aware,9,17,EA,ester,2.73655
M,reduction,random,10,0,DEC,linear_carbonate,3.36907
M,reduction,random,10,1,DME,ether,3.72927
M,reduction,random,10,2,EA,ester,2.73655
M,reduction,random,10,3,MA,ester,2.73615
M,reduction,random,10,4,AN,nitrile,3.19638
M,reduction,random,10,5,EMC,linear_carbonate,3.31697
M,reduction,random,10,6,EC,cyclic_carbonate,2.59026
M,reduction,random,10,7,GBL,ester,2.57924
M,reduction,random,10,8,DMSO,sulfoxide,2.77929
M,reduction,random,10,9,SN,nitrile,1.8543
M,reduction,random,10,10,PC,cyclic_carbonate,2.88574
M,reduction,random,10,11,TEGDME,ether,2.86848
M,reduction,random,10,12,SL,sulfone,2.97769
M,reduction,random,10,13,DOL,ether,4.08707
M,reduction,random,10,14,VC,cyclic_carbonate,1.98927
M,reduction,random,10,15,DMC,linear_carbonate,3.46463
M,reduction,random,10,16,TMP,phosphate,2.91314
M,reduction,random,10,17,FEC,cyclic_carbonate,2.55635
M,reduction,diversity,10,0,DEC,linear_carbonate,3.36907
M,reduction,diversity,10,1,DME,ether,3.72927
M,reduction,diversity,10,2,EA,ester,2.73655
M,reduction,diversity,10,3,MA,ester,2.73615
M,reduction,diversity,10,4,TEGDME,ether,2.86848
M,reduction,diversity,10,5,PC,cyclic_carbonate,2.88574
M,reduction,diversity,10,6,SN,nitrile,1.8543
M,reduction,diversity,10,7,DOL,ether,4.08707
M,reduction,diversity,10,8,DMSO,sulfoxide,2.77929
M,reduction,diversity,10,9,TMP,phosphate,2.91314
M,reduction,diversity,10,10,SL,sulfone,2.97769
M,reduction,diversity,10,11,GBL,ester,2.57924
M,reduction,diversity,10,12,AN,nitrile,3.19638
M,reduction,diversity,10,13,FEC,cyclic_carbonate,2.55635
M,reduction,diversity,10,14,DMC,linear_carbonate,3.46463
M,reduction,diversity,10,15,VC,cyclic_carbonate,1.98927
M,reduction,diversity,10,16,EMC,linear_carbonate,3.31697
M,reduction,diversity,10,17,EC,cyclic_carbonate,2.59026
M,reduction,uncertainty,10,0,DEC,linear_carbonate,3.36907
M,reduction,uncertainty,10,1,DME,ether,3.72927
M,reduction,uncertainty,10,2,EA,ester,2.73655
M,reduction,uncertainty,10,3,MA,ester,2.73615
M,reduction,uncertainty,10,4,TEGDME,ether,2.86848
M,reduction,uncertainty,10,5,PC,cyclic_carbonate,2.88574
M,reduction,uncertainty,10,6,DOL,ether,4.08707
M,reduction,uncertainty,10,7,SN,nitrile,1.8543
M,reduction,uncertainty,10,8,TMP,phosphate,2.91314
M,reduction,uncertainty,10,9,DMSO,sulfoxide,2.77929
M,reduction,uncertainty,10,10,SL,sulfone,2.97769
M,reduction,uncertainty,10,11,FEC,cyclic_carbonate,2.55635
M,reduction,uncertainty,10,12,AN,nitrile,3.19638
M,reduction,uncertainty,10,13,GBL,ester,2.57924
M,reduction,uncertainty,10,14,VC,cyclic_carbonate,1.98927
M,reduction,uncertainty,10,15,DMC,linear_carbonate,3.46463
M,reduction,uncertainty,10,16,EC,cyclic_carbonate,2.59026
M,reduction,uncertainty,10,17,EMC,linear_carbonate,3.31697
M,reduction,ranking_aware,10,0,DEC,linear_carbonate,3.36907
M,reduction,ranking_aware,10,1,DME,ether,3.72927
M,reduction,ranking_aware,10,2,EA,ester,2.73655
M,reduction,ranking_aware,10,3,MA,ester,2.73615
M,reduction,ranking_aware,10,4,EMC,linear_carbonate,3.31697
M,reduction,ranking_aware,10,5,TMP,phosphate,2.91314
M,reduction,ranking_aware,10,6,DOL,ether,4.08707
M,reduction,ranking_aware,10,7,TEGDME,ether,2.86848
M,reduction,ranking_aware,10,8,SN,nitrile,1.8543
M,reduction,ranking_aware,10,9,FEC,cyclic_carbonate,2.55635
M,reduction,ranking_aware,10,10,SL,sulfone,2.97769
M,reduction,ranking_aware,10,11,DMSO,sulfoxide,2.77929
M,reduction,ranking_aware,10,12,DMC,linear_carbonate,3.46463
M,reduction,ranking_aware,10,13,EC,cyclic_carbonate,2.59026
M,reduction,ranking_aware,10,14,GBL,ester,2.57924
M,reduction,ranking_aware,10,15,AN,nitrile,3.19638
M,reduction,ranking_aware,10,16,VC,cyclic_carbonate,1.98927
M,reduction,ranking_aware,10,17,PC,cyclic_carbonate,2.88574
M,reduction,random,11,0,EMC,linear_carbonate,3.31697
M,reduction,random,11,1,DOL,ether,4.08707
M,reduction,random,11,2,DMSO,sulfoxide,2.77929
M,reduction,random,11,3,SN,nitrile,1.8543
M,reduction,random,11,4,FEC,cyclic_carbonate,2.55635
M,reduction,random,11,5,DMC,linear_carbonate,3.46463
M,reduction,random,11,6,EA,ester,2.73655
M,reduction,random,11,7,VC,cyclic_carbonate,1.98927
M,reduction,random,11,8,EC,cyclic_carbonate,2.59026
M,reduction,random,11,9,TEGDME,ether,2.86848
M,reduction,random,11,10,MA,ester,2.73615
M,reduction,random,11,11,DME,ether,3.72927
M,reduction,random,11,12,GBL,ester,2.57924
M,reduction,random,11,13,DEC,linear_carbonate,3.36907
M,reduction,random,11,14,SL,sulfone,2.97769
M,reduction,random,11,15,PC,cyclic_carbonate,2.88574
M,reduction,random,11,16,TMP,phosphate,2.91314
M,reduction,random,11,17,AN,nitrile,3.19638
M,reduction,diversity,11,0,EMC,linear_carbonate,3.31697
M,reduction,diversity,11,1,DOL,ether,4.08707
M,reduction,diversity,11,2,DMSO,sulfoxide,2.77929
M,reduction,diversity,11,3,SN,nitrile,1.8543
M,reduction,diversity,11,4,TEGDME,ether,2.86848
M,reduction,diversity,11,5,FEC,cyclic_carbonate,2.55635
M,reduction,diversity,11,6,SL,sulfone,2.97769
M,reduction,diversity,11,7,TMP,phosphate,2.91314
M,reduction,diversity,11,8,DME,ether,3.72927
M,reduction,diversity,11,9,VC,cyclic_carbonate,1.98927
M,reduction,diversity,11,10,AN,nitrile,3.19638
M,reduction,diversity,11,11,EA,ester,2.73655
M,reduction,diversity,11,12,GBL,ester,2.57924
M,reduction,diversity,11,13,PC,cyclic_carbonate,2.88574
M,reduction,diversity,11,14,MA,ester,2.73615
M,reduction,diversity,11,15,DEC,linear_carbonate,3.36907
M,reduction,diversity,11,16,DMC,linear_carbonate,3.46463
M,reduction,diversity,11,17,EC,cyclic_carbonate,2.59026
M,reduction,uncertainty,11,0,EMC,linear_carbonate,3.31697
M,reduction,uncertainty,11,1,DOL,ether,4.08707
M,reduction,uncertainty,11,2,DMSO,sulfoxide,2.77929
M,reduction,uncertainty,11,3,SN,nitrile,1.8543
M,reduction,uncertainty,11,4,FEC,cyclic_carbonate,2.55635
M,reduction,uncertainty,11,5,DME,ether,3.72927
M,reduction,uncertainty,11,6,TEGDME,ether,2.86848
M,reduction,uncertainty,11,7,SL,sulfone,2.97769
M,reduction,uncertainty,11,8,TMP,phosphate,2.91314
M,reduction,uncertainty,11,9,EC,cyclic_carbonate,2.59026
M,reduction,uncertainty,11,10,AN,nitrile,3.19638
M,reduction,uncertainty,11,11,GBL,ester,2.57924
M,reduction,uncertainty,11,12,VC,cyclic_carbonate,1.98927
M,reduction,uncertainty,11,13,EA,ester,2.73655
M,reduction,uncertainty,11,14,DMC,linear_carbonate,3.46463
M,reduction,uncertainty,11,15,PC,cyclic_carbonate,2.88574
M,reduction,uncertainty,11,16,DEC,linear_carbonate,3.36907
M,reduction,uncertainty,11,17,MA,ester,2.73615
M,reduction,ranking_aware,11,0,EMC,linear_carbonate,3.31697
M,reduction,ranking_aware,11,1,DOL,ether,4.08707
M,reduction,ranking_aware,11,2,DMSO,sulfoxide,2.77929
M,reduction,ranking_aware,11,3,SN,nitrile,1.8543
M,reduction,ranking_aware,11,4,FEC,cyclic_carbonate,2.55635
M,reduction,ranking_aware,11,5,DEC,linear_carbonate,3.36907
M,reduction,ranking_aware,11,6,DME,ether,3.72927
M,reduction,ranking_aware,11,7,TMP,phosphate,2.91314
M,reduction,ranking_aware,11,8,TEGDME,ether,2.86848
M,reduction,ranking_aware,11,9,SL,sulfone,2.97769
M,reduction,ranking_aware,11,10,EA,ester,2.73655
M,reduction,ranking_aware,11,11,DMC,linear_carbonate,3.46463
M,reduction,ranking_aware,11,12,EC,cyclic_carbonate,2.59026
M,reduction,ranking_aware,11,13,AN,nitrile,3.19638
M,reduction,ranking_aware,11,14,GBL,ester,2.57924
M,reduction,ranking_aware,11,15,MA,ester,2.73615
M,reduction,ranking_aware,11,16,PC,cyclic_carbonate,2.88574
M,reduction,ranking_aware,11,17,VC,cyclic_carbonate,1.98927
M,reduction,random,12,0,EMC,linear_carbonate,3.31697
M,reduction,random,12,1,DOL,ether,4.08707
M,reduction,random,12,2,TEGDME,ether,2.86848
M,reduction,random,12,3,AN,nitrile,3.19638
M,reduction,random,12,4,DMSO,sulfoxide,2.77929
M,reduction,random,12,5,PC,cyclic_carbonate,2.88574
M,reduction,random,12,6,DEC,linear_carbonate,3.36907
M,reduction,random,12,7,MA,ester,2.73615
M,reduction,random,12,8,FEC,cyclic_carbonate,2.55635
M,reduction,random,12,9,SN,nitrile,1.8543
M,reduction,random,12,10,EA,ester,2.73655
M,reduction,random,12,11,GBL,ester,2.57924
M,reduction,random,12,12,VC,cyclic_carbonate,1.98927
M,reduction,random,12,13,DME,ether,3.72927
M,reduction,random,12,14,EC,cyclic_carbonate,2.59026
M,reduction,random,12,15,TMP,phosphate,2.91314
M,reduction,random,12,16,SL,sulfone,2.97769
M,reduction,random,12,17,DMC,linear_carbonate,3.46463
M,reduction,diversity,12,0,EMC,linear_carbonate,3.31697
M,reduction,diversity,12,1,DOL,ether,4.08707
M,reduction,diversity,12,2,TEGDME,ether,2.86848
M,reduction,diversity,12,3,AN,nitrile,3.19638
M,reduction,diversity,12,4,FEC,cyclic_carbonate,2.55635
M,reduction,diversity,12,5,SL,sulfone,2.97769
M,reduction,diversity,12,6,SN,nitrile,1.8543
M,reduction,diversity,12,7,TMP,phosphate,2.91314
M,reduction,diversity,12,8,DME,ether,3.72927
M,reduction,diversity,12,9,EC,cyclic_carbonate,2.59026
M,reduction,diversity,12,10,DMSO,sulfoxide,2.77929
M,reduction,diversity,12,11,GBL,ester,2.57924
M,reduction,diversity,12,12,EA,ester,2.73655
M,reduction,diversity,12,13,VC,cyclic_carbonate,1.98927
M,reduction,diversity,12,14,MA,ester,2.73615
M,reduction,diversity,12,15,DEC,linear_carbonate,3.36907
M,reduction,diversity,12,16,DMC,linear_carbonate,3.46463
M,reduction,diversity,12,17,PC,cyclic_carbonate,2.88574
M,reduction,uncertainty,12,0,EMC,linear_carbonate,3.31697
M,reduction,uncertainty,12,1,DOL,ether,4.08707
M,reduction,uncertainty,12,2,TEGDME,ether,2.86848
M,reduction,uncertainty,12,3,AN,nitrile,3.19638
M,reduction,uncertainty,12,4,FEC,cyclic_carbonate,2.55635
M,reduction,uncertainty,12,5,SL,sulfone,2.97769
M,reduction,uncertainty,12,6,SN,nitrile,1.8543
M,reduction,uncertainty,12,7,TMP,phosphate,2.91314
M,reduction,uncertainty,12,8,DME,ether,3.72927
M,reduction,uncertainty,12,9,DMSO,sulfoxide,2.77929
M,reduction,uncertainty,12,10,EC,cyclic_carbonate,2.59026
M,reduction,uncertainty,12,11,GBL,ester,2.57924
M,reduction,uncertainty,12,12,VC,cyclic_carbonate,1.98927
M,reduction,uncertainty,12,13,EA,ester,2.73655
M,reduction,uncertainty,12,14,DMC,linear_carbonate,3.46463
M,reduction,uncertainty,12,15,PC,cyclic_carbonate,2.88574
M,reduction,uncertainty,12,16,DEC,linear_carbonate,3.36907
M,reduction,uncertainty,12,17,MA,ester,2.73615
M,reduction,ranking_aware,12,0,EMC,linear_carbonate,3.31697
M,reduction,ranking_aware,12,1,DOL,ether,4.08707
M,reduction,ranking_aware,12,2,TEGDME,ether,2.86848
M,reduction,ranking_aware,12,3,AN,nitrile,3.19638
M,reduction,ranking_aware,12,4,FEC,cyclic_carbonate,2.55635
M,reduction,ranking_aware,12,5,DME,ether,3.72927
M,reduction,ranking_aware,12,6,TMP,phosphate,2.91314
M,reduction,ranking_aware,12,7,MA,ester,2.73615
M,reduction,ranking_aware,12,8,SL,sulfone,2.97769
M,reduction,ranking_aware,12,9,DEC,linear_carbonate,3.36907
M,reduction,ranking_aware,12,10,DMSO,sulfoxide,2.77929
M,reduction,ranking_aware,12,11,SN,nitrile,1.8543
M,reduction,ranking_aware,12,12,GBL,ester,2.57924
M,reduction,ranking_aware,12,13,DMC,linear_carbonate,3.46463
M,reduction,ranking_aware,12,14,PC,cyclic_carbonate,2.88574
M,reduction,ranking_aware,12,15,VC,cyclic_carbonate,1.98927
M,reduction,ranking_aware,12,16,EC,cyclic_carbonate,2.59026
M,reduction,ranking_aware,12,17,EA,ester,2.73655
M,reduction,random,13,0,DMC,linear_carbonate,3.46463
M,reduction,random,13,1,EC,cyclic_carbonate,2.59026
M,reduction,random,13,2,FEC,cyclic_carbonate,2.55635
M,reduction,random,13,3,EA,ester,2.73655
M,reduction,random,13,4,MA,ester,2.73615
M,reduction,random,13,5,PC,cyclic_carbonate,2.88574
M,reduction,random,13,6,VC,cyclic_carbonate,1.98927
M,reduction,random,13,7,EMC,linear_carbonate,3.31697
M,reduction,random,13,8,TMP,phosphate,2.91314
M,reduction,random,13,9,TEGDME,ether,2.86848
M,reduction,random,13,10,SN,nitrile,1.8543
M,reduction,random,13,11,SL,sulfone,2.97769
M,reduction,random,13,12,AN,nitrile,3.19638
M,reduction,random,13,13,DMSO,sulfoxide,2.77929
M,reduction,random,13,14,DEC,linear_carbonate,3.36907
M,reduction,random,13,15,GBL,ester,2.57924
M,reduction,random,13,16,DME,ether,3.72927
M,reduction,random,13,17,DOL,ether,4.08707
M,reduction,diversity,13,0,DMC,linear_carbonate,3.46463
M,reduction,diversity,13,1,EC,cyclic_carbonate,2.59026
M,reduction,diversity,13,2,FEC,cyclic_carbonate,2.55635
M,reduction,diversity,13,3,EA,ester,2.73655
M,reduction,diversity,13,4,TEGDME,ether,2.86848
M,reduction,diversity,13,5,DOL,ether,4.08707
M,reduction,diversity,13,6,TMP,phosphate,2.91314
M,reduction,diversity,13,7,SN,nitrile,1.8543
M,reduction,diversity,13,8,DME,ether,3.72927
M,reduction,diversity,13,9,SL,sulfone,2.97769
M,reduction,diversity,13,10,AN,nitrile,3.19638
M,reduction,diversity,13,11,DMSO,sulfoxide,2.77929
M,reduction,diversity,13,12,GBL,ester,2.57924
M,reduction,diversity,13,13,DEC,linear_carbonate,3.36907
M,reduction,diversity,13,14,VC,cyclic_carbonate,1.98927
M,reduction,diversity,13,15,MA,ester,2.73615
M,reduction,diversity,13,16,EMC,linear_carbonate,3.31697
M,reduction,diversity,13,17,PC,cyclic_carbonate,2.88574
M,reduction,uncertainty,13,0,DMC,linear_carbonate,3.46463
M,reduction,uncertainty,13,1,EC,cyclic_carbonate,2.59026
M,reduction,uncertainty,13,2,FEC,cyclic_carbonate,2.55635
M,reduction,uncertainty,13,3,EA,ester,2.73655
M,reduction,uncertainty,13,4,EMC,linear_carbonate,3.31697
M,reduction,uncertainty,13,5,DEC,linear_carbonate,3.36907
M,reduction,uncertainty,13,6,DME,ether,3.72927
M,reduction,uncertainty,13,7,TEGDME,ether,2.86848
M,reduction,uncertainty,13,8,SN,nitrile,1.8543
M,reduction,uncertainty,13,9,DOL,ether,4.08707
M,reduction,uncertainty,13,10,TMP,phosphate,2.91314
M,reduction,uncertainty,13,11,SL,sulfone,2.97769
M,reduction,uncertainty,13,12,AN,nitrile,3.19638
M,reduction,uncertainty,13,13,DMSO,sulfoxide,2.77929
M,reduction,uncertainty,13,14,GBL,ester,2.57924
M,reduction,uncertainty,13,15,VC,cyclic_carbonate,1.98927
M,reduction,uncertainty,13,16,PC,cyclic_carbonate,2.88574
M,reduction,uncertainty,13,17,MA,ester,2.73615
M,reduction,ranking_aware,13,0,DMC,linear_carbonate,3.46463
M,reduction,ranking_aware,13,1,EC,cyclic_carbonate,2.59026
M,reduction,ranking_aware,13,2,FEC,cyclic_carbonate,2.55635
M,reduction,ranking_aware,13,3,EA,ester,2.73655
M,reduction,ranking_aware,13,4,EMC,linear_carbonate,3.31697
M,reduction,ranking_aware,13,5,DOL,ether,4.08707
M,reduction,ranking_aware,13,6,MA,ester,2.73615
M,reduction,ranking_aware,13,7,AN,nitrile,3.19638
M,reduction,ranking_aware,13,8,TMP,phosphate,2.91314
M,reduction,ranking_aware,13,9,DME,ether,3.72927
M,reduction,ranking_aware,13,10,TEGDME,ether,2.86848
M,reduction,ranking_aware,13,11,SL,sulfone,2.97769
M,reduction,ranking_aware,13,12,SN,nitrile,1.8543
M,reduction,ranking_aware,13,13,DMSO,sulfoxide,2.77929
M,reduction,ranking_aware,13,14,DEC,linear_carbonate,3.36907
M,reduction,ranking_aware,13,15,GBL,ester,2.57924
M,reduction,ranking_aware,13,16,PC,cyclic_carbonate,2.88574
M,reduction,ranking_aware,13,17,VC,cyclic_carbonate,1.98927
M,reduction,random,14,0,EMC,linear_carbonate,3.31697
M,reduction,random,14,1,VC,cyclic_carbonate,1.98927
M,reduction,random,14,2,SL,sulfone,2.97769
M,reduction,random,14,3,DMSO,sulfoxide,2.77929
M,reduction,random,14,4,MA,ester,2.73615
M,reduction,random,14,5,EA,ester,2.73655
M,reduction,random,14,6,SN,nitrile,1.8543
M,reduction,random,14,7,DME,ether,3.72927
M,reduction,random,14,8,AN,nitrile,3.19638
M,reduction,random,14,9,FEC,cyclic_carbonate,2.55635
M,reduction,random,14,10,PC,cyclic_carbonate,2.88574
M,reduction,random,14,11,TEGDME,ether,2.86848
M,reduction,random,14,12,GBL,ester,2.57924
M,reduction,random,14,13,TMP,phosphate,2.91314
M,reduction,random,14,14,DOL,ether,4.08707
M,reduction,random,14,15,EC,cyclic_carbonate,2.59026
M,reduction,random,14,16,DMC,linear_carbonate,3.46463
M,reduction,random,14,17,DEC,linear_carbonate,3.36907
M,reduction,diversity,14,0,EMC,linear_carbonate,3.31697
M,reduction,diversity,14,1,VC,cyclic_carbonate,1.98927
M,reduction,diversity,14,2,SL,sulfone,2.97769
M,reduction,diversity,14,3,DMSO,sulfoxide,2.77929
M,reduction,diversity,14,4,TEGDME,ether,2.86848
M,reduction,diversity,14,5,DME,ether,3.72927
M,reduction,diversity,14,6,TMP,phosphate,2.91314
M,reduction,diversity,14,7,DOL,ether,4.08707
M,reduction,diversity,14,8,AN,nitrile,3.19638
M,reduction,diversity,14,9,FEC,cyclic_carbonate,2.55635
M,reduction,diversity,14,10,SN,nitrile,1.8543
M,reduction,diversity,14,11,EA,ester,2.73655
M,reduction,diversity,14,12,GBL,ester,2.57924
M,reduction,diversity,14,13,PC,cyclic_carbonate,2.88574
M,reduction,diversity,14,14,MA,ester,2.73615
M,reduction,diversity,14,15,DEC,linear_carbonate,3.36907
M,reduction,diversity,14,16,DMC,linear_carbonate,3.46463
M,reduction,diversity,14,17,EC,cyclic_carbonate,2.59026
M,reduction,uncertainty,14,0,EMC,linear_carbonate,3.31697
M,reduction,uncertainty,14,1,VC,cyclic_carbonate,1.98927
M,reduction,uncertainty,14,2,SL,sulfone,2.97769
M,reduction,uncertainty,14,3,DMSO,sulfoxide,2.77929
M,reduction,uncertainty,14,4,DME,ether,3.72927
M,reduction,uncertainty,14,5,TEGDME,ether,2.86848
M,reduction,uncertainty,14,6,TMP,phosphate,2.91314
M,reduction,uncertainty,14,7,DOL,ether,4.08707
M,reduction,uncertainty,14,8,AN,nitrile,3.19638
M,reduction,uncertainty,14,9,FEC,cyclic_carbonate,2.55635
M,reduction,uncertainty,14,10,SN,nitrile,1.8543
M,reduction,uncertainty,14,11,GBL,ester,2.57924
M,reduction,uncertainty,14,12,EC,cyclic_carbonate,2.59026
M,reduction,uncertainty,14,13,EA,ester,2.73655
M,reduction,uncertainty,14,14,DMC,linear_carbonate,3.46463
M,reduction,uncertainty,14,15,PC,cyclic_carbonate,2.88574
M,reduction,uncertainty,14,16,DEC,linear_carbonate,3.36907
M,reduction,uncertainty,14,17,MA,ester,2.73615
M,reduction,ranking_aware,14,0,EMC,linear_carbonate,3.31697
M,reduction,ranking_aware,14,1,VC,cyclic_carbonate,1.98927
M,reduction,ranking_aware,14,2,SL,sulfone,2.97769
M,reduction,ranking_aware,14,3,DMSO,sulfoxide,2.77929
M,reduction,ranking_aware,14,4,EA,ester,2.73655
M,reduction,ranking_aware,14,5,TMP,phosphate,2.91314
M,reduction,ranking_aware,14,6,DOL,ether,4.08707
M,reduction,ranking_aware,14,7,DMC,linear_carbonate,3.46463
M,reduction,ranking_aware,14,8,DME,ether,3.72927
M,reduction,ranking_aware,14,9,TEGDME,ether,2.86848
M,reduction,ranking_aware,14,10,AN,nitrile,3.19638
M,reduction,ranking_aware,14,11,FEC,cyclic_carbonate,2.55635
M,reduction,ranking_aware,14,12,SN,nitrile,1.8543
M,reduction,ranking_aware,14,13,GBL,ester,2.57924
M,reduction,ranking_aware,14,14,DEC,linear_carbonate,3.36907
M,reduction,ranking_aware,14,15,EC,cyclic_carbonate,2.59026
M,reduction,ranking_aware,14,16,MA,ester,2.73615
M,reduction,ranking_aware,14,17,PC,cyclic_carbonate,2.88574
M,reduction,random,15,0,PC,cyclic_carbonate,2.88574
M,reduction,random,15,1,FEC,cyclic_carbonate,2.55635
M,reduction,random,15,2,TEGDME,ether,2.86848
M,reduction,random,15,3,EA,ester,2.73655
M,reduction,random,15,4,VC,cyclic_carbonate,1.98927
M,reduction,random,15,5,TMP,phosphate,2.91314
M,reduction,random,15,6,GBL,ester,2.57924
M,reduction,random,15,7,MA,ester,2.73615
M,reduction,random,15,8,DEC,linear_carbonate,3.36907
M,reduction,random,15,9,AN,nitrile,3.19638
M,reduction,random,15,10,EMC,linear_carbonate,3.31697
M,reduction,random,15,11,DMC,linear_carbonate,3.46463
M,reduction,random,15,12,DME,ether,3.72927
M,reduction,random,15,13,DMSO,sulfoxide,2.77929
M,reduction,random,15,14,EC,cyclic_carbonate,2.59026
M,reduction,random,15,15,SL,sulfone,2.97769
M,reduction,random,15,16,DOL,ether,4.08707
M,reduction,random,15,17,SN,nitrile,1.8543
M,reduction,diversity,15,0,PC,cyclic_carbonate,2.88574
M,reduction,diversity,15,1,FEC,cyclic_carbonate,2.55635
M,reduction,diversity,15,2,TEGDME,ether,2.86848
M,reduction,diversity,15,3,EA,ester,2.73655
M,reduction,diversity,15,4,DOL,ether,4.08707
M,reduction,diversity,15,5,TMP,phosphate,2.91314
M,reduction,diversity,15,6,SN,nitrile,1.8543
M,reduction,diversity,15,7,DME,ether,3.72927
M,reduction,diversity,15,8,AN,nitrile,3.19638
M,reduction,diversity,15,9,DMSO,sulfoxide,2.77929
M,reduction,diversity,15,10,DEC,linear_carbonate,3.36907
M,reduction,diversity,15,11,SL,sulfone,2.97769
M,reduction,diversity,15,12,GBL,ester,2.57924
M,reduction,diversity,15,13,DMC,linear_carbonate,3.46463
M,reduction,diversity,15,14,VC,cyclic_carbonate,1.98927
M,reduction,diversity,15,15,MA,ester,2.73615
M,reduction,diversity,15,16,EMC,linear_carbonate,3.31697
M,reduction,diversity,15,17,EC,cyclic_carbonate,2.59026
M,reduction,uncertainty,15,0,PC,cyclic_carbonate,2.88574
M,reduction,uncertainty,15,1,FEC,cyclic_carbonate,2.55635
M,reduction,uncertainty,15,2,TEGDME,ether,2.86848
M,reduction,uncertainty,15,3,EA,ester,2.73655
M,reduction,uncertainty,15,4,DME,ether,3.72927
M,reduction,uncertainty,15,5,TMP,phosphate,2.91314
M,reduction,uncertainty,15,6,SN,nitrile,1.8543
M,reduction,uncertainty,15,7,DOL,ether,4.08707
M,reduction,uncertainty,15,8,AN,nitrile,3.19638
M,reduction,uncertainty,15,9,SL,sulfone,2.97769
M,reduction,uncertainty,15,10,DMSO,sulfoxide,2.77929
M,reduction,uncertainty,15,11,DMC,linear_carbonate,3.46463
M,reduction,uncertainty,15,12,GBL,ester,2.57924
M,reduction,uncertainty,15,13,DEC,linear_carbonate,3.36907
M,reduction,uncertainty,15,14,VC,cyclic_carbonate,1.98927
M,reduction,uncertainty,15,15,EC,cyclic_carbonate,2.59026
M,reduction,uncertainty,15,16,MA,ester,2.73615
M,reduction,uncertainty,15,17,EMC,linear_carbonate,3.31697
M,reduction,ranking_aware,15,0,PC,cyclic_carbonate,2.88574
M,reduction,ranking_aware,15,1,FEC,cyclic_carbonate,2.55635
M,reduction,ranking_aware,15,2,TEGDME,ether,2.86848
M,reduction,ranking_aware,15,3,EA,ester,2.73655
M,reduction,ranking_aware,15,4,EC,cyclic_carbonate,2.59026
M,reduction,ranking_aware,15,5,VC,cyclic_carbonate,1.98927
M,reduction,ranking_aware,15,6,MA,ester,2.73615
M,reduction,ranking_aware,15,7,AN,nitrile,3.19638
M,reduction,ranking_aware,15,8,EMC,linear_carbonate,3.31697
M,reduction,ranking_aware,15,9,DEC,linear_carbonate,3.36907
M,reduction,ranking_aware,15,10,DMC,linear_carbonate,3.46463
M,reduction,ranking_aware,15,11,SL,sulfone,2.97769
M,reduction,ranking_aware,15,12,TMP,phosphate,2.91314
M,reduction,ranking_aware,15,13,DME,ether,3.72927
M,reduction,ranking_aware,15,14,DOL,ether,4.08707
M,reduction,ranking_aware,15,15,DMSO,sulfoxide,2.77929
M,reduction,ranking_aware,15,16,SN,nitrile,1.8543
M,reduction,ranking_aware,15,17,GBL,ester,2.57924
M,reduction,random,16,0,DOL,ether,4.08707
M,reduction,random,16,1,MA,ester,2.73615
M,reduction,random,16,2,DMSO,sulfoxide,2.77929
M,reduction,random,16,3,SN,nitrile,1.8543
M,reduction,random,16,4,AN,nitrile,3.19638
M,reduction,random,16,5,TMP,phosphate,2.91314
M,reduction,random,16,6,DMC,linear_carbonate,3.46463
M,reduction,random,16,7,TEGDME,ether,2.86848
M,reduction,random,16,8,SL,sulfone,2.97769
M,reduction,random,16,9,PC,cyclic_carbonate,2.88574
M,reduction,random,16,10,EA,ester,2.73655
M,reduction,random,16,11,EC,cyclic_carbonate,2.59026
M,reduction,random,16,12,DME,ether,3.72927
M,reduction,random,16,13,FEC,cyclic_carbonate,2.55635
M,reduction,random,16,14,DEC,linear_carbonate,3.36907
M,reduction,random,16,15,VC,cyclic_carbonate,1.98927
M,reduction,random,16,16,EMC,linear_carbonate,3.31697
M,reduction,random,16,17,GBL,ester,2.57924
M,reduction,diversity,16,0,DOL,ether,4.08707
M,reduction,diversity,16,1,MA,ester,2.73615
M,reduction,diversity,16,2,DMSO,sulfoxide,2.77929
M,reduction,diversity,16,3,SN,nitrile,1.8543
M,reduction,diversity,16,4,TEGDME,ether,2.86848
M,reduction,diversity,16,5,TMP,phosphate,2.91314
M,reduction,diversity,16,6,FEC,cyclic_carbonate,2.55635
M,reduction,diversity,16,7,SL,sulfone,2.97769
M,reduction,diversity,16,8,DME,ether,3.72927
M,reduction,diversity,16,9,VC,cyclic_carbonate,1.98927
M,reduction,diversity,16,10,DEC,linear_carbonate,3.36907
M,reduction,diversity,16,11,GBL,ester,2.57924
M,reduction,diversity,16,12,AN,nitrile,3.19638
M,reduction,diversity,16,13,DMC,linear_carbonate,3.46463
M,reduction,diversity,16,14,PC,cyclic_carbonate,2.88574
M,reduction,diversity,16,15,EA,ester,2.73655
M,reduction,diversity,16,16,EMC,linear_carbonate,3.31697
M,reduction,diversity,16,17,EC,cyclic_carbonate,2.59026
M,reduction,uncertainty,16,0,DOL,ether,4.08707
M,reduction,uncertainty,16,1,MA,ester,2.73615
M,reduction,uncertainty,16,2,DMSO,sulfoxide,2.77929
M,reduction,uncertainty,16,3,SN,nitrile,1.8543
M,reduction,uncertainty,16,4,DMC,linear_carbonate,3.46463
M,reduction,uncertainty,16,5,DEC,linear_carbonate,3.36907
M,reduction,uncertainty,16,6,EC,cyclic_carbonate,2.59026
M,reduction,uncertainty,16,7,DME,ether,3.72927
M,reduction,uncertainty,16,8,TEGDME,ether,2.86848
M,reduction,uncertainty,16,9,TMP,phosphate,2.91314
M,reduction,uncertainty,16,10,SL,sulfone,2.97769
M,reduction,uncertainty,16,11,AN,nitrile,3.19638
M,reduction,uncertainty,16,12,GBL,ester,2.57924
M,reduction,uncertainty,16,13,FEC,cyclic_carbonate,2.55635
M,reduction,uncertainty,16,14,VC,cyclic_carbonate,1.98927
M,reduction,uncertainty,16,15,PC,cyclic_carbonate,2.88574
M,reduction,uncertainty,16,16,EA,ester,2.73655
M,reduction,uncertainty,16,17,EMC,linear_carbonate,3.31697
M,reduction,ranking_aware,16,0,DOL,ether,4.08707
M,reduction,ranking_aware,16,1,MA,ester,2.73615
M,reduction,ranking_aware,16,2,DMSO,sulfoxide,2.77929
M,reduction,ranking_aware,16,3,SN,nitrile,1.8543
M,reduction,ranking_aware,16,4,DMC,linear_carbonate,3.46463
M,reduction,ranking_aware,16,5,EMC,linear_carbonate,3.31697
M,reduction,ranking_aware,16,6,DEC,linear_carbonate,3.36907
M,reduction,ranking_aware,16,7,TMP,phosphate,2.91314
M,reduction,ranking_aware,16,8,DME,ether,3.72927
M,reduction,ranking_aware,16,9,TEGDME,ether,2.86848
M,reduction,ranking_aware,16,10,FEC,cyclic_carbonate,2.55635
M,reduction,ranking_aware,16,11,SL,sulfone,2.97769
M,reduction,ranking_aware,16,12,GBL,ester,2.57924
M,reduction,ranking_aware,16,13,EC,cyclic_carbonate,2.59026
M,reduction,ranking_aware,16,14,AN,nitrile,3.19638
M,reduction,ranking_aware,16,15,PC,cyclic_carbonate,2.88574
M,reduction,ranking_aware,16,16,EA,ester,2.73655
M,reduction,ranking_aware,16,17,VC,cyclic_carbonate,1.98927
M,reduction,random,17,0,EC,cyclic_carbonate,2.59026
M,reduction,random,17,1,PC,cyclic_carbonate,2.88574
M,reduction,random,17,2,FEC,cyclic_carbonate,2.55635
M,reduction,random,17,3,MA,ester,2.73615
M,reduction,random,17,4,AN,nitrile,3.19638
M,reduction,random,17,5,GBL,ester,2.57924
M,reduction,random,17,6,TMP,phosphate,2.91314
M,reduction,random,17,7,DOL,ether,4.08707
M,reduction,random,17,8,VC,cyclic_carbonate,1.98927
M,reduction,random,17,9,DME,ether,3.72927
M,reduction,random,17,10,DMC,linear_carbonate,3.46463
M,reduction,random,17,11,DMSO,sulfoxide,2.77929
M,reduction,random,17,12,SN,nitrile,1.8543
M,reduction,random,17,13,EMC,linear_carbonate,3.31697
M,reduction,random,17,14,SL,sulfone,2.97769
M,reduction,random,17,15,EA,ester,2.73655
M,reduction,random,17,16,TEGDME,ether,2.86848
M,reduction,random,17,17,DEC,linear_carbonate,3.36907
M,reduction,diversity,17,0,EC,cyclic_carbonate,2.59026
M,reduction,diversity,17,1,PC,cyclic_carbonate,2.88574
M,reduction,diversity,17,2,FEC,cyclic_carbonate,2.55635
M,reduction,diversity,17,3,MA,ester,2.73615
M,reduction,diversity,17,4,TEGDME,ether,2.86848
M,reduction,diversity,17,5,DME,ether,3.72927
M,reduction,diversity,17,6,TMP,phosphate,2.91314
M,reduction,diversity,17,7,SN,nitrile,1.8543
M,reduction,diversity,17,8,DOL,ether,4.08707
M,reduction,diversity,17,9,DEC,linear_carbonate,3.36907
M,reduction,diversity,17,10,DMSO,sulfoxide,2.77929
M,reduction,diversity,17,11,SL,sulfone,2.97769
M,reduction,diversity,17,12,GBL,ester,2.57924
M,reduction,diversity,17,13,AN,nitrile,3.19638
M,reduction,diversity,17,14,DMC,linear_carbonate,3.46463
M,reduction,diversity,17,15,VC,cyclic_carbonate,1.98927
M,reduction,diversity,17,16,EA,ester,2.73655
M,reduction,diversity,17,17,EMC,linear_carbonate,3.31697
M,reduction,uncertainty,17,0,EC,cyclic_carbonate,2.59026
M,reduction,uncertainty,17,1,PC,cyclic_carbonate,2.88574
M,reduction,uncertainty,17,2,FEC,cyclic_carbonate,2.55635
M,reduction,uncertainty,17,3,MA,ester,2.73615
M,reduction,uncertainty,17,4,DMC,linear_carbonate,3.46463
M,reduction,uncertainty,17,5,DEC,linear_carbonate,3.36907
M,reduction,uncertainty,17,6,DME,ether,3.72927
M,reduction,uncertainty,17,7,TEGDME,ether,2.86848
M,reduction,uncertainty,17,8,SN,nitrile,1.8543
M,reduction,uncertainty,17,9,TMP,phosphate,2.91314
M,reduction,uncertainty,17,10,DOL,ether,4.08707
M,reduction,uncertainty,17,11,DMSO,sulfoxide,2.77929
M,reduction,uncertainty,17,12,SL,sulfone,2.97769
M,reduction,uncertainty,17,13,AN,nitrile,3.19638
M,reduction,uncertainty,17,14,GBL,ester,2.57924
M,reduction,uncertainty,17,15,VC,cyclic_carbonate,1.98927
M,reduction,uncertainty,17,16,EA,ester,2.73655
M,reduction,uncertainty,17,17,EMC,linear_carbonate,3.31697
M,reduction,ranking_aware,17,0,EC,cyclic_carbonate,2.59026
M,reduction,ranking_aware,17,1,PC,cyclic_carbonate,2.88574
M,reduction,ranking_aware,17,2,FEC,cyclic_carbonate,2.55635
M,reduction,ranking_aware,17,3,MA,ester,2.73615
M,reduction,ranking_aware,17,4,DOL,ether,4.08707
M,reduction,ranking_aware,17,5,DME,ether,3.72927
M,reduction,ranking_aware,17,6,SL,sulfone,2.97769
M,reduction,ranking_aware,17,7,DEC,linear_carbonate,3.36907
M,reduction,ranking_aware,17,8,TMP,phosphate,2.91314
M,reduction,ranking_aware,17,9,TEGDME,ether,2.86848
M,reduction,ranking_aware,17,10,EMC,linear_carbonate,3.31697
M,reduction,ranking_aware,17,11,DMSO,sulfoxide,2.77929
M,reduction,ranking_aware,17,12,DMC,linear_carbonate,3.46463
M,reduction,ranking_aware,17,13,SN,nitrile,1.8543
M,reduction,ranking_aware,17,14,GBL,ester,2.57924
M,reduction,ranking_aware,17,15,AN,nitrile,3.19638
M,reduction,ranking_aware,17,16,VC,cyclic_carbonate,1.98927
M,reduction,ranking_aware,17,17,EA,ester,2.73655
M,reduction,random,18,0,DMC,linear_carbonate,3.46463
M,reduction,random,18,1,DEC,linear_carbonate,3.36907
M,reduction,random,18,2,TEGDME,ether,2.86848
M,reduction,random,18,3,DMSO,sulfoxide,2.77929
M,reduction,random,18,4,EMC,linear_carbonate,3.31697
M,reduction,random,18,5,EA,ester,2.73655
M,reduction,random,18,6,PC,cyclic_carbonate,2.88574
M,reduction,random,18,7,VC,cyclic_carbonate,1.98927
M,reduction,random,18,8,DME,ether,3.72927
M,reduction,random,18,9,AN,nitrile,3.19638
M,reduction,random,18,10,SL,sulfone,2.97769
M,reduction,random,18,11,FEC,cyclic_carbonate,2.55635
M,reduction,random,18,12,SN,nitrile,1.8543
M,reduction,random,18,13,DOL,ether,4.08707
M,reduction,random,18,14,EC,cyclic_carbonate,2.59026
M,reduction,random,18,15,TMP,phosphate,2.91314
M,reduction,random,18,16,MA,ester,2.73615
M,reduction,random,18,17,GBL,ester,2.57924
M,reduction,diversity,18,0,DMC,linear_carbonate,3.46463
M,reduction,diversity,18,1,DEC,linear_carbonate,3.36907
M,reduction,diversity,18,2,TEGDME,ether,2.86848
M,reduction,diversity,18,3,DMSO,sulfoxide,2.77929
M,reduction,diversity,18,4,DME,ether,3.72927
M,reduction,diversity,18,5,EC,cyclic_carbonate,2.59026
M,reduction,diversity,18,6,SN,nitrile,1.8543
M,reduction,diversity,18,7,DOL,ether,4.08707
M,reduction,diversity,18,8,TMP,phosphate,2.91314
M,reduction,diversity,18,9,SL,sulfone,2.97769
M,reduction,diversity,18,10,AN,nitrile,3.19638
M,reduction,diversity,18,11,EA,ester,2.73655
M,reduction,diversity,18,12,GBL,ester,2.57924
M,reduction,diversity,18,13,FEC,cyclic_carbonate,2.55635
M,reduction,diversity,18,14,VC,cyclic_carbonate,1.98927
M,reduction,diversity,18,15,MA,ester,2.73615
M,reduction,diversity,18,16,EMC,linear_carbonate,3.31697
M,reduction,diversity,18,17,PC,cyclic_carbonate,2.88574
M,reduction,uncertainty,18,0,DMC,linear_carbonate,3.46463
M,reduction,uncertainty,18,1,DEC,linear_carbonate,3.36907
M,reduction,uncertainty,18,2,TEGDME,ether,2.86848
M,reduction,uncertainty,18,3,DMSO,sulfoxide,2.77929
M,reduction,uncertainty,18,4,DME,ether,3.72927
M,reduction,uncertainty,18,5,FEC,cyclic_carbonate,2.55635
M,reduction,uncertainty,18,6,SL,sulfone,2.97769
M,reduction,uncertainty,18,7,SN,nitrile,1.8543
M,reduction,uncertainty,18,8,DOL,ether,4.08707
M,reduction,uncertainty,18,9,TMP,phosphate,2.91314
M,reduction,uncertainty,18,10,EC,cyclic_carbonate,2.59026
M,reduction,uncertainty,18,11,AN,nitrile,3.19638
M,reduction,uncertainty,18,12,GBL,ester,2.57924
M,reduction,uncertainty,18,13,VC,cyclic_carbonate,1.98927
M,reduction,uncertainty,18,14,EA,ester,2.73655
M,reduction,uncertainty,18,15,PC,cyclic_carbonate,2.88574
M,reduction,uncertainty,18,16,MA,ester,2.73615
M,reduction,uncertainty,18,17,EMC,linear_carbonate,3.31697
M,reduction,ranking_aware,18,0,DMC,linear_carbonate,3.46463
M,reduction,ranking_aware,18,1,DEC,linear_carbonate,3.36907
M,reduction,ranking_aware,18,2,TEGDME,ether,2.86848
M,reduction,ranking_aware,18,3,DMSO,sulfoxide,2.77929
M,reduction,ranking_aware,18,4,TMP,phosphate,2.91314
M,reduction,ranking_aware,18,5,MA,ester,2.73615
M,reduction,ranking_aware,18,6,DME,ether,3.72927
M,reduction,ranking_aware,18,7,EMC,linear_carbonate,3.31697
M,reduction,ranking_aware,18,8,DOL,ether,4.08707
M,reduction,ranking_aware,18,9,SL,sulfone,2.97769
M,reduction,ranking_aware,18,10,FEC,cyclic_carbonate,2.55635
M,reduction,ranking_aware,18,11,SN,nitrile,1.8543
M,reduction,ranking_aware,18,12,GBL,ester,2.57924
M,reduction,ranking_aware,18,13,EC,cyclic_carbonate,2.59026
M,reduction,ranking_aware,18,14,AN,nitrile,3.19638
M,reduction,ranking_aware,18,15,PC,cyclic_carbonate,2.88574
M,reduction,ranking_aware,18,16,VC,cyclic_carbonate,1.98927
M,reduction,ranking_aware,18,17,EA,ester,2.73655
M,reduction,random,19,0,EC,cyclic_carbonate,2.59026
M,reduction,random,19,1,DOL,ether,4.08707
M,reduction,random,19,2,SL,sulfone,2.97769
M,reduction,random,19,3,AN,nitrile,3.19638
M,reduction,random,19,4,EA,ester,2.73655
M,reduction,random,19,5,GBL,ester,2.57924
M,reduction,random,19,6,TMP,phosphate,2.91314
M,reduction,random,19,7,DMSO,sulfoxide,2.77929
M,reduction,random,19,8,EMC,linear_carbonate,3.31697
M,reduction,random,19,9,VC,cyclic_carbonate,1.98927
M,reduction,random,19,10,FEC,cyclic_carbonate,2.55635
M,reduction,random,19,11,DEC,linear_carbonate,3.36907
M,reduction,random,19,12,SN,nitrile,1.8543
M,reduction,random,19,13,TEGDME,ether,2.86848
M,reduction,random,19,14,MA,ester,2.73615
M,reduction,random,19,15,DME,ether,3.72927
M,reduction,random,19,16,PC,cyclic_carbonate,2.88574
M,reduction,random,19,17,DMC,linear_carbonate,3.46463
M,reduction,diversity,19,0,EC,cyclic_carbonate,2.59026
M,reduction,diversity,19,1,DOL,ether,4.08707
M,reduction,diversity,19,2,SL,sulfone,2.97769
M,reduction,diversity,19,3,AN,nitrile,3.19638
M,reduction,diversity,19,4,TEGDME,ether,2.86848
M,reduction,diversity,19,5,TMP,phosphate,2.91314
M,reduction,diversity,19,6,DMC,linear_carbonate,3.46463
M,reduction,diversity,19,7,SN,nitrile,1.8543
M,reduction,diversity,19,8,DMSO,sulfoxide,2.77929
M,reduction,diversity,19,9,DME,ether,3.72927
M,reduction,diversity,19,10,EA,ester,2.73655
M,reduction,diversity,19,11,GBL,ester,2.57924
M,reduction,diversity,19,12,FEC,cyclic_carbonate,2.55635
M,reduction,diversity,19,13,DEC,linear_carbonate,3.36907
M,reduction,diversity,19,14,VC,cyclic_carbonate,1.98927
M,reduction,diversity,19,15,MA,ester,2.73615
M,reduction,diversity,19,16,EMC,linear_carbonate,3.31697
M,reduction,diversity,19,17,PC,cyclic_carbonate,2.88574
M,reduction,uncertainty,19,0,EC,cyclic_carbonate,2.59026
M,reduction,uncertainty,19,1,DOL,ether,4.08707
M,reduction,uncertainty,19,2,SL,sulfone,2.97769
M,reduction,uncertainty,19,3,AN,nitrile,3.19638
M,reduction,uncertainty,19,4,TEGDME,ether,2.86848
M,reduction,uncertainty,19,5,TMP,phosphate,2.91314
M,reduction,uncertainty,19,6,DMC,linear_carbonate,3.46463
M,reduction,uncertainty,19,7,SN,nitrile,1.8543
M,reduction,uncertainty,19,8,DMSO,sulfoxide,2.77929
M,reduction,uncertainty,19,9,DME,ether,3.72927
M,reduction,uncertainty,19,10,GBL,ester,2.57924
M,reduction,uncertainty,19,11,FEC,cyclic_carbonate,2.55635
M,reduction,uncertainty,19,12,DEC,linear_carbonate,3.36907
M,reduction,uncertainty,19,13,VC,cyclic_carbonate,1.98927
M,reduction,uncertainty,19,14,EA,ester,2.73655
M,reduction,uncertainty,19,15,PC,cyclic_carbonate,2.88574
M,reduction,uncertainty,19,16,MA,ester,2.73615
M,reduction,uncertainty,19,17,EMC,linear_carbonate,3.31697
M,reduction,ranking_aware,19,0,EC,cyclic_carbonate,2.59026
M,reduction,ranking_aware,19,1,DOL,ether,4.08707
M,reduction,ranking_aware,19,2,SL,sulfone,2.97769
M,reduction,ranking_aware,19,3,AN,nitrile,3.19638
M,reduction,ranking_aware,19,4,DME,ether,3.72927
M,reduction,ranking_aware,19,5,TEGDME,ether,2.86848
M,reduction,ranking_aware,19,6,DMSO,sulfoxide,2.77929
M,reduction,ranking_aware,19,7,DMC,linear_carbonate,3.46463
M,reduction,ranking_aware,19,8,EMC,linear_carbonate,3.31697
M,reduction,ranking_aware,19,9,TMP,phosphate,2.91314
M,reduction,ranking_aware,19,10,MA,ester,2.73615
M,reduction,ranking_aware,19,11,SN,nitrile,1.8543
M,reduction,ranking_aware,19,12,GBL,ester,2.57924
M,reduction,ranking_aware,19,13,FEC,cyclic_carbonate,2.55635
M,reduction,ranking_aware,19,14,DEC,linear_carbonate,3.36907
M,reduction,ranking_aware,19,15,PC,cyclic_carbonate,2.88574
M,reduction,ranking_aware,19,16,EA,ester,2.73655
M,reduction,ranking_aware,19,17,VC,cyclic_carbonate,1.98927
E,oxidation,random,0,0,VC,cyclic_carbonate,6.86064
E,oxidation,random,0,1,MA,ester,7.80119
E,oxidation,random,0,2,AN,nitrile,9.23338
E,oxidation,random,0,3,TMP,phosphate,8.13737
E,oxidation,random,0,4,DMSO,sulfoxide,6.4133
E,oxidation,random,0,5,DME,ether,6.50598
E,oxidation,random,0,6,SL,sulfone,7.43224
E,oxidation,random,0,7,PC,cyclic_carbonate,8.00702
E,oxidation,random,0,8,DOL,ether,6.65213
E,oxidation,random,0,9,EMC,linear_carbonate,7.99479
E,oxidation,random,0,10,DMC,linear_carbonate,8.1696
E,oxidation,random,0,11,EC,cyclic_carbonate,8.06066
E,oxidation,random,0,12,EA,ester,7.72405
E,oxidation,random,0,13,FEC,cyclic_carbonate,8.83094
E,oxidation,random,0,14,TEGDME,ether,5.95045
E,oxidation,random,0,15,DEC,linear_carbonate,7.86403
E,oxidation,random,0,16,SN,nitrile,9.01366
E,oxidation,random,0,17,GBL,ester,7.61103
E,oxidation,diversity,0,0,VC,cyclic_carbonate,6.86064
E,oxidation,diversity,0,1,MA,ester,7.80119
E,oxidation,diversity,0,2,AN,nitrile,9.23338
E,oxidation,diversity,0,3,TMP,phosphate,8.13737
E,oxidation,diversity,0,4,TEGDME,ether,5.95045
E,oxidation,diversity,0,5,DOL,ether,6.65213
E,oxidation,diversity,0,6,DMSO,sulfoxide,6.4133
E,oxidation,diversity,0,7,DME,ether,6.50598
E,oxidation,diversity,0,8,SN,nitrile,9.01366
E,oxidation,diversity,0,9,FEC,cyclic_carbonate,8.83094
E,oxidation,diversity,0,10,SL,sulfone,7.43224
E,oxidation,diversity,0,11,DEC,linear_carbonate,7.86403
E,oxidation,diversity,0,12,GBL,ester,7.61103
E,oxidation,diversity,0,13,DMC,linear_carbonate,8.1696
E,oxidation,diversity,0,14,PC,cyclic_carbonate,8.00702
E,oxidation,diversity,0,15,EA,ester,7.72405
E,oxidation,diversity,0,16,EMC,linear_carbonate,7.99479
E,oxidation,diversity,0,17,EC,cyclic_carbonate,8.06066
E,oxidation,uncertainty,0,0,VC,cyclic_carbonate,6.86064
E,oxidation,uncertainty,0,1,MA,ester,7.80119
E,oxidation,uncertainty,0,2,AN,nitrile,9.23338
E,oxidation,uncertainty,0,3,TMP,phosphate,8.13737
E,oxidation,uncertainty,0,4,DMC,linear_carbonate,8.1696
E,oxidation,uncertainty,0,5,DEC,linear_carbonate,7.86403
E,oxidation,uncertainty,0,6,FEC,cyclic_carbonate,8.83094
E,oxidation,uncertainty,0,7,DME,ether,6.50598
E,oxidation,uncertainty,0,8,DOL,ether,6.65213
E,oxidation,uncertainty,0,9,TEGDME,ether,5.95045
E,oxidation,uncertainty,0,10,SL,sulfone,7.43224
E,oxidation,uncertainty,0,11,SN,nitrile,9.01366
E,oxidation,uncertainty,0,12,DMSO,sulfoxide,6.4133
E,oxidation,uncertainty,0,13,GBL,ester,7.61103
E,oxidation,uncertainty,0,14,PC,cyclic_carbonate,8.00702
E,oxidation,uncertainty,0,15,EA,ester,7.72405
E,oxidation,uncertainty,0,16,EC,cyclic_carbonate,8.06066
E,oxidation,uncertainty,0,17,EMC,linear_carbonate,7.99479
E,oxidation,ranking_aware,0,0,VC,cyclic_carbonate,6.86064
E,oxidation,ranking_aware,0,1,MA,ester,7.80119
E,oxidation,ranking_aware,0,2,AN,nitrile,9.23338
E,oxidation,ranking_aware,0,3,TMP,phosphate,8.13737
E,oxidation,ranking_aware,0,4,SN,nitrile,9.01366
E,oxidation,ranking_aware,0,5,DEC,linear_carbonate,7.86403
E,oxidation,ranking_aware,0,6,PC,cyclic_carbonate,8.00702
E,oxidation,ranking_aware,0,7,EMC,linear_carbonate,7.99479
E,oxidation,ranking_aware,0,8,EC,cyclic_carbonate,8.06066
E,oxidation,ranking_aware,0,9,SL,sulfone,7.43224
E,oxidation,ranking_aware,0,10,DOL,ether,6.65213
E,oxidation,ranking_aware,0,11,DMSO,sulfoxide,6.4133
E,oxidation,ranking_aware,0,12,DMC,linear_carbonate,8.1696
E,oxidation,ranking_aware,0,13,DME,ether,6.50598
E,oxidation,ranking_aware,0,14,FEC,cyclic_carbonate,8.83094
E,oxidation,ranking_aware,0,15,EA,ester,7.72405
E,oxidation,ranking_aware,0,16,TEGDME,ether,5.95045
E,oxidation,ranking_aware,0,17,GBL,ester,7.61103
E,oxidation,random,1,0,EMC,linear_carbonate,7.99479
E,oxidation,random,1,1,DME,ether,6.50598
E,oxidation,random,1,2,TEGDME,ether,5.95045
E,oxidation,random,1,3,DMSO,sulfoxide,6.4133
E,oxidation,random,1,4,AN,nitrile,9.23338
E,oxidation,random,1,5,SL,sulfone,7.43224
E,oxidation,random,1,6,TMP,phosphate,8.13737
E,oxidation,random,1,7,DEC,linear_carbonate,7.86403
E,oxidation,random,1,8,EA,ester,7.72405
E,oxidation,random,1,9,PC,cyclic_carbonate,8.00702
E,oxidation,random,1,10,VC,cyclic_carbonate,6.86064
E,oxidation,random,1,11,DMC,linear_carbonate,8.1696
E,oxidation,random,1,12,GBL,ester,7.61103
E,oxidation,random,1,13,SN,nitrile,9.01366
E,oxidation,random,1,14,MA,ester,7.80119
E,oxidation,random,1,15,FEC,cyclic_carbonate,8.83094
E,oxidation,random,1,16,DOL,ether,6.65213
E,oxidation,random,1,17,EC,cyclic_carbonate,8.06066
E,oxidation,diversity,1,0,EMC,linear_carbonate,7.99479
E,oxidation,diversity,1,1,DME,ether,6.50598
E,oxidation,diversity,1,2,TEGDME,ether,5.95045
E,oxidation,diversity,1,3,DMSO,sulfoxide,6.4133
E,oxidation,diversity,1,4,EC,cyclic_carbonate,8.06066
E,oxidation,diversity,1,5,SN,nitrile,9.01366
E,oxidation,diversity,1,6,DOL,ether,6.65213
E,oxidation,diversity,1,7,TMP,phosphate,8.13737
E,oxidation,diversity,1,8,SL,sulfone,7.43224
E,oxidation,diversity,1,9,AN,nitrile,9.23338
E,oxidation,diversity,1,10,EA,ester,7.72405
E,oxidation,diversity,1,11,GBL,ester,7.61103
E,oxidation,diversity,1,12,FEC,cyclic_carbonate,8.83094
E,oxidation,diversity,1,13,VC,cyclic_carbonate,6.86064
E,oxidation,diversity,1,14,MA,ester,7.80119
E,oxidation,diversity,1,15,DEC,linear_carbonate,7.86403
E,oxidation,diversity,1,16,DMC,linear_carbonate,8.1696
E,oxidation,diversity,1,17,PC,cyclic_carbonate,8.00702
E,oxidation,uncertainty,1,0,EMC,linear_carbonate,7.99479
E,oxidation,uncertainty,1,1,DME,ether,6.50598
E,oxidation,uncertainty,1,2,TEGDME,ether,5.95045
E,oxidation,uncertainty,1,3,DMSO,sulfoxide,6.4133
E,oxidation,uncertainty,1,4,EC,cyclic_carbonate,8.06066
E,oxidation,uncertainty,1,5,DOL,ether,6.65213
E,oxidation,uncertainty,1,6,SN,nitrile,9.01366
E,oxidation,uncertainty,1,7,TMP,phosphate,8.13737
E,oxidation,uncertainty,1,8,SL,sulfone,7.43224
E,oxidation,uncertainty,1,9,AN,nitrile,9.23338
E,oxidation,uncertainty,1,10,EA,ester,7.72405
E,oxidation,uncertainty,1,11,FEC,cyclic_carbonate,8.83094
E,oxidation,uncertainty,1,12,GBL,ester,7.61103
E,oxidation,uncertainty,1,13,VC,cyclic_carbonate,6.86064
E,oxidation,uncertainty,1,14,MA,ester,7.80119
E,oxidation,uncertainty,1,15,DEC,linear_carbonate,7.86403
E,oxidation,uncertainty,1,16,PC,cyclic_carbonate,8.00702
E,oxidation,uncertainty,1,17,DMC,linear_carbonate,8.1696
E,oxidation,ranking_aware,1,0,EMC,linear_carbonate,7.99479
E,oxidation,ranking_aware,1,1,DME,ether,6.50598
E,oxidation,ranking_aware,1,2,TEGDME,ether,5.95045
E,oxidation,ranking_aware,1,3,DMSO,sulfoxide,6.4133
E,oxidation,ranking_aware,1,4,DEC,linear_carbonate,7.86403
E,oxidation,ranking_aware,1,5,TMP,phosphate,8.13737
E,oxidation,ranking_aware,1,6,FEC,cyclic_carbonate,8.83094
E,oxidation,ranking_aware,1,7,PC,cyclic_carbonate,8.00702
E,oxidation,ranking_aware,1,8,DMC,linear_carbonate,8.1696
E,oxidation,ranking_aware,1,9,VC,cyclic_carbonate,6.86064
E,oxidation,ranking_aware,1,10,SL,sulfone,7.43224
E,oxidation,ranking_aware,1,11,EC,cyclic_carbonate,8.06066
E,oxidation,ranking_aware,1,12,AN,nitrile,9.23338
E,oxidation,ranking_aware,1,13,MA,ester,7.80119
E,oxidation,ranking_aware,1,14,SN,nitrile,9.01366
E,oxidation,ranking_aware,1,15,DOL,ether,6.65213
E,oxidation,ranking_aware,1,16,EA,ester,7.72405
E,oxidation,ranking_aware,1,17,GBL,ester,7.61103
E,oxidation,random,2,0,DOL,ether,6.65213
E,oxidation,random,2,1,GBL,ester,7.61103
E,oxidation,random,2,2,DMSO,sulfoxide,6.4133
E,oxidation,random,2,3,AN,nitrile,9.23338
E,oxidation,random,2,4,VC,cyclic_carbonate,6.86064
E,oxidation,random,2,5,FEC,cyclic_carbonate,8.83094
E,oxidation,random,2,6,MA,ester,7.80119
E,oxidation,random,2,7,EA,ester,7.72405
E,oxidation,random,2,8,DEC,linear_carbonate,7.86403
E,oxidation,random,2,9,DME,ether,6.50598
E,oxidation,random,2,10,TEGDME,ether,5.95045
E,oxidation,random,2,11,DMC,linear_carbonate,8.1696
E,oxidation,random,2,12,EC,cyclic_carbonate,8.06066
E,oxidation,random,2,13,EMC,linear_carbonate,7.99479
E,oxidation,random,2,14,SL,sulfone,7.43224
E,oxidation,random,2,15,TMP,phosphate,8.13737
E,oxidation,random,2,16,PC,cyclic_carbonate,8.00702
E,oxidation,random,2,17,SN,nitrile,9.01366
E,oxidation,diversity,2,0,DOL,ether,6.65213
E,oxidation,diversity,2,1,GBL,ester,7.61103
E,oxidation,diversity,2,2,DMSO,sulfoxide,6.4133
E,oxidation,diversity,2,3,AN,nitrile,9.23338
E,oxidation,diversity,2,4,TEGDME,ether,5.95045
E,oxidation,diversity,2,5,TMP,phosphate,8.13737
E,oxidation,diversity,2,6,FEC,cyclic_carbonate,8.83094
E,oxidation,diversity,2,7,SN,nitrile,9.01366
E,oxidation,diversity,2,8,DMC,linear_carbonate,8.1696
E,oxidation,diversity,2,9,DME,ether,6.50598
E,oxidation,diversity,2,10,EA,ester,7.72405
E,oxidation,diversity,2,11,EC,cyclic_carbonate,8.06066
E,oxidation,diversity,2,12,SL,sulfone,7.43224
E,oxidation,diversity,2,13,DEC,linear_carbonate,7.86403
E,oxidation,diversity,2,14,VC,cyclic_carbonate,6.86064
E,oxidation,diversity,2,15,MA,ester,7.80119
E,oxidation,diversity,2,16,EMC,linear_carbonate,7.99479
E,oxidation,diversity,2,17,PC,cyclic_carbonate,8.00702
E,oxidation,uncertainty,2,0,DOL,ether,6.65213
E,oxidation,uncertainty,2,1,GBL,ester,7.61103
E,oxidation,uncertainty,2,2,DMSO,sulfoxide,6.4133
E,oxidation,uncertainty,2,3,AN,nitrile,9.23338
E,oxidation,uncertainty,2,4,DMC,linear_carbonate,8.1696
E,oxidation,uncertainty,2,5,TEGDME,ether,5.95045
E,oxidation,uncertainty,2,6,FEC,cyclic_carbonate,8.83094
E,oxidation,uncertainty,2,7,DME,ether,6.50598
E,oxidation,uncertainty,2,8,VC,cyclic_carbonate,6.86064
E,oxidation,uncertainty,2,9,EA,ester,7.72405
E,oxidation,uncertainty,2,10,TMP,phosphate,8.13737
E,oxidation,uncertainty,2,11,SN,nitrile,9.01366
E,oxidation,uncertainty,2,12,SL,sulfone,7.43224
E,oxidation,uncertainty,2,13,DEC,linear_carbonate,7.86403
E,oxidation,uncertainty,2,14,PC,cyclic_carbonate,8.00702
E,oxidation,uncertainty,2,15,MA,ester,7.80119
E,oxidation,uncertainty,2,16,EC,cyclic_carbonate,8.06066
E,oxidation,uncertainty,2,17,EMC,linear_carbonate,7.99479
E,oxidation,ranking_aware,2,0,DOL,ether,6.65213
E,oxidation,ranking_aware,2,1,GBL,ester,7.61103
E,oxidation,ranking_aware,2,2,DMSO,sulfoxide,6.4133
E,oxidation,ranking_aware,2,3,AN,nitrile,9.23338
E,oxidation,ranking_aware,2,4,MA,ester,7.80119
E,oxidation,ranking_aware,2,5,EA,ester,7.72405
E,oxidation,ranking_aware,2,6,EC,cyclic_carbonate,8.06066
E,oxidation,ranking_aware,2,7,SN,nitrile,9.01366
E,oxidation,ranking_aware,2,8,EMC,linear_carbonate,7.99479
E,oxidation,ranking_aware,2,9,TEGDME,ether,5.95045
E,oxidation,ranking_aware,2,10,VC,cyclic_carbonate,6.86064
E,oxidation,ranking_aware,2,11,FEC,cyclic_carbonate,8.83094
E,oxidation,ranking_aware,2,12,PC,cyclic_carbonate,8.00702
E,oxidation,ranking_aware,2,13,TMP,phosphate,8.13737
E,oxidation,ranking_aware,2,14,DME,ether,6.50598
E,oxidation,ranking_aware,2,15,DEC,linear_carbonate,7.86403
E,oxidation,ranking_aware,2,16,DMC,linear_carbonate,8.1696
E,oxidation,ranking_aware,2,17,SL,sulfone,7.43224
E,oxidation,random,3,0,DEC,linear_carbonate,7.86403
E,oxidation,random,3,1,FEC,cyclic_carbonate,8.83094
E,oxidation,random,3,2,VC,cyclic_carbonate,6.86064
E,oxidation,random,3,3,SL,sulfone,7.43224
E,oxidation,random,3,4,GBL,ester,7.61103
E,oxidation,random,3,5,DOL,ether,6.65213
E,oxidation,random,3,6,EA,ester,7.72405
E,oxidation,random,3,7,SN,nitrile,9.01366
E,oxidation,random,3,8,DMSO,sulfoxide,6.4133
E,oxidation,random,3,9,TEGDME,ether,5.95045
E,oxidation,random,3,10,DME,ether,6.50598
E,oxidation,random,3,11,MA,ester,7.80119
E,oxidation,random,3,12,PC,cyclic_carbonate,8.00702
E,oxidation,random,3,13,DMC,linear_carbonate,8.1696
E,oxidation,random,3,14,EMC,linear_carbonate,7.99479
E,oxidation,random,3,15,EC,cyclic_carbonate,8.06066
E,oxidation,random,3,16,TMP,phosphate,8.13737
E,oxidation,random,3,17,AN,nitrile,9.23338
E,oxidation,diversity,3,0,DEC,linear_carbonate,7.86403
E,oxidation,diversity,3,1,FEC,cyclic_carbonate,8.83094
E,oxidation,diversity,3,2,VC,cyclic_carbonate,6.86064
E,oxidation,diversity,3,3,SL,sulfone,7.43224
E,oxidation,diversity,3,4,TEGDME,ether,5.95045
E,oxidation,diversity,3,5,DME,ether,6.50598
E,oxidation,diversity,3,6,AN,nitrile,9.23338
E,oxidation,diversity,3,7,TMP,phosphate,8.13737
E,oxidation,diversity,3,8,DOL,ether,6.65213
E,oxidation,diversity,3,9,SN,nitrile,9.01366
E,oxidation,diversity,3,10,DMSO,sulfoxide,6.4133
E,oxidation,diversity,3,11,EA,ester,7.72405
E,oxidation,diversity,3,12,GBL,ester,7.61103
E,oxidation,diversity,3,13,DMC,linear_carbonate,8.1696
E,oxidation,diversity,3,14,PC,cyclic_carbonate,8.00702
E,oxidation,diversity,3,15,MA,ester,7.80119
E,oxidation,diversity,3,16,EMC,linear_carbonate,7.99479
E,oxidation,diversity,3,17,EC,cyclic_carbonate,8.06066
E,oxidation,uncertainty,3,0,DEC,linear_carbonate,7.86403
E,oxidation,uncertainty,3,1,FEC,cyclic_carbonate,8.83094
E,oxidation,uncertainty,3,2,VC,cyclic_carbonate,6.86064
E,oxidation,uncertainty,3,3,SL,sulfone,7.43224
E,oxidation,uncertainty,3,4,DME,ether,6.50598
E,oxidation,uncertainty,3,5,DOL,ether,6.65213
E,oxidation,uncertainty,3,6,TEGDME,ether,5.95045
E,oxidation,uncertainty,3,7,AN,nitrile,9.23338
E,oxidation,uncertainty,3,8,TMP,phosphate,8.13737
E,oxidation,uncertainty,3,9,SN,nitrile,9.01366
E,oxidation,uncertainty,3,10,DMSO,sulfoxide,6.4133
E,oxidation,uncertainty,3,11,EA,ester,7.72405
E,oxidation,uncertainty,3,12,GBL,ester,7.61103
E,oxidation,uncertainty,3,13,DMC,linear_carbonate,8.1696
E,oxidation,uncertainty,3,14,PC,cyclic_carbonate,8.00702
E,oxidation,uncertainty,3,15,MA,ester,7.80119
E,oxidation,uncertainty,3,16,EC,cyclic_carbonate,8.06066
E,oxidation,uncertainty,3,17,EMC,linear_carbonate,7.99479
E,oxidation,ranking_aware,3,0,DEC,linear_carbonate,7.86403
E,oxidation,ranking_aware,3,1,FEC,cyclic_carbonate,8.83094
E,oxidation,ranking_aware,3,2,VC,cyclic_carbonate,6.86064
E,oxidation,ranking_aware,3,3,SL,sulfone,7.43224
E,oxidation,ranking_aware,3,4,EC,cyclic_carbonate,8.06066
E,oxidation,ranking_aware,3,5,AN,nitrile,9.23338
E,oxidation,ranking_aware,3,6,DMC,linear_carbonate,8.1696
E,oxidation,ranking_aware,3,7,DME,ether,6.50598
E,oxidation,ranking_aware,3,8,TMP,phosphate,8.13737
E,oxidation,ranking_aware,3,9,TEGDME,ether,5.95045
E,oxidation,ranking_aware,3,10,DMSO,sulfoxide,6.4133
E,oxidation,ranking_aware,3,11,MA,ester,7.80119
E,oxidation,ranking_aware,3,12,EMC,linear_carbonate,7.99479
E,oxidation,ranking_aware,3,13,SN,nitrile,9.01366
E,oxidation,ranking_aware,3,14,DOL,ether,6.65213
E,oxidation,ranking_aware,3,15,PC,cyclic_carbonate,8.00702
E,oxidation,ranking_aware,3,16,EA,ester,7.72405
E,oxidation,ranking_aware,3,17,GBL,ester,7.61103
E,oxidation,random,4,0,DME,ether,6.50598
E,oxidation,random,4,1,EA,ester,7.72405
E,oxidation,random,4,2,GBL,ester,7.61103
E,oxidation,random,4,3,SL,sulfone,7.43224
E,oxidation,random,4,4,MA,ester,7.80119
E,oxidation,random,4,5,PC,cyclic_carbonate,8.00702
E,oxidation,random,4,6,AN,nitrile,9.23338
E,oxidation,random,4,7,TEGDME,ether,5.95045
E,oxidation,random,4,8,EMC,linear_carbonate,7.99479
E,oxidation,random,4,9,DEC,linear_carbonate,7.86403
E,oxidation,random,4,10,DMC,linear_carbonate,8.1696
E,oxidation,random,4,11,EC,cyclic_carbonate,8.06066
E,oxidation,random,4,12,DOL,ether,6.65213
E,oxidation,random,4,13,FEC,cyclic_carbonate,8.83094
E,oxidation,random,4,14,TMP,phosphate,8.13737
E,oxidation,random,4,15,SN,nitrile,9.01366
E,oxidation,random,4,16,VC,cyclic_carbonate,6.86064
E,oxidation,random,4,17,DMSO,sulfoxide,6.4133
E,oxidation,diversity,4,0,DME,ether,6.50598
E,oxidation,diversity,4,1,EA,ester,7.72405
E,oxidation,diversity,4,2,GBL,ester,7.61103
E,oxidation,diversity,4,3,SL,sulfone,7.43224
E,oxidation,diversity,4,4,TEGDME,ether,5.95045
E,oxidation,diversity,4,5,FEC,cyclic_carbonate,8.83094
E,oxidation,diversity,4,6,TMP,phosphate,8.13737
E,oxidation,diversity,4,7,SN,nitrile,9.01366
E,oxidation,diversity,4,8,DOL,ether,6.65213
E,oxidation,diversity,4,9,AN,nitrile,9.23338
E,oxidation,diversity,4,10,DMSO,sulfoxide,6.4133
E,oxidation,diversity,4,11,DEC,linear_carbonate,7.86403
E,oxidation,diversity,4,12,EC,cyclic_carbonate,8.06066
E,oxidation,diversity,4,13,DMC,linear_carbonate,8.1696
E,oxidation,diversity,4,14,VC,cyclic_carbonate,6.86064
E,oxidation,diversity,4,15,MA,ester,7.80119
E,oxidation,diversity,4,16,EMC,linear_carbonate,7.99479
E,oxidation,diversity,4,17,PC,cyclic_carbonate,8.00702
E,oxidation,uncertainty,4,0,DME,ether,6.50598
E,oxidation,uncertainty,4,1,EA,ester,7.72405
E,oxidation,uncertainty,4,2,GBL,ester,7.61103
E,oxidation,uncertainty,4,3,SL,sulfone,7.43224
E,oxidation,uncertainty,4,4,TEGDME,ether,5.95045
E,oxidation,uncertainty,4,5,FEC,cyclic_carbonate,8.83094
E,oxidation,uncertainty,4,6,TMP,phosphate,8.13737
E,oxidation,uncertainty,4,7,SN,nitrile,9.01366
E,oxidation,uncertainty,4,8,DOL,ether,6.65213
E,oxidation,uncertainty,4,9,DMSO,sulfoxide,6.4133
E,oxidation,uncertainty,4,10,AN,nitrile,9.23338
E,oxidation,uncertainty,4,11,DEC,linear_carbonate,7.86403
E,oxidation,uncertainty,4,12,DMC,linear_carbonate,8.1696
E,oxidation,uncertainty,4,13,EC,cyclic_carbonate,8.06066
E,oxidation,uncertainty,4,14,VC,cyclic_carbonate,6.86064
E,oxidation,uncertainty,4,15,MA,ester,7.80119
E,oxidation,uncertainty,4,16,PC,cyclic_carbonate,8.00702
E,oxidation,uncertainty,4,17,EMC,linear_carbonate,7.99479
E,oxidation,ranking_aware,4,0,DME,ether,6.50598
E,oxidation,ranking_aware,4,1,EA,ester,7.72405
E,oxidation,ranking_aware,4,2,GBL,ester,7.61103
E,oxidation,ranking_aware,4,3,SL,sulfone,7.43224
E,oxidation,ranking_aware,4,4,VC,cyclic_carbonate,6.86064
E,oxidation,ranking_aware,4,5,MA,ester,7.80119
E,oxidation,ranking_aware,4,6,SN,nitrile,9.01366
E,oxidation,ranking_aware,4,7,FEC,cyclic_carbonate,8.83094
E,oxidation,ranking_aware,4,8,PC,cyclic_carbonate,8.00702
E,oxidation,ranking_aware,4,9,AN,nitrile,9.23338
E,oxidation,ranking_aware,4,10,TMP,phosphate,8.13737
E,oxidation,ranking_aware,4,11,DMC,linear_carbonate,8.1696
E,oxidation,ranking_aware,4,12,EMC,linear_carbonate,7.99479
E,oxidation,ranking_aware,4,13,DMSO,sulfoxide,6.4133
E,oxidation,ranking_aware,4,14,TEGDME,ether,5.95045
E,oxidation,ranking_aware,4,15,DOL,ether,6.65213
E,oxidation,ranking_aware,4,16,EC,cyclic_carbonate,8.06066
E,oxidation,ranking_aware,4,17,DEC,linear_carbonate,7.86403
E,oxidation,random,5,0,DEC,linear_carbonate,7.86403
E,oxidation,random,5,1,VC,cyclic_carbonate,6.86064
E,oxidation,random,5,2,DMSO,sulfoxide,6.4133
E,oxidation,random,5,3,AN,nitrile,9.23338
E,oxidation,random,5,4,MA,ester,7.80119
E,oxidation,random,5,5,GBL,ester,7.61103
E,oxidation,random,5,6,DOL,ether,6.65213
E,oxidation,random,5,7,EC,cyclic_carbonate,8.06066
E,oxidation,random,5,8,DMC,linear_carbonate,8.1696
E,oxidation,random,5,9,EA,ester,7.72405
E,oxidation,random,5,10,PC,cyclic_carbonate,8.00702
E,oxidation,random,5,11,EMC,linear_carbonate,7.99479
E,oxidation,random,5,12,FEC,cyclic_carbonate,8.83094
E,oxidation,random,5,13,SL,sulfone,7.43224
E,oxidation,random,5,14,DME,ether,6.50598
E,oxidation,random,5,15,SN,nitrile,9.01366
E,oxidation,random,5,16,TEGDME,ether,5.95045
E,oxidation,random,5,17,TMP,phosphate,8.13737
E,oxidation,diversity,5,0,DEC,linear_carbonate,7.86403
E,oxidation,diversity,5,1,VC,cyclic_carbonate,6.86064
E,oxidation,diversity,5,2,DMSO,sulfoxide,6.4133
E,oxidation,diversity,5,3,AN,nitrile,9.23338
E,oxidation,diversity,5,4,TEGDME,ether,5.95045
E,oxidation,diversity,5,5,DOL,ether,6.65213
E,oxidation,diversity,5,6,DME,ether,6.50598
E,oxidation,diversity,5,7,SN,nitrile,9.01366
E,oxidation,diversity,5,8,SL,sulfone,7.43224
E,oxidation,diversity,5,9,FEC,cyclic_carbonate,8.83094
E,oxidation,diversity,5,10,TMP,phosphate,8.13737
E,oxidation,diversity,5,11,EA,ester,7.72405
E,oxidation,diversity,5,12,GBL,ester,7.61103
E,oxidation,diversity,5,13,DMC,linear_carbonate,8.1696
E,oxidation,diversity,5,14,PC,cyclic_carbonate,8.00702
E,oxidation,diversity,5,15,MA,ester,7.80119
E,oxidation,diversity,5,16,EMC,linear_carbonate,7.99479
E,oxidation,diversity,5,17,EC,cyclic_carbonate,8.06066
E,oxidation,uncertainty,5,0,DEC,linear_carbonate,7.86403
E,oxidation,uncertainty,5,1,VC,cyclic_carbonate,6.86064
E,oxidation,uncertainty,5,2,DMSO,sulfoxide,6.4133
E,oxidation,uncertainty,5,3,AN,nitrile,9.23338
E,oxidation,uncertainty,5,4,DME,ether,6.50598
E,oxidation,uncertainty,5,5,DOL,ether,6.65213
E,oxidation,uncertainty,5,6,TEGDME,ether,5.95045
E,oxidation,uncertainty,5,7,SN,nitrile,9.01366
E,oxidation,uncertainty,5,8,SL,sulfone,7.43224
E,oxidation,uncertainty,5,9,FEC,cyclic_carbonate,8.83094
E,oxidation,uncertainty,5,10,TMP,phosphate,8.13737
E,oxidation,uncertainty,5,11,EA,ester,7.72405
E,oxidation,uncertainty,5,12,GBL,ester,7.61103
E,oxidation,uncertainty,5,13,DMC,linear_carbonate,8.1696
E,oxidation,uncertainty,5,14,PC,cyclic_carbonate,8.00702
E,oxidation,uncertainty,5,15,MA,ester,7.80119
E,oxidation,uncertainty,5,16,EC,cyclic_carbonate,8.06066
E,oxidation,uncertainty,5,17,EMC,linear_carbonate,7.99479
E,oxidation,ranking_aware,5,0,DEC,linear_carbonate,7.86403
E,oxidation,ranking_aware,5,1,VC,cyclic_carbonate,6.86064
E,oxidation,ranking_aware,5,2,DMSO,sulfoxide,6.4133
E,oxidation,ranking_aware,5,3,AN,nitrile,9.23338
E,oxidation,ranking_aware,5,4,DMC,linear_carbonate,8.1696
E,oxidation,ranking_aware,5,5,GBL,ester,7.61103
E,oxidation,ranking_aware,5,6,TEGDME,ether,5.95045
E,oxidation,ranking_aware,5,7,MA,ester,7.80119
E,oxidation,ranking_aware,5,8,EMC,linear_carbonate,7.99479
E,oxidation,ranking_aware,5,9,DOL,ether,6.65213
E,oxidation,ranking_aware,5,10,TMP,phosphate,8.13737
E,oxidation,ranking_aware,5,11,SN,nitrile,9.01366
E,oxidation,ranking_aware,5,12,SL,sulfone,7.43224
E,oxidation,ranking_aware,5,13,FEC,cyclic_carbonate,8.83094
E,oxidation,ranking_aware,5,14,DME,ether,6.50598
E,oxidation,ranking_aware,5,15,EC,cyclic_carbonate,8.06066
E,oxidation,ranking_aware,5,16,PC,cyclic_carbonate,8.00702
E,oxidation,ranking_aware,5,17,EA,ester,7.72405
E,oxidation,random,6,0,DEC,linear_carbonate,7.86403
E,oxidation,random,6,1,DOL,ether,6.65213
E,oxidation,random,6,2,TEGDME,ether,5.95045
E,oxidation,random,6,3,DMSO,sulfoxide,6.4133
E,oxidation,random,6,4,SN,nitrile,9.01366
E,oxidation,random,6,5,DME,ether,6.50598
E,oxidation,random,6,6,TMP,phosphate,8.13737
E,oxidation,random,6,7,GBL,ester,7.61103
E,oxidation,random,6,8,SL,sulfone,7.43224
E,oxidation,random,6,9,MA,ester,7.80119
E,oxidation,random,6,10,EMC,linear_carbonate,7.99479
E,oxidation,random,6,11,PC,cyclic_carbonate,8.00702
E,oxidation,random,6,12,VC,cyclic_carbonate,6.86064
E,oxidation,random,6,13,DMC,linear_carbonate,8.1696
E,oxidation,random,6,14,FEC,cyclic_carbonate,8.83094
E,oxidation,random,6,15,AN,nitrile,9.23338
E,oxidation,random,6,16,EA,ester,7.72405
E,oxidation,random,6,17,EC,cyclic_carbonate,8.06066
E,oxidation,diversity,6,0,DEC,linear_carbonate,7.86403
E,oxidation,diversity,6,1,DOL,ether,6.65213
E,oxidation,diversity,6,2,TEGDME,ether,5.95045
E,oxidation,diversity,6,3,DMSO,sulfoxide,6.4133
E,oxidation,diversity,6,4,PC,cyclic_carbonate,8.00702
E,oxidation,diversity,6,5,SN,nitrile,9.01366
E,oxidation,diversity,6,6,DME,ether,6.50598
E,oxidation,diversity,6,7,TMP,phosphate,8.13737
E,oxidation,diversity,6,8,AN,nitrile,9.23338
E,oxidation,diversity,6,9,SL,sulfone,7.43224
E,oxidation,diversity,6,10,EA,ester,7.72405
E,oxidation,diversity,6,11,GBL,ester,7.61103
E,oxidation,diversity,6,12,FEC,cyclic_carbonate,8.83094
E,oxidation,diversity,6,13,DMC,linear_carbonate,8.1696
E,oxidation,diversity,6,14,VC,cyclic_carbonate,6.86064
E,oxidation,diversity,6,15,MA,ester,7.80119
E,oxidation,diversity,6,16,EMC,linear_carbonate,7.99479
E,oxidation,diversity,6,17,EC,cyclic_carbonate,8.06066
E,oxidation,uncertainty,6,0,DEC,linear_carbonate,7.86403
E,oxidation,uncertainty,6,1,DOL,ether,6.65213
E,oxidation,uncertainty,6,2,TEGDME,ether,5.95045
E,oxidation,uncertainty,6,3,DMSO,sulfoxide,6.4133
E,oxidation,uncertainty,6,4,EC,cyclic_carbonate,8.06066
E,oxidation,uncertainty,6,5,SN,nitrile,9.01366
E,oxidation,uncertainty,6,6,DME,ether,6.50598
E,oxidation,uncertainty,6,7,TMP,phosphate,8.13737
E,oxidation,uncertainty,6,8,SL,sulfone,7.43224
E,oxidation,uncertainty,6,9,AN,nitrile,9.23338
E,oxidation,uncertainty,6,10,EA,ester,7.72405
E,oxidation,uncertainty,6,11,FEC,cyclic_carbonate,8.83094
E,oxidation,uncertainty,6,12,GBL,ester,7.61103
E,oxidation,uncertainty,6,13,DMC,linear_carbonate,8.1696
E,oxidation,uncertainty,6,14,VC,cyclic_carbonate,6.86064
E,oxidation,uncertainty,6,15,MA,ester,7.80119
E,oxidation,uncertainty,6,16,PC,cyclic_carbonate,8.00702
E,oxidation,uncertainty,6,17,EMC,linear_carbonate,7.99479
E,oxidation,ranking_aware,6,0,DEC,linear_carbonate,7.86403
E,oxidation,ranking_aware,6,1,DOL,ether,6.65213
E,oxidation,ranking_aware,6,2,TEGDME,ether,5.95045
E,oxidation,ranking_aware,6,3,DMSO,sulfoxide,6.4133
E,oxidation,ranking_aware,6,4,DMC,linear_carbonate,8.1696
E,oxidation,ranking_aware,6,5,MA,ester,7.80119
E,oxidation,ranking_aware,6,6,FEC,cyclic_carbonate,8.83094
E,oxidation,ranking_aware,6,7,PC,cyclic_carbonate,8.00702
E,oxidation,ranking_aware,6,8,EC,cyclic_carbonate,8.06066
E,oxidation,ranking_aware,6,9,SN,nitrile,9.01366
E,oxidation,ranking_aware,6,10,VC,cyclic_carbonate,6.86064
E,oxidation,ranking_aware,6,11,SL,sulfone,7.43224
E,oxidation,ranking_aware,6,12,TMP,phosphate,8.13737
E,oxidation,ranking_aware,6,13,AN,nitrile,9.23338
E,oxidation,ranking_aware,6,14,DME,ether,6.50598
E,oxidation,ranking_aware,6,15,EMC,linear_carbonate,7.99479
E,oxidation,ranking_aware,6,16,EA,ester,7.72405
E,oxidation,ranking_aware,6,17,GBL,ester,7.61103
E,oxidation,random,7,0,VC,cyclic_carbonate,6.86064
E,oxidation,random,7,1,DOL,ether,6.65213
E,oxidation,random,7,2,TEGDME,ether,5.95045
E,oxidation,random,7,3,EA,ester,7.72405
E,oxidation,random,7,4,PC,cyclic_carbonate,8.00702
E,oxidation,random,7,5,SN,nitrile,9.01366
E,oxidation,random,7,6,DME,ether,6.50598
E,oxidation,random,7,7,GBL,ester,7.61103
E,oxidation,random,7,8,DMSO,sulfoxide,6.4133
E,oxidation,random,7,9,DMC,linear_carbonate,8.1696
E,oxidation,random,7,10,EMC,linear_carbonate,7.99479
E,oxidation,random,7,11,FEC,cyclic_carbonate,8.83094
E,oxidation,random,7,12,SL,sulfone,7.43224
E,oxidation,random,7,13,EC,cyclic_carbonate,8.06066
E,oxidation,random,7,14,AN,nitrile,9.23338
E,oxidation,random,7,15,MA,ester,7.80119
E,oxidation,random,7,16,TMP,phosphate,8.13737
E,oxidation,random,7,17,DEC,linear_carbonate,7.86403
E,oxidation,diversity,7,0,VC,cyclic_carbonate,6.86064
E,oxidation,diversity,7,1,DOL,ether,6.65213
E,oxidation,diversity,7,2,TEGDME,ether,5.95045
E,oxidation,diversity,7,3,EA,ester,7.72405
E,oxidation,diversity,7,4,TMP,phosphate,8.13737
E,oxidation,diversity,7,5,FEC,cyclic_carbonate,8.83094
E,oxidation,diversity,7,6,DME,ether,6.50598
E,oxidation,diversity,7,7,SL,sulfone,7.43224
E,oxidation,diversity,7,8,SN,nitrile,9.01366
E,oxidation,diversity,7,9,AN,nitrile,9.23338
E,oxidation,diversity,7,10,DMSO,sulfoxide,6.4133
E,oxidation,diversity,7,11,DEC,linear_carbonate,7.86403
E,oxidation,diversity,7,12,GBL,ester,7.61103
E,oxidation,diversity,7,13,DMC,linear_carbonate,8.1696
E,oxidation,diversity,7,14,PC,cyclic_carbonate,8.00702
E,oxidation,diversity,7,15,MA,ester,7.80119
E,oxidation,diversity,7,16,EMC,linear_carbonate,7.99479
E,oxidation,diversity,7,17,EC,cyclic_carbonate,8.06066
E,oxidation,uncertainty,7,0,VC,cyclic_carbonate,6.86064
E,oxidation,uncertainty,7,1,DOL,ether,6.65213
E,oxidation,uncertainty,7,2,TEGDME,ether,5.95045
E,oxidation,uncertainty,7,3,EA,ester,7.72405
E,oxidation,uncertainty,7,4,TMP,phosphate,8.13737
E,oxidation,uncertainty,7,5,FEC,cyclic_carbonate,8.83094
E,oxidation,uncertainty,7,6,DME,ether,6.50598
E,oxidation,uncertainty,7,7,SL,sulfone,7.43224
E,oxidation,uncertainty,7,8,SN,nitrile,9.01366
E,oxidation,uncertainty,7,9,AN,nitrile,9.23338
E,oxidation,uncertainty,7,10,DMC,linear_carbonate,8.1696
E,oxidation,uncertainty,7,11,DMSO,sulfoxide,6.4133
E,oxidation,uncertainty,7,12,GBL,ester,7.61103
E,oxidation,uncertainty,7,13,DEC,linear_carbonate,7.86403
E,oxidation,uncertainty,7,14,PC,cyclic_carbonate,8.00702
E,oxidation,uncertainty,7,15,MA,ester,7.80119
E,oxidation,uncertainty,7,16,EC,cyclic_carbonate,8.06066
E,oxidation,uncertainty,7,17,EMC,linear_carbonate,7.99479
E,oxidation,ranking_aware,7,0,VC,cyclic_carbonate,6.86064
E,oxidation,ranking_aware,7,1,DOL,ether,6.65213
E,oxidation,ranking_aware,7,2,TEGDME,ether,5.95045
E,oxidation,ranking_aware,7,3,EA,ester,7.72405
E,oxidation,ranking_aware,7,4,MA,ester,7.80119
E,oxidation,ranking_aware,7,5,AN,nitrile,9.23338
E,oxidation,ranking_aware,7,6,DMSO,sulfoxide,6.4133
E,oxidation,ranking_aware,7,7,SN,nitrile,9.01366
E,oxidation,ranking_aware,7,8,TMP,phosphate,8.13737
E,oxidation,ranking_aware,7,9,DEC,linear_carbonate,7.86403
E,oxidation,ranking_aware,7,10,FEC,cyclic_carbonate,8.83094
E,oxidation,ranking_aware,7,11,SL,sulfone,7.43224
E,oxidation,ranking_aware,7,12,DME,ether,6.50598
E,oxidation,ranking_aware,7,13,DMC,linear_carbonate,8.1696
E,oxidation,ranking_aware,7,14,EMC,linear_carbonate,7.99479
E,oxidation,ranking_aware,7,15,EC,cyclic_carbonate,8.06066
E,oxidation,ranking_aware,7,16,PC,cyclic_carbonate,8.00702
E,oxidation,ranking_aware,7,17,GBL,ester,7.61103
E,oxidation,random,8,0,EMC,linear_carbonate,7.99479
E,oxidation,random,8,1,PC,cyclic_carbonate,8.00702
E,oxidation,random,8,2,DOL,ether,6.65213
E,oxidation,random,8,3,MA,ester,7.80119
E,oxidation,random,8,4,DEC,linear_carbonate,7.86403
E,oxidation,random,8,5,DMSO,sulfoxide,6.4133
E,oxidation,random,8,6,VC,cyclic_carbonate,6.86064
E,oxidation,random,8,7,SN,nitrile,9.01366
E,oxidation,random,8,8,DMC,linear_carbonate,8.1696
E,oxidation,random,8,9,SL,sulfone,7.43224
E,oxidation,random,8,10,TMP,phosphate,8.13737
E,oxidation,random,8,11,DME,ether,6.50598
E,oxidation,random,8,12,EC,cyclic_carbonate,8.06066
E,oxidation,random,8,13,TEGDME,ether,5.95045
E,oxidation,random,8,14,AN,nitrile,9.23338
E,oxidation,random,8,15,EA,ester,7.72405
E,oxidation,random,8,16,FEC,cyclic_carbonate,8.83094
E,oxidation,random,8,17,GBL,ester,7.61103
E,oxidation,diversity,8,0,EMC,linear_carbonate,7.99479
E,oxidation,diversity,8,1,PC,cyclic_carbonate,8.00702
E,oxidation,diversity,8,2,DOL,ether,6.65213
E,oxidation,diversity,8,3,MA,ester,7.80119
E,oxidation,diversity,8,4,TEGDME,ether,5.95045
E,oxidation,diversity,8,5,SN,nitrile,9.01366
E,oxidation,diversity,8,6,TMP,phosphate,8.13737
E,oxidation,diversity,8,7,DME,ether,6.50598
E,oxidation,diversity,8,8,DMSO,sulfoxide,6.4133
E,oxidation,diversity,8,9,SL,sulfone,7.43224
E,oxidation,diversity,8,10,GBL,ester,7.61103
E,oxidation,diversity,8,11,AN,nitrile,9.23338
E,oxidation,diversity,8,12,FEC,cyclic_carbonate,8.83094
E,oxidation,diversity,8,13,VC,cyclic_carbonate,6.86064
E,oxidation,diversity,8,14,EA,ester,7.72405
E,oxidation,diversity,8,15,DEC,linear_carbonate,7.86403
E,oxidation,diversity,8,16,DMC,linear_carbonate,8.1696
E,oxidation,diversity,8,17,EC,cyclic_carbonate,8.06066
E,oxidation,uncertainty,8,0,EMC,linear_carbonate,7.99479
E,oxidation,uncertainty,8,1,PC,cyclic_carbonate,8.00702
E,oxidation,uncertainty,8,2,DOL,ether,6.65213
E,oxidation,uncertainty,8,3,MA,ester,7.80119
E,oxidation,uncertainty,8,4,TEGDME,ether,5.95045
E,oxidation,uncertainty,8,5,DME,ether,6.50598
E,oxidation,uncertainty,8,6,SN,nitrile,9.01366
E,oxidation,uncertainty,8,7,SL,sulfone,7.43224
E,oxidation,uncertainty,8,8,TMP,phosphate,8.13737
E,oxidation,uncertainty,8,9,DMSO,sulfoxide,6.4133
E,oxidation,uncertainty,8,10,FEC,cyclic_carbonate,8.83094
E,oxidation,uncertainty,8,11,AN,nitrile,9.23338
E,oxidation,uncertainty,8,12,GBL,ester,7.61103
E,oxidation,uncertainty,8,13,VC,cyclic_carbonate,6.86064
E,oxidation,uncertainty,8,14,EA,ester,7.72405
E,oxidation,uncertainty,8,15,DEC,linear_carbonate,7.86403
E,oxidation,uncertainty,8,16,EC,cyclic_carbonate,8.06066
E,oxidation,uncertainty,8,17,DMC,linear_carbonate,8.1696
E,oxidation,ranking_aware,8,0,EMC,linear_carbonate,7.99479
E,oxidation,ranking_aware,8,1,PC,cyclic_carbonate,8.00702
E,oxidation,ranking_aware,8,2,DOL,ether,6.65213
E,oxidation,ranking_aware,8,3,MA,ester,7.80119
E,oxidation,ranking_aware,8,4,FEC,cyclic_carbonate,8.83094
E,oxidation,ranking_aware,8,5,EC,cyclic_carbonate,8.06066
E,oxidation,ranking_aware,8,6,TMP,phosphate,8.13737
E,oxidation,ranking_aware,8,7,SN,nitrile,9.01366
E,oxidation,ranking_aware,8,8,TEGDME,ether,5.95045
E,oxidation,ranking_aware,8,9,VC,cyclic_carbonate,6.86064
E,oxidation,ranking_aware,8,10,SL,sulfone,7.43224
E,oxidation,ranking_aware,8,11,DMSO,sulfoxide,6.4133
E,oxidation,ranking_aware,8,12,DEC,linear_carbonate,7.86403
E,oxidation,ranking_aware,8,13,DMC,linear_carbonate,8.1696
E,oxidation,ranking_aware,8,14,AN,nitrile,9.23338
E,oxidation,ranking_aware,8,15,DME,ether,6.50598
E,oxidation,ranking_aware,8,16,EA,ester,7.72405
E,oxidation,ranking_aware,8,17,GBL,ester,7.61103
E,oxidation,random,9,0,EC,cyclic_carbonate,8.06066
E,oxidation,random,9,1,PC,cyclic_carbonate,8.00702
E,oxidation,random,9,2,TEGDME,ether,5.95045
E,oxidation,random,9,3,DMSO,sulfoxide,6.4133
E,oxidation,random,9,4,DME,ether,6.50598
E,oxidation,random,9,5,TMP,phosphate,8.13737
E,oxidation,random,9,6,DMC,linear_carbonate,8.1696
E,oxidation,random,9,7,MA,ester,7.80119
E,oxidation,random,9,8,EMC,linear_carbonate,7.99479
E,oxidation,random,9,9,SL,sulfone,7.43224
E,oxidation,random,9,10,VC,cyclic_carbonate,6.86064
E,oxidation,random,9,11,FEC,cyclic_carbonate,8.83094
E,oxidation,random,9,12,GBL,ester,7.61103
E,oxidation,random,9,13,EA,ester,7.72405
E,oxidation,random,9,14,AN,nitrile,9.23338
E,oxidation,random,9,15,DOL,ether,6.65213
E,oxidation,random,9,16,SN,nitrile,9.01366
E,oxidation,random,9,17,DEC,linear_carbonate,7.86403
E,oxidation,diversity,9,0,EC,cyclic_carbonate,8.06066
E,oxidation,diversity,9,1,PC,cyclic_carbonate,8.00702
E,oxidation,diversity,9,2,TEGDME,ether,5.95045
E,oxidation,diversity,9,3,DMSO,sulfoxide,6.4133
E,oxidation,diversity,9,4,DOL,ether,6.65213
E,oxidation,diversity,9,5,TMP,phosphate,8.13737
E,oxidation,diversity,9,6,DMC,linear_carbonate,8.1696
E,oxidation,diversity,9,7,SN,nitrile,9.01366
E,oxidation,diversity,9,8,DME,ether,6.50598
E,oxidation,diversity,9,9,AN,nitrile,9.23338
E,oxidation,diversity,9,10,SL,sulfone,7.43224
E,oxidation,diversity,9,11,EA,ester,7.72405
E,oxidation,diversity,9,12,GBL,ester,7.61103
E,oxidation,diversity,9,13,FEC,cyclic_carbonate,8.83094
E,oxidation,diversity,9,14,DEC,linear_carbonate,7.86403
E,oxidation,diversity,9,15,VC,cyclic_carbonate,6.86064
E,oxidation,diversity,9,16,MA,ester,7.80119
E,oxidation,diversity,9,17,EMC,linear_carbonate,7.99479
E,oxidation,uncertainty,9,0,EC,cyclic_carbonate,8.06066
E,oxidation,uncertainty,9,1,PC,cyclic_carbonate,8.00702
E,oxidation,uncertainty,9,2,TEGDME,ether,5.95045
E,oxidation,uncertainty,9,3,DMSO,sulfoxide,6.4133
E,oxidation,uncertainty,9,4,DOL,ether,6.65213
E,oxidation,uncertainty,9,5,TMP,phosphate,8.13737
E,oxidation,uncertainty,9,6,DMC,linear_carbonate,8.1696
E,oxidation,uncertainty,9,7,DME,ether,6.50598
E,oxidation,uncertainty,9,8,SN,nitrile,9.01366
E,oxidation,uncertainty,9,9,AN,nitrile,9.23338
E,oxidation,uncertainty,9,10,SL,sulfone,7.43224
E,oxidation,uncertainty,9,11,GBL,ester,7.61103
E,oxidation,uncertainty,9,12,FEC,cyclic_carbonate,8.83094
E,oxidation,uncertainty,9,13,DEC,linear_carbonate,7.86403
E,oxidation,uncertainty,9,14,VC,cyclic_carbonate,6.86064
E,oxidation,uncertainty,9,15,EA,ester,7.72405
E,oxidation,uncertainty,9,16,MA,ester,7.80119
E,oxidation,uncertainty,9,17,EMC,linear_carbonate,7.99479
E,oxidation,ranking_aware,9,0,EC,cyclic_carbonate,8.06066
E,oxidation,ranking_aware,9,1,PC,cyclic_carbonate,8.00702
E,oxidation,ranking_aware,9,2,TEGDME,ether,5.95045
E,oxidation,ranking_aware,9,3,DMSO,sulfoxide,6.4133
E,oxidation,ranking_aware,9,4,FEC,cyclic_carbonate,8.83094
E,oxidation,ranking_aware,9,5,VC,cyclic_carbonate,6.86064
E,oxidation,ranking_aware,9,6,SL,sulfone,7.43224
E,oxidation,ranking_aware,9,7,DOL,ether,6.65213
E,oxidation,ranking_aware,9,8,TMP,phosphate,8.13737
E,oxidation,ranking_aware,9,9,DEC,linear_carbonate,7.86403
E,oxidation,ranking_aware,9,10,DMC,linear_carbonate,8.1696
E,oxidation,ranking_aware,9,11,EMC,linear_carbonate,7.99479
E,oxidation,ranking_aware,9,12,SN,nitrile,9.01366
E,oxidation,ranking_aware,9,13,AN,nitrile,9.23338
E,oxidation,ranking_aware,9,14,DME,ether,6.50598
E,oxidation,ranking_aware,9,15,MA,ester,7.80119
E,oxidation,ranking_aware,9,16,EA,ester,7.72405
E,oxidation,ranking_aware,9,17,GBL,ester,7.61103
E,oxidation,random,10,0,EMC,linear_carbonate,7.99479
E,oxidation,random,10,1,VC,cyclic_carbonate,6.86064
E,oxidation,random,10,2,DOL,ether,6.65213
E,oxidation,random,10,3,TMP,phosphate,8.13737
E,oxidation,random,10,4,DMC,linear_carbonate,8.1696
E,oxidation,random,10,5,DMSO,sulfoxide,6.4133
E,oxidation,random,10,6,EC,cyclic_carbonate,8.06066
E,oxidation,random,10,7,DEC,linear_carbonate,7.86403
E,oxidation,random,10,8,TEGDME,ether,5.95045
E,oxidation,random,10,9,FEC,cyclic_carbonate,8.83094
E,oxidation,random,10,10,EA,ester,7.72405
E,oxidation,random,10,11,SL,sulfone,7.43224
E,oxidation,random,10,12,GBL,ester,7.61103
E,oxidation,random,10,13,AN,nitrile,9.23338
E,oxidation,random,10,14,SN,nitrile,9.01366
E,oxidation,random,10,15,PC,cyclic_carbonate,8.00702
E,oxidation,random,10,16,MA,ester,7.80119
E,oxidation,random,10,17,DME,ether,6.50598
E,oxidation,diversity,10,0,EMC,linear_carbonate,7.99479
E,oxidation,diversity,10,1,VC,cyclic_carbonate,6.86064
E,oxidation,diversity,10,2,DOL,ether,6.65213
E,oxidation,diversity,10,3,TMP,phosphate,8.13737
E,oxidation,diversity,10,4,TEGDME,ether,5.95045
E,oxidation,diversity,10,5,DMSO,sulfoxide,6.4133
E,oxidation,diversity,10,6,DME,ether,6.50598
E,oxidation,diversity,10,7,SN,nitrile,9.01366
E,oxidation,diversity,10,8,SL,sulfone,7.43224
E,oxidation,diversity,10,9,AN,nitrile,9.23338
E,oxidation,diversity,10,10,FEC,cyclic_carbonate,8.83094
E,oxidation,diversity,10,11,EA,ester,7.72405
E,oxidation,diversity,10,12,GBL,ester,7.61103
E,oxidation,diversity,10,13,PC,cyclic_carbonate,8.00702
E,oxidation,diversity,10,14,MA,ester,7.80119
E,oxidation,diversity,10,15,DEC,linear_carbonate,7.86403
E,oxidation,diversity,10,16,DMC,linear_carbonate,8.1696
E,oxidation,diversity,10,17,EC,cyclic_carbonate,8.06066
E,oxidation,uncertainty,10,0,EMC,linear_carbonate,7.99479
E,oxidation,uncertainty,10,1,VC,cyclic_carbonate,6.86064
E,oxidation,uncertainty,10,2,DOL,ether,6.65213
E,oxidation,uncertainty,10,3,TMP,phosphate,8.13737
E,oxidation,uncertainty,10,4,TEGDME,ether,5.95045
E,oxidation,uncertainty,10,5,DMSO,sulfoxide,6.4133
E,oxidation,uncertainty,10,6,DME,ether,6.50598
E,oxidation,uncertainty,10,7,SN,nitrile,9.01366
E,oxidation,uncertainty,10,8,SL,sulfone,7.43224
E,oxidation,uncertainty,10,9,FEC,cyclic_carbonate,8.83094
E,oxidation,uncertainty,10,10,AN,nitrile,9.23338
E,oxidation,uncertainty,10,11,EA,ester,7.72405
E,oxidation,uncertainty,10,12,GBL,ester,7.61103
E,oxidation,uncertainty,10,13,PC,cyclic_carbonate,8.00702
E,oxidation,uncertainty,10,14,MA,ester,7.80119
E,oxidation,uncertainty,10,15,DEC,linear_carbonate,7.86403
E,oxidation,uncertainty,10,16,EC,cyclic_carbonate,8.06066
E,oxidation,uncertainty,10,17,DMC,linear_carbonate,8.1696
E,oxidation,ranking_aware,10,0,EMC,linear_carbonate,7.99479
E,oxidation,ranking_aware,10,1,VC,cyclic_carbonate,6.86064
E,oxidation,ranking_aware,10,2,DOL,ether,6.65213
E,oxidation,ranking_aware,10,3,TMP,phosphate,8.13737
E,oxidation,ranking_aware,10,4,DMC,linear_carbonate,8.1696
E,oxidation,ranking_aware,10,5,EA,ester,7.72405
E,oxidation,ranking_aware,10,6,TEGDME,ether,5.95045
E,oxidation,ranking_aware,10,7,MA,ester,7.80119
E,oxidation,ranking_aware,10,8,DMSO,sulfoxide,6.4133
E,oxidation,ranking_aware,10,9,DEC,linear_carbonate,7.86403
E,oxidation,ranking_aware,10,10,SN,nitrile,9.01366
E,oxidation,ranking_aware,10,11,AN,nitrile,9.23338
E,oxidation,ranking_aware,10,12,DME,ether,6.50598
E,oxidation,ranking_aware,10,13,FEC,cyclic_carbonate,8.83094
E,oxidation,ranking_aware,10,14,SL,sulfone,7.43224
E,oxidation,ranking_aware,10,15,PC,cyclic_carbonate,8.00702
E,oxidation,ranking_aware,10,16,EC,cyclic_carbonate,8.06066
E,oxidation,ranking_aware,10,17,GBL,ester,7.61103
E,oxidation,random,11,0,EMC,linear_carbonate,7.99479
E,oxidation,random,11,1,DME,ether,6.50598
E,oxidation,random,11,2,MA,ester,7.80119
E,oxidation,random,11,3,SL,sulfone,7.43224
E,oxidation,random,11,4,GBL,ester,7.61103
E,oxidation,random,11,5,DMC,linear_carbonate,8.1696
E,oxidation,random,11,6,TMP,phosphate,8.13737
E,oxidation,random,11,7,EC,cyclic_carbonate,8.06066
E,oxidation,random,11,8,DOL,ether,6.65213
E,oxidation,random,11,9,DEC,linear_carbonate,7.86403
E,oxidation,random,11,10,TEGDME,ether,5.95045
E,oxidation,random,11,11,VC,cyclic_carbonate,6.86064
E,oxidation,random,11,12,PC,cyclic_carbonate,8.00702
E,oxidation,random,11,13,AN,nitrile,9.23338
E,oxidation,random,11,14,SN,nitrile,9.01366
E,oxidation,random,11,15,EA,ester,7.72405
E,oxidation,random,11,16,FEC,cyclic_carbonate,8.83094
E,oxidation,random,11,17,DMSO,sulfoxide,6.4133
E,oxidation,diversity,11,0,EMC,linear_carbonate,7.99479
E,oxidation,diversity,11,1,DME,ether,6.50598
E,oxidation,diversity,11,2,MA,ester,7.80119
E,oxidation,diversity,11,3,SL,sulfone,7.43224
E,oxidation,diversity,11,4,TEGDME,ether,5.95045
E,oxidation,diversity,11,5,FEC,cyclic_carbonate,8.83094
E,oxidation,diversity,11,6,SN,nitrile,9.01366
E,oxidation,diversity,11,7,TMP,phosphate,8.13737
E,oxidation,diversity,11,8,DOL,ether,6.65213
E,oxidation,diversity,11,9,EC,cyclic_carbonate,8.06066
E,oxidation,diversity,11,10,DMSO,sulfoxide,6.4133
E,oxidation,diversity,11,11,GBL,ester,7.61103
E,oxidation,diversity,11,12,AN,nitrile,9.23338
E,oxidation,diversity,11,13,VC,cyclic_carbonate,6.86064
E,oxidation,diversity,11,14,EA,ester,7.72405
E,oxidation,diversity,11,15,DEC,linear_carbonate,7.86403
E,oxidation,diversity,11,16,DMC,linear_carbonate,8.1696
E,oxidation,diversity,11,17,PC,cyclic_carbonate,8.00702
E,oxidation,uncertainty,11,0,EMC,linear_carbonate,7.99479
E,oxidation,uncertainty,11,1,DME,ether,6.50598
E,oxidation,uncertainty,11,2,MA,ester,7.80119
E,oxidation,uncertainty,11,3,SL,sulfone,7.43224
E,oxidation,uncertainty,11,4,TEGDME,ether,5.95045
E,oxidation,uncertainty,11,5,FEC,cyclic_carbonate,8.83094
E,oxidation,uncertainty,11,6,SN,nitrile,9.01366
E,oxidation,uncertainty,11,7,DOL,ether,6.65213
E,oxidation,uncertainty,11,8,EC,cyclic_carbonate,8.06066
E,oxidation,uncertainty,11,9,TMP,phosphate,8.13737
E,oxidation,uncertainty,11,10,DMSO,sulfoxide,6.4133
E,oxidation,uncertainty,11,11,AN,nitrile,9.23338
E,oxidation,uncertainty,11,12,GBL,ester,7.61103
E,oxidation,uncertainty,11,13,VC,cyclic_carbonate,6.86064
E,oxidation,uncertainty,11,14,EA,ester,7.72405
E,oxidation,uncertainty,11,15,DEC,linear_carbonate,7.86403
E,oxidation,uncertainty,11,16,PC,cyclic_carbonate,8.00702
E,oxidation,uncertainty,11,17,DMC,linear_carbonate,8.1696
E,oxidation,ranking_aware,11,0,EMC,linear_carbonate,7.99479
E,oxidation,ranking_aware,11,1,DME,ether,6.50598
E,oxidation,ranking_aware,11,2,MA,ester,7.80119
E,oxidation,ranking_aware,11,3,SL,sulfone,7.43224
E,oxidation,ranking_aware,11,4,DMC,linear_carbonate,8.1696
E,oxidation,ranking_aware,11,5,VC,cyclic_carbonate,6.86064
E,oxidation,ranking_aware,11,6,EA,ester,7.72405
E,oxidation,ranking_aware,11,7,AN,nitrile,9.23338
E,oxidation,ranking_aware,11,8,DMSO,sulfoxide,6.4133
E,oxidation,ranking_aware,11,9,TEGDME,ether,5.95045
E,oxidation,ranking_aware,11,10,SN,nitrile,9.01366
E,oxidation,ranking_aware,11,11,TMP,phosphate,8.13737
E,oxidation,ranking_aware,11,12,DOL,ether,6.65213
E,oxidation,ranking_aware,11,13,FEC,cyclic_carbonate,8.83094
E,oxidation,ranking_aware,11,14,GBL,ester,7.61103
E,oxidation,ranking_aware,11,15,DEC,linear_carbonate,7.86403
E,oxidation,ranking_aware,11,16,EC,cyclic_carbonate,8.06066
E,oxidation,ranking_aware,11,17,PC,cyclic_carbonate,8.00702
E,oxidation,random,12,0,DMC,linear_carbonate,8.1696
E,oxidation,random,12,1,FEC,cyclic_carbonate,8.83094
E,oxidation,random,12,2,TEGDME,ether,5.95045
E,oxidation,random,12,3,SL,sulfone,7.43224
E,oxidation,random,12,4,AN,nitrile,9.23338
E,oxidation,random,12,5,EA,ester,7.72405
E,oxidation,random,12,6,DOL,ether,6.65213
E,oxidation,random,12,7,VC,cyclic_carbonate,6.86064
E,oxidation,random,12,8,DEC,linear_carbonate,7.86403
E,oxidation,random,12,9,DMSO,sulfoxide,6.4133
E,oxidation,random,12,10,PC,cyclic_carbonate,8.00702
E,oxidation,random,12,11,EMC,linear_carbonate,7.99479
E,oxidation,random,12,12,EC,cyclic_carbonate,8.06066
E,oxidation,random,12,13,SN,nitrile,9.01366
E,oxidation,random,12,14,TMP,phosphate,8.13737
E,oxidation,random,12,15,DME,ether,6.50598
E,oxidation,random,12,16,MA,ester,7.80119
E,oxidation,random,12,17,GBL,ester,7.61103
E,oxidation,diversity,12,0,DMC,linear_carbonate,8.1696
E,oxidation,diversity,12,1,FEC,cyclic_carbonate,8.83094
E,oxidation,diversity,12,2,TEGDME,ether,5.95045
E,oxidation,diversity,12,3,SL,sulfone,7.43224
E,oxidation,diversity,12,4,DME,ether,6.50598
E,oxidation,diversity,12,5,DMSO,sulfoxide,6.4133
E,oxidation,diversity,12,6,SN,nitrile,9.01366
E,oxidation,diversity,12,7,TMP,phosphate,8.13737
E,oxidation,diversity,12,8,DOL,ether,6.65213
E,oxidation,diversity,12,9,VC,cyclic_carbonate,6.86064
E,oxidation,diversity,12,10,AN,nitrile,9.23338
E,oxidation,diversity,12,11,EA,ester,7.72405
E,oxidation,diversity,12,12,GBL,ester,7.61103
E,oxidation,diversity,12,13,DEC,linear_carbonate,7.86403
E,oxidation,diversity,12,14,PC,cyclic_carbonate,8.00702
E,oxidation,diversity,12,15,MA,ester,7.80119
E,oxidation,diversity,12,16,EMC,linear_carbonate,7.99479
E,oxidation,diversity,12,17,EC,cyclic_carbonate,8.06066
E,oxidation,uncertainty,12,0,DMC,linear_carbonate,8.1696
E,oxidation,uncertainty,12,1,FEC,cyclic_carbonate,8.83094
E,oxidation,uncertainty,12,2,TEGDME,ether,5.95045
E,oxidation,uncertainty,12,3,SL,sulfone,7.43224
E,oxidation,uncertainty,12,4,DME,ether,6.50598
E,oxidation,uncertainty,12,5,DMSO,sulfoxide,6.4133
E,oxidation,uncertainty,12,6,SN,nitrile,9.01366
E,oxidation,uncertainty,12,7,TMP,phosphate,8.13737
E,oxidation,uncertainty,12,8,DOL,ether,6.65213
E,oxidation,uncertainty,12,9,EC,cyclic_carbonate,8.06066
E,oxidation,uncertainty,12,10,AN,nitrile,9.23338
E,oxidation,uncertainty,12,11,EA,ester,7.72405
E,oxidation,uncertainty,12,12,GBL,ester,7.61103
E,oxidation,uncertainty,12,13,DEC,linear_carbonate,7.86403
E,oxidation,uncertainty,12,14,VC,cyclic_carbonate,6.86064
E,oxidation,uncertainty,12,15,MA,ester,7.80119
E,oxidation,uncertainty,12,16,PC,cyclic_carbonate,8.00702
E,oxidation,uncertainty,12,17,EMC,linear_carbonate,7.99479
E,oxidation,ranking_aware,12,0,DMC,linear_carbonate,8.1696
E,oxidation,ranking_aware,12,1,FEC,cyclic_carbonate,8.83094
E,oxidation,ranking_aware,12,2,TEGDME,ether,5.95045
E,oxidation,ranking_aware,12,3,SL,sulfone,7.43224
E,oxidation,ranking_aware,12,4,SN,nitrile,9.01366
E,oxidation,ranking_aware,12,5,VC,cyclic_carbonate,6.86064
E,oxidation,ranking_aware,12,6,EMC,linear_carbonate,7.99479
E,oxidation,ranking_aware,12,7,DOL,ether,6.65213
E,oxidation,ranking_aware,12,8,TMP,phosphate,8.13737
E,oxidation,ranking_aware,12,9,EA,ester,7.72405
E,oxidation,ranking_aware,12,10,AN,nitrile,9.23338
E,oxidation,ranking_aware,12,11,DMSO,sulfoxide,6.4133
E,oxidation,ranking_aware,12,12,DME,ether,6.50598
E,oxidation,ranking_aware,12,13,MA,ester,7.80119
E,oxidation,ranking_aware,12,14,GBL,ester,7.61103
E,oxidation,ranking_aware,12,15,DEC,linear_carbonate,7.86403
E,oxidation,ranking_aware,12,16,EC,cyclic_carbonate,8.06066
E,oxidation,ranking_aware,12,17,PC,cyclic_carbonate,8.00702
E,oxidation,random,13,0,DMC,linear_carbonate,8.1696
E,oxidation,random,13,1,VC,cyclic_carbonate,6.86064
E,oxidation,random,13,2,DOL,ether,6.65213
E,oxidation,random,13,3,SN,nitrile,9.01366
E,oxidation,random,13,4,SL,sulfone,7.43224
E,oxidation,random,13,5,EA,ester,7.72405
E,oxidation,random,13,6,EMC,linear_carbonate,7.99479
E,oxidation,random,13,7,PC,cyclic_carbonate,8.00702
E,oxidation,random,13,8,AN,nitrile,9.23338
E,oxidation,random,13,9,DMSO,sulfoxide,6.4133
E,oxidation,random,13,10,FEC,cyclic_carbonate,8.83094
E,oxidation,random,13,11,DME,ether,6.50598
E,oxidation,random,13,12,MA,ester,7.80119
E,oxidation,random,13,13,GBL,ester,7.61103
E,oxidation,random,13,14,TMP,phosphate,8.13737
E,oxidation,random,13,15,DEC,linear_carbonate,7.86403
E,oxidation,random,13,16,EC,cyclic_carbonate,8.06066
E,oxidation,random,13,17,TEGDME,ether,5.95045
E,oxidation,diversity,13,0,DMC,linear_carbonate,8.1696
E,oxidation,diversity,13,1,VC,cyclic_carbonate,6.86064
E,oxidation,diversity,13,2,DOL,ether,6.65213
E,oxidation,diversity,13,3,SN,nitrile,9.01366
E,oxidation,diversity,13,4,TEGDME,ether,5.95045
E,oxidation,diversity,13,5,DMSO,sulfoxide,6.4133
E,oxidation,diversity,13,6,TMP,phosphate,8.13737
E,oxidation,diversity,13,7,DME,ether,6.50598
E,oxidation,diversity,13,8,SL,sulfone,7.43224
E,oxidation,diversity,13,9,AN,nitrile,9.23338
E,oxidation,diversity,13,10,FEC,cyclic_carbonate,8.83094
E,oxidation,diversity,13,11,EA,ester,7.72405
E,oxidation,diversity,13,12,GBL,ester,7.61103
E,oxidation,diversity,13,13,DEC,linear_carbonate,7.86403
E,oxidation,diversity,13,14,PC,cyclic_carbonate,8.00702
E,oxidation,diversity,13,15,MA,ester,7.80119
E,oxidation,diversity,13,16,EMC,linear_carbonate,7.99479
E,oxidation,diversity,13,17,EC,cyclic_carbonate,8.06066
E,oxidation,uncertainty,13,0,DMC,linear_carbonate,8.1696
E,oxidation,uncertainty,13,1,VC,cyclic_carbonate,6.86064
E,oxidation,uncertainty,13,2,DOL,ether,6.65213
E,oxidation,uncertainty,13,3,SN,nitrile,9.01366
E,oxidation,uncertainty,13,4,EMC,linear_carbonate,7.99479
E,oxidation,uncertainty,13,5,FEC,cyclic_carbonate,8.83094
E,oxidation,uncertainty,13,6,DEC,linear_carbonate,7.86403
E,oxidation,uncertainty,13,7,TEGDME,ether,5.95045
E,oxidation,uncertainty,13,8,DMSO,sulfoxide,6.4133
E,oxidation,uncertainty,13,9,TMP,phosphate,8.13737
E,oxidation,uncertainty,13,10,DME,ether,6.50598
E,oxidation,uncertainty,13,11,SL,sulfone,7.43224
E,oxidation,uncertainty,13,12,AN,nitrile,9.23338
E,oxidation,uncertainty,13,13,GBL,ester,7.61103
E,oxidation,uncertainty,13,14,EA,ester,7.72405
E,oxidation,uncertainty,13,15,EC,cyclic_carbonate,8.06066
E,oxidation,uncertainty,13,16,PC,cyclic_carbonate,8.00702
E,oxidation,uncertainty,13,17,MA,ester,7.80119
E,oxidation,ranking_aware,13,0,DMC,linear_carbonate,8.1696
E,oxidation,ranking_aware,13,1,VC,cyclic_carbonate,6.86064
E,oxidation,ranking_aware,13,2,DOL,ether,6.65213
E,oxidation,ranking_aware,13,3,SN,nitrile,9.01366
E,oxidation,ranking_aware,13,4,DME,ether,6.50598
E,oxidation,ranking_aware,13,5,FEC,cyclic_carbonate,8.83094
E,oxidation,ranking_aware,13,6,EMC,linear_carbonate,7.99479
E,oxidation,ranking_aware,13,7,TEGDME,ether,5.95045
E,oxidation,ranking_aware,13,8,MA,ester,7.80119
E,oxidation,ranking_aware,13,9,AN,nitrile,9.23338
E,oxidation,ranking_aware,13,10,DMSO,sulfoxide,6.4133
E,oxidation,ranking_aware,13,11,TMP,phosphate,8.13737
E,oxidation,ranking_aware,13,12,SL,sulfone,7.43224
E,oxidation,ranking_aware,13,13,GBL,ester,7.61103
E,oxidation,ranking_aware,13,14,DEC,linear_carbonate,7.86403
E,oxidation,ranking_aware,13,15,EC,cyclic_carbonate,8.06066
E,oxidation,ranking_aware,13,16,PC,cyclic_carbonate,8.00702
E,oxidation,ranking_aware,13,17,EA,ester,7.72405
E,oxidation,random,14,0,DMC,linear_carbonate,8.1696
E,oxidation,random,14,1,EC,cyclic_carbonate,8.06066
E,oxidation,random,14,2,DME,ether,6.50598
E,oxidation,random,14,3,AN,nitrile,9.23338
E,oxidation,random,14,4,PC,cyclic_carbonate,8.00702
E,oxidation,random,14,5,SL,sulfone,7.43224
E,oxidation,random,14,6,TMP,phosphate,8.13737
E,oxidation,random,14,7,VC,cyclic_carbonate,6.86064
E,oxidation,random,14,8,EMC,linear_carbonate,7.99479
E,oxidation,random,14,9,MA,ester,7.80119
E,oxidation,random,14,10,EA,ester,7.72405
E,oxidation,random,14,11,DOL,ether,6.65213
E,oxidation,random,14,12,GBL,ester,7.61103
E,oxidation,random,14,13,SN,nitrile,9.01366
E,oxidation,random,14,14,DEC,linear_carbonate,7.86403
E,oxidation,random,14,15,TEGDME,ether,5.95045
E,oxidation,random,14,16,FEC,cyclic_carbonate,8.83094
E,oxidation,random,14,17,DMSO,sulfoxide,6.4133
E,oxidation,diversity,14,0,DMC,linear_carbonate,8.1696
E,oxidation,diversity,14,1,EC,cyclic_carbonate,8.06066
E,oxidation,diversity,14,2,DME,ether,6.50598
E,oxidation,diversity,14,3,AN,nitrile,9.23338
E,oxidation,diversity,14,4,TEGDME,ether,5.95045
E,oxidation,diversity,14,5,SN,nitrile,9.01366
E,oxidation,diversity,14,6,DOL,ether,6.65213
E,oxidation,diversity,14,7,TMP,phosphate,8.13737
E,oxidation,diversity,14,8,SL,sulfone,7.43224
E,oxidation,diversity,14,9,DMSO,sulfoxide,6.4133
E,oxidation,diversity,14,10,EA,ester,7.72405
E,oxidation,diversity,14,11,GBL,ester,7.61103
E,oxidation,diversity,14,12,FEC,cyclic_carbonate,8.83094
E,oxidation,diversity,14,13,DEC,linear_carbonate,7.86403
E,oxidation,diversity,14,14,VC,cyclic_carbonate,6.86064
E,oxidation,diversity,14,15,MA,ester,7.80119
E,oxidation,diversity,14,16,EMC,linear_carbonate,7.99479
E,oxidation,diversity,14,17,PC,cyclic_carbonate,8.00702
E,oxidation,uncertainty,14,0,DMC,linear_carbonate,8.1696
E,oxidation,uncertainty,14,1,EC,cyclic_carbonate,8.06066
E,oxidation,uncertainty,14,2,DME,ether,6.50598
E,oxidation,uncertainty,14,3,AN,nitrile,9.23338
E,oxidation,uncertainty,14,4,TEGDME,ether,5.95045
E,oxidation,uncertainty,14,5,DOL,ether,6.65213
E,oxidation,uncertainty,14,6,SN,nitrile,9.01366
E,oxidation,uncertainty,14,7,DMSO,sulfoxide,6.4133
E,oxidation,uncertainty,14,8,SL,sulfone,7.43224
E,oxidation,uncertainty,14,9,EA,ester,7.72405
E,oxidation,uncertainty,14,10,TMP,phosphate,8.13737
E,oxidation,uncertainty,14,11,FEC,cyclic_carbonate,8.83094
E,oxidation,uncertainty,14,12,GBL,ester,7.61103
E,oxidation,uncertainty,14,13,DEC,linear_carbonate,7.86403
E,oxidation,uncertainty,14,14,VC,cyclic_carbonate,6.86064
E,oxidation,uncertainty,14,15,MA,ester,7.80119
E,oxidation,uncertainty,14,16,PC,cyclic_carbonate,8.00702
E,oxidation,uncertainty,14,17,EMC,linear_carbonate,7.99479
E,oxidation,ranking_aware,14,0,DMC,linear_carbonate,8.1696
E,oxidation,ranking_aware,14,1,EC,cyclic_carbonate,8.06066
E,oxidation,ranking_aware,14,2,DME,ether,6.50598
E,oxidation,ranking_aware,14,3,AN,nitrile,9.23338
E,oxidation,ranking_aware,14,4,MA,ester,7.80119
E,oxidation,ranking_aware,14,5,SN,nitrile,9.01366
E,oxidation,ranking_aware,14,6,TMP,phosphate,8.13737
E,oxidation,ranking_aware,14,7,FEC,cyclic_carbonate,8.83094
E,oxidation,ranking_aware,14,8,DOL,ether,6.65213
E,oxidation,ranking_aware,14,9,PC,cyclic_carbonate,8.00702
E,oxidation,ranking_aware,14,10,TEGDME,ether,5.95045
E,oxidation,ranking_aware,14,11,DMSO,sulfoxide,6.4133
E,oxidation,ranking_aware,14,12,VC,cyclic_carbonate,6.86064
E,oxidation,ranking_aware,14,13,EMC,linear_carbonate,7.99479
E,oxidation,ranking_aware,14,14,SL,sulfone,7.43224
E,oxidation,ranking_aware,14,15,GBL,ester,7.61103
E,oxidation,ranking_aware,14,16,DEC,linear_carbonate,7.86403
E,oxidation,ranking_aware,14,17,EA,ester,7.72405
E,oxidation,random,15,0,VC,cyclic_carbonate,6.86064
E,oxidation,random,15,1,SL,sulfone,7.43224
E,oxidation,random,15,2,DMSO,sulfoxide,6.4133
E,oxidation,random,15,3,AN,nitrile,9.23338
E,oxidation,random,15,4,GBL,ester,7.61103
E,oxidation,random,15,5,DMC,linear_carbonate,8.1696
E,oxidation,random,15,6,TEGDME,ether,5.95045
E,oxidation,random,15,7,EMC,linear_carbonate,7.99479
E,oxidation,random,15,8,MA,ester,7.80119
E,oxidation,random,15,9,EC,cyclic_carbonate,8.06066
E,oxidation,random,15,10,SN,nitrile,9.01366
E,oxidation,random,15,11,EA,ester,7.72405
E,oxidation,random,15,12,TMP,phosphate,8.13737
E,oxidation,random,15,13,FEC,cyclic_carbonate,8.83094
E,oxidation,random,15,14,DEC,linear_carbonate,7.86403
E,oxidation,random,15,15,DOL,ether,6.65213
E,oxidation,random,15,16,PC,cyclic_carbonate,8.00702
E,oxidation,random,15,17,DME,ether,6.50598
E,oxidation,diversity,15,0,VC,cyclic_carbonate,6.86064
E,oxidation,diversity,15,1,SL,sulfone,7.43224
E,oxidation,diversity,15,2,DMSO,sulfoxide,6.4133
E,oxidation,diversity,15,3,AN,nitrile,9.23338
E,oxidation,diversity,15,4,TEGDME,ether,5.95045
E,oxidation,diversity,15,5,DOL,ether,6.65213
E,oxidation,diversity,15,6,TMP,phosphate,8.13737
E,oxidation,diversity,15,7,DMC,linear_carbonate,8.1696
E,oxidation,diversity,15,8,DME,ether,6.50598
E,oxidation,diversity,15,9,FEC,cyclic_carbonate,8.83094
E,oxidation,diversity,15,10,SN,nitrile,9.01366
E,oxidation,diversity,15,11,EA,ester,7.72405
E,oxidation,diversity,15,12,GBL,ester,7.61103
E,oxidation,diversity,15,13,DEC,linear_carbonate,7.86403
E,oxidation,diversity,15,14,PC,cyclic_carbonate,8.00702
E,oxidation,diversity,15,15,MA,ester,7.80119
E,oxidation,diversity,15,16,EMC,linear_carbonate,7.99479
E,oxidation,diversity,15,17,EC,cyclic_carbonate,8.06066
E,oxidation,uncertainty,15,0,VC,cyclic_carbonate,6.86064
E,oxidation,uncertainty,15,1,SL,sulfone,7.43224
E,oxidation,uncertainty,15,2,DMSO,sulfoxide,6.4133
E,oxidation,uncertainty,15,3,AN,nitrile,9.23338
E,oxidation,uncertainty,15,4,DMC,linear_carbonate,8.1696
E,oxidation,uncertainty,15,5,DME,ether,6.50598
E,oxidation,uncertainty,15,6,DOL,ether,6.65213
E,oxidation,uncertainty,15,7,TEGDME,ether,5.95045
E,oxidation,uncertainty,15,8,TMP,phosphate,8.13737
E,oxidation,uncertainty,15,9,FEC,cyclic_carbonate,8.83094
E,oxidation,uncertainty,15,10,SN,nitrile,9.01366
E,oxidation,uncertainty,15,11,EA,ester,7.72405
E,oxidation,uncertainty,15,12,GBL,ester,7.61103
E,oxidation,uncertainty,15,13,DEC,linear_carbonate,7.86403
E,oxidation,uncertainty,15,14,PC,cyclic_carbonate,8.00702
E,oxidation,uncertainty,15,15,MA,ester,7.80119
E,oxidation,uncertainty,15,16,EC,cyclic_carbonate,8.06066
E,oxidation,uncertainty,15,17,EMC,linear_carbonate,7.99479
E,oxidation,ranking_aware,15,0,VC,cyclic_carbonate,6.86064
E,oxidation,ranking_aware,15,1,SL,sulfone,7.43224
E,oxidation,ranking_aware,15,2,DMSO,sulfoxide,6.4133
E,oxidation,ranking_aware,15,3,AN,nitrile,9.23338
E,oxidation,ranking_aware,15,4,EC,cyclic_carbonate,8.06066
E,oxidation,ranking_aware,15,5,DEC,linear_carbonate,7.86403
E,oxidation,ranking_aware,15,6,MA,ester,7.80119
E,oxidation,ranking_aware,15,7,TEGDME,ether,5.95045
E,oxidation,ranking_aware,15,8,EMC,linear_carbonate,7.99479
E,oxidation,ranking_aware,15,9,PC,cyclic_carbonate,8.00702
E,oxidation,ranking_aware,15,10,FEC,cyclic_carbonate,8.83094
E,oxidation,ranking_aware,15,11,DME,ether,6.50598
E,oxidation,ranking_aware,15,12,GBL,ester,7.61103
E,oxidation,ranking_aware,15,13,DMC,linear_carbonate,8.1696
E,oxidation,ranking_aware,15,14,SN,nitrile,9.01366
E,oxidation,ranking_aware,15,15,TMP,phosphate,8.13737
E,oxidation,ranking_aware,15,16,DOL,ether,6.65213
E,oxidation,ranking_aware,15,17,EA,ester,7.72405
E,oxidation,random,16,0,DMC,linear_carbonate,8.1696
E,oxidation,random,16,1,FEC,cyclic_carbonate,8.83094
E,oxidation,random,16,2,GBL,ester,7.61103
E,oxidation,random,16,3,DMSO,sulfoxide,6.4133
E,oxidation,random,16,4,TEGDME,ether,5.95045
E,oxidation,random,16,5,EMC,linear_carbonate,7.99479
E,oxidation,random,16,6,AN,nitrile,9.23338
E,oxidation,random,16,7,TMP,phosphate,8.13737
E,oxidation,random,16,8,VC,cyclic_carbonate,6.86064
E,oxidation,random,16,9,MA,ester,7.80119
E,oxidation,random,16,10,SN,nitrile,9.01366
E,oxidation,random,16,11,DEC,linear_carbonate,7.86403
E,oxidation,random,16,12,DME,ether,6.50598
E,oxidation,random,16,13,EA,ester,7.72405
E,oxidation,random,16,14,DOL,ether,6.65213
E,oxidation,random,16,15,SL,sulfone,7.43224
E,oxidation,random,16,16,EC,cyclic_carbonate,8.06066
E,oxidation,random,16,17,PC,cyclic_carbonate,8.00702
E,oxidation,diversity,16,0,DMC,linear_carbonate,8.1696
E,oxidation,diversity,16,1,FEC,cyclic_carbonate,8.83094
E,oxidation,diversity,16,2,GBL,ester,7.61103
E,oxidation,diversity,16,3,DMSO,sulfoxide,6.4133
E,oxidation,diversity,16,4,TEGDME,ether,5.95045
E,oxidation,diversity,16,5,DOL,ether,6.65213
E,oxidation,diversity,16,6,SN,nitrile,9.01366
E,oxidation,diversity,16,7,TMP,phosphate,8.13737
E,oxidation,diversity,16,8,DME,ether,6.50598
E,oxidation,diversity,16,9,AN,nitrile,9.23338
E,oxidation,diversity,16,10,EA,ester,7.72405
E,oxidation,diversity,16,11,EC,cyclic_carbonate,8.06066
E,oxidation,diversity,16,12,SL,sulfone,7.43224
E,oxidation,diversity,16,13,DEC,linear_carbonate,7.86403
E,oxidation,diversity,16,14,VC,cyclic_carbonate,6.86064
E,oxidation,diversity,16,15,MA,ester,7.80119
E,oxidation,diversity,16,16,EMC,linear_carbonate,7.99479
E,oxidation,diversity,16,17,PC,cyclic_carbonate,8.00702
E,oxidation,uncertainty,16,0,DMC,linear_carbonate,8.1696
E,oxidation,uncertainty,16,1,FEC,cyclic_carbonate,8.83094
E,oxidation,uncertainty,16,2,GBL,ester,7.61103
E,oxidation,uncertainty,16,3,DMSO,sulfoxide,6.4133
E,oxidation,uncertainty,16,4,TEGDME,ether,5.95045
E,oxidation,uncertainty,16,5,DME,ether,6.50598
E,oxidation,uncertainty,16,6,SN,nitrile,9.01366
E,oxidation,uncertainty,16,7,DOL,ether,6.65213
E,oxidation,uncertainty,16,8,TMP,phosphate,8.13737
E,oxidation,uncertainty,16,9,AN,nitrile,9.23338
E,oxidation,uncertainty,16,10,EA,ester,7.72405
E,oxidation,uncertainty,16,11,EC,cyclic_carbonate,8.06066
E,oxidation,uncertainty,16,12,SL,sulfone,7.43224
E,oxidation,uncertainty,16,13,DEC,linear_carbonate,7.86403
E,oxidation,uncertainty,16,14,VC,cyclic_carbonate,6.86064
E,oxidation,uncertainty,16,15,MA,ester,7.80119
E,oxidation,uncertainty,16,16,PC,cyclic_carbonate,8.00702
E,oxidation,uncertainty,16,17,EMC,linear_carbonate,7.99479
E,oxidation,ranking_aware,16,0,DMC,linear_carbonate,8.1696
E,oxidation,ranking_aware,16,1,FEC,cyclic_carbonate,8.83094
E,oxidation,ranking_aware,16,2,GBL,ester,7.61103
E,oxidation,ranking_aware,16,3,DMSO,sulfoxide,6.4133
E,oxidation,ranking_aware,16,4,VC,cyclic_carbonate,6.86064
E,oxidation,ranking_aware,16,5,MA,ester,7.80119
E,oxidation,ranking_aware,16,6,AN,nitrile,9.23338
E,oxidation,ranking_aware,16,7,PC,cyclic_carbonate,8.00702
E,oxidation,ranking_aware,16,8,EMC,linear_carbonate,7.99479
E,oxidation,ranking_aware,16,9,DEC,linear_carbonate,7.86403
E,oxidation,ranking_aware,16,10,TMP,phosphate,8.13737
E,oxidation,ranking_aware,16,11,DME,ether,6.50598
E,oxidation,ranking_aware,16,12,SL,sulfone,7.43224
E,oxidation,ranking_aware,16,13,TEGDME,ether,5.95045
E,oxidation,ranking_aware,16,14,EC,cyclic_carbonate,8.06066
E,oxidation,ranking_aware,16,15,SN,nitrile,9.01366
E,oxidation,ranking_aware,16,16,DOL,ether,6.65213
E,oxidation,ranking_aware,16,17,EA,ester,7.72405
E,oxidation,random,17,0,EMC,linear_carbonate,7.99479
E,oxidation,random,17,1,PC,cyclic_carbonate,8.00702
E,oxidation,random,17,2,DMSO,sulfoxide,6.4133
E,oxidation,random,17,3,SN,nitrile,9.01366
E,oxidation,random,17,4,DOL,ether,6.65213
E,oxidation,random,17,5,TEGDME,ether,5.95045
E,oxidation,random,17,6,DMC,linear_carbonate,8.1696
E,oxidation,random,17,7,DEC,linear_carbonate,7.86403
E,oxidation,random,17,8,SL,sulfone,7.43224
E,oxidation,random,17,9,GBL,ester,7.61103
E,oxidation,random,17,10,VC,cyclic_carbonate,6.86064
E,oxidation,random,17,11,MA,ester,7.80119
E,oxidation,random,17,12,TMP,phosphate,8.13737
E,oxidation,random,17,13,AN,nitrile,9.23338
E,oxidation,random,17,14,EA,ester,7.72405
E,oxidation,random,17,15,EC,cyclic_carbonate,8.06066
E,oxidation,random,17,16,FEC,cyclic_carbonate,8.83094
E,oxidation,random,17,17,DME,ether,6.50598
E,oxidation,diversity,17,0,EMC,linear_carbonate,7.99479
E,oxidation,diversity,17,1,PC,cyclic_carbonate,8.00702
E,oxidation,diversity,17,2,DMSO,sulfoxide,6.4133
E,oxidation,diversity,17,3,SN,nitrile,9.01366
E,oxidation,diversity,17,4,TEGDME,ether,5.95045
E,oxidation,diversity,17,5,DOL,ether,6.65213
E,oxidation,diversity,17,6,TMP,phosphate,8.13737
E,oxidation,diversity,17,7,DME,ether,6.50598
E,oxidation,diversity,17,8,AN,nitrile,9.23338
E,oxidation,diversity,17,9,SL,sulfone,7.43224
E,oxidation,diversity,17,10,EA,ester,7.72405
E,oxidation,diversity,17,11,GBL,ester,7.61103
E,oxidation,diversity,17,12,FEC,cyclic_carbonate,8.83094
E,oxidation,diversity,17,13,VC,cyclic_carbonate,6.86064
E,oxidation,diversity,17,14,MA,ester,7.80119
E,oxidation,diversity,17,15,DEC,linear_carbonate,7.86403
E,oxidation,diversity,17,16,DMC,linear_carbonate,8.1696
E,oxidation,diversity,17,17,EC,cyclic_carbonate,8.06066
E,oxidation,uncertainty,17,0,EMC,linear_carbonate,7.99479
E,oxidation,uncertainty,17,1,PC,cyclic_carbonate,8.00702
E,oxidation,uncertainty,17,2,DMSO,sulfoxide,6.4133
E,oxidation,uncertainty,17,3,SN,nitrile,9.01366
E,oxidation,uncertainty,17,4,DME,ether,6.50598
E,oxidation,uncertainty,17,5,TEGDME,ether,5.95045
E,oxidation,uncertainty,17,6,DOL,ether,6.65213
E,oxidation,uncertainty,17,7,TMP,phosphate,8.13737
E,oxidation,uncertainty,17,8,AN,nitrile,9.23338
E,oxidation,uncertainty,17,9,SL,sulfone,7.43224
E,oxidation,uncertainty,17,10,FEC,cyclic_carbonate,8.83094
E,oxidation,uncertainty,17,11,EA,ester,7.72405
E,oxidation,uncertainty,17,12,GBL,ester,7.61103
E,oxidation,uncertainty,17,13,VC,cyclic_carbonate,6.86064
E,oxidation,uncertainty,17,14,MA,ester,7.80119
E,oxidation,uncertainty,17,15,DEC,linear_carbonate,7.86403
E,oxidation,uncertainty,17,16,EC,cyclic_carbonate,8.06066
E,oxidation,uncertainty,17,17,DMC,linear_carbonate,8.1696
E,oxidation,ranking_aware,17,0,EMC,linear_carbonate,7.99479
E,oxidation,ranking_aware,17,1,PC,cyclic_carbonate,8.00702
E,oxidation,ranking_aware,17,2,DMSO,sulfoxide,6.4133
E,oxidation,ranking_aware,17,3,SN,nitrile,9.01366
E,oxidation,ranking_aware,17,4,EA,ester,7.72405
E,oxidation,ranking_aware,17,5,MA,ester,7.80119
E,oxidation,ranking_aware,17,6,VC,cyclic_carbonate,6.86064
E,oxidation,ranking_aware,17,7,SL,sulfone,7.43224
E,oxidation,ranking_aware,17,8,FEC,cyclic_carbonate,8.83094
E,oxidation,ranking_aware,17,9,AN,nitrile,9.23338
E,oxidation,ranking_aware,17,10,GBL,ester,7.61103
E,oxidation,ranking_aware,17,11,DMC,linear_carbonate,8.1696
E,oxidation,ranking_aware,17,12,DEC,linear_carbonate,7.86403
E,oxidation,ranking_aware,17,13,TMP,phosphate,8.13737
E,oxidation,ranking_aware,17,14,DOL,ether,6.65213
E,oxidation,ranking_aware,17,15,TEGDME,ether,5.95045
E,oxidation,ranking_aware,17,16,EC,cyclic_carbonate,8.06066
E,oxidation,ranking_aware,17,17,DME,ether,6.50598
E,oxidation,random,18,0,EMC,linear_carbonate,7.99479
E,oxidation,random,18,1,DEC,linear_carbonate,7.86403
E,oxidation,random,18,2,PC,cyclic_carbonate,8.00702
E,oxidation,random,18,3,TMP,phosphate,8.13737
E,oxidation,random,18,4,MA,ester,7.80119
E,oxidation,random,18,5,EC,cyclic_carbonate,8.06066
E,oxidation,random,18,6,AN,nitrile,9.23338
E,oxidation,random,18,7,SN,nitrile,9.01366
E,oxidation,random,18,8,SL,sulfone,7.43224
E,oxidation,random,18,9,FEC,cyclic_carbonate,8.83094
E,oxidation,random,18,10,DME,ether,6.50598
E,oxidation,random,18,11,GBL,ester,7.61103
E,oxidation,random,18,12,DMSO,sulfoxide,6.4133
E,oxidation,random,18,13,TEGDME,ether,5.95045
E,oxidation,random,18,14,DOL,ether,6.65213
E,oxidation,random,18,15,EA,ester,7.72405
E,oxidation,random,18,16,DMC,linear_carbonate,8.1696
E,oxidation,random,18,17,VC,cyclic_carbonate,6.86064
E,oxidation,diversity,18,0,EMC,linear_carbonate,7.99479
E,oxidation,diversity,18,1,DEC,linear_carbonate,7.86403
E,oxidation,diversity,18,2,PC,cyclic_carbonate,8.00702
E,oxidation,diversity,18,3,TMP,phosphate,8.13737
E,oxidation,diversity,18,4,TEGDME,ether,5.95045
E,oxidation,diversity,18,5,DOL,ether,6.65213
E,oxidation,diversity,18,6,DMSO,sulfoxide,6.4133
E,oxidation,diversity,18,7,SN,nitrile,9.01366
E,oxidation,diversity,18,8,DME,ether,6.50598
E,oxidation,diversity,18,9,AN,nitrile,9.23338
E,oxidation,diversity,18,10,SL,sulfone,7.43224
E,oxidation,diversity,18,11,EA,ester,7.72405
E,oxidation,diversity,18,12,GBL,ester,7.61103
E,oxidation,diversity,18,13,FEC,cyclic_carbonate,8.83094
E,oxidation,diversity,18,14,VC,cyclic_carbonate,6.86064
E,oxidation,diversity,18,15,MA,ester,7.80119
E,oxidation,diversity,18,16,DMC,linear_carbonate,8.1696
E,oxidation,diversity,18,17,EC,cyclic_carbonate,8.06066
E,oxidation,uncertainty,18,0,EMC,linear_carbonate,7.99479
E,oxidation,uncertainty,18,1,DEC,linear_carbonate,7.86403
E,oxidation,uncertainty,18,2,PC,cyclic_carbonate,8.00702
E,oxidation,uncertainty,18,3,TMP,phosphate,8.13737
E,oxidation,uncertainty,18,4,DME,ether,6.50598
E,oxidation,uncertainty,18,5,TEGDME,ether,5.95045
E,oxidation,uncertainty,18,6,DMSO,sulfoxide,6.4133
E,oxidation,uncertainty,18,7,DOL,ether,6.65213
E,oxidation,uncertainty,18,8,SN,nitrile,9.01366
E,oxidation,uncertainty,18,9,FEC,cyclic_carbonate,8.83094
E,oxidation,uncertainty,18,10,AN,nitrile,9.23338
E,oxidation,uncertainty,18,11,SL,sulfone,7.43224
E,oxidation,uncertainty,18,12,GBL,ester,7.61103
E,oxidation,uncertainty,18,13,VC,cyclic_carbonate,6.86064
E,oxidation,uncertainty,18,14,EA,ester,7.72405
E,oxidation,uncertainty,18,15,MA,ester,7.80119
E,oxidation,uncertainty,18,16,EC,cyclic_carbonate,8.06066
E,oxidation,uncertainty,18,17,DMC,linear_carbonate,8.1696
E,oxidation,ranking_aware,18,0,EMC,linear_carbonate,7.99479
E,oxidation,ranking_aware,18,1,DEC,linear_carbonate,7.86403
E,oxidation,ranking_aware,18,2,PC,cyclic_carbonate,8.00702
E,oxidation,ranking_aware,18,3,TMP,phosphate,8.13737
E,oxidation,ranking_aware,18,4,DOL,ether,6.65213
E,oxidation,ranking_aware,18,5,FEC,cyclic_carbonate,8.83094
E,oxidation,ranking_aware,18,6,SN,nitrile,9.01366
E,oxidation,ranking_aware,18,7,VC,cyclic_carbonate,6.86064
E,oxidation,ranking_aware,18,8,MA,ester,7.80119
E,oxidation,ranking_aware,18,9,EC,cyclic_carbonate,8.06066
E,oxidation,ranking_aware,18,10,AN,nitrile,9.23338
E,oxidation,ranking_aware,18,11,DMSO,sulfoxide,6.4133
E,oxidation,ranking_aware,18,12,TEGDME,ether,5.95045
E,oxidation,ranking_aware,18,13,GBL,ester,7.61103
E,oxidation,ranking_aware,18,14,DME,ether,6.50598
E,oxidation,ranking_aware,18,15,DMC,linear_carbonate,8.1696
E,oxidation,ranking_aware,18,16,SL,sulfone,7.43224
E,oxidation,ranking_aware,18,17,EA,ester,7.72405
E,oxidation,random,19,0,DMC,linear_carbonate,8.1696
E,oxidation,random,19,1,EA,ester,7.72405
E,oxidation,random,19,2,DMSO,sulfoxide,6.4133
E,oxidation,random,19,3,AN,nitrile,9.23338
E,oxidation,random,19,4,FEC,cyclic_carbonate,8.83094
E,oxidation,random,19,5,DEC,linear_carbonate,7.86403
E,oxidation,random,19,6,VC,cyclic_carbonate,6.86064
E,oxidation,random,19,7,MA,ester,7.80119
E,oxidation,random,19,8,DME,ether,6.50598
E,oxidation,random,19,9,GBL,ester,7.61103
E,oxidation,random,19,10,EMC,linear_carbonate,7.99479
E,oxidation,random,19,11,PC,cyclic_carbonate,8.00702
E,oxidation,random,19,12,EC,cyclic_carbonate,8.06066
E,oxidation,random,19,13,SL,sulfone,7.43224
E,oxidation,random,19,14,DOL,ether,6.65213
E,oxidation,random,19,15,TEGDME,ether,5.95045
E,oxidation,random,19,16,SN,nitrile,9.01366
E,oxidation,random,19,17,TMP,phosphate,8.13737
E,oxidation,diversity,19,0,DMC,linear_carbonate,8.1696
E,oxidation,diversity,19,1,EA,ester,7.72405
E,oxidation,diversity,19,2,DMSO,sulfoxide,6.4133
E,oxidation,diversity,19,3,AN,nitrile,9.23338
E,oxidation,diversity,19,4,TEGDME,ether,5.95045
E,oxidation,diversity,19,5,DME,ether,6.50598
E,oxidation,diversity,19,6,FEC,cyclic_carbonate,8.83094
E,oxidation,diversity,19,7,SL,sulfone,7.43224
E,oxidation,diversity,19,8,SN,nitrile,9.01366
E,oxidation,diversity,19,9,TMP,phosphate,8.13737
E,oxidation,diversity,19,10,DOL,ether,6.65213
E,oxidation,diversity,19,11,VC,cyclic_carbonate,6.86064
E,oxidation,diversity,19,12,GBL,ester,7.61103
E,oxidation,diversity,19,13,DEC,linear_carbonate,7.86403
E,oxidation,diversity,19,14,PC,cyclic_carbonate,8.00702
E,oxidation,diversity,19,15,MA,ester,7.80119
E,oxidation,diversity,19,16,EMC,linear_carbonate,7.99479
E,oxidation,diversity,19,17,EC,cyclic_carbonate,8.06066
E,oxidation,uncertainty,19,0,DMC,linear_carbonate,8.1696
E,oxidation,uncertainty,19,1,EA,ester,7.72405
E,oxidation,uncertainty,19,2,DMSO,sulfoxide,6.4133
E,oxidation,uncertainty,19,3,AN,nitrile,9.23338
E,oxidation,uncertainty,19,4,DEC,linear_carbonate,7.86403
E,oxidation,uncertainty,19,5,PC,cyclic_carbonate,8.00702
E,oxidation,uncertainty,19,6,VC,cyclic_carbonate,6.86064
E,oxidation,uncertainty,19,7,DME,ether,6.50598
E,oxidation,uncertainty,19,8,DOL,ether,6.65213
E,oxidation,uncertainty,19,9,TEGDME,ether,5.95045
E,oxidation,uncertainty,19,10,TMP,phosphate,8.13737
E,oxidation,uncertainty,19,11,SN,nitrile,9.01366
E,oxidation,uncertainty,19,12,FEC,cyclic_carbonate,8.83094
E,oxidation,uncertainty,19,13,GBL,ester,7.61103
E,oxidation,uncertainty,19,14,SL,sulfone,7.43224
E,oxidation,uncertainty,19,15,MA,ester,7.80119
E,oxidation,uncertainty,19,16,EC,cyclic_carbonate,8.06066
E,oxidation,uncertainty,19,17,EMC,linear_carbonate,7.99479
E,oxidation,ranking_aware,19,0,DMC,linear_carbonate,8.1696
E,oxidation,ranking_aware,19,1,EA,ester,7.72405
E,oxidation,ranking_aware,19,2,DMSO,sulfoxide,6.4133
E,oxidation,ranking_aware,19,3,AN,nitrile,9.23338
E,oxidation,ranking_aware,19,4,SN,nitrile,9.01366
E,oxidation,ranking_aware,19,5,TMP,phosphate,8.13737
E,oxidation,ranking_aware,19,6,SL,sulfone,7.43224
E,oxidation,ranking_aware,19,7,FEC,cyclic_carbonate,8.83094
E,oxidation,ranking_aware,19,8,VC,cyclic_carbonate,6.86064
E,oxidation,ranking_aware,19,9,DME,ether,6.50598
E,oxidation,ranking_aware,19,10,DEC,linear_carbonate,7.86403
E,oxidation,ranking_aware,19,11,EMC,linear_carbonate,7.99479
E,oxidation,ranking_aware,19,12,TEGDME,ether,5.95045
E,oxidation,ranking_aware,19,13,MA,ester,7.80119
E,oxidation,ranking_aware,19,14,DOL,ether,6.65213
E,oxidation,ranking_aware,19,15,EC,cyclic_carbonate,8.06066
E,oxidation,ranking_aware,19,16,PC,cyclic_carbonate,8.00702
E,oxidation,ranking_aware,19,17,GBL,ester,7.61103
E,reduction,random,0,0,DMC,linear_carbonate,1.14007
E,reduction,random,0,1,EA,ester,0.427682
E,reduction,random,0,2,GBL,ester,0.32667
E,reduction,random,0,3,AN,nitrile,0.642537
E,reduction,random,0,4,TMP,phosphate,1.01178
E,reduction,random,0,5,EMC,linear_carbonate,0.73216
E,reduction,random,0,6,PC,cyclic_carbonate,0.714626
E,reduction,random,0,7,EC,cyclic_carbonate,0.58829
E,reduction,random,0,8,DMSO,sulfoxide,0.751794
E,reduction,random,0,9,FEC,cyclic_carbonate,0.551192
E,reduction,random,0,10,DOL,ether,1.41839
E,reduction,random,0,11,MA,ester,0.402125
E,reduction,random,0,12,DME,ether,1.49988
E,reduction,random,0,13,SL,sulfone,1.18965
E,reduction,random,0,14,SN,nitrile,-0.120035
E,reduction,random,0,15,VC,cyclic_carbonate,-0.096584
E,reduction,random,0,16,TEGDME,ether,1.49248
E,reduction,random,0,17,DEC,linear_carbonate,0.841253
E,reduction,diversity,0,0,DMC,linear_carbonate,1.14007
E,reduction,diversity,0,1,EA,ester,0.427682
E,reduction,diversity,0,2,GBL,ester,0.32667
E,reduction,diversity,0,3,AN,nitrile,0.642537
E,reduction,diversity,0,4,TEGDME,ether,1.49248
E,reduction,diversity,0,5,DOL,ether,1.41839
E,reduction,diversity,0,6,FEC,cyclic_carbonate,0.551192
E,reduction,diversity,0,7,SN,nitrile,-0.120035
E,reduction,diversity,0,8,TMP,phosphate,1.01178
E,reduction,diversity,0,9,DME,ether,1.49988
E,reduction,diversity,0,10,DMSO,sulfoxide,0.751794
E,reduction,diversity,0,11,EC,cyclic_carbonate,0.58829
E,reduction,diversity,0,12,SL,sulfone,1.18965
E,reduction,diversity,0,13,DEC,linear_carbonate,0.841253
E,reduction,diversity,0,14,VC,cyclic_carbonate,-0.096584
E,reduction,diversity,0,15,MA,ester,0.402125
E,reduction,diversity,0,16,EMC,linear_carbonate,0.73216
E,reduction,diversity,0,17,PC,cyclic_carbonate,0.714626
E,reduction,uncertainty,0,0,DMC,linear_carbonate,1.14007
E,reduction,uncertainty,0,1,EA,ester,0.427682
E,reduction,uncertainty,0,2,GBL,ester,0.32667
E,reduction,uncertainty,0,3,AN,nitrile,0.642537
E,reduction,uncertainty,0,4,DME,ether,1.49988
E,reduction,uncertainty,0,5,TEGDME,ether,1.49248
E,reduction,uncertainty,0,6,FEC,cyclic_carbonate,0.551192
E,reduction,uncertainty,0,7,SN,nitrile,-0.120035
E,reduction,uncertainty,0,8,TMP,phosphate,1.01178
E,reduction,uncertainty,0,9,DOL,ether,1.41839
E,reduction,uncertainty,0,10,DMSO,sulfoxide,0.751794
E,reduction,uncertainty,0,11,SL,sulfone,1.18965
E,reduction,uncertainty,0,12,EC,cyclic_carbonate,0.58829
E,reduction,uncertainty,0,13,DEC,linear_carbonate,0.841253
E,reduction,uncertainty,0,14,VC,cyclic_carbonate,-0.096584
E,reduction,uncertainty,0,15,PC,cyclic_carbonate,0.714626
E,reduction,uncertainty,0,16,MA,ester,0.402125
E,reduction,uncertainty,0,17,EMC,linear_carbonate,0.73216
E,reduction,ranking_aware,0,0,DMC,linear_carbonate,1.14007
E,reduction,ranking_aware,0,1,EA,ester,0.427682
E,reduction,ranking_aware,0,2,GBL,ester,0.32667
E,reduction,ranking_aware,0,3,AN,nitrile,0.642537
E,reduction,ranking_aware,0,4,EMC,linear_carbonate,0.73216
E,reduction,ranking_aware,0,5,EC,cyclic_carbonate,0.58829
E,reduction,ranking_aware,0,6,VC,cyclic_carbonate,-0.096584
E,reduction,ranking_aware,0,7,DMSO,sulfoxide,0.751794
E,reduction,ranking_aware,0,8,SL,sulfone,1.18965
E,reduction,ranking_aware,0,9,DME,ether,1.49988
E,reduction,ranking_aware,0,10,DEC,linear_carbonate,0.841253
E,reduction,ranking_aware,0,11,DOL,ether,1.41839
E,reduction,ranking_aware,0,12,TEGDME,ether,1.49248
E,reduction,ranking_aware,0,13,TMP,phosphate,1.01178
E,reduction,ranking_aware,0,14,MA,ester,0.402125
E,reduction,ranking_aware,0,15,FEC,cyclic_carbonate,0.551192
E,reduction,ranking_aware,0,16,SN,nitrile,-0.120035
E,reduction,ranking_aware,0,17,PC,cyclic_carbonate,0.714626
E,reduction,random,1,0,EMC,linear_carbonate,0.73216
E,reduction,random,1,1,DEC,linear_carbonate,0.841253
E,reduction,random,1,2,EC,cyclic_carbonate,0.58829
E,reduction,random,1,3,VC,cyclic_carbonate,-0.096584
E,reduction,random,1,4,TMP,phosphate,1.01178
E,reduction,random,1,5,FEC,cyclic_carbonate,0.551192
E,reduction,random,1,6,EA,ester,0.427682
E,reduction,random,1,7,TEGDME,ether,1.49248
E,reduction,random,1,8,DMC,linear_carbonate,1.14007
E,reduction,random,1,9,DMSO,sulfoxide,0.751794
E,reduction,random,1,10,MA,ester,0.402125
E,reduction,random,1,11,DOL,ether,1.41839
E,reduction,random,1,12,AN,nitrile,0.642537
E,reduction,random,1,13,SN,nitrile,-0.120035
E,reduction,random,1,14,SL,sulfone,1.18965
E,reduction,random,1,15,DME,ether,1.49988
E,reduction,random,1,16,GBL,ester,0.32667
E,reduction,random,1,17,PC,cyclic_carbonate,0.714626
E,reduction,diversity,1,0,EMC,linear_carbonate,0.73216
E,reduction,diversity,1,1,DEC,linear_carbonate,0.841253
E,reduction,diversity,1,2,EC,cyclic_carbonate,0.58829
E,reduction,diversity,1,3,VC,cyclic_carbonate,-0.096584
E,reduction,diversity,1,4,TEGDME,ether,1.49248
E,reduction,diversity,1,5,DME,ether,1.49988
E,reduction,diversity,1,6,DMSO,sulfoxide,0.751794
E,reduction,diversity,1,7,DOL,ether,1.41839
E,reduction,diversity,1,8,SL,sulfone,1.18965
E,reduction,diversity,1,9,TMP,phosphate,1.01178
E,reduction,diversity,1,10,AN,nitrile,0.642537
E,reduction,diversity,1,11,SN,nitrile,-0.120035
E,reduction,diversity,1,12,EA,ester,0.427682
E,reduction,diversity,1,13,GBL,ester,0.32667
E,reduction,diversity,1,14,FEC,cyclic_carbonate,0.551192
E,reduction,diversity,1,15,MA,ester,0.402125
E,reduction,diversity,1,16,DMC,linear_carbonate,1.14007
E,reduction,diversity,1,17,PC,cyclic_carbonate,0.714626
E,reduction,uncertainty,1,0,EMC,linear_carbonate,0.73216
E,reduction,uncertainty,1,1,DEC,linear_carbonate,0.841253
E,reduction,uncertainty,1,2,EC,cyclic_carbonate,0.58829
E,reduction,uncertainty,1,3,VC,cyclic_carbonate,-0.096584
E,reduction,uncertainty,1,4,TEGDME,ether,1.49248
E,reduction,uncertainty,1,5,DME,ether,1.49988
E,reduction,uncertainty,1,6,DMSO,sulfoxide,0.751794
E,reduction,uncertainty,1,7,DOL,ether,1.41839
E,reduction,uncertainty,1,8,TMP,phosphate,1.01178
E,reduction,uncertainty,1,9,SL,sulfone,1.18965
E,reduction,uncertainty,1,10,AN,nitrile,0.642537
E,reduction,uncertainty,1,11,SN,nitrile,-0.120035
E,reduction,uncertainty,1,12,FEC,cyclic_carbonate,0.551192
E,reduction,uncertainty,1,13,GBL,ester,0.32667
E,reduction,uncertainty,1,14,EA,ester,0.427682
E,reduction,uncertainty,1,15,PC,cyclic_carbonate,0.714626
E,reduction,uncertainty,1,16,MA,ester,0.402125
E,reduction,uncertainty,1,17,DMC,linear_carbonate,1.14007
E,reduction,ranking_aware,1,0,EMC,linear_carbonate,0.73216
E,reduction,ranking_aware,1,1,DEC,linear_carbonate,0.841253
E,reduction,ranking_aware,1,2,EC,cyclic_carbonate,0.58829
E,reduction,ranking_aware,1,3,VC,cyclic_carbonate,-0.096584
E,reduction,ranking_aware,1,4,FEC,cyclic_carbonate,0.551192
E,reduction,ranking_aware,1,5,SL,sulfone,1.18965
E,reduction,ranking_aware,1,6,TMP,phosphate,1.01178
E,reduction,ranking_aware,1,7,GBL,ester,0.32667
E,reduction,ranking_aware,1,8,SN,nitrile,-0.120035
E,reduction,ranking_aware,1,9,DME,ether,1.49988
E,reduction,ranking_aware,1,10,DOL,ether,1.41839
E,reduction,ranking_aware,1,11,TEGDME,ether,1.49248
E,reduction,ranking_aware,1,12,DMSO,sulfoxide,0.751794
E,reduction,ranking_aware,1,13,AN,nitrile,0.642537
E,reduction,ranking_aware,1,14,EA,ester,0.427682
E,reduction,ranking_aware,1,15,DMC,linear_carbonate,1.14007
E,reduction,ranking_aware,1,16,MA,ester,0.402125
E,reduction,ranking_aware,1,17,PC,cyclic_carbonate,0.714626
E,reduction,random,2,0,DEC,linear_carbonate,0.841253
E,reduction,random,2,1,EC,cyclic_carbonate,0.58829
E,reduction,random,2,2,EA,ester,0.427682
E,reduction,random,2,3,GBL,ester,0.32667
E,reduction,random,2,4,DMC,linear_carbonate,1.14007
E,reduction,random,2,5,MA,ester,0.402125
E,reduction,random,2,6,DOL,ether,1.41839
E,reduction,random,2,7,AN,nitrile,0.642537
E,reduction,random,2,8,TMP,phosphate,1.01178
E,reduction,random,2,9,PC,cyclic_carbonate,0.714626
E,reduction,random,2,10,DMSO,sulfoxide,0.751794
E,reduction,random,2,11,EMC,linear_carbonate,0.73216
E,reduction,random,2,12,SL,sulfone,1.18965
E,reduction,random,2,13,SN,nitrile,-0.120035
E,reduction,random,2,14,FEC,cyclic_carbonate,0.551192
E,reduction,random,2,15,DME,ether,1.49988
E,reduction,random,2,16,VC,cyclic_carbonate,-0.096584
E,reduction,random,2,17,TEGDME,ether,1.49248
E,reduction,diversity,2,0,DEC,linear_carbonate,0.841253
E,reduction,diversity,2,1,EC,cyclic_carbonate,0.58829
E,reduction,diversity,2,2,EA,ester,0.427682
E,reduction,diversity,2,3,GBL,ester,0.32667
E,reduction,diversity,2,4,TEGDME,ether,1.49248
E,reduction,diversity,2,5,DOL,ether,1.41839
E,reduction,diversity,2,6,SN,nitrile,-0.120035
E,reduction,diversity,2,7,TMP,phosphate,1.01178
E,reduction,diversity,2,8,DME,ether,1.49988
E,reduction,diversity,2,9,DMSO,sulfoxide,0.751794
E,reduction,diversity,2,10,AN,nitrile,0.642537
E,reduction,diversity,2,11,SL,sulfone,1.18965
E,reduction,diversity,2,12,FEC,cyclic_carbonate,0.551192
E,reduction,diversity,2,13,DMC,linear_carbonate,1.14007
E,reduction,diversity,2,14,VC,cyclic_carbonate,-0.096584
E,reduction,diversity,2,15,MA,ester,0.402125
E,reduction,diversity,2,16,EMC,linear_carbonate,0.73216
E,reduction,diversity,2,17,PC,cyclic_carbonate,0.714626
E,reduction,uncertainty,2,0,DEC,linear_carbonate,0.841253
E,reduction,uncertainty,2,1,EC,cyclic_carbonate,0.58829
E,reduction,uncertainty,2,2,EA,ester,0.427682
E,reduction,uncertainty,2,3,GBL,ester,0.32667
E,reduction,uncertainty,2,4,DME,ether,1.49988
E,reduction,uncertainty,2,5,TEGDME,ether,1.49248
E,reduction,uncertainty,2,6,SN,nitrile,-0.120035
E,reduction,uncertainty,2,7,DOL,ether,1.41839
E,reduction,uncertainty,2,8,AN,nitrile,0.642537
E,reduction,uncertainty,2,9,TMP,phosphate,1.01178
E,reduction,uncertainty,2,10,DMSO,sulfoxide,0.751794
E,reduction,uncertainty,2,11,SL,sulfone,1.18965
E,reduction,uncertainty,2,12,FEC,cyclic_carbonate,0.551192
E,reduction,uncertainty,2,13,DMC,linear_carbonate,1.14007
E,reduction,uncertainty,2,14,VC,cyclic_carbonate,-0.096584
E,reduction,uncertainty,2,15,PC,cyclic_carbonate,0.714626
E,reduction,uncertainty,2,16,MA,ester,0.402125
E,reduction,uncertainty,2,17,EMC,linear_carbonate,0.73216
E,reduction,ranking_aware,2,0,DEC,linear_carbonate,0.841253
E,reduction,ranking_aware,2,1,EC,cyclic_carbonate,0.58829
E,reduction,ranking_aware,2,2,EA,ester,0.427682
E,reduction,ranking_aware,2,3,GBL,ester,0.32667
E,reduction,ranking_aware,2,4,EMC,linear_carbonate,0.73216
E,reduction,ranking_aware,2,5,SL,sulfone,1.18965
E,reduction,ranking_aware,2,6,DME,ether,1.49988
E,reduction,ranking_aware,2,7,TMP,phosphate,1.01178
E,reduction,ranking_aware,2,8,DOL,ether,1.41839
E,reduction,ranking_aware,2,9,TEGDME,ether,1.49248
E,reduction,ranking_aware,2,10,SN,nitrile,-0.120035
E,reduction,ranking_aware,2,11,FEC,cyclic_carbonate,0.551192
E,reduction,ranking_aware,2,12,DMSO,sulfoxide,0.751794
E,reduction,ranking_aware,2,13,AN,nitrile,0.642537
E,reduction,ranking_aware,2,14,DMC,linear_carbonate,1.14007
E,reduction,ranking_aware,2,15,MA,ester,0.402125
E,reduction,ranking_aware,2,16,PC,cyclic_carbonate,0.714626
E,reduction,ranking_aware,2,17,VC,cyclic_carbonate,-0.096584
E,reduction,random,3,0,EC,cyclic_carbonate,0.58829
E,reduction,random,3,1,FEC,cyclic_carbonate,0.551192
E,reduction,random,3,2,EA,ester,0.427682
E,reduction,random,3,3,SL,sulfone,1.18965
E,reduction,random,3,4,VC,cyclic_carbonate,-0.096584
E,reduction,random,3,5,SN,nitrile,-0.120035
E,reduction,random,3,6,PC,cyclic_carbonate,0.714626
E,reduction,random,3,7,AN,nitrile,0.642537
E,reduction,random,3,8,DME,ether,1.49988
E,reduction,random,3,9,EMC,linear_carbonate,0.73216
E,reduction,random,3,10,TEGDME,ether,1.49248
E,reduction,random,3,11,DEC,linear_carbonate,0.841253
E,reduction,random,3,12,DMSO,sulfoxide,0.751794
E,reduction,random,3,13,TMP,phosphate,1.01178
E,reduction,random,3,14,GBL,ester,0.32667
E,reduction,random,3,15,MA,ester,0.402125
E,reduction,random,3,16,DMC,linear_carbonate,1.14007
E,reduction,random,3,17,DOL,ether,1.41839
E,reduction,diversity,3,0,EC,cyclic_carbonate,0.58829
E,reduction,diversity,3,1,FEC,cyclic_carbonate,0.551192
E,reduction,diversity,3,2,EA,ester,0.427682
E,reduction,diversity,3,3,SL,sulfone,1.18965
E,reduction,diversity,3,4,TEGDME,ether,1.49248
E,reduction,diversity,3,5,DME,ether,1.49988
E,reduction,diversity,3,6,TMP,phosphate,1.01178
E,reduction,diversity,3,7,SN,nitrile,-0.120035
E,reduction,diversity,3,8,DOL,ether,1.41839
E,reduction,diversity,3,9,AN,nitrile,0.642537
E,reduction,diversity,3,10,DMSO,sulfoxide,0.751794
E,reduction,diversity,3,11,DEC,linear_carbonate,0.841253
E,reduction,diversity,3,12,GBL,ester,0.32667
E,reduction,diversity,3,13,DMC,linear_carbonate,1.14007
E,reduction,diversity,3,14,VC,cyclic_carbonate,-0.096584
E,reduction,diversity,3,15,MA,ester,0.402125
E,reduction,diversity,3,16,EMC,linear_carbonate,0.73216
E,reduction,diversity,3,17,PC,cyclic_carbonate,0.714626
E,reduction,uncertainty,3,0,EC,cyclic_carbonate,0.58829
E,reduction,uncertainty,3,1,FEC,cyclic_carbonate,0.551192
E,reduction,uncertainty,3,2,EA,ester,0.427682
E,reduction,uncertainty,3,3,SL,sulfone,1.18965
E,reduction,uncertainty,3,4,TEGDME,ether,1.49248
E,reduction,uncertainty,3,5,DMC,linear_carbonate,1.14007
E,reduction,uncertainty,3,6,DME,ether,1.49988
E,reduction,uncertainty,3,7,DOL,ether,1.41839
E,reduction,uncertainty,3,8,TMP,phosphate,1.01178
E,reduction,uncertainty,3,9,AN,nitrile,0.642537
E,reduction,uncertainty,3,10,SN,nitrile,-0.120035
E,reduction,uncertainty,3,11,DMSO,sulfoxide,0.751794
E,reduction,uncertainty,3,12,GBL,ester,0.32667
E,reduction,uncertainty,3,13,DEC,linear_carbonate,0.841253
E,reduction,uncertainty,3,14,VC,cyclic_carbonate,-0.096584
E,reduction,uncertainty,3,15,PC,cyclic_carbonate,0.714626
E,reduction,uncertainty,3,16,MA,ester,0.402125
E,reduction,uncertainty,3,17,EMC,linear_carbonate,0.73216
E,reduction,ranking_aware,3,0,EC,cyclic_carbonate,0.58829
E,reduction,ranking_aware,3,1,FEC,cyclic_carbonate,0.551192
E,reduction,ranking_aware,3,2,EA,ester,0.427682
E,reduction,ranking_aware,3,3,SL,sulfone,1.18965
E,reduction,ranking_aware,3,4,DME,ether,1.49988
E,reduction,ranking_aware,3,5,AN,nitrile,0.642537
E,reduction,ranking_aware,3,6,TMP,phosphate,1.01178
E,reduction,ranking_aware,3,7,MA,ester,0.402125
E,reduction,ranking_aware,3,8,DOL,ether,1.41839
E,reduction,ranking_aware,3,9,TEGDME,ether,1.49248
E,reduction,ranking_aware,3,10,DMC,linear_carbonate,1.14007
E,reduction,ranking_aware,3,11,DEC,linear_carbonate,0.841253
E,reduction,ranking_aware,3,12,SN,nitrile,-0.120035
E,reduction,ranking_aware,3,13,GBL,ester,0.32667
E,reduction,ranking_aware,3,14,DMSO,sulfoxide,0.751794
E,reduction,ranking_aware,3,15,EMC,linear_carbonate,0.73216
E,reduction,ranking_aware,3,16,PC,cyclic_carbonate,0.714626
E,reduction,ranking_aware,3,17,VC,cyclic_carbonate,-0.096584
E,reduction,random,4,0,PC,cyclic_carbonate,0.714626
E,reduction,random,4,1,SL,sulfone,1.18965
E,reduction,random,4,2,TMP,phosphate,1.01178
E,reduction,random,4,3,SN,nitrile,-0.120035
E,reduction,random,4,4,DOL,ether,1.41839
E,reduction,random,4,5,EC,cyclic_carbonate,0.58829
E,reduction,random,4,6,DEC,linear_carbonate,0.841253
E,reduction,random,4,7,MA,ester,0.402125
E,reduction,random,4,8,DMSO,sulfoxide,0.751794
E,reduction,random,4,9,AN,nitrile,0.642537
E,reduction,random,4,10,TEGDME,ether,1.49248
E,reduction,random,4,11,DME,ether,1.49988
E,reduction,random,4,12,VC,cyclic_carbonate,-0.096584
E,reduction,random,4,13,EA,ester,0.427682
E,reduction,random,4,14,EMC,linear_carbonate,0.73216
E,reduction,random,4,15,GBL,ester,0.32667
E,reduction,random,4,16,FEC,cyclic_carbonate,0.551192
E,reduction,random,4,17,DMC,linear_carbonate,1.14007
E,reduction,diversity,4,0,PC,cyclic_carbonate,0.714626
E,reduction,diversity,4,1,SL,sulfone,1.18965
E,reduction,diversity,4,2,TMP,phosphate,1.01178
E,reduction,diversity,4,3,SN,nitrile,-0.120035
E,reduction,diversity,4,4,TEGDME,ether,1.49248
E,reduction,diversity,4,5,DME,ether,1.49988
E,reduction,diversity,4,6,DMSO,sulfoxide,0.751794
E,reduction,diversity,4,7,DMC,linear_carbonate,1.14007
E,reduction,diversity,4,8,DOL,ether,1.41839
E,reduction,diversity,4,9,AN,nitrile,0.642537
E,reduction,diversity,4,10,EA,ester,0.427682
E,reduction,diversity,4,11,GBL,ester,0.32667
E,reduction,diversity,4,12,FEC,cyclic_carbonate,0.551192
E,reduction,diversity,4,13,DEC,linear_carbonate,0.841253
E,reduction,diversity,4,14,VC,cyclic_carbonate,-0.096584
E,reduction,diversity,4,15,MA,ester,0.402125
E,reduction,diversity,4,16,EMC,linear_carbonate,0.73216
E,reduction,diversity,4,17,EC,cyclic_carbonate,0.58829
E,reduction,uncertainty,4,0,PC,cyclic_carbonate,0.714626
E,reduction,uncertainty,4,1,SL,sulfone,1.18965
E,reduction,uncertainty,4,2,TMP,phosphate,1.01178
E,reduction,uncertainty,4,3,SN,nitrile,-0.120035
E,reduction,uncertainty,4,4,DME,ether,1.49988
E,reduction,uncertainty,4,5,TEGDME,ether,1.49248
E,reduction,uncertainty,4,6,DMSO,sulfoxide,0.751794
E,reduction,uncertainty,4,7,DMC,linear_carbonate,1.14007
E,reduction,uncertainty,4,8,DOL,ether,1.41839
E,reduction,uncertainty,4,9,AN,nitrile,0.642537
E,reduction,uncertainty,4,10,FEC,cyclic_carbonate,0.551192
E,reduction,uncertainty,4,11,GBL,ester,0.32667
E,reduction,uncertainty,4,12,DEC,linear_carbonate,0.841253
E,reduction,uncertainty,4,13,VC,cyclic_carbonate,-0.096584
E,reduction,uncertainty,4,14,EA,ester,0.427682
E,reduction,uncertainty,4,15,EC,cyclic_carbonate,0.58829
E,reduction,uncertainty,4,16,MA,ester,0.402125
E,reduction,uncertainty,4,17,EMC,linear_carbonate,0.73216
E,reduction,ranking_aware,4,0,PC,cyclic_carbonate,0.714626
E,reduction,ranking_aware,4,1,SL,sulfone,1.18965
E,reduction,ranking_aware,4,2,TMP,phosphate,1.01178
E,reduction,ranking_aware,4,3,SN,nitrile,-0.120035
E,reduction,ranking_aware,4,4,VC,cyclic_carbonate,-0.096584
E,reduction,ranking_aware,4,5,DEC,linear_carbonate,0.841253
E,reduction,ranking_aware,4,6,DOL,ether,1.41839
E,reduction,ranking_aware,4,7,DME,ether,1.49988
E,reduction,ranking_aware,4,8,TEGDME,ether,1.49248
E,reduction,ranking_aware,4,9,DMSO,sulfoxide,0.751794
E,reduction,ranking_aware,4,10,EMC,linear_carbonate,0.73216
E,reduction,ranking_aware,4,11,FEC,cyclic_carbonate,0.551192
E,reduction,ranking_aware,4,12,AN,nitrile,0.642537
E,reduction,ranking_aware,4,13,GBL,ester,0.32667
E,reduction,ranking_aware,4,14,EA,ester,0.427682
E,reduction,ranking_aware,4,15,DMC,linear_carbonate,1.14007
E,reduction,ranking_aware,4,16,MA,ester,0.402125
E,reduction,ranking_aware,4,17,EC,cyclic_carbonate,0.58829
E,reduction,random,5,0,DMC,linear_carbonate,1.14007
E,reduction,random,5,1,DEC,linear_carbonate,0.841253
E,reduction,random,5,2,EC,cyclic_carbonate,0.58829
E,reduction,random,5,3,VC,cyclic_carbonate,-0.096584
E,reduction,random,5,4,DME,ether,1.49988
E,reduction,random,5,5,FEC,cyclic_carbonate,0.551192
E,reduction,random,5,6,PC,cyclic_carbonate,0.714626
E,reduction,random,5,7,DMSO,sulfoxide,0.751794
E,reduction,random,5,8,MA,ester,0.402125
E,reduction,random,5,9,EA,ester,0.427682
E,reduction,random,5,10,DOL,ether,1.41839
E,reduction,random,5,11,GBL,ester,0.32667
E,reduction,random,5,12,TMP,phosphate,1.01178
E,reduction,random,5,13,SN,nitrile,-0.120035
E,reduction,random,5,14,TEGDME,ether,1.49248
E,reduction,random,5,15,SL,sulfone,1.18965
E,reduction,random,5,16,AN,nitrile,0.642537
E,reduction,random,5,17,EMC,linear_carbonate,0.73216
E,reduction,diversity,5,0,DMC,linear_carbonate,1.14007
E,reduction,diversity,5,1,DEC,linear_carbonate,0.841253
E,reduction,diversity,5,2,EC,cyclic_carbonate,0.58829
E,reduction,diversity,5,3,VC,cyclic_carbonate,-0.096584
E,reduction,diversity,5,4,TEGDME,ether,1.49248
E,reduction,diversity,5,5,DME,ether,1.49988
E,reduction,diversity,5,6,DMSO,sulfoxide,0.751794
E,reduction,diversity,5,7,DOL,ether,1.41839
E,reduction,diversity,5,8,SL,sulfone,1.18965
E,reduction,diversity,5,9,TMP,phosphate,1.01178
E,reduction,diversity,5,10,SN,nitrile,-0.120035
E,reduction,diversity,5,11,AN,nitrile,0.642537
E,reduction,diversity,5,12,EA,ester,0.427682
E,reduction,diversity,5,13,GBL,ester,0.32667
E,reduction,diversity,5,14,FEC,cyclic_carbonate,0.551192
E,reduction,diversity,5,15,MA,ester,0.402125
E,reduction,diversity,5,16,EMC,linear_carbonate,0.73216
E,reduction,diversity,5,17,PC,cyclic_carbonate,0.714626
E,reduction,uncertainty,5,0,DMC,linear_carbonate,1.14007
E,reduction,uncertainty,5,1,DEC,linear_carbonate,0.841253
E,reduction,uncertainty,5,2,EC,cyclic_carbonate,0.58829
E,reduction,uncertainty,5,3,VC,cyclic_carbonate,-0.096584
E,reduction,uncertainty,5,4,DME,ether,1.49988
E,reduction,uncertainty,5,5,TEGDME,ether,1.49248
E,reduction,uncertainty,5,6,DMSO,sulfoxide,0.751794
E,reduction,uncertainty,5,7,DOL,ether,1.41839
E,reduction,uncertainty,5,8,TMP,phosphate,1.01178
E,reduction,uncertainty,5,9,SN,nitrile,-0.120035
E,reduction,uncertainty,5,10,SL,sulfone,1.18965
E,reduction,uncertainty,5,11,AN,nitrile,0.642537
E,reduction,uncertainty,5,12,FEC,cyclic_carbonate,0.551192
E,reduction,uncertainty,5,13,GBL,ester,0.32667
E,reduction,uncertainty,5,14,EA,ester,0.427682
E,reduction,uncertainty,5,15,PC,cyclic_carbonate,0.714626
E,reduction,uncertainty,5,16,MA,ester,0.402125
E,reduction,uncertainty,5,17,EMC,linear_carbonate,0.73216
E,reduction,ranking_aware,5,0,DMC,linear_carbonate,1.14007
E,reduction,ranking_aware,5,1,DEC,linear_carbonate,0.841253
E,reduction,ranking_aware,5,2,EC,cyclic_carbonate,0.58829
E,reduction,ranking_aware,5,3,VC,cyclic_carbonate,-0.096584
E,reduction,ranking_aware,5,4,FEC,cyclic_carbonate,0.551192
E,reduction,ranking_aware,5,5,GBL,ester,0.32667
E,reduction,ranking_aware,5,6,TMP,phosphate,1.01178
E,reduction,ranking_aware,5,7,EMC,linear_carbonate,0.73216
E,reduction,ranking_aware,5,8,DOL,ether,1.41839
E,reduction,ranking_aware,5,9,DMSO,sulfoxide,0.751794
E,reduction,ranking_aware,5,10,TEGDME,ether,1.49248
E,reduction,ranking_aware,5,11,DME,ether,1.49988
E,reduction,ranking_aware,5,12,AN,nitrile,0.642537
E,reduction,ranking_aware,5,13,MA,ester,0.402125
E,reduction,ranking_aware,5,14,EA,ester,0.427682
E,reduction,ranking_aware,5,15,SL,sulfone,1.18965
E,reduction,ranking_aware,5,16,PC,cyclic_carbonate,0.714626
E,reduction,ranking_aware,5,17,SN,nitrile,-0.120035
E,reduction,random,6,0,VC,cyclic_carbonate,-0.096584
E,reduction,random,6,1,TEGDME,ether,1.49248
E,reduction,random,6,2,EA,ester,0.427682
E,reduction,random,6,3,GBL,ester,0.32667
E,reduction,random,6,4,DOL,ether,1.41839
E,reduction,random,6,5,DME,ether,1.49988
E,reduction,random,6,6,PC,cyclic_carbonate,0.714626
E,reduction,random,6,7,MA,ester,0.402125
E,reduction,random,6,8,FEC,cyclic_carbonate,0.551192
E,reduction,random,6,9,DEC,linear_carbonate,0.841253
E,reduction,random,6,10,DMSO,sulfoxide,0.751794
E,reduction,random,6,11,DMC,linear_carbonate,1.14007
E,reduction,random,6,12,AN,nitrile,0.642537
E,reduction,random,6,13,SN,nitrile,-0.120035
E,reduction,random,6,14,EC,cyclic_carbonate,0.58829
E,reduction,random,6,15,SL,sulfone,1.18965
E,reduction,random,6,16,TMP,phosphate,1.01178
E,reduction,random,6,17,EMC,linear_carbonate,0.73216
E,reduction,diversity,6,0,VC,cyclic_carbonate,-0.096584
E,reduction,diversity,6,1,TEGDME,ether,1.49248
E,reduction,diversity,6,2,EA,ester,0.427682
E,reduction,diversity,6,3,GBL,ester,0.32667
E,reduction,diversity,6,4,TMP,phosphate,1.01178
E,reduction,diversity,6,5,DOL,ether,1.41839
E,reduction,diversity,6,6,FEC,cyclic_carbonate,0.551192
E,reduction,diversity,6,7,DME,ether,1.49988
E,reduction,diversity,6,8,SN,nitrile,-0.120035
E,reduction,diversity,6,9,AN,nitrile,0.642537
E,reduction,diversity,6,10,DMSO,sulfoxide,0.751794
E,reduction,diversity,6,11,DEC,linear_carbonate,0.841253
E,reduction,diversity,6,12,SL,sulfone,1.18965
E,reduction,diversity,6,13,DMC,linear_carbonate,1.14007
E,reduction,diversity,6,14,PC,cyclic_carbonate,0.714626
E,reduction,diversity,6,15,MA,ester,0.402125
E,reduction,diversity,6,16,EMC,linear_carbonate,0.73216
E,reduction,diversity,6,17,EC,cyclic_carbonate,0.58829
E,reduction,uncertainty,6,0,VC,cyclic_carbonate,-0.096584
E,reduction,uncertainty,6,1,TEGDME,ether,1.49248
E,reduction,uncertainty,6,2,EA,ester,0.427682
E,reduction,uncertainty,6,3,GBL,ester,0.32667
E,reduction,uncertainty,6,4,DOL,ether,1.41839
E,reduction,uncertainty,6,5,TMP,phosphate,1.01178
E,reduction,uncertainty,6,6,FEC,cyclic_carbonate,0.551192
E,reduction,uncertainty,6,7,DME,ether,1.49988
E,reduction,uncertainty,6,8,AN,nitrile,0.642537
E,reduction,uncertainty,6,9,SN,nitrile,-0.120035
E,reduction,uncertainty,6,10,DMSO,sulfoxide,0.751794
E,reduction,uncertainty,6,11,SL,sulfone,1.18965
E,reduction,uncertainty,6,12,DMC,linear_carbonate,1.14007
E,reduction,uncertainty,6,13,EC,cyclic_carbonate,0.58829
E,reduction,uncertainty,6,14,DEC,linear_carbonate,0.841253
E,reduction,uncertainty,6,15,PC,cyclic_carbonate,0.714626
E,reduction,uncertainty,6,16,MA,ester,0.402125
E,reduction,uncertainty,6,17,EMC,linear_carbonate,0.73216
E,reduction,ranking_aware,6,0,VC,cyclic_carbonate,-0.096584
E,reduction,ranking_aware,6,1,TEGDME,ether,1.49248
E,reduction,ranking_aware,6,2,EA,ester,0.427682
E,reduction,ranking_aware,6,3,GBL,ester,0.32667
E,reduction,ranking_aware,6,4,DOL,ether,1.41839
E,reduction,ranking_aware,6,5,TMP,phosphate,1.01178
E,reduction,ranking_aware,6,6,DMSO,sulfoxide,0.751794
E,reduction,ranking_aware,6,7,SL,sulfone,1.18965
E,reduction,ranking_aware,6,8,DME,ether,1.49988
E,reduction,ranking_aware,6,9,FEC,cyclic_carbonate,0.551192
E,reduction,ranking_aware,6,10,AN,nitrile,0.642537
E,reduction,ranking_aware,6,11,DMC,linear_carbonate,1.14007
E,reduction,ranking_aware,6,12,DEC,linear_carbonate,0.841253
E,reduction,ranking_aware,6,13,SN,nitrile,-0.120035
E,reduction,ranking_aware,6,14,EMC,linear_carbonate,0.73216
E,reduction,ranking_aware,6,15,MA,ester,0.402125
E,reduction,ranking_aware,6,16,EC,cyclic_carbonate,0.58829
E,reduction,ranking_aware,6,17,PC,cyclic_carbonate,0.714626
E,reduction,random,7,0,DEC,linear_carbonate,0.841253
E,reduction,random,7,1,EC,cyclic_carbonate,0.58829
E,reduction,random,7,2,MA,ester,0.402125
E,reduction,random,7,3,GBL,ester,0.32667
E,reduction,random,7,4,SN,nitrile,-0.120035
E,reduction,random,7,5,EA,ester,0.427682
E,reduction,random,7,6,AN,nitrile,0.642537
E,reduction,random,7,7,TEGDME,ether,1.49248
E,reduction,random,7,8,FEC,cyclic_carbonate,0.551192
E,reduction,random,7,9,EMC,linear_carbonate,0.73216
E,reduction,random,7,10,PC,cyclic_carbonate,0.714626
E,reduction,random,7,11,DMSO,sulfoxide,0.751794
E,reduction,random,7,12,DME,ether,1.49988
E,reduction,random,7,13,TMP,phosphate,1.01178
E,reduction,random,7,14,DMC,linear_carbonate,1.14007
E,reduction,random,7,15,DOL,ether,1.41839
E,reduction,random,7,16,SL,sulfone,1.18965
E,reduction,random,7,17,VC,cyclic_carbonate,-0.096584
E,reduction,diversity,7,0,DEC,linear_carbonate,0.841253
E,reduction,diversity,7,1,EC,cyclic_carbonate,0.58829
E,reduction,diversity,7,2,MA,ester,0.402125
E,reduction,diversity,7,3,GBL,ester,0.32667
E,reduction,diversity,7,4,TEGDME,ether,1.49248
E,reduction,diversity,7,5,DME,ether,1.49988
E,reduction,diversity,7,6,SN,nitrile,-0.120035
E,reduction,diversity,7,7,DOL,ether,1.41839
E,reduction,diversity,7,8,DMSO,sulfoxide,0.751794
E,reduction,diversity,7,9,TMP,phosphate,1.01178
E,reduction,diversity,7,10,SL,sulfone,1.18965
E,reduction,diversity,7,11,AN,nitrile,0.642537
E,reduction,diversity,7,12,FEC,cyclic_carbonate,0.551192
E,reduction,diversity,7,13,DMC,linear_carbonate,1.14007
E,reduction,diversity,7,14,VC,cyclic_carbonate,-0.096584
E,reduction,diversity,7,15,EA,ester,0.427682
E,reduction,diversity,7,16,EMC,linear_carbonate,0.73216
E,reduction,diversity,7,17,PC,cyclic_carbonate,0.714626
E,reduction,uncertainty,7,0,DEC,linear_carbonate,0.841253
E,reduction,uncertainty,7,1,EC,cyclic_carbonate,0.58829
E,reduction,uncertainty,7,2,MA,ester,0.402125
E,reduction,uncertainty,7,3,GBL,ester,0.32667
E,reduction,uncertainty,7,4,DME,ether,1.49988
E,reduction,uncertainty,7,5,TEGDME,ether,1.49248
E,reduction,uncertainty,7,6,SN,nitrile,-0.120035
E,reduction,uncertainty,7,7,DOL,ether,1.41839
E,reduction,uncertainty,7,8,TMP,phosphate,1.01178
E,reduction,uncertainty,7,9,DMSO,sulfoxide,0.751794
E,reduction,uncertainty,7,10,SL,sulfone,1.18965
E,reduction,uncertainty,7,11,FEC,cyclic_carbonate,0.551192
E,reduction,uncertainty,7,12,AN,nitrile,0.642537
E,reduction,uncertainty,7,13,VC,cyclic_carbonate,-0.096584
E,reduction,uncertainty,7,14,DMC,linear_carbonate,1.14007
E,reduction,uncertainty,7,15,PC,cyclic_carbonate,0.714626
E,reduction,uncertainty,7,16,EA,ester,0.427682
E,reduction,uncertainty,7,17,EMC,linear_carbonate,0.73216
E,reduction,ranking_aware,7,0,DEC,linear_carbonate,0.841253
E,reduction,ranking_aware,7,1,EC,cyclic_carbonate,0.58829
E,reduction,ranking_aware,7,2,MA,ester,0.402125
E,reduction,ranking_aware,7,3,GBL,ester,0.32667
E,reduction,ranking_aware,7,4,DMC,linear_carbonate,1.14007
E,reduction,ranking_aware,7,5,EMC,linear_carbonate,0.73216
E,reduction,ranking_aware,7,6,VC,cyclic_carbonate,-0.096584
E,reduction,ranking_aware,7,7,SL,sulfone,1.18965
E,reduction,ranking_aware,7,8,AN,nitrile,0.642537
E,reduction,ranking_aware,7,9,TMP,phosphate,1.01178
E,reduction,ranking_aware,7,10,TEGDME,ether,1.49248
E,reduction,ranking_aware,7,11,DOL,ether,1.41839
E,reduction,ranking_aware,7,12,DME,ether,1.49988
E,reduction,ranking_aware,7,13,DMSO,sulfoxide,0.751794
E,reduction,ranking_aware,7,14,FEC,cyclic_carbonate,0.551192
E,reduction,ranking_aware,7,15,EA,ester,0.427682
E,reduction,ranking_aware,7,16,SN,nitrile,-0.120035
E,reduction,ranking_aware,7,17,PC,cyclic_carbonate,0.714626
E,reduction,random,8,0,DEC,linear_carbonate,0.841253
E,reduction,random,8,1,DOL,ether,1.41839
E,reduction,random,8,2,TEGDME,ether,1.49248
E,reduction,random,8,3,SL,sulfone,1.18965
E,reduction,random,8,4,EMC,linear_carbonate,0.73216
E,reduction,random,8,5,DME,ether,1.49988
E,reduction,random,8,6,DMC,linear_carbonate,1.14007
E,reduction,random,8,7,EC,cyclic_carbonate,0.58829
E,reduction,random,8,8,GBL,ester,0.32667
E,reduction,random,8,9,FEC,cyclic_carbonate,0.551192
E,reduction,random,8,10,MA,ester,0.402125
E,reduction,random,8,11,PC,cyclic_carbonate,0.714626
E,reduction,random,8,12,DMSO,sulfoxide,0.751794
E,reduction,random,8,13,EA,ester,0.427682
E,reduction,random,8,14,VC,cyclic_carbonate,-0.096584
E,reduction,random,8,15,SN,nitrile,-0.120035
E,reduction,random,8,16,AN,nitrile,0.642537
E,reduction,random,8,17,TMP,phosphate,1.01178
E,reduction,diversity,8,0,DEC,linear_carbonate,0.841253
E,reduction,diversity,8,1,DOL,ether,1.41839
E,reduction,diversity,8,2,TEGDME,ether,1.49248
E,reduction,diversity,8,3,SL,sulfone,1.18965
E,reduction,diversity,8,4,FEC,cyclic_carbonate,0.551192
E,reduction,diversity,8,5,DMSO,sulfoxide,0.751794
E,reduction,diversity,8,6,SN,nitrile,-0.120035
E,reduction,diversity,8,7,TMP,phosphate,1.01178
E,reduction,diversity,8,8,DME,ether,1.49988
E,reduction,diversity,8,9,VC,cyclic_carbonate,-0.096584
E,reduction,diversity,8,10,AN,nitrile,0.642537
E,reduction,diversity,8,11,EA,ester,0.427682
E,reduction,diversity,8,12,GBL,ester,0.32667
E,reduction,diversity,8,13,DMC,linear_carbonate,1.14007
E,reduction,diversity,8,14,PC,cyclic_carbonate,0.714626
E,reduction,diversity,8,15,MA,ester,0.402125
E,reduction,diversity,8,16,EMC,linear_carbonate,0.73216
E,reduction,diversity,8,17,EC,cyclic_carbonate,0.58829
E,reduction,uncertainty,8,0,DEC,linear_carbonate,0.841253
E,reduction,uncertainty,8,1,DOL,ether,1.41839
E,reduction,uncertainty,8,2,TEGDME,ether,1.49248
E,reduction,uncertainty,8,3,SL,sulfone,1.18965
E,reduction,uncertainty,8,4,FEC,cyclic_carbonate,0.551192
E,reduction,uncertainty,8,5,DMSO,sulfoxide,0.751794
E,reduction,uncertainty,8,6,SN,nitrile,-0.120035
E,reduction,uncertainty,8,7,TMP,phosphate,1.01178
E,reduction,uncertainty,8,8,DME,ether,1.49988
E,reduction,uncertainty,8,9,EC,cyclic_carbonate,0.58829
E,reduction,uncertainty,8,10,AN,nitrile,0.642537
E,reduction,uncertainty,8,11,DMC,linear_carbonate,1.14007
E,reduction,uncertainty,8,12,GBL,ester,0.32667
E,reduction,uncertainty,8,13,VC,cyclic_carbonate,-0.096584
E,reduction,uncertainty,8,14,EA,ester,0.427682
E,reduction,uncertainty,8,15,PC,cyclic_carbonate,0.714626
E,reduction,uncertainty,8,16,MA,ester,0.402125
E,reduction,uncertainty,8,17,EMC,linear_carbonate,0.73216
E,reduction,ranking_aware,8,0,DEC,linear_carbonate,0.841253
E,reduction,ranking_aware,8,1,DOL,ether,1.41839
E,reduction,ranking_aware,8,2,TEGDME,ether,1.49248
E,reduction,ranking_aware,8,3,SL,sulfone,1.18965
E,reduction,ranking_aware,8,4,DME,ether,1.49988
E,reduction,ranking_aware,8,5,DMSO,sulfoxide,0.751794
E,reduction,ranking_aware,8,6,FEC,cyclic_carbonate,0.551192
E,reduction,ranking_aware,8,7,TMP,phosphate,1.01178
E,reduction,ranking_aware,8,8,SN,nitrile,-0.120035
E,reduction,ranking_aware,8,9,GBL,ester,0.32667
E,reduction,ranking_aware,8,10,EMC,linear_carbonate,0.73216
E,reduction,ranking_aware,8,11,AN,nitrile,0.642537
E,reduction,ranking_aware,8,12,PC,cyclic_carbonate,0.714626
E,reduction,ranking_aware,8,13,DMC,linear_carbonate,1.14007
E,reduction,ranking_aware,8,14,MA,ester,0.402125
E,reduction,ranking_aware,8,15,EC,cyclic_carbonate,0.58829
E,reduction,ranking_aware,8,16,EA,ester,0.427682
E,reduction,ranking_aware,8,17,VC,cyclic_carbonate,-0.096584
E,reduction,random,9,0,DMC,linear_carbonate,1.14007
E,reduction,random,9,1,EC,cyclic_carbonate,0.58829
E,reduction,random,9,2,AN,nitrile,0.642537
E,reduction,random,9,3,TMP,phosphate,1.01178
E,reduction,random,9,4,GBL,ester,0.32667
E,reduction,random,9,5,PC,cyclic_carbonate,0.714626
E,reduction,random,9,6,DMSO,sulfoxide,0.751794
E,reduction,random,9,7,SN,nitrile,-0.120035
E,reduction,random,9,8,DOL,ether,1.41839
E,reduction,random,9,9,TEGDME,ether,1.49248
E,reduction,random,9,10,SL,sulfone,1.18965
E,reduction,random,9,11,DME,ether,1.49988
E,reduction,random,9,12,EA,ester,0.427682
E,reduction,random,9,13,EMC,linear_carbonate,0.73216
E,reduction,random,9,14,MA,ester,0.402125
E,reduction,random,9,15,VC,cyclic_carbonate,-0.096584
E,reduction,random,9,16,FEC,cyclic_carbonate,0.551192
E,reduction,random,9,17,DEC,linear_carbonate,0.841253
E,reduction,diversity,9,0,DMC,linear_carbonate,1.14007
E,reduction,diversity,9,1,EC,cyclic_carbonate,0.58829
E,reduction,diversity,9,2,AN,nitrile,0.642537
E,reduction,diversity,9,3,TMP,phosphate,1.01178
E,reduction,diversity,9,4,TEGDME,ether,1.49248
E,reduction,diversity,9,5,DOL,ether,1.41839
E,reduction,diversity,9,6,SN,nitrile,-0.120035
E,reduction,diversity,9,7,DME,ether,1.49988
E,reduction,diversity,9,8,SL,sulfone,1.18965
E,reduction,diversity,9,9,DMSO,sulfoxide,0.751794
E,reduction,diversity,9,10,EA,ester,0.427682
E,reduction,diversity,9,11,GBL,ester,0.32667
E,reduction,diversity,9,12,FEC,cyclic_carbonate,0.551192
E,reduction,diversity,9,13,DEC,linear_carbonate,0.841253
E,reduction,diversity,9,14,VC,cyclic_carbonate,-0.096584
E,reduction,diversity,9,15,MA,ester,0.402125
E,reduction,diversity,9,16,EMC,linear_carbonate,0.73216
E,reduction,diversity,9,17,PC,cyclic_carbonate,0.714626
E,reduction,uncertainty,9,0,DMC,linear_carbonate,1.14007
E,reduction,uncertainty,9,1,EC,cyclic_carbonate,0.58829
E,reduction,uncertainty,9,2,AN,nitrile,0.642537
E,reduction,uncertainty,9,3,TMP,phosphate,1.01178
E,reduction,uncertainty,9,4,DME,ether,1.49988
E,reduction,uncertainty,9,5,TEGDME,ether,1.49248
E,reduction,uncertainty,9,6,DOL,ether,1.41839
E,reduction,uncertainty,9,7,SN,nitrile,-0.120035
E,reduction,uncertainty,9,8,SL,sulfone,1.18965
E,reduction,uncertainty,9,9,DMSO,sulfoxide,0.751794
E,reduction,uncertainty,9,10,GBL,ester,0.32667
E,reduction,uncertainty,9,11,FEC,cyclic_carbonate,0.551192
E,reduction,uncertainty,9,12,DEC,linear_carbonate,0.841253
E,reduction,uncertainty,9,13,VC,cyclic_carbonate,-0.096584
E,reduction,uncertainty,9,14,EA,ester,0.427682
E,reduction,uncertainty,9,15,PC,cyclic_carbonate,0.714626
E,reduction,uncertainty,9,16,MA,ester,0.402125
E,reduction,uncertainty,9,17,EMC,linear_carbonate,0.73216
E,reduction,ranking_aware,9,0,DMC,linear_carbonate,1.14007
E,reduction,ranking_aware,9,1,EC,cyclic_carbonate,0.58829
E,reduction,ranking_aware,9,2,AN,nitrile,0.642537
E,reduction,ranking_aware,9,3,TMP,phosphate,1.01178
E,reduction,ranking_aware,9,4,TEGDME,ether,1.49248
E,reduction,ranking_aware,9,5,EMC,linear_carbonate,0.73216
E,reduction,ranking_aware,9,6,DMSO,sulfoxide,0.751794
E,reduction,ranking_aware,9,7,EA,ester,0.427682
E,reduction,ranking_aware,9,8,PC,cyclic_carbonate,0.714626
E,reduction,ranking_aware,9,9,DOL,ether,1.41839
E,reduction,ranking_aware,9,10,DME,ether,1.49988
E,reduction,ranking_aware,9,11,SL,sulfone,1.18965
E,reduction,ranking_aware,9,12,SN,nitrile,-0.120035
E,reduction,ranking_aware,9,13,FEC,cyclic_carbonate,0.551192
E,reduction,ranking_aware,9,14,GBL,ester,0.32667
E,reduction,ranking_aware,9,15,DEC,linear_carbonate,0.841253
E,reduction,ranking_aware,9,16,VC,cyclic_carbonate,-0.096584
E,reduction,ranking_aware,9,17,MA,ester,0.402125
E,reduction,random,10,0,DEC,linear_carbonate,0.841253
E,reduction,random,10,1,EC,cyclic_carbonate,0.58829
E,reduction,random,10,2,PC,cyclic_carbonate,0.714626
E,reduction,random,10,3,TEGDME,ether,1.49248
E,reduction,random,10,4,SN,nitrile,-0.120035
E,reduction,random,10,5,DME,ether,1.49988
E,reduction,random,10,6,DMC,linear_carbonate,1.14007
E,reduction,random,10,7,TMP,phosphate,1.01178
E,reduction,random,10,8,MA,ester,0.402125
E,reduction,random,10,9,AN,nitrile,0.642537
E,reduction,random,10,10,DOL,ether,1.41839
E,reduction,random,10,11,GBL,ester,0.32667
E,reduction,random,10,12,EA,ester,0.427682
E,reduction,random,10,13,FEC,cyclic_carbonate,0.551192
E,reduction,random,10,14,DMSO,sulfoxide,0.751794
E,reduction,random,10,15,EMC,linear_carbonate,0.73216
E,reduction,random,10,16,VC,cyclic_carbonate,-0.096584
E,reduction,random,10,17,SL,sulfone,1.18965
E,reduction,diversity,10,0,DEC,linear_carbonate,0.841253
E,reduction,diversity,10,1,EC,cyclic_carbonate,0.58829
E,reduction,diversity,10,2,PC,cyclic_carbonate,0.714626
E,reduction,diversity,10,3,TEGDME,ether,1.49248
E,reduction,diversity,10,4,DOL,ether,1.41839
E,reduction,diversity,10,5,DMSO,sulfoxide,0.751794
E,reduction,diversity,10,6,SN,nitrile,-0.120035
E,reduction,diversity,10,7,TMP,phosphate,1.01178
E,reduction,diversity,10,8,DME,ether,1.49988
E,reduction,diversity,10,9,AN,nitrile,0.642537
E,reduction,diversity,10,10,SL,sulfone,1.18965
E,reduction,diversity,10,11,EA,ester,0.427682
E,reduction,diversity,10,12,GBL,ester,0.32667
E,reduction,diversity,10,13,FEC,cyclic_carbonate,0.551192
E,reduction,diversity,10,14,DMC,linear_carbonate,1.14007
E,reduction,diversity,10,15,VC,cyclic_carbonate,-0.096584
E,reduction,diversity,10,16,MA,ester,0.402125
E,reduction,diversity,10,17,EMC,linear_carbonate,0.73216
E,reduction,uncertainty,10,0,DEC,linear_carbonate,0.841253
E,reduction,uncertainty,10,1,EC,cyclic_carbonate,0.58829
E,reduction,uncertainty,10,2,PC,cyclic_carbonate,0.714626
E,reduction,uncertainty,10,3,TEGDME,ether,1.49248
E,reduction,uncertainty,10,4,DME,ether,1.49988
E,reduction,uncertainty,10,5,DMSO,sulfoxide,0.751794
E,reduction,uncertainty,10,6,SN,nitrile,-0.120035
E,reduction,uncertainty,10,7,DOL,ether,1.41839
E,reduction,uncertainty,10,8,TMP,phosphate,1.01178
E,reduction,uncertainty,10,9,AN,nitrile,0.642537
E,reduction,uncertainty,10,10,SL,sulfone,1.18965
E,reduction,uncertainty,10,11,FEC,cyclic_carbonate,0.551192
E,reduction,uncertainty,10,12,GBL,ester,0.32667
E,reduction,uncertainty,10,13,DMC,linear_carbonate,1.14007
E,reduction,uncertainty,10,14,EA,ester,0.427682
E,reduction,uncertainty,10,15,VC,cyclic_carbonate,-0.096584
E,reduction,uncertainty,10,16,MA,ester,0.402125
E,reduction,uncertainty,10,17,EMC,linear_carbonate,0.73216
E,reduction,ranking_aware,10,0,DEC,linear_carbonate,0.841253
E,reduction,ranking_aware,10,1,EC,cyclic_carbonate,0.58829
E,reduction,ranking_aware,10,2,PC,cyclic_carbonate,0.714626
E,reduction,ranking_aware,10,3,TEGDME,ether,1.49248
E,reduction,ranking_aware,10,4,DME,ether,1.49988
E,reduction,ranking_aware,10,5,DOL,ether,1.41839
E,reduction,ranking_aware,10,6,DMSO,sulfoxide,0.751794
E,reduction,ranking_aware,10,7,TMP,phosphate,1.01178
E,reduction,ranking_aware,10,8,SL,sulfone,1.18965
E,reduction,ranking_aware,10,9,SN,nitrile,-0.120035
E,reduction,ranking_aware,10,10,GBL,ester,0.32667
E,reduction,ranking_aware,10,11,FEC,cyclic_carbonate,0.551192
E,reduction,ranking_aware,10,12,AN,nitrile,0.642537
E,reduction,ranking_aware,10,13,DMC,linear_carbonate,1.14007
E,reduction,ranking_aware,10,14,MA,ester,0.402125
E,reduction,ranking_aware,10,15,VC,cyclic_carbonate,-0.096584
E,reduction,ranking_aware,10,16,EMC,linear_carbonate,0.73216
E,reduction,ranking_aware,10,17,EA,ester,0.427682
E,reduction,random,11,0,DMC,linear_carbonate,1.14007
E,reduction,random,11,1,DEC,linear_carbonate,0.841253
E,reduction,random,11,2,PC,cyclic_carbonate,0.714626
E,reduction,random,11,3,EA,ester,0.427682
E,reduction,random,11,4,MA,ester,0.402125
E,reduction,random,11,5,TEGDME,ether,1.49248
E,reduction,random,11,6,TMP,phosphate,1.01178
E,reduction,random,11,7,SL,sulfone,1.18965
E,reduction,random,11,8,AN,nitrile,0.642537
E,reduction,random,11,9,DME,ether,1.49988
E,reduction,random,11,10,DOL,ether,1.41839
E,reduction,random,11,11,VC,cyclic_carbonate,-0.096584
E,reduction,random,11,12,FEC,cyclic_carbonate,0.551192
E,reduction,random,11,13,EMC,linear_carbonate,0.73216
E,reduction,random,11,14,SN,nitrile,-0.120035
E,reduction,random,11,15,GBL,ester,0.32667
E,reduction,random,11,16,EC,cyclic_carbonate,0.58829
E,reduction,random,11,17,DMSO,sulfoxide,0.751794
E,reduction,diversity,11,0,DMC,linear_carbonate,1.14007
E,reduction,diversity,11,1,DEC,linear_carbonate,0.841253
E,reduction,diversity,11,2,PC,cyclic_carbonate,0.714626
E,reduction,diversity,11,3,EA,ester,0.427682
E,reduction,diversity,11,4,TEGDME,ether,1.49248
E,reduction,diversity,11,5,DOL,ether,1.41839
E,reduction,diversity,11,6,SN,nitrile,-0.120035
E,reduction,diversity,11,7,TMP,phosphate,1.01178
E,reduction,diversity,11,8,DME,ether,1.49988
E,reduction,diversity,11,9,DMSO,sulfoxide,0.751794
E,reduction,diversity,11,10,AN,nitrile,0.642537
E,reduction,diversity,11,11,SL,sulfone,1.18965
E,reduction,diversity,11,12,GBL,ester,0.32667
E,reduction,diversity,11,13,FEC,cyclic_carbonate,0.551192
E,reduction,diversity,11,14,VC,cyclic_carbonate,-0.096584
E,reduction,diversity,11,15,MA,ester,0.402125
E,reduction,diversity,11,16,EMC,linear_carbonate,0.73216
E,reduction,diversity,11,17,EC,cyclic_carbonate,0.58829
E,reduction,uncertainty,11,0,DMC,linear_carbonate,1.14007
E,reduction,uncertainty,11,1,DEC,linear_carbonate,0.841253
E,reduction,uncertainty,11,2,PC,cyclic_carbonate,0.714626
E,reduction,uncertainty,11,3,EA,ester,0.427682
E,reduction,uncertainty,11,4,FEC,cyclic_carbonate,0.551192
E,reduction,uncertainty,11,5,VC,cyclic_carbonate,-0.096584
E,reduction,uncertainty,11,6,DME,ether,1.49988
E,reduction,uncertainty,11,7,DOL,ether,1.41839
E,reduction,uncertainty,11,8,TEGDME,ether,1.49248
E,reduction,uncertainty,11,9,TMP,phosphate,1.01178
E,reduction,uncertainty,11,10,DMSO,sulfoxide,0.751794
E,reduction,uncertainty,11,11,SN,nitrile,-0.120035
E,reduction,uncertainty,11,12,AN,nitrile,0.642537
E,reduction,uncertainty,11,13,SL,sulfone,1.18965
E,reduction,uncertainty,11,14,GBL,ester,0.32667
E,reduction,uncertainty,11,15,EC,cyclic_carbonate,0.58829
E,reduction,uncertainty,11,16,MA,ester,0.402125
E,reduction,uncertainty,11,17,EMC,linear_carbonate,0.73216
E,reduction,ranking_aware,11,0,DMC,linear_carbonate,1.14007
E,reduction,ranking_aware,11,1,DEC,linear_carbonate,0.841253
E,reduction,ranking_aware,11,2,PC,cyclic_carbonate,0.714626
E,reduction,ranking_aware,11,3,EA,ester,0.427682
E,reduction,ranking_aware,11,4,SN,nitrile,-0.120035
E,reduction,ranking_aware,11,5,EMC,linear_carbonate,0.73216
E,reduction,ranking_aware,11,6,EC,cyclic_carbonate,0.58829
E,reduction,ranking_aware,11,7,SL,sulfone,1.18965
E,reduction,ranking_aware,11,8,DME,ether,1.49988
E,reduction,ranking_aware,11,9,AN,nitrile,0.642537
E,reduction,ranking_aware,11,10,TMP,phosphate,1.01178
E,reduction,ranking_aware,11,11,TEGDME,ether,1.49248
E,reduction,ranking_aware,11,12,DOL,ether,1.41839
E,reduction,ranking_aware,11,13,DMSO,sulfoxide,0.751794
E,reduction,ranking_aware,11,14,FEC,cyclic_carbonate,0.551192
E,reduction,ranking_aware,11,15,GBL,ester,0.32667
E,reduction,ranking_aware,11,16,MA,ester,0.402125
E,reduction,ranking_aware,11,17,VC,cyclic_carbonate,-0.096584
E,reduction,random,12,0,EC,cyclic_carbonate,0.58829
E,reduction,random,12,1,TEGDME,ether,1.49248
E,reduction,random,12,2,DMSO,sulfoxide,0.751794
E,reduction,random,12,3,TMP,phosphate,1.01178
E,reduction,random,12,4,GBL,ester,0.32667
E,reduction,random,12,5,SN,nitrile,-0.120035
E,reduction,random,12,6,DME,ether,1.49988
E,reduction,random,12,7,PC,cyclic_carbonate,0.714626
E,reduction,random,12,8,SL,sulfone,1.18965
E,reduction,random,12,9,EA,ester,0.427682
E,reduction,random,12,10,DMC,linear_carbonate,1.14007
E,reduction,random,12,11,DOL,ether,1.41839
E,reduction,random,12,12,EMC,linear_carbonate,0.73216
E,reduction,random,12,13,AN,nitrile,0.642537
E,reduction,random,12,14,FEC,cyclic_carbonate,0.551192
E,reduction,random,12,15,VC,cyclic_carbonate,-0.096584
E,reduction,random,12,16,DEC,linear_carbonate,0.841253
E,reduction,random,12,17,MA,ester,0.402125
E,reduction,diversity,12,0,EC,cyclic_carbonate,0.58829
E,reduction,diversity,12,1,TEGDME,ether,1.49248
E,reduction,diversity,12,2,DMSO,sulfoxide,0.751794
E,reduction,diversity,12,3,TMP,phosphate,1.01178
E,reduction,diversity,12,4,DOL,ether,1.41839
E,reduction,diversity,12,5,DMC,linear_carbonate,1.14007
E,reduction,diversity,12,6,SN,nitrile,-0.120035
E,reduction,diversity,12,7,DME,ether,1.49988
E,reduction,diversity,12,8,SL,sulfone,1.18965
E,reduction,diversity,12,9,AN,nitrile,0.642537
E,reduction,diversity,12,10,EA,ester,0.427682
E,reduction,diversity,12,11,GBL,ester,0.32667
E,reduction,diversity,12,12,FEC,cyclic_carbonate,0.551192
E,reduction,diversity,12,13,DEC,linear_carbonate,0.841253
E,reduction,diversity,12,14,VC,cyclic_carbonate,-0.096584
E,reduction,diversity,12,15,MA,ester,0.402125
E,reduction,diversity,12,16,EMC,linear_carbonate,0.73216
E,reduction,diversity,12,17,PC,cyclic_carbonate,0.714626
E,reduction,uncertainty,12,0,EC,cyclic_carbonate,0.58829
E,reduction,uncertainty,12,1,TEGDME,ether,1.49248
E,reduction,uncertainty,12,2,DMSO,sulfoxide,0.751794
E,reduction,uncertainty,12,3,TMP,phosphate,1.01178
E,reduction,uncertainty,12,4,DOL,ether,1.41839
E,reduction,uncertainty,12,5,DMC,linear_carbonate,1.14007
E,reduction,uncertainty,12,6,SN,nitrile,-0.120035
E,reduction,uncertainty,12,7,DME,ether,1.49988
E,reduction,uncertainty,12,8,SL,sulfone,1.18965
E,reduction,uncertainty,12,9,AN,nitrile,0.642537
E,reduction,uncertainty,12,10,GBL,ester,0.32667
E,reduction,uncertainty,12,11,FEC,cyclic_carbonate,0.551192
E,reduction,uncertainty,12,12,DEC,linear_carbonate,0.841253
E,reduction,uncertainty,12,13,VC,cyclic_carbonate,-0.096584
E,reduction,uncertainty,12,14,EA,ester,0.427682
E,reduction,uncertainty,12,15,PC,cyclic_carbonate,0.714626
E,reduction,uncertainty,12,16,MA,ester,0.402125
E,reduction,uncertainty,12,17,EMC,linear_carbonate,0.73216
E,reduction,ranking_aware,12,0,EC,cyclic_carbonate,0.58829
E,reduction,ranking_aware,12,1,TEGDME,ether,1.49248
E,reduction,ranking_aware,12,2,DMSO,sulfoxide,0.751794
E,reduction,ranking_aware,12,3,TMP,phosphate,1.01178
E,reduction,ranking_aware,12,4,DOL,ether,1.41839
E,reduction,ranking_aware,12,5,DME,ether,1.49988
E,reduction,ranking_aware,12,6,DEC,linear_carbonate,0.841253
E,reduction,ranking_aware,12,7,SL,sulfone,1.18965
E,reduction,ranking_aware,12,8,SN,nitrile,-0.120035
E,reduction,ranking_aware,12,9,GBL,ester,0.32667
E,reduction,ranking_aware,12,10,EMC,linear_carbonate,0.73216
E,reduction,ranking_aware,12,11,FEC,cyclic_carbonate,0.551192
E,reduction,ranking_aware,12,12,AN,nitrile,0.642537
E,reduction,ranking_aware,12,13,VC,cyclic_carbonate,-0.096584
E,reduction,ranking_aware,12,14,EA,ester,0.427682
E,reduction,ranking_aware,12,15,DMC,linear_carbonate,1.14007
E,reduction,ranking_aware,12,16,MA,ester,0.402125
E,reduction,ranking_aware,12,17,PC,cyclic_carbonate,0.714626
E,reduction,random,13,0,VC,cyclic_carbonate,-0.096584
E,reduction,random,13,1,DME,ether,1.49988
E,reduction,random,13,2,MA,ester,0.402125
E,reduction,random,13,3,AN,nitrile,0.642537
E,reduction,random,13,4,SN,nitrile,-0.120035
E,reduction,random,13,5,DMC,linear_carbonate,1.14007
E,reduction,random,13,6,EA,ester,0.427682
E,reduction,random,13,7,PC,cyclic_carbonate,0.714626
E,reduction,random,13,8,DEC,linear_carbonate,0.841253
E,reduction,random,13,9,DMSO,sulfoxide,0.751794
E,reduction,random,13,10,EC,cyclic_carbonate,0.58829
E,reduction,random,13,11,GBL,ester,0.32667
E,reduction,random,13,12,TMP,phosphate,1.01178
E,reduction,random,13,13,TEGDME,ether,1.49248
E,reduction,random,13,14,FEC,cyclic_carbonate,0.551192
E,reduction,random,13,15,EMC,linear_carbonate,0.73216
E,reduction,random,13,16,DOL,ether,1.41839
E,reduction,random,13,17,SL,sulfone,1.18965
E,reduction,diversity,13,0,VC,cyclic_carbonate,-0.096584
E,reduction,diversity,13,1,DME,ether,1.49988
E,reduction,diversity,13,2,MA,ester,0.402125
E,reduction,diversity,13,3,AN,nitrile,0.642537
E,reduction,diversity,13,4,TEGDME,ether,1.49248
E,reduction,diversity,13,5,TMP,phosphate,1.01178
E,reduction,diversity,13,6,DOL,ether,1.41839
E,reduction,diversity,13,7,DMSO,sulfoxide,0.751794
E,reduction,diversity,13,8,SN,nitrile,-0.120035
E,reduction,diversity,13,9,FEC,cyclic_carbonate,0.551192
E,reduction,diversity,13,10,SL,sulfone,1.18965
E,reduction,diversity,13,11,DEC,linear_carbonate,0.841253
E,reduction,diversity,13,12,GBL,ester,0.32667
E,reduction,diversity,13,13,DMC,linear_carbonate,1.14007
E,reduction,diversity,13,14,PC,cyclic_carbonate,0.714626
E,reduction,diversity,13,15,EA,ester,0.427682
E,reduction,diversity,13,16,EMC,linear_carbonate,0.73216
E,reduction,diversity,13,17,EC,cyclic_carbonate,0.58829
E,reduction,uncertainty,13,0,VC,cyclic_carbonate,-0.096584
E,reduction,uncertainty,13,1,DME,ether,1.49988
E,reduction,uncertainty,13,2,MA,ester,0.402125
E,reduction,uncertainty,13,3,AN,nitrile,0.642537
E,reduction,uncertainty,13,4,DEC,linear_carbonate,0.841253
E,reduction,uncertainty,13,5,TEGDME,ether,1.49248
E,reduction,uncertainty,13,6,DOL,ether,1.41839
E,reduction,uncertainty,13,7,FEC,cyclic_carbonate,0.551192
E,reduction,uncertainty,13,8,SL,sulfone,1.18965
E,reduction,uncertainty,13,9,TMP,phosphate,1.01178
E,reduction,uncertainty,13,10,DMSO,sulfoxide,0.751794
E,reduction,uncertainty,13,11,SN,nitrile,-0.120035
E,reduction,uncertainty,13,12,GBL,ester,0.32667
E,reduction,uncertainty,13,13,EC,cyclic_carbonate,0.58829
E,reduction,uncertainty,13,14,DMC,linear_carbonate,1.14007
E,reduction,uncertainty,13,15,PC,cyclic_carbonate,0.714626
E,reduction,uncertainty,13,16,EA,ester,0.427682
E,reduction,uncertainty,13,17,EMC,linear_carbonate,0.73216
E,reduction,ranking_aware,13,0,VC,cyclic_carbonate,-0.096584
E,reduction,ranking_aware,13,1,DME,ether,1.49988
E,reduction,ranking_aware,13,2,MA,ester,0.402125
E,reduction,ranking_aware,13,3,AN,nitrile,0.642537
E,reduction,ranking_aware,13,4,PC,cyclic_carbonate,0.714626
E,reduction,ranking_aware,13,5,DMC,linear_carbonate,1.14007
E,reduction,ranking_aware,13,6,SN,nitrile,-0.120035
E,reduction,ranking_aware,13,7,DEC,linear_carbonate,0.841253
E,reduction,ranking_aware,13,8,DMSO,sulfoxide,0.751794
E,reduction,ranking_aware,13,9,TMP,phosphate,1.01178
E,reduction,ranking_aware,13,10,EA,ester,0.427682
E,reduction,ranking_aware,13,11,EMC,linear_carbonate,0.73216
E,reduction,ranking_aware,13,12,DOL,ether,1.41839
E,reduction,ranking_aware,13,13,TEGDME,ether,1.49248
E,reduction,ranking_aware,13,14,FEC,cyclic_carbonate,0.551192
E,reduction,ranking_aware,13,15,SL,sulfone,1.18965
E,reduction,ranking_aware,13,16,GBL,ester,0.32667
E,reduction,ranking_aware,13,17,EC,cyclic_carbonate,0.58829
E,reduction,random,14,0,DMC,linear_carbonate,1.14007
E,reduction,random,14,1,FEC,cyclic_carbonate,0.551192
E,reduction,random,14,2,DME,ether,1.49988
E,reduction,random,14,3,SN,nitrile,-0.120035
E,reduction,random,14,4,DOL,ether,1.41839
E,reduction,random,14,5,PC,cyclic_carbonate,0.714626
E,reduction,random,14,6,GBL,ester,0.32667
E,reduction,random,14,7,DMSO,sulfoxide,0.751794
E,reduction,random,14,8,AN,nitrile,0.642537
E,reduction,random,14,9,TEGDME,ether,1.49248
E,reduction,random,14,10,DEC,linear_carbonate,0.841253
E,reduction,random,14,11,MA,ester,0.402125
E,reduction,random,14,12,EMC,linear_carbonate,0.73216
E,reduction,random,14,13,EC,cyclic_carbonate,0.58829
E,reduction,random,14,14,TMP,phosphate,1.01178
E,reduction,random,14,15,VC,cyclic_carbonate,-0.096584
E,reduction,random,14,16,EA,ester,0.427682
E,reduction,random,14,17,SL,sulfone,1.18965
E,reduction,diversity,14,0,DMC,linear_carbonate,1.14007
E,reduction,diversity,14,1,FEC,cyclic_carbonate,0.551192
E,reduction,diversity,14,2,DME,ether,1.49988
E,reduction,diversity,14,3,SN,nitrile,-0.120035
E,reduction,diversity,14,4,TEGDME,ether,1.49248
E,reduction,diversity,14,5,DMSO,sulfoxide,0.751794
E,reduction,diversity,14,6,SL,sulfone,1.18965
E,reduction,diversity,14,7,TMP,phosphate,1.01178
E,reduction,diversity,14,8,DOL,ether,1.41839
E,reduction,diversity,14,9,VC,cyclic_carbonate,-0.096584
E,reduction,diversity,14,10,AN,nitrile,0.642537
E,reduction,diversity,14,11,EA,ester,0.427682
E,reduction,diversity,14,12,GBL,ester,0.32667
E,reduction,diversity,14,13,DEC,linear_carbonate,0.841253
E,reduction,diversity,14,14,PC,cyclic_carbonate,0.714626
E,reduction,diversity,14,15,MA,ester,0.402125
E,reduction,diversity,14,16,EMC,linear_carbonate,0.73216
E,reduction,diversity,14,17,EC,cyclic_carbonate,0.58829
E,reduction,uncertainty,14,0,DMC,linear_carbonate,1.14007
E,reduction,uncertainty,14,1,FEC,cyclic_carbonate,0.551192
E,reduction,uncertainty,14,2,DME,ether,1.49988
E,reduction,uncertainty,14,3,SN,nitrile,-0.120035
E,reduction,uncertainty,14,4,DEC,linear_carbonate,0.841253
E,reduction,uncertainty,14,5,DOL,ether,1.41839
E,reduction,uncertainty,14,6,TEGDME,ether,1.49248
E,reduction,uncertainty,14,7,DMSO,sulfoxide,0.751794
E,reduction,uncertainty,14,8,SL,sulfone,1.18965
E,reduction,uncertainty,14,9,TMP,phosphate,1.01178
E,reduction,uncertainty,14,10,EC,cyclic_carbonate,0.58829
E,reduction,uncertainty,14,11,AN,nitrile,0.642537
E,reduction,uncertainty,14,12,GBL,ester,0.32667
E,reduction,uncertainty,14,13,VC,cyclic_carbonate,-0.096584
E,reduction,uncertainty,14,14,EA,ester,0.427682
E,reduction,uncertainty,14,15,PC,cyclic_carbonate,0.714626
E,reduction,uncertainty,14,16,MA,ester,0.402125
E,reduction,uncertainty,14,17,EMC,linear_carbonate,0.73216
E,reduction,ranking_aware,14,0,DMC,linear_carbonate,1.14007
E,reduction,ranking_aware,14,1,FEC,cyclic_carbonate,0.551192
E,reduction,ranking_aware,14,2,DME,ether,1.49988
E,reduction,ranking_aware,14,3,SN,nitrile,-0.120035
E,reduction,ranking_aware,14,4,EA,ester,0.427682
E,reduction,ranking_aware,14,5,AN,nitrile,0.642537
E,reduction,ranking_aware,14,6,MA,ester,0.402125
E,reduction,ranking_aware,14,7,EMC,linear_carbonate,0.73216
E,reduction,ranking_aware,14,8,DOL,ether,1.41839
E,reduction,ranking_aware,14,9,TEGDME,ether,1.49248
E,reduction,ranking_aware,14,10,TMP,phosphate,1.01178
E,reduction,ranking_aware,14,11,SL,sulfone,1.18965
E,reduction,ranking_aware,14,12,GBL,ester,0.32667
E,reduction,ranking_aware,14,13,DMSO,sulfoxide,0.751794
E,reduction,ranking_aware,14,14,DEC,linear_carbonate,0.841253
E,reduction,ranking_aware,14,15,EC,cyclic_carbonate,0.58829
E,reduction,ranking_aware,14,16,PC,cyclic_carbonate,0.714626
E,reduction,ranking_aware,14,17,VC,cyclic_carbonate,-0.096584
E,reduction,random,15,0,TEGDME,ether,1.49248
E,reduction,random,15,1,MA,ester,0.402125
E,reduction,random,15,2,GBL,ester,0.32667
E,reduction,random,15,3,SN,nitrile,-0.120035
E,reduction,random,15,4,DMSO,sulfoxide,0.751794
E,reduction,random,15,5,EMC,linear_carbonate,0.73216
E,reduction,random,15,6,FEC,cyclic_carbonate,0.551192
E,reduction,random,15,7,TMP,phosphate,1.01178
E,reduction,random,15,8,EA,ester,0.427682
E,reduction,random,15,9,VC,cyclic_carbonate,-0.096584
E,reduction,random,15,10,PC,cyclic_carbonate,0.714626
E,reduction,random,15,11,DMC,linear_carbonate,1.14007
E,reduction,random,15,12,SL,sulfone,1.18965
E,reduction,random,15,13,AN,nitrile,0.642537
E,reduction,random,15,14,DEC,linear_carbonate,0.841253
E,reduction,random,15,15,DOL,ether,1.41839
E,reduction,random,15,16,EC,cyclic_carbonate,0.58829
E,reduction,random,15,17,DME,ether,1.49988
E,reduction,diversity,15,0,TEGDME,ether,1.49248
E,reduction,diversity,15,1,MA,ester,0.402125
E,reduction,diversity,15,2,GBL,ester,0.32667
E,reduction,diversity,15,3,SN,nitrile,-0.120035
E,reduction,diversity,15,4,DOL,ether,1.41839
E,reduction,diversity,15,5,TMP,phosphate,1.01178
E,reduction,diversity,15,6,FEC,cyclic_carbonate,0.551192
E,reduction,diversity,15,7,DME,ether,1.49988
E,reduction,diversity,15,8,DEC,linear_carbonate,0.841253
E,reduction,diversity,15,9,DMSO,sulfoxide,0.751794
E,reduction,diversity,15,10,EC,cyclic_carbonate,0.58829
E,reduction,diversity,15,11,SL,sulfone,1.18965
E,reduction,diversity,15,12,AN,nitrile,0.642537
E,reduction,diversity,15,13,DMC,linear_carbonate,1.14007
E,reduction,diversity,15,14,VC,cyclic_carbonate,-0.096584
E,reduction,diversity,15,15,EA,ester,0.427682
E,reduction,diversity,15,16,EMC,linear_carbonate,0.73216
E,reduction,diversity,15,17,PC,cyclic_carbonate,0.714626
E,reduction,uncertainty,15,0,TEGDME,ether,1.49248
E,reduction,uncertainty,15,1,MA,ester,0.402125
E,reduction,uncertainty,15,2,GBL,ester,0.32667
E,reduction,uncertainty,15,3,SN,nitrile,-0.120035
E,reduction,uncertainty,15,4,DME,ether,1.49988
E,reduction,uncertainty,15,5,FEC,cyclic_carbonate,0.551192
E,reduction,uncertainty,15,6,TMP,phosphate,1.01178
E,reduction,uncertainty,15,7,DOL,ether,1.41839
E,reduction,uncertainty,15,8,DMSO,sulfoxide,0.751794
E,reduction,uncertainty,15,9,AN,nitrile,0.642537
E,reduction,uncertainty,15,10,SL,sulfone,1.18965
E,reduction,uncertainty,15,11,DEC,linear_carbonate,0.841253
E,reduction,uncertainty,15,12,EC,cyclic_carbonate,0.58829
E,reduction,uncertainty,15,13,VC,cyclic_carbonate,-0.096584
E,reduction,uncertainty,15,14,DMC,linear_carbonate,1.14007
E,reduction,uncertainty,15,15,PC,cyclic_carbonate,0.714626
E,reduction,uncertainty,15,16,EA,ester,0.427682
E,reduction,uncertainty,15,17,EMC,linear_carbonate,0.73216
E,reduction,ranking_aware,15,0,TEGDME,ether,1.49248
E,reduction,ranking_aware,15,1,MA,ester,0.402125
E,reduction,ranking_aware,15,2,GBL,ester,0.32667
E,reduction,ranking_aware,15,3,SN,nitrile,-0.120035
E,reduction,ranking_aware,15,4,DME,ether,1.49988
E,reduction,ranking_aware,15,5,TMP,phosphate,1.01178
E,reduction,ranking_aware,15,6,DMSO,sulfoxide,0.751794
E,reduction,ranking_aware,15,7,DOL,ether,1.41839
E,reduction,ranking_aware,15,8,DMC,linear_carbonate,1.14007
E,reduction,ranking_aware,15,9,DEC,linear_carbonate,0.841253
E,reduction,ranking_aware,15,10,EMC,linear_carbonate,0.73216
E,reduction,ranking_aware,15,11,FEC,cyclic_carbonate,0.551192
E,reduction,ranking_aware,15,12,SL,sulfone,1.18965
E,reduction,ranking_aware,15,13,EC,cyclic_carbonate,0.58829
E,reduction,ranking_aware,15,14,EA,ester,0.427682
E,reduction,ranking_aware,15,15,PC,cyclic_carbonate,0.714626
E,reduction,ranking_aware,15,16,AN,nitrile,0.642537
E,reduction,ranking_aware,15,17,VC,cyclic_carbonate,-0.096584
E,reduction,random,16,0,DMC,linear_carbonate,1.14007
E,reduction,random,16,1,PC,cyclic_carbonate,0.714626
E,reduction,random,16,2,VC,cyclic_carbonate,-0.096584
E,reduction,random,16,3,AN,nitrile,0.642537
E,reduction,random,16,4,MA,ester,0.402125
E,reduction,random,16,5,DME,ether,1.49988
E,reduction,random,16,6,EMC,linear_carbonate,0.73216
E,reduction,random,16,7,EA,ester,0.427682
E,reduction,random,16,8,DOL,ether,1.41839
E,reduction,random,16,9,SN,nitrile,-0.120035
E,reduction,random,16,10,DMSO,sulfoxide,0.751794
E,reduction,random,16,11,DEC,linear_carbonate,0.841253
E,reduction,random,16,12,GBL,ester,0.32667
E,reduction,random,16,13,TMP,phosphate,1.01178
E,reduction,random,16,14,SL,sulfone,1.18965
E,reduction,random,16,15,TEGDME,ether,1.49248
E,reduction,random,16,16,EC,cyclic_carbonate,0.58829
E,reduction,random,16,17,FEC,cyclic_carbonate,0.551192
E,reduction,diversity,16,0,DMC,linear_carbonate,1.14007
E,reduction,diversity,16,1,PC,cyclic_carbonate,0.714626
E,reduction,diversity,16,2,VC,cyclic_carbonate,-0.096584
E,reduction,diversity,16,3,AN,nitrile,0.642537
E,reduction,diversity,16,4,TEGDME,ether,1.49248
E,reduction,diversity,16,5,DME,ether,1.49988
E,reduction,diversity,16,6,TMP,phosphate,1.01178
E,reduction,diversity,16,7,DOL,ether,1.41839
E,reduction,diversity,16,8,DMSO,sulfoxide,0.751794
E,reduction,diversity,16,9,SN,nitrile,-0.120035
E,reduction,diversity,16,10,SL,sulfone,1.18965
E,reduction,diversity,16,11,EA,ester,0.427682
E,reduction,diversity,16,12,GBL,ester,0.32667
E,reduction,diversity,16,13,FEC,cyclic_carbonate,0.551192
E,reduction,diversity,16,14,DEC,linear_carbonate,0.841253
E,reduction,diversity,16,15,MA,ester,0.402125
E,reduction,diversity,16,16,EMC,linear_carbonate,0.73216
E,reduction,diversity,16,17,EC,cyclic_carbonate,0.58829
E,reduction,uncertainty,16,0,DMC,linear_carbonate,1.14007
E,reduction,uncertainty,16,1,PC,cyclic_carbonate,0.714626
E,reduction,uncertainty,16,2,VC,cyclic_carbonate,-0.096584
E,reduction,uncertainty,16,3,AN,nitrile,0.642537
E,reduction,uncertainty,16,4,DME,ether,1.49988
E,reduction,uncertainty,16,5,TEGDME,ether,1.49248
E,reduction,uncertainty,16,6,TMP,phosphate,1.01178
E,reduction,uncertainty,16,7,DOL,ether,1.41839
E,reduction,uncertainty,16,8,DMSO,sulfoxide,0.751794
E,reduction,uncertainty,16,9,SN,nitrile,-0.120035
E,reduction,uncertainty,16,10,FEC,cyclic_carbonate,0.551192
E,reduction,uncertainty,16,11,SL,sulfone,1.18965
E,reduction,uncertainty,16,12,DEC,linear_carbonate,0.841253
E,reduction,uncertainty,16,13,GBL,ester,0.32667
E,reduction,uncertainty,16,14,EA,ester,0.427682
E,reduction,uncertainty,16,15,EC,cyclic_carbonate,0.58829
E,reduction,uncertainty,16,16,MA,ester,0.402125
E,reduction,uncertainty,16,17,EMC,linear_carbonate,0.73216
E,reduction,ranking_aware,16,0,DMC,linear_carbonate,1.14007
E,reduction,ranking_aware,16,1,PC,cyclic_carbonate,0.714626
E,reduction,ranking_aware,16,2,VC,cyclic_carbonate,-0.096584
E,reduction,ranking_aware,16,3,AN,nitrile,0.642537
E,reduction,ranking_aware,16,4,EMC,linear_carbonate,0.73216
E,reduction,ranking_aware,16,5,DMSO,sulfoxide,0.751794
E,reduction,ranking_aware,16,6,EA,ester,0.427682
E,reduction,ranking_aware,16,7,EC,cyclic_carbonate,0.58829
E,reduction,ranking_aware,16,8,TEGDME,ether,1.49248
E,reduction,ranking_aware,16,9,GBL,ester,0.32667
E,reduction,ranking_aware,16,10,DOL,ether,1.41839
E,reduction,ranking_aware,16,11,SL,sulfone,1.18965
E,reduction,ranking_aware,16,12,DME,ether,1.49988
E,reduction,ranking_aware,16,13,TMP,phosphate,1.01178
E,reduction,ranking_aware,16,14,DEC,linear_carbonate,0.841253
E,reduction,ranking_aware,16,15,FEC,cyclic_carbonate,0.551192
E,reduction,ranking_aware,16,16,MA,ester,0.402125
E,reduction,ranking_aware,16,17,SN,nitrile,-0.120035
E,reduction,random,17,0,EC,cyclic_carbonate,0.58829
E,reduction,random,17,1,VC,cyclic_carbonate,-0.096584
E,reduction,random,17,2,DME,ether,1.49988
E,reduction,random,17,3,SN,nitrile,-0.120035
E,reduction,random,17,4,EA,ester,0.427682
E,reduction,random,17,5,DMSO,sulfoxide,0.751794
E,reduction,random,17,6,SL,sulfone,1.18965
E,reduction,random,17,7,PC,cyclic_carbonate,0.714626
E,reduction,random,17,8,DOL,ether,1.41839
E,reduction,random,17,9,TMP,phosphate,1.01178
E,reduction,random,17,10,DEC,linear_carbonate,0.841253
E,reduction,random,17,11,MA,ester,0.402125
E,reduction,random,17,12,TEGDME,ether,1.49248
E,reduction,random,17,13,AN,nitrile,0.642537
E,reduction,random,17,14,DMC,linear_carbonate,1.14007
E,reduction,random,17,15,EMC,linear_carbonate,0.73216
E,reduction,random,17,16,GBL,ester,0.32667
E,reduction,random,17,17,FEC,cyclic_carbonate,0.551192
E,reduction,diversity,17,0,EC,cyclic_carbonate,0.58829
E,reduction,diversity,17,1,VC,cyclic_carbonate,-0.096584
E,reduction,diversity,17,2,DME,ether,1.49988
E,reduction,diversity,17,3,SN,nitrile,-0.120035
E,reduction,diversity,17,4,TEGDME,ether,1.49248
E,reduction,diversity,17,5,TMP,phosphate,1.01178
E,reduction,diversity,17,6,DMSO,sulfoxide,0.751794
E,reduction,diversity,17,7,DMC,linear_carbonate,1.14007
E,reduction,diversity,17,8,DOL,ether,1.41839
E,reduction,diversity,17,9,SL,sulfone,1.18965
E,reduction,diversity,17,10,AN,nitrile,0.642537
E,reduction,diversity,17,11,EA,ester,0.427682
E,reduction,diversity,17,12,GBL,ester,0.32667
E,reduction,diversity,17,13,FEC,cyclic_carbonate,0.551192
E,reduction,diversity,17,14,DEC,linear_carbonate,0.841253
E,reduction,diversity,17,15,MA,ester,0.402125
E,reduction,diversity,17,16,EMC,linear_carbonate,0.73216
E,reduction,diversity,17,17,PC,cyclic_carbonate,0.714626
E,reduction,uncertainty,17,0,EC,cyclic_carbonate,0.58829
E,reduction,uncertainty,17,1,VC,cyclic_carbonate,-0.096584
E,reduction,uncertainty,17,2,DME,ether,1.49988
E,reduction,uncertainty,17,3,SN,nitrile,-0.120035
E,reduction,uncertainty,17,4,DMC,linear_carbonate,1.14007
E,reduction,uncertainty,17,5,DEC,linear_carbonate,0.841253
E,reduction,uncertainty,17,6,TEGDME,ether,1.49248
E,reduction,uncertainty,17,7,DMSO,sulfoxide,0.751794
E,reduction,uncertainty,17,8,DOL,ether,1.41839
E,reduction,uncertainty,17,9,TMP,phosphate,1.01178
E,reduction,uncertainty,17,10,SL,sulfone,1.18965
E,reduction,uncertainty,17,11,AN,nitrile,0.642537
E,reduction,uncertainty,17,12,FEC,cyclic_carbonate,0.551192
E,reduction,uncertainty,17,13,GBL,ester,0.32667
E,reduction,uncertainty,17,14,EA,ester,0.427682
E,reduction,uncertainty,17,15,PC,cyclic_carbonate,0.714626
E,reduction,uncertainty,17,16,MA,ester,0.402125
E,reduction,uncertainty,17,17,EMC,linear_carbonate,0.73216
E,reduction,ranking_aware,17,0,EC,cyclic_carbonate,0.58829
E,reduction,ranking_aware,17,1,VC,cyclic_carbonate,-0.096584
E,reduction,ranking_aware,17,2,DME,ether,1.49988
E,reduction,ranking_aware,17,3,SN,nitrile,-0.120035
E,reduction,ranking_aware,17,4,DEC,linear_carbonate,0.841253
E,reduction,ranking_aware,17,5,GBL,ester,0.32667
E,reduction,ranking_aware,17,6,EMC,linear_carbonate,0.73216
E,reduction,ranking_aware,17,7,DOL,ether,1.41839
E,reduction,ranking_aware,17,8,TMP,phosphate,1.01178
E,reduction,ranking_aware,17,9,TEGDME,ether,1.49248
E,reduction,ranking_aware,17,10,FEC,cyclic_carbonate,0.551192
E,reduction,ranking_aware,17,11,DMSO,sulfoxide,0.751794
E,reduction,ranking_aware,17,12,AN,nitrile,0.642537
E,reduction,ranking_aware,17,13,DMC,linear_carbonate,1.14007
E,reduction,ranking_aware,17,14,SL,sulfone,1.18965
E,reduction,ranking_aware,17,15,EA,ester,0.427682
E,reduction,ranking_aware,17,16,MA,ester,0.402125
E,reduction,ranking_aware,17,17,PC,cyclic_carbonate,0.714626
E,reduction,random,18,0,DEC,linear_carbonate,0.841253
E,reduction,random,18,1,FEC,cyclic_carbonate,0.551192
E,reduction,random,18,2,DOL,ether,1.41839
E,reduction,random,18,3,DMSO,sulfoxide,0.751794
E,reduction,random,18,4,EMC,linear_carbonate,0.73216
E,reduction,random,18,5,TMP,phosphate,1.01178
E,reduction,random,18,6,VC,cyclic_carbonate,-0.096584
E,reduction,random,18,7,EC,cyclic_carbonate,0.58829
E,reduction,random,18,8,SL,sulfone,1.18965
E,reduction,random,18,9,EA,ester,0.427682
E,reduction,random,18,10,MA,ester,0.402125
E,reduction,random,18,11,DMC,linear_carbonate,1.14007
E,reduction,random,18,12,TEGDME,ether,1.49248
E,reduction,random,18,13,PC,cyclic_carbonate,0.714626
E,reduction,random,18,14,SN,nitrile,-0.120035
E,reduction,random,18,15,AN,nitrile,0.642537
E,reduction,random,18,16,GBL,ester,0.32667
E,reduction,random,18,17,DME,ether,1.49988
E,reduction,diversity,18,0,DEC,linear_carbonate,0.841253
E,reduction,diversity,18,1,FEC,cyclic_carbonate,0.551192
E,reduction,diversity,18,2,DOL,ether,1.41839
E,reduction,diversity,18,3,DMSO,sulfoxide,0.751794
E,reduction,diversity,18,4,TEGDME,ether,1.49248
E,reduction,diversity,18,5,SL,sulfone,1.18965
E,reduction,diversity,18,6,SN,nitrile,-0.120035
E,reduction,diversity,18,7,TMP,phosphate,1.01178
E,reduction,diversity,18,8,DME,ether,1.49988
E,reduction,diversity,18,9,VC,cyclic_carbonate,-0.096584
E,reduction,diversity,18,10,AN,nitrile,0.642537
E,reduction,diversity,18,11,EA,ester,0.427682
E,reduction,diversity,18,12,GBL,ester,0.32667
E,reduction,diversity,18,13,DMC,linear_carbonate,1.14007
E,reduction,diversity,18,14,PC,cyclic_carbonate,0.714626
E,reduction,diversity,18,15,MA,ester,0.402125
E,reduction,diversity,18,16,EMC,linear_carbonate,0.73216
E,reduction,diversity,18,17,EC,cyclic_carbonate,0.58829
E,reduction,uncertainty,18,0,DEC,linear_carbonate,0.841253
E,reduction,uncertainty,18,1,FEC,cyclic_carbonate,0.551192
E,reduction,uncertainty,18,2,DOL,ether,1.41839
E,reduction,uncertainty,18,3,DMSO,sulfoxide,0.751794
E,reduction,uncertainty,18,4,TEGDME,ether,1.49248
E,reduction,uncertainty,18,5,SL,sulfone,1.18965
E,reduction,uncertainty,18,6,SN,nitrile,-0.120035
E,reduction,uncertainty,18,7,TMP,phosphate,1.01178
E,reduction,uncertainty,18,8,DME,ether,1.49988
E,reduction,uncertainty,18,9,EC,cyclic_carbonate,0.58829
E,reduction,uncertainty,18,10,AN,nitrile,0.642537
E,reduction,uncertainty,18,11,DMC,linear_carbonate,1.14007
E,reduction,uncertainty,18,12,GBL,ester,0.32667
E,reduction,uncertainty,18,13,VC,cyclic_carbonate,-0.096584
E,reduction,uncertainty,18,14,EA,ester,0.427682
E,reduction,uncertainty,18,15,PC,cyclic_carbonate,0.714626
E,reduction,uncertainty,18,16,MA,ester,0.402125
E,reduction,uncertainty,18,17,EMC,linear_carbonate,0.73216
E,reduction,ranking_aware,18,0,DEC,linear_carbonate,0.841253
E,reduction,ranking_aware,18,1,FEC,cyclic_carbonate,0.551192
E,reduction,ranking_aware,18,2,DOL,ether,1.41839
E,reduction,ranking_aware,18,3,DMSO,sulfoxide,0.751794
E,reduction,ranking_aware,18,4,PC,cyclic_carbonate,0.714626
E,reduction,ranking_aware,18,5,DME,ether,1.49988
E,reduction,ranking_aware,18,6,TEGDME,ether,1.49248
E,reduction,ranking_aware,18,7,TMP,phosphate,1.01178
E,reduction,ranking_aware,18,8,SL,sulfone,1.18965
E,reduction,ranking_aware,18,9,AN,nitrile,0.642537
E,reduction,ranking_aware,18,10,DMC,linear_carbonate,1.14007
E,reduction,ranking_aware,18,11,SN,nitrile,-0.120035
E,reduction,ranking_aware,18,12,GBL,ester,0.32667
E,reduction,ranking_aware,18,13,EMC,linear_carbonate,0.73216
E,reduction,ranking_aware,18,14,EA,ester,0.427682
E,reduction,ranking_aware,18,15,VC,cyclic_carbonate,-0.096584
E,reduction,ranking_aware,18,16,MA,ester,0.402125
E,reduction,ranking_aware,18,17,EC,cyclic_carbonate,0.58829
E,reduction,random,19,0,PC,cyclic_carbonate,0.714626
E,reduction,random,19,1,DME,ether,1.49988
E,reduction,random,19,2,MA,ester,0.402125
E,reduction,random,19,3,SN,nitrile,-0.120035
E,reduction,random,19,4,TMP,phosphate,1.01178
E,reduction,random,19,5,DMSO,sulfoxide,0.751794
E,reduction,random,19,6,EC,cyclic_carbonate,0.58829
E,reduction,random,19,7,FEC,cyclic_carbonate,0.551192
E,reduction,random,19,8,DEC,linear_carbonate,0.841253
E,reduction,random,19,9,EA,ester,0.427682
E,reduction,random,19,10,AN,nitrile,0.642537
E,reduction,random,19,11,GBL,ester,0.32667
E,reduction,random,19,12,SL,sulfone,1.18965
E,reduction,random,19,13,TEGDME,ether,1.49248
E,reduction,random,19,14,EMC,linear_carbonate,0.73216
E,reduction,random,19,15,VC,cyclic_carbonate,-0.096584
E,reduction,random,19,16,DMC,linear_carbonate,1.14007
E,reduction,random,19,17,DOL,ether,1.41839
E,reduction,diversity,19,0,PC,cyclic_carbonate,0.714626
E,reduction,diversity,19,1,DME,ether,1.49988
E,reduction,diversity,19,2,MA,ester,0.402125
E,reduction,diversity,19,3,SN,nitrile,-0.120035
E,reduction,diversity,19,4,TEGDME,ether,1.49248
E,reduction,diversity,19,5,TMP,phosphate,1.01178
E,reduction,diversity,19,6,DOL,ether,1.41839
E,reduction,diversity,19,7,DMSO,sulfoxide,0.751794
E,reduction,diversity,19,8,DEC,linear_carbonate,0.841253
E,reduction,diversity,19,9,SL,sulfone,1.18965
E,reduction,diversity,19,10,GBL,ester,0.32667
E,reduction,diversity,19,11,AN,nitrile,0.642537
E,reduction,diversity,19,12,FEC,cyclic_carbonate,0.551192
E,reduction,diversity,19,13,DMC,linear_carbonate,1.14007
E,reduction,diversity,19,14,VC,cyclic_carbonate,-0.096584
E,reduction,diversity,19,15,EA,ester,0.427682
E,reduction,diversity,19,16,EMC,linear_carbonate,0.73216
E,reduction,diversity,19,17,EC,cyclic_carbonate,0.58829
E,reduction,uncertainty,19,0,PC,cyclic_carbonate,0.714626
E,reduction,uncertainty,19,1,DME,ether,1.49988
E,reduction,uncertainty,19,2,MA,ester,0.402125
E,reduction,uncertainty,19,3,SN,nitrile,-0.120035
E,reduction,uncertainty,19,4,TEGDME,ether,1.49248
E,reduction,uncertainty,19,5,TMP,phosphate,1.01178
E,reduction,uncertainty,19,6,DOL,ether,1.41839
E,reduction,uncertainty,19,7,DMSO,sulfoxide,0.751794
E,reduction,uncertainty,19,8,SL,sulfone,1.18965
E,reduction,uncertainty,19,9,FEC,cyclic_carbonate,0.551192
E,reduction,uncertainty,19,10,AN,nitrile,0.642537
E,reduction,uncertainty,19,11,DEC,linear_carbonate,0.841253
E,reduction,uncertainty,19,12,VC,cyclic_carbonate,-0.096584
E,reduction,uncertainty,19,13,DMC,linear_carbonate,1.14007
E,reduction,uncertainty,19,14,GBL,ester,0.32667
E,reduction,uncertainty,19,15,EC,cyclic_carbonate,0.58829
E,reduction,uncertainty,19,16,EA,ester,0.427682
E,reduction,uncertainty,19,17,EMC,linear_carbonate,0.73216
E,reduction,ranking_aware,19,0,PC,cyclic_carbonate,0.714626
E,reduction,ranking_aware,19,1,DME,ether,1.49988
E,reduction,ranking_aware,19,2,MA,ester,0.402125
E,reduction,ranking_aware,19,3,SN,nitrile,-0.120035
E,reduction,ranking_aware,19,4,AN,nitrile,0.642537
E,reduction,ranking_aware,19,5,DOL,ether,1.41839
E,reduction,ranking_aware,19,6,SL,sulfone,1.18965
E,reduction,ranking_aware,19,7,TMP,phosphate,1.01178
E,reduction,ranking_aware,19,8,DMSO,sulfoxide,0.751794
E,reduction,ranking_aware,19,9,TEGDME,ether,1.49248
E,reduction,ranking_aware,19,10,GBL,ester,0.32667
E,reduction,ranking_aware,19,11,FEC,cyclic_carbonate,0.551192
E,reduction,ranking_aware,19,12,DEC,linear_carbonate,0.841253
E,reduction,ranking_aware,19,13,DMC,linear_carbonate,1.14007
E,reduction,ranking_aware,19,14,EMC,linear_carbonate,0.73216
E,reduction,ranking_aware,19,15,EA,ester,0.427682
E,reduction,ranking_aware,19,16,EC,cyclic_carbonate,0.58829
E,reduction,ranking_aware,19,17,VC,cyclic_carbonate,-0.096584
C,oxidation,random,0,0,DME,ether,14.0239
C,oxidation,random,0,1,GBL,ester,14.8913
C,oxidation,random,0,2,DMSO,sulfoxide,13.9586
C,oxidation,random,0,3,SN,nitrile,16.3186
C,oxidation,random,0,4,DMC,linear_carbonate,14.9318
C,oxidation,random,0,5,TMP,phosphate,14.0095
C,oxidation,random,0,6,AN,nitrile,17.1966
C,oxidation,random,0,7,SL,sulfone,14.6639
C,oxidation,random,0,8,EC,cyclic_carbonate,15.102
C,oxidation,random,0,9,DOL,ether,15.5362
C,oxidation,diversity,0,0,DME,ether,14.0239
C,oxidation,diversity,0,1,GBL,ester,14.8913
C,oxidation,diversity,0,2,DMSO,sulfoxide,13.9586
C,oxidation,diversity,0,3,SN,nitrile,16.3186
C,oxidation,diversity,0,4,TMP,phosphate,14.0095
C,oxidation,diversity,0,5,DOL,ether,15.5362
C,oxidation,diversity,0,6,AN,nitrile,17.1966
C,oxidation,diversity,0,7,DMC,linear_carbonate,14.9318
C,oxidation,diversity,0,8,SL,sulfone,14.6639
C,oxidation,diversity,0,9,EC,cyclic_carbonate,15.102
C,oxidation,uncertainty,0,0,DME,ether,14.0239
C,oxidation,uncertainty,0,1,GBL,ester,14.8913
C,oxidation,uncertainty,0,2,DMSO,sulfoxide,13.9586
C,oxidation,uncertainty,0,3,SN,nitrile,16.3186
C,oxidation,uncertainty,0,4,SL,sulfone,14.6639
C,oxidation,uncertainty,0,5,TMP,phosphate,14.0095
C,oxidation,uncertainty,0,6,DOL,ether,15.5362
C,oxidation,uncertainty,0,7,AN,nitrile,17.1966
C,oxidation,uncertainty,0,8,DMC,linear_carbonate,14.9318
C,oxidation,uncertainty,0,9,EC,cyclic_carbonate,15.102
C,oxidation,ranking_aware,0,0,DME,ether,14.0239
C,oxidation,ranking_aware,0,1,GBL,ester,14.8913
C,oxidation,ranking_aware,0,2,DMSO,sulfoxide,13.9586
C,oxidation,ranking_aware,0,3,SN,nitrile,16.3186
C,oxidation,ranking_aware,0,4,EC,cyclic_carbonate,15.102
C,oxidation,ranking_aware,0,5,SL,sulfone,14.6639
C,oxidation,ranking_aware,0,6,DMC,linear_carbonate,14.9318
C,oxidation,ranking_aware,0,7,AN,nitrile,17.1966
C,oxidation,ranking_aware,0,8,DOL,ether,15.5362
C,oxidation,ranking_aware,0,9,TMP,phosphate,14.0095
C,oxidation,random,1,0,GBL,ester,14.8913
C,oxidation,random,1,1,SL,sulfone,14.6639
C,oxidation,random,1,2,DMSO,sulfoxide,13.9586
C,oxidation,random,1,3,SN,nitrile,16.3186
C,oxidation,random,1,4,DMC,linear_carbonate,14.9318
C,oxidation,random,1,5,AN,nitrile,17.1966
C,oxidation,random,1,6,TMP,phosphate,14.0095
C,oxidation,random,1,7,EC,cyclic_carbonate,15.102
C,oxidation,random,1,8,DOL,ether,15.5362
C,oxidation,random,1,9,DME,ether,14.0239
C,oxidation,diversity,1,0,GBL,ester,14.8913
C,oxidation,diversity,1,1,SL,sulfone,14.6639
C,oxidation,diversity,1,2,DMSO,sulfoxide,13.9586
C,oxidation,diversity,1,3,SN,nitrile,16.3186
C,oxidation,diversity,1,4,TMP,phosphate,14.0095
C,oxidation,diversity,1,5,DOL,ether,15.5362
C,oxidation,diversity,1,6,DME,ether,14.0239
C,oxidation,diversity,1,7,AN,nitrile,17.1966
C,oxidation,diversity,1,8,DMC,linear_carbonate,14.9318
C,oxidation,diversity,1,9,EC,cyclic_carbonate,15.102
C,oxidation,uncertainty,1,0,GBL,ester,14.8913
C,oxidation,uncertainty,1,1,SL,sulfone,14.6639
C,oxidation,uncertainty,1,2,DMSO,sulfoxide,13.9586
C,oxidation,uncertainty,1,3,SN,nitrile,16.3186
C,oxidation,uncertainty,1,4,DMC,linear_carbonate,14.9318
C,oxidation,uncertainty,1,5,DME,ether,14.0239
C,oxidation,uncertainty,1,6,TMP,phosphate,14.0095
C,oxidation,uncertainty,1,7,DOL,ether,15.5362
C,oxidation,uncertainty,1,8,AN,nitrile,17.1966
C,oxidation,uncertainty,1,9,EC,cyclic_carbonate,15.102
C,oxidation,ranking_aware,1,0,GBL,ester,14.8913
C,oxidation,ranking_aware,1,1,SL,sulfone,14.6639
C,oxidation,ranking_aware,1,2,DMSO,sulfoxide,13.9586
C,oxidation,ranking_aware,1,3,SN,nitrile,16.3186
C,oxidation,ranking_aware,1,4,AN,nitrile,17.1966
C,oxidation,ranking_aware,1,5,DME,ether,14.0239
C,oxidation,ranking_aware,1,6,DMC,linear_carbonate,14.9318
C,oxidation,ranking_aware,1,7,DOL,ether,15.5362
C,oxidation,ranking_aware,1,8,EC,cyclic_carbonate,15.102
C,oxidation,ranking_aware,1,9,TMP,phosphate,14.0095
C,oxidation,random,2,0,DMC,linear_carbonate,14.9318
C,oxidation,random,2,1,GBL,ester,14.8913
C,oxidation,random,2,2,DMSO,sulfoxide,13.9586
C,oxidation,random,2,3,AN,nitrile,17.1966
C,oxidation,random,2,4,DOL,ether,15.5362
C,oxidation,random,2,5,SN,nitrile,16.3186
C,oxidation,random,2,6,TMP,phosphate,14.0095
C,oxidation,random,2,7,SL,sulfone,14.6639
C,oxidation,random,2,8,DME,ether,14.0239
C,oxidation,random,2,9,EC,cyclic_carbonate,15.102
C,oxidation,diversity,2,0,DMC,linear_carbonate,14.9318
C,oxidation,diversity,2,1,GBL,ester,14.8913
C,oxidation,diversity,2,2,DMSO,sulfoxide,13.9586
C,oxidation,diversity,2,3,AN,nitrile,17.1966
C,oxidation,diversity,2,4,DME,ether,14.0239
C,oxidation,diversity,2,5,TMP,phosphate,14.0095
C,oxidation,diversity,2,6,DOL,ether,15.5362
C,oxidation,diversity,2,7,SN,nitrile,16.3186
C,oxidation,diversity,2,8,SL,sulfone,14.6639
C,oxidation,diversity,2,9,EC,cyclic_carbonate,15.102
C,oxidation,uncertainty,2,0,DMC,linear_carbonate,14.9318
C,oxidation,uncertainty,2,1,GBL,ester,14.8913
C,oxidation,uncertainty,2,2,DMSO,sulfoxide,13.9586
C,oxidation,uncertainty,2,3,AN,nitrile,17.1966
C,oxidation,uncertainty,2,4,DME,ether,14.0239
C,oxidation,uncertainty,2,5,TMP,phosphate,14.0095
C,oxidation,uncertainty,2,6,DOL,ether,15.5362
C,oxidation,uncertainty,2,7,SN,nitrile,16.3186
C,oxidation,uncertainty,2,8,SL,sulfone,14.6639
C,oxidation,uncertainty,2,9,EC,cyclic_carbonate,15.102
C,oxidation,ranking_aware,2,0,DMC,linear_carbonate,14.9318
C,oxidation,ranking_aware,2,1,GBL,ester,14.8913
C,oxidation,ranking_aware,2,2,DMSO,sulfoxide,13.9586
C,oxidation,ranking_aware,2,3,AN,nitrile,17.1966
C,oxidation,ranking_aware,2,4,DME,ether,14.0239
C,oxidation,ranking_aware,2,5,SN,nitrile,16.3186
C,oxidation,ranking_aware,2,6,EC,cyclic_carbonate,15.102
C,oxidation,ranking_aware,2,7,TMP,phosphate,14.0095
C,oxidation,ranking_aware,2,8,DOL,ether,15.5362
C,oxidation,ranking_aware,2,9,SL,sulfone,14.6639
C,oxidation,random,3,0,DME,ether,14.0239
C,oxidation,random,3,1,DOL,ether,15.5362
C,oxidation,random,3,2,DMSO,sulfoxide,13.9586
C,oxidation,random,3,3,TMP,phosphate,14.0095
C,oxidation,random,3,4,EC,cyclic_carbonate,15.102
C,oxidation,random,3,5,GBL,ester,14.8913
C,oxidation,random,3,6,SL,sulfone,14.6639
C,oxidation,random,3,7,DMC,linear_carbonate,14.9318
C,oxidation,random,3,8,AN,nitrile,17.1966
C,oxidation,random,3,9,SN,nitrile,16.3186
C,oxidation,diversity,3,0,DME,ether,14.0239
C,oxidation,diversity,3,1,DOL,ether,15.5362
C,oxidation,diversity,3,2,DMSO,sulfoxide,13.9586
C,oxidation,diversity,3,3,TMP,phosphate,14.0095
C,oxidation,diversity,3,4,EC,cyclic_carbonate,15.102
C,oxidation,diversity,3,5,DMC,linear_carbonate,14.9318
C,oxidation,diversity,3,6,SL,sulfone,14.6639
C,oxidation,diversity,3,7,AN,nitrile,17.1966
C,oxidation,diversity,3,8,SN,nitrile,16.3186
C,oxidation,diversity,3,9,GBL,ester,14.8913
C,oxidation,uncertainty,3,0,DME,ether,14.0239
C,oxidation,uncertainty,3,1,DOL,ether,15.5362
C,oxidation,uncertainty,3,2,DMSO,sulfoxide,13.9586
C,oxidation,uncertainty,3,3,TMP,phosphate,14.0095
C,oxidation,uncertainty,3,4,DMC,linear_carbonate,14.9318
C,oxidation,uncertainty,3,5,EC,cyclic_carbonate,15.102
C,oxidation,uncertainty,3,6,SL,sulfone,14.6639
C,oxidation,uncertainty,3,7,AN,nitrile,17.1966
C,oxidation,uncertainty,3,8,SN,nitrile,16.3186
C,oxidation,uncertainty,3,9,GBL,ester,14.8913
C,oxidation,ranking_aware,3,0,DME,ether,14.0239
C,oxidation,ranking_aware,3,1,DOL,ether,15.5362
C,oxidation,ranking_aware,3,2,DMSO,sulfoxide,13.9586
C,oxidation,ranking_aware,3,3,TMP,phosphate,14.0095
C,oxidation,ranking_aware,3,4,AN,nitrile,17.1966
C,oxidation,ranking_aware,3,5,GBL,ester,14.8913
C,oxidation,ranking_aware,3,6,SN,nitrile,16.3186
C,oxidation,ranking_aware,3,7,SL,sulfone,14.6639
C,oxidation,ranking_aware,3,8,EC,cyclic_carbonate,15.102
C,oxidation,ranking_aware,3,9,DMC,linear_carbonate,14.9318
C,oxidation,random,4,0,GBL,ester,14.8913
C,oxidation,random,4,1,SL,sulfone,14.6639
C,oxidation,random,4,2,TMP,phosphate,14.0095
C,oxidation,random,4,3,SN,nitrile,16.3186
C,oxidation,random,4,4,DOL,ether,15.5362
C,oxidation,random,4,5,DMSO,sulfoxide,13.9586
C,oxidation,random,4,6,DME,ether,14.0239
C,oxidation,random,4,7,DMC,linear_carbonate,14.9318
C,oxidation,random,4,8,EC,cyclic_carbonate,15.102
C,oxidation,random,4,9,AN,nitrile,17.1966
C,oxidation,diversity,4,0,GBL,ester,14.8913
C,oxidation,diversity,4,1,SL,sulfone,14.6639
C,oxidation,diversity,4,2,TMP,phosphate,14.0095
C,oxidation,diversity,4,3,SN,nitrile,16.3186
C,oxidation,diversity,4,4,DME,ether,14.0239
C,oxidation,diversity,4,5,AN,nitrile,17.1966
C,oxidation,diversity,4,6,DMSO,sulfoxide,13.9586
C,oxidation,diversity,4,7,DOL,ether,15.5362
C,oxidation,diversity,4,8,DMC,linear_carbonate,14.9318
C,oxidation,diversity,4,9,EC,cyclic_carbonate,15.102
C,oxidation,uncertainty,4,0,GBL,ester,14.8913
C,oxidation,uncertainty,4,1,SL,sulfone,14.6639
C,oxidation,uncertainty,4,2,TMP,phosphate,14.0095
C,oxidation,uncertainty,4,3,SN,nitrile,16.3186
C,oxidation,uncertainty,4,4,DME,ether,14.0239
C,oxidation,uncertainty,4,5,AN,nitrile,17.1966
C,oxidation,uncertainty,4,6,DMSO,sulfoxide,13.9586
C,oxidation,uncertainty,4,7,DOL,ether,15.5362
C,oxidation,uncertainty,4,8,DMC,linear_carbonate,14.9318
C,oxidation,uncertainty,4,9,EC,cyclic_carbonate,15.102
C,oxidation,ranking_aware,4,0,GBL,ester,14.8913
C,oxidation,ranking_aware,4,1,SL,sulfone,14.6639
C,oxidation,ranking_aware,4,2,TMP,phosphate,14.0095
C,oxidation,ranking_aware,4,3,SN,nitrile,16.3186
C,oxidation,ranking_aware,4,4,DME,ether,14.0239
C,oxidation,ranking_aware,4,5,EC,cyclic_carbonate,15.102
C,oxidation,ranking_aware,4,6,DMC,linear_carbonate,14.9318
C,oxidation,ranking_aware,4,7,AN,nitrile,17.1966
C,oxidation,ranking_aware,4,8,DOL,ether,15.5362
C,oxidation,ranking_aware,4,9,DMSO,sulfoxide,13.9586
C,oxidation,random,5,0,DME,ether,14.0239
C,oxidation,random,5,1,DMSO,sulfoxide,13.9586
C,oxidation,random,5,2,TMP,phosphate,14.0095
C,oxidation,random,5,3,SN,nitrile,16.3186
C,oxidation,random,5,4,DMC,linear_carbonate,14.9318
C,oxidation,random,5,5,GBL,ester,14.8913
C,oxidation,random,5,6,SL,sulfone,14.6639
C,oxidation,random,5,7,DOL,ether,15.5362
C,oxidation,random,5,8,AN,nitrile,17.1966
C,oxidation,random,5,9,EC,cyclic_carbonate,15.102
C,oxidation,diversity,5,0,DME,ether,14.0239
C,oxidation,diversity,5,1,DMSO,sulfoxide,13.9586
C,oxidation,diversity,5,2,TMP,phosphate,14.0095
C,oxidation,diversity,5,3,SN,nitrile,16.3186
C,oxidation,diversity,5,4,DMC,linear_carbonate,14.9318
C,oxidation,diversity,5,5,SL,sulfone,14.6639
C,oxidation,diversity,5,6,DOL,ether,15.5362
C,oxidation,diversity,5,7,AN,nitrile,17.1966
C,oxidation,diversity,5,8,EC,cyclic_carbonate,15.102
C,oxidation,diversity,5,9,GBL,ester,14.8913
C,oxidation,uncertainty,5,0,DME,ether,14.0239
C,oxidation,uncertainty,5,1,DMSO,sulfoxide,13.9586
C,oxidation,uncertainty,5,2,TMP,phosphate,14.0095
C,oxidation,uncertainty,5,3,SN,nitrile,16.3186
C,oxidation,uncertainty,5,4,DMC,linear_carbonate,14.9318
C,oxidation,uncertainty,5,5,SL,sulfone,14.6639
C,oxidation,uncertainty,5,6,DOL,ether,15.5362
C,oxidation,uncertainty,5,7,AN,nitrile,17.1966
C,oxidation,uncertainty,5,8,EC,cyclic_carbonate,15.102
C,oxidation,uncertainty,5,9,GBL,ester,14.8913
C,oxidation,ranking_aware,5,0,DME,ether,14.0239
C,oxidation,ranking_aware,5,1,DMSO,sulfoxide,13.9586
C,oxidation,ranking_aware,5,2,TMP,phosphate,14.0095
C,oxidation,ranking_aware,5,3,SN,nitrile,16.3186
C,oxidation,ranking_aware,5,4,GBL,ester,14.8913
C,oxidation,ranking_aware,5,5,EC,cyclic_carbonate,15.102
C,oxidation,ranking_aware,5,6,DMC,linear_carbonate,14.9318
C,oxidation,ranking_aware,5,7,SL,sulfone,14.6639
C,oxidation,ranking_aware,5,8,AN,nitrile,17.1966
C,oxidation,ranking_aware,5,9,DOL,ether,15.5362
C,oxidation,random,6,0,EC,cyclic_carbonate,15.102
C,oxidation,random,6,1,DOL,ether,15.5362
C,oxidation,random,6,2,SL,sulfone,14.6639
C,oxidation,random,6,3,DMSO,sulfoxide,13.9586
C,oxidation,random,6,4,GBL,ester,14.8913
C,oxidation,random,6,5,DME,ether,14.0239
C,oxidation,random,6,6,SN,nitrile,16.3186
C,oxidation,random,6,7,DMC,linear_carbonate,14.9318
C,oxidation,random,6,8,TMP,phosphate,14.0095
C,oxidation,random,6,9,AN,nitrile,17.1966
C,oxidation,diversity,6,0,EC,cyclic_carbonate,15.102
C,oxidation,diversity,6,1,DOL,ether,15.5362
C,oxidation,diversity,6,2,SL,sulfone,14.6639
C,oxidation,diversity,6,3,DMSO,sulfoxide,13.9586
C,oxidation,diversity,6,4,TMP,phosphate,14.0095
C,oxidation,diversity,6,5,DME,ether,14.0239
C,oxidation,diversity,6,6,DMC,linear_carbonate,14.9318
C,oxidation,diversity,6,7,AN,nitrile,17.1966
C,oxidation,diversity,6,8,SN,nitrile,16.3186
C,oxidation,diversity,6,9,GBL,ester,14.8913
C,oxidation,uncertainty,6,0,EC,cyclic_carbonate,15.102
C,oxidation,uncertainty,6,1,DOL,ether,15.5362
C,oxidation,uncertainty,6,2,SL,sulfone,14.6639
C,oxidation,uncertainty,6,3,DMSO,sulfoxide,13.9586
C,oxidation,uncertainty,6,4,DME,ether,14.0239
C,oxidation,uncertainty,6,5,TMP,phosphate,14.0095
C,oxidation,uncertainty,6,6,DMC,linear_carbonate,14.9318
C,oxidation,uncertainty,6,7,AN,nitrile,17.1966
C,oxidation,uncertainty,6,8,SN,nitrile,16.3186
C,oxidation,uncertainty,6,9,GBL,ester,14.8913
C,oxidation,ranking_aware,6,0,EC,cyclic_carbonate,15.102
C,oxidation,ranking_aware,6,1,DOL,ether,15.5362
C,oxidation,ranking_aware,6,2,SL,sulfone,14.6639
C,oxidation,ranking_aware,6,3,DMSO,sulfoxide,13.9586
C,oxidation,ranking_aware,6,4,DME,ether,14.0239
C,oxidation,ranking_aware,6,5,GBL,ester,14.8913
C,oxidation,ranking_aware,6,6,SN,nitrile,16.3186
C,oxidation,ranking_aware,6,7,AN,nitrile,17.1966
C,oxidation,ranking_aware,6,8,TMP,phosphate,14.0095
C,oxidation,ranking_aware,6,9,DMC,linear_carbonate,14.9318
C,oxidation,random,7,0,DMC,linear_carbonate,14.9318
C,oxidation,random,7,1,EC,cyclic_carbonate,15.102
C,oxidation,random,7,2,GBL,ester,14.8913
C,oxidation,random,7,3,AN,nitrile,17.1966
C,oxidation,random,7,4,SL,sulfone,14.6639
C,oxidation,random,7,5,TMP,phosphate,14.0095
C,oxidation,random,7,6,DMSO,sulfoxide,13.9586
C,oxidation,random,7,7,SN,nitrile,16.3186
C,oxidation,random,7,8,DOL,ether,15.5362
C,oxidation,random,7,9,DME,ether,14.0239
C,oxidation,diversity,7,0,DMC,linear_carbonate,14.9318
C,oxidation,diversity,7,1,EC,cyclic_carbonate,15.102
C,oxidation,diversity,7,2,GBL,ester,14.8913
C,oxidation,diversity,7,3,AN,nitrile,17.1966
C,oxidation,diversity,7,4,DME,ether,14.0239
C,oxidation,diversity,7,5,TMP,phosphate,14.0095
C,oxidation,diversity,7,6,DOL,ether,15.5362
C,oxidation,diversity,7,7,DMSO,sulfoxide,13.9586
C,oxidation,diversity,7,8,SN,nitrile,16.3186
C,oxidation,diversity,7,9,SL,sulfone,14.6639
C,oxidation,uncertainty,7,0,DMC,linear_carbonate,14.9318
C,oxidation,uncertainty,7,1,EC,cyclic_carbonate,15.102
C,oxidation,uncertainty,7,2,GBL,ester,14.8913
C,oxidation,uncertainty,7,3,AN,nitrile,17.1966
C,oxidation,uncertainty,7,4,DME,ether,14.0239
C,oxidation,uncertainty,7,5,TMP,phosphate,14.0095
C,oxidation,uncertainty,7,6,DOL,ether,15.5362
C,oxidation,uncertainty,7,7,DMSO,sulfoxide,13.9586
C,oxidation,uncertainty,7,8,SN,nitrile,16.3186
C,oxidation,uncertainty,7,9,SL,sulfone,14.6639
C,oxidation,ranking_aware,7,0,DMC,linear_carbonate,14.9318
C,oxidation,ranking_aware,7,1,EC,cyclic_carbonate,15.102
C,oxidation,ranking_aware,7,2,GBL,ester,14.8913
C,oxidation,ranking_aware,7,3,AN,nitrile,17.1966
C,oxidation,ranking_aware,7,4,DMSO,sulfoxide,13.9586
C,oxidation,ranking_aware,7,5,SN,nitrile,16.3186
C,oxidation,ranking_aware,7,6,DME,ether,14.0239
C,oxidation,ranking_aware,7,7,SL,sulfone,14.6639
C,oxidation,ranking_aware,7,8,TMP,phosphate,14.0095
C,oxidation,ranking_aware,7,9,DOL,ether,15.5362
C,oxidation,random,8,0,SL,sulfone,14.6639
C,oxidation,random,8,1,DMSO,sulfoxide,13.9586
C,oxidation,random,8,2,AN,nitrile,17.1966
C,oxidation,random,8,3,TMP,phosphate,14.0095
C,oxidation,random,8,4,GBL,ester,14.8913
C,oxidation,random,8,5,SN,nitrile,16.3186
C,oxidation,random,8,6,DME,ether,14.0239
C,oxidation,random,8,7,DMC,linear_carbonate,14.9318
C,oxidation,random,8,8,EC,cyclic_carbonate,15.102
C,oxidation,random,8,9,DOL,ether,15.5362
C,oxidation,diversity,8,0,SL,sulfone,14.6639
C,oxidation,diversity,8,1,DMSO,sulfoxide,13.9586
C,oxidation,diversity,8,2,AN,nitrile,17.1966
C,oxidation,diversity,8,3,TMP,phosphate,14.0095
C,oxidation,diversity,8,4,DOL,ether,15.5362
C,oxidation,diversity,8,5,DMC,linear_carbonate,14.9318
C,oxidation,diversity,8,6,DME,ether,14.0239
C,oxidation,diversity,8,7,SN,nitrile,16.3186
C,oxidation,diversity,8,8,EC,cyclic_carbonate,15.102
C,oxidation,diversity,8,9,GBL,ester,14.8913
C,oxidation,uncertainty,8,0,SL,sulfone,14.6639
C,oxidation,uncertainty,8,1,DMSO,sulfoxide,13.9586
C,oxidation,uncertainty,8,2,AN,nitrile,17.1966
C,oxidation,uncertainty,8,3,TMP,phosphate,14.0095
C,oxidation,uncertainty,8,4,DMC,linear_carbonate,14.9318
C,oxidation,uncertainty,8,5,EC,cyclic_carbonate,15.102
C,oxidation,uncertainty,8,6,DME,ether,14.0239
C,oxidation,uncertainty,8,7,DOL,ether,15.5362
C,oxidation,uncertainty,8,8,SN,nitrile,16.3186
C,oxidation,uncertainty,8,9,GBL,ester,14.8913
C,oxidation,ranking_aware,8,0,SL,sulfone,14.6639
C,oxidation,ranking_aware,8,1,DMSO,sulfoxide,13.9586
C,oxidation,ranking_aware,8,2,AN,nitrile,17.1966
C,oxidation,ranking_aware,8,3,TMP,phosphate,14.0095
C,oxidation,ranking_aware,8,4,DME,ether,14.0239
C,oxidation,ranking_aware,8,5,SN,nitrile,16.3186
C,oxidation,ranking_aware,8,6,DMC,linear_carbonate,14.9318
C,oxidation,ranking_aware,8,7,DOL,ether,15.5362
C,oxidation,ranking_aware,8,8,GBL,ester,14.8913
C,oxidation,ranking_aware,8,9,EC,cyclic_carbonate,15.102
C,oxidation,random,9,0,SL,sulfone,14.6639
C,oxidation,random,9,1,AN,nitrile,17.1966
C,oxidation,random,9,2,TMP,phosphate,14.0095
C,oxidation,random,9,3,SN,nitrile,16.3186
C,oxidation,random,9,4,GBL,ester,14.8913
C,oxidation,random,9,5,DOL,ether,15.5362
C,oxidation,random,9,6,DME,ether,14.0239
C,oxidation,random,9,7,EC,cyclic_carbonate,15.102
C,oxidation,random,9,8,DMSO,sulfoxide,13.9586
C,oxidation,random,9,9,DMC,linear_carbonate,14.9318
C,oxidation,diversity,9,0,SL,sulfone,14.6639
C,oxidation,diversity,9,1,AN,nitrile,17.1966
C,oxidation,diversity,9,2,TMP,phosphate,14.0095
C,oxidation,diversity,9,3,SN,nitrile,16.3186
C,oxidation,diversity,9,4,DME,ether,14.0239
C,oxidation,diversity,9,5,DOL,ether,15.5362
C,oxidation,diversity,9,6,DMSO,sulfoxide,13.9586
C,oxidation,diversity,9,7,DMC,linear_carbonate,14.9318
C,oxidation,diversity,9,8,EC,cyclic_carbonate,15.102
C,oxidation,diversity,9,9,GBL,ester,14.8913
C,oxidation,uncertainty,9,0,SL,sulfone,14.6639
C,oxidation,uncertainty,9,1,AN,nitrile,17.1966
C,oxidation,uncertainty,9,2,TMP,phosphate,14.0095
C,oxidation,uncertainty,9,3,SN,nitrile,16.3186
C,oxidation,uncertainty,9,4,DME,ether,14.0239
C,oxidation,uncertainty,9,5,DMSO,sulfoxide,13.9586
C,oxidation,uncertainty,9,6,DMC,linear_carbonate,14.9318
C,oxidation,uncertainty,9,7,EC,cyclic_carbonate,15.102
C,oxidation,uncertainty,9,8,DOL,ether,15.5362
C,oxidation,uncertainty,9,9,GBL,ester,14.8913
C,oxidation,ranking_aware,9,0,SL,sulfone,14.6639
C,oxidation,ranking_aware,9,1,AN,nitrile,17.1966
C,oxidation,ranking_aware,9,2,TMP,phosphate,14.0095
C,oxidation,ranking_aware,9,3,SN,nitrile,16.3186
C,oxidation,ranking_aware,9,4,DMSO,sulfoxide,13.9586
C,oxidation,ranking_aware,9,5,DMC,linear_carbonate,14.9318
C,oxidation,ranking_aware,9,6,EC,cyclic_carbonate,15.102
C,oxidation,ranking_aware,9,7,GBL,ester,14.8913
C,oxidation,ranking_aware,9,8,DOL,ether,15.5362
C,oxidation,ranking_aware,9,9,DME,ether,14.0239
C,oxidation,random,10,0,EC,cyclic_carbonate,15.102
C,oxidation,random,10,1,SL,sulfone,14.6639
C,oxidation,random,10,2,DMSO,sulfoxide,13.9586
C,oxidation,random,10,3,SN,nitrile,16.3186
C,oxidation,random,10,4,TMP,phosphate,14.0095
C,oxidation,random,10,5,DME,ether,14.0239
C,oxidation,random,10,6,AN,nitrile,17.1966
C,oxidation,random,10,7,DMC,linear_carbonate,14.9318
C,oxidation,random,10,8,DOL,ether,15.5362
C,oxidation,random,10,9,GBL,ester,14.8913
C,oxidation,diversity,10,0,EC,cyclic_carbonate,15.102
C,oxidation,diversity,10,1,SL,sulfone,14.6639
C,oxidation,diversity,10,2,DMSO,sulfoxide,13.9586
C,oxidation,diversity,10,3,SN,nitrile,16.3186
C,oxidation,diversity,10,4,TMP,phosphate,14.0095
C,oxidation,diversity,10,5,DOL,ether,15.5362
C,oxidation,diversity,10,6,DME,ether,14.0239
C,oxidation,diversity,10,7,AN,nitrile,17.1966
C,oxidation,diversity,10,8,DMC,linear_carbonate,14.9318
C,oxidation,diversity,10,9,GBL,ester,14.8913
C,oxidation,uncertainty,10,0,EC,cyclic_carbonate,15.102
C,oxidation,uncertainty,10,1,SL,sulfone,14.6639
C,oxidation,uncertainty,10,2,DMSO,sulfoxide,13.9586
C,oxidation,uncertainty,10,3,SN,nitrile,16.3186
C,oxidation,uncertainty,10,4,DME,ether,14.0239
C,oxidation,uncertainty,10,5,TMP,phosphate,14.0095
C,oxidation,uncertainty,10,6,DOL,ether,15.5362
C,oxidation,uncertainty,10,7,AN,nitrile,17.1966
C,oxidation,uncertainty,10,8,DMC,linear_carbonate,14.9318
C,oxidation,uncertainty,10,9,GBL,ester,14.8913
C,oxidation,ranking_aware,10,0,EC,cyclic_carbonate,15.102
C,oxidation,ranking_aware,10,1,SL,sulfone,14.6639
C,oxidation,ranking_aware,10,2,DMSO,sulfoxide,13.9586
C,oxidation,ranking_aware,10,3,SN,nitrile,16.3186
C,oxidation,ranking_aware,10,4,TMP,phosphate,14.0095
C,oxidation,ranking_aware,10,5,DMC,linear_carbonate,14.9318
C,oxidation,ranking_aware,10,6,GBL,ester,14.8913
C,oxidation,ranking_aware,10,7,DOL,ether,15.5362
C,oxidation,ranking_aware,10,8,DME,ether,14.0239
C,oxidation,ranking_aware,10,9,AN,nitrile,17.1966
C,oxidation,random,11,0,DMC,linear_carbonate,14.9318
C,oxidation,random,11,1,DOL,ether,15.5362
C,oxidation,random,11,2,GBL,ester,14.8913
C,oxidation,random,11,3,SL,sulfone,14.6639
C,oxidation,random,11,4,AN,nitrile,17.1966
C,oxidation,random,11,5,SN,nitrile,16.3186
C,oxidation,random,11,6,EC,cyclic_carbonate,15.102
C,oxidation,random,11,7,TMP,phosphate,14.0095
C,oxidation,random,11,8,DME,ether,14.0239
C,oxidation,random,11,9,DMSO,sulfoxide,13.9586
C,oxidation,diversity,11,0,DMC,linear_carbonate,14.9318
C,oxidation,diversity,11,1,DOL,ether,15.5362
C,oxidation,diversity,11,2,GBL,ester,14.8913
C,oxidation,diversity,11,3,SL,sulfone,14.6639
C,oxidation,diversity,11,4,TMP,phosphate,14.0095
C,oxidation,diversity,11,5,AN,nitrile,17.1966
C,oxidation,diversity,11,6,DMSO,sulfoxide,13.9586
C,oxidation,diversity,11,7,DME,ether,14.0239
C,oxidation,diversity,11,8,SN,nitrile,16.3186
C,oxidation,diversity,11,9,EC,cyclic_carbonate,15.102
C,oxidation,uncertainty,11,0,DMC,linear_carbonate,14.9318
C,oxidation,uncertainty,11,1,DOL,ether,15.5362
C,oxidation,uncertainty,11,2,GBL,ester,14.8913
C,oxidation,uncertainty,11,3,SL,sulfone,14.6639
C,oxidation,uncertainty,11,4,TMP,phosphate,14.0095
C,oxidation,uncertainty,11,5,DME,ether,14.0239
C,oxidation,uncertainty,11,6,DMSO,sulfoxide,13.9586
C,oxidation,uncertainty,11,7,AN,nitrile,17.1966
C,oxidation,uncertainty,11,8,SN,nitrile,16.3186
C,oxidation,uncertainty,11,9,EC,cyclic_carbonate,15.102
C,oxidation,ranking_aware,11,0,DMC,linear_carbonate,14.9318
C,oxidation,ranking_aware,11,1,DOL,ether,15.5362
C,oxidation,ranking_aware,11,2,GBL,ester,14.8913
C,oxidation,ranking_aware,11,3,SL,sulfone,14.6639
C,oxidation,ranking_aware,11,4,DME,ether,14.0239
C,oxidation,ranking_aware,11,5,EC,cyclic_carbonate,15.102
C,oxidation,ranking_aware,11,6,SN,nitrile,16.3186
C,oxidation,ranking_aware,11,7,DMSO,sulfoxide,13.9586
C,oxidation,ranking_aware,11,8,AN,nitrile,17.1966
C,oxidation,ranking_aware,11,9,TMP,phosphate,14.0095
C,oxidation,random,12,0,DMC,linear_carbonate,14.9318
C,oxidation,random,12,1,EC,cyclic_carbonate,15.102
C,oxidation,random,12,2,DME,ether,14.0239
C,oxidation,random,12,3,DOL,ether,15.5362
C,oxidation,random,12,4,SN,nitrile,16.3186
C,oxidation,random,12,5,DMSO,sulfoxide,13.9586
C,oxidation,random,12,6,GBL,ester,14.8913
C,oxidation,random,12,7,SL,sulfone,14.6639
C,oxidation,random,12,8,AN,nitrile,17.1966
C,oxidation,random,12,9,TMP,phosphate,14.0095
C,oxidation,diversity,12,0,DMC,linear_carbonate,14.9318
C,oxidation,diversity,12,1,EC,cyclic_carbonate,15.102
C,oxidation,diversity,12,2,DME,ether,14.0239
C,oxidation,diversity,12,3,DOL,ether,15.5362
C,oxidation,diversity,12,4,TMP,phosphate,14.0095
C,oxidation,diversity,12,5,AN,nitrile,17.1966
C,oxidation,diversity,12,6,SL,sulfone,14.6639
C,oxidation,diversity,12,7,DMSO,sulfoxide,13.9586
C,oxidation,diversity,12,8,SN,nitrile,16.3186
C,oxidation,diversity,12,9,GBL,ester,14.8913
C,oxidation,uncertainty,12,0,DMC,linear_carbonate,14.9318
C,oxidation,uncertainty,12,1,EC,cyclic_carbonate,15.102
C,oxidation,uncertainty,12,2,DME,ether,14.0239
C,oxidation,uncertainty,12,3,DOL,ether,15.5362
C,oxidation,uncertainty,12,4,TMP,phosphate,14.0095
C,oxidation,uncertainty,12,5,SL,sulfone,14.6639
C,oxidation,uncertainty,12,6,DMSO,sulfoxide,13.9586
C,oxidation,uncertainty,12,7,AN,nitrile,17.1966
C,oxidation,uncertainty,12,8,SN,nitrile,16.3186
C,oxidation,uncertainty,12,9,GBL,ester,14.8913
C,oxidation,ranking_aware,12,0,DMC,linear_carbonate,14.9318
C,oxidation,ranking_aware,12,1,EC,cyclic_carbonate,15.102
C,oxidation,ranking_aware,12,2,DME,ether,14.0239
C,oxidation,ranking_aware,12,3,DOL,ether,15.5362
C,oxidation,ranking_aware,12,4,AN,nitrile,17.1966
C,oxidation,ranking_aware,12,5,DMSO,sulfoxide,13.9586
C,oxidation,ranking_aware,12,6,GBL,ester,14.8913
C,oxidation,ranking_aware,12,7,TMP,phosphate,14.0095
C,oxidation,ranking_aware,12,8,SL,sulfone,14.6639
C,oxidation,ranking_aware,12,9,SN,nitrile,16.3186
C,oxidation,random,13,0,GBL,ester,14.8913
C,oxidation,random,13,1,SL,sulfone,14.6639
C,oxidation,random,13,2,AN,nitrile,17.1966
C,oxidation,random,13,3,SN,nitrile,16.3186
C,oxidation,random,13,4,TMP,phosphate,14.0095
C,oxidation,random,13,5,DMSO,sulfoxide,13.9586
C,oxidation,random,13,6,DOL,ether,15.5362
C,oxidation,random,13,7,DMC,linear_carbonate,14.9318
C,oxidation,random,13,8,EC,cyclic_carbonate,15.102
C,oxidation,random,13,9,DME,ether,14.0239
C,oxidation,diversity,13,0,GBL,ester,14.8913
C,oxidation,diversity,13,1,SL,sulfone,14.6639
C,oxidation,diversity,13,2,AN,nitrile,17.1966
C,oxidation,diversity,13,3,SN,nitrile,16.3186
C,oxidation,diversity,13,4,TMP,phosphate,14.0095
C,oxidation,diversity,13,5,DME,ether,14.0239
C,oxidation,diversity,13,6,DMSO,sulfoxide,13.9586
C,oxidation,diversity,13,7,DOL,ether,15.5362
C,oxidation,diversity,13,8,DMC,linear_carbonate,14.9318
C,oxidation,diversity,13,9,EC,cyclic_carbonate,15.102
C,oxidation,uncertainty,13,0,GBL,ester,14.8913
C,oxidation,uncertainty,13,1,SL,sulfone,14.6639
C,oxidation,uncertainty,13,2,AN,nitrile,17.1966
C,oxidation,uncertainty,13,3,SN,nitrile,16.3186
C,oxidation,uncertainty,13,4,DME,ether,14.0239
C,oxidation,uncertainty,13,5,TMP,phosphate,14.0095
C,oxidation,uncertainty,13,6,DMSO,sulfoxide,13.9586
C,oxidation,uncertainty,13,7,DOL,ether,15.5362
C,oxidation,uncertainty,13,8,DMC,linear_carbonate,14.9318
C,oxidation,uncertainty,13,9,EC,cyclic_carbonate,15.102
C,oxidation,ranking_aware,13,0,GBL,ester,14.8913
C,oxidation,ranking_aware,13,1,SL,sulfone,14.6639
C,oxidation,ranking_aware,13,2,AN,nitrile,17.1966
C,oxidation,ranking_aware,13,3,SN,nitrile,16.3186
C,oxidation,ranking_aware,13,4,DMC,linear_carbonate,14.9318
C,oxidation,ranking_aware,13,5,TMP,phosphate,14.0095
C,oxidation,ranking_aware,13,6,DMSO,sulfoxide,13.9586
C,oxidation,ranking_aware,13,7,DME,ether,14.0239
C,oxidation,ranking_aware,13,8,EC,cyclic_carbonate,15.102
C,oxidation,ranking_aware,13,9,DOL,ether,15.5362
C,oxidation,random,14,0,DMC,linear_carbonate,14.9318
C,oxidation,random,14,1,EC,cyclic_carbonate,15.102
C,oxidation,random,14,2,SL,sulfone,14.6639
C,oxidation,random,14,3,SN,nitrile,16.3186
C,oxidation,random,14,4,DME,ether,14.0239
C,oxidation,random,14,5,AN,nitrile,17.1966
C,oxidation,random,14,6,GBL,ester,14.8913
C,oxidation,random,14,7,DMSO,sulfoxide,13.9586
C,oxidation,random,14,8,DOL,ether,15.5362
C,oxidation,random,14,9,TMP,phosphate,14.0095
C,oxidation,diversity,14,0,DMC,linear_carbonate,14.9318
C,oxidation,diversity,14,1,EC,cyclic_carbonate,15.102
C,oxidation,diversity,14,2,SL,sulfone,14.6639
C,oxidation,diversity,14,3,SN,nitrile,16.3186
C,oxidation,diversity,14,4,DME,ether,14.0239
C,oxidation,diversity,14,5,AN,nitrile,17.1966
C,oxidation,diversity,14,6,TMP,phosphate,14.0095
C,oxidation,diversity,14,7,DOL,ether,15.5362
C,oxidation,diversity,14,8,DMSO,sulfoxide,13.9586
C,oxidation,diversity,14,9,GBL,ester,14.8913
C,oxidation,uncertainty,14,0,DMC,linear_carbonate,14.9318
C,oxidation,uncertainty,14,1,EC,cyclic_carbonate,15.102
C,oxidation,uncertainty,14,2,SL,sulfone,14.6639
C,oxidation,uncertainty,14,3,SN,nitrile,16.3186
C,oxidation,uncertainty,14,4,DME,ether,14.0239
C,oxidation,uncertainty,14,5,AN,nitrile,17.1966
C,oxidation,uncertainty,14,6,DOL,ether,15.5362
C,oxidation,uncertainty,14,7,DMSO,sulfoxide,13.9586
C,oxidation,uncertainty,14,8,TMP,phosphate,14.0095
C,oxidation,uncertainty,14,9,GBL,ester,14.8913
C,oxidation,ranking_aware,14,0,DMC,linear_carbonate,14.9318
C,oxidation,ranking_aware,14,1,EC,cyclic_carbonate,15.102
C,oxidation,ranking_aware,14,2,SL,sulfone,14.6639
C,oxidation,ranking_aware,14,3,SN,nitrile,16.3186
C,oxidation,ranking_aware,14,4,TMP,phosphate,14.0095
C,oxidation,ranking_aware,14,5,DMSO,sulfoxide,13.9586
C,oxidation,ranking_aware,14,6,DME,ether,14.0239
C,oxidation,ranking_aware,14,7,GBL,ester,14.8913
C,oxidation,ranking_aware,14,8,DOL,ether,15.5362
C,oxidation,ranking_aware,14,9,AN,nitrile,17.1966
C,oxidation,random,15,0,EC,cyclic_carbonate,15.102
C,oxidation,random,15,1,DME,ether,14.0239
C,oxidation,random,15,2,AN,nitrile,17.1966
C,oxidation,random,15,3,SN,nitrile,16.3186
C,oxidation,random,15,4,DMSO,sulfoxide,13.9586
C,oxidation,random,15,5,GBL,ester,14.8913
C,oxidation,random,15,6,DMC,linear_carbonate,14.9318
C,oxidation,random,15,7,TMP,phosphate,14.0095
C,oxidation,random,15,8,SL,sulfone,14.6639
C,oxidation,random,15,9,DOL,ether,15.5362
C,oxidation,diversity,15,0,EC,cyclic_carbonate,15.102
C,oxidation,diversity,15,1,DME,ether,14.0239
C,oxidation,diversity,15,2,AN,nitrile,17.1966
C,oxidation,diversity,15,3,SN,nitrile,16.3186
C,oxidation,diversity,15,4,TMP,phosphate,14.0095
C,oxidation,diversity,15,5,DOL,ether,15.5362
C,oxidation,diversity,15,6,SL,sulfone,14.6639
C,oxidation,diversity,15,7,DMC,linear_carbonate,14.9318
C,oxidation,diversity,15,8,DMSO,sulfoxide,13.9586
C,oxidation,diversity,15,9,GBL,ester,14.8913
C,oxidation,uncertainty,15,0,EC,cyclic_carbonate,15.102
C,oxidation,uncertainty,15,1,DME,ether,14.0239
C,oxidation,uncertainty,15,2,AN,nitrile,17.1966
C,oxidation,uncertainty,15,3,SN,nitrile,16.3186
C,oxidation,uncertainty,15,4,DMC,linear_carbonate,14.9318
C,oxidation,uncertainty,15,5,DOL,ether,15.5362
C,oxidation,uncertainty,15,6,SL,sulfone,14.6639
C,oxidation,uncertainty,15,7,DMSO,sulfoxide,13.9586
C,oxidation,uncertainty,15,8,TMP,phosphate,14.0095
C,oxidation,uncertainty,15,9,GBL,ester,14.8913
C,oxidation,ranking_aware,15,0,EC,cyclic_carbonate,15.102
C,oxidation,ranking_aware,15,1,DME,ether,14.0239
C,oxidation,ranking_aware,15,2,AN,nitrile,17.1966
C,oxidation,ranking_aware,15,3,SN,nitrile,16.3186
C,oxidation,ranking_aware,15,4,GBL,ester,14.8913
C,oxidation,ranking_aware,15,5,DMC,linear_carbonate,14.9318
C,oxidation,ranking_aware,15,6,DOL,ether,15.5362
C,oxidation,ranking_aware,15,7,TMP,phosphate,14.0095
C,oxidation,ranking_aware,15,8,DMSO,sulfoxide,13.9586
C,oxidation,ranking_aware,15,9,SL,sulfone,14.6639
C,oxidation,random,16,0,DMC,linear_carbonate,14.9318
C,oxidation,random,16,1,EC,cyclic_carbonate,15.102
C,oxidation,random,16,2,GBL,ester,14.8913
C,oxidation,random,16,3,TMP,phosphate,14.0095
C,oxidation,random,16,4,SN,nitrile,16.3186
C,oxidation,random,16,5,DOL,ether,15.5362
C,oxidation,random,16,6,AN,nitrile,17.1966
C,oxidation,random,16,7,SL,sulfone,14.6639
C,oxidation,random,16,8,DMSO,sulfoxide,13.9586
C,oxidation,random,16,9,DME,ether,14.0239
C,oxidation,diversity,16,0,DMC,linear_carbonate,14.9318
C,oxidation,diversity,16,1,EC,cyclic_carbonate,15.102
C,oxidation,diversity,16,2,GBL,ester,14.8913
C,oxidation,diversity,16,3,TMP,phosphate,14.0095
C,oxidation,diversity,16,4,DME,ether,14.0239
C,oxidation,diversity,16,5,AN,nitrile,17.1966
C,oxidation,diversity,16,6,DOL,ether,15.5362
C,oxidation,diversity,16,7,DMSO,sulfoxide,13.9586
C,oxidation,diversity,16,8,SN,nitrile,16.3186
C,oxidation,diversity,16,9,SL,sulfone,14.6639
C,oxidation,uncertainty,16,0,DMC,linear_carbonate,14.9318
C,oxidation,uncertainty,16,1,EC,cyclic_carbonate,15.102
C,oxidation,uncertainty,16,2,GBL,ester,14.8913
C,oxidation,uncertainty,16,3,TMP,phosphate,14.0095
C,oxidation,uncertainty,16,4,DME,ether,14.0239
C,oxidation,uncertainty,16,5,AN,nitrile,17.1966
C,oxidation,uncertainty,16,6,DOL,ether,15.5362
C,oxidation,uncertainty,16,7,DMSO,sulfoxide,13.9586
C,oxidation,uncertainty,16,8,SN,nitrile,16.3186
C,oxidation,uncertainty,16,9,SL,sulfone,14.6639
C,oxidation,ranking_aware,16,0,DMC,linear_carbonate,14.9318
C,oxidation,ranking_aware,16,1,EC,cyclic_carbonate,15.102
C,oxidation,ranking_aware,16,2,GBL,ester,14.8913
C,oxidation,ranking_aware,16,3,TMP,phosphate,14.0095
C,oxidation,ranking_aware,16,4,SN,nitrile,16.3186
C,oxidation,ranking_aware,16,5,DOL,ether,15.5362
C,oxidation,ranking_aware,16,6,DMSO,sulfoxide,13.9586
C,oxidation,ranking_aware,16,7,SL,sulfone,14.6639
C,oxidation,ranking_aware,16,8,DME,ether,14.0239
C,oxidation,ranking_aware,16,9,AN,nitrile,17.1966
C,oxidation,random,17,0,DMC,linear_carbonate,14.9318
C,oxidation,random,17,1,DME,ether,14.0239
C,oxidation,random,17,2,SL,sulfone,14.6639
C,oxidation,random,17,3,DMSO,sulfoxide,13.9586
C,oxidation,random,17,4,AN,nitrile,17.1966
C,oxidation,random,17,5,TMP,phosphate,14.0095
C,oxidation,random,17,6,SN,nitrile,16.3186
C,oxidation,random,17,7,GBL,ester,14.8913
C,oxidation,random,17,8,EC,cyclic_carbonate,15.102
C,oxidation,random,17,9,DOL,ether,15.5362
C,oxidation,diversity,17,0,DMC,linear_carbonate,14.9318
C,oxidation,diversity,17,1,DME,ether,14.0239
C,oxidation,diversity,17,2,SL,sulfone,14.6639
C,oxidation,diversity,17,3,DMSO,sulfoxide,13.9586
C,oxidation,diversity,17,4,TMP,phosphate,14.0095
C,oxidation,diversity,17,5,DOL,ether,15.5362
C,oxidation,diversity,17,6,EC,cyclic_carbonate,15.102
C,oxidation,diversity,17,7,AN,nitrile,17.1966
C,oxidation,diversity,17,8,SN,nitrile,16.3186
C,oxidation,diversity,17,9,GBL,ester,14.8913
C,oxidation,uncertainty,17,0,DMC,linear_carbonate,14.9318
C,oxidation,uncertainty,17,1,DME,ether,14.0239
C,oxidation,uncertainty,17,2,SL,sulfone,14.6639
C,oxidation,uncertainty,17,3,DMSO,sulfoxide,13.9586
C,oxidation,uncertainty,17,4,TMP,phosphate,14.0095
C,oxidation,uncertainty,17,5,DOL,ether,15.5362
C,oxidation,uncertainty,17,6,EC,cyclic_carbonate,15.102
C,oxidation,uncertainty,17,7,AN,nitrile,17.1966
C,oxidation,uncertainty,17,8,SN,nitrile,16.3186
C,oxidation,uncertainty,17,9,GBL,ester,14.8913
C,oxidation,ranking_aware,17,0,DMC,linear_carbonate,14.9318
C,oxidation,ranking_aware,17,1,DME,ether,14.0239
C,oxidation,ranking_aware,17,2,SL,sulfone,14.6639
C,oxidation,ranking_aware,17,3,DMSO,sulfoxide,13.9586
C,oxidation,ranking_aware,17,4,EC,cyclic_carbonate,15.102
C,oxidation,ranking_aware,17,5,SN,nitrile,16.3186
C,oxidation,ranking_aware,17,6,GBL,ester,14.8913
C,oxidation,ranking_aware,17,7,AN,nitrile,17.1966
C,oxidation,ranking_aware,17,8,TMP,phosphate,14.0095
C,oxidation,ranking_aware,17,9,DOL,ether,15.5362
C,oxidation,random,18,0,DME,ether,14.0239
C,oxidation,random,18,1,DMSO,sulfoxide,13.9586
C,oxidation,random,18,2,AN,nitrile,17.1966
C,oxidation,random,18,3,TMP,phosphate,14.0095
C,oxidation,random,18,4,GBL,ester,14.8913
C,oxidation,random,18,5,DMC,linear_carbonate,14.9318
C,oxidation,random,18,6,SL,sulfone,14.6639
C,oxidation,random,18,7,EC,cyclic_carbonate,15.102
C,oxidation,random,18,8,SN,nitrile,16.3186
C,oxidation,random,18,9,DOL,ether,15.5362
C,oxidation,diversity,18,0,DME,ether,14.0239
C,oxidation,diversity,18,1,DMSO,sulfoxide,13.9586
C,oxidation,diversity,18,2,AN,nitrile,17.1966
C,oxidation,diversity,18,3,TMP,phosphate,14.0095
C,oxidation,diversity,18,4,DMC,linear_carbonate,14.9318
C,oxidation,diversity,18,5,SL,sulfone,14.6639
C,oxidation,diversity,18,6,DOL,ether,15.5362
C,oxidation,diversity,18,7,SN,nitrile,16.3186
C,oxidation,diversity,18,8,EC,cyclic_carbonate,15.102
C,oxidation,diversity,18,9,GBL,ester,14.8913
C,oxidation,uncertainty,18,0,DME,ether,14.0239
C,oxidation,uncertainty,18,1,DMSO,sulfoxide,13.9586
C,oxidation,uncertainty,18,2,AN,nitrile,17.1966
C,oxidation,uncertainty,18,3,TMP,phosphate,14.0095
C,oxidation,uncertainty,18,4,DMC,linear_carbonate,14.9318
C,oxidation,uncertainty,18,5,EC,cyclic_carbonate,15.102
C,oxidation,uncertainty,18,6,DOL,ether,15.5362
C,oxidation,uncertainty,18,7,SL,sulfone,14.6639
C,oxidation,uncertainty,18,8,SN,nitrile,16.3186
C,oxidation,uncertainty,18,9,GBL,ester,14.8913
C,oxidation,ranking_aware,18,0,DME,ether,14.0239
C,oxidation,ranking_aware,18,1,DMSO,sulfoxide,13.9586
C,oxidation,ranking_aware,18,2,AN,nitrile,17.1966
C,oxidation,ranking_aware,18,3,TMP,phosphate,14.0095
C,oxidation,ranking_aware,18,4,DOL,ether,15.5362
C,oxidation,ranking_aware,18,5,GBL,ester,14.8913
C,oxidation,ranking_aware,18,6,EC,cyclic_carbonate,15.102
C,oxidation,ranking_aware,18,7,SL,sulfone,14.6639
C,oxidation,ranking_aware,18,8,DMC,linear_carbonate,14.9318
C,oxidation,ranking_aware,18,9,SN,nitrile,16.3186
C,oxidation,random,19,0,DOL,ether,15.5362
C,oxidation,random,19,1,GBL,ester,14.8913
C,oxidation,random,19,2,AN,nitrile,17.1966
C,oxidation,random,19,3,SN,nitrile,16.3186
C,oxidation,random,19,4,TMP,phosphate,14.0095
C,oxidation,random,19,5,EC,cyclic_carbonate,15.102
C,oxidation,random,19,6,SL,sulfone,14.6639
C,oxidation,random,19,7,DME,ether,14.0239
C,oxidation,random,19,8,DMC,linear_carbonate,14.9318
C,oxidation,random,19,9,DMSO,sulfoxide,13.9586
C,oxidation,diversity,19,0,DOL,ether,15.5362
C,oxidation,diversity,19,1,GBL,ester,14.8913
C,oxidation,diversity,19,2,AN,nitrile,17.1966
C,oxidation,diversity,19,3,SN,nitrile,16.3186
C,oxidation,diversity,19,4,TMP,phosphate,14.0095
C,oxidation,diversity,19,5,DMSO,sulfoxide,13.9586
C,oxidation,diversity,19,6,DME,ether,14.0239
C,oxidation,diversity,19,7,DMC,linear_carbonate,14.9318
C,oxidation,diversity,19,8,SL,sulfone,14.6639
C,oxidation,diversity,19,9,EC,cyclic_carbonate,15.102
C,oxidation,uncertainty,19,0,DOL,ether,15.5362
C,oxidation,uncertainty,19,1,GBL,ester,14.8913
C,oxidation,uncertainty,19,2,AN,nitrile,17.1966
C,oxidation,uncertainty,19,3,SN,nitrile,16.3186
C,oxidation,uncertainty,19,4,DMC,linear_carbonate,14.9318
C,oxidation,uncertainty,19,5,DME,ether,14.0239
C,oxidation,uncertainty,19,6,SL,sulfone,14.6639
C,oxidation,uncertainty,19,7,TMP,phosphate,14.0095
C,oxidation,uncertainty,19,8,DMSO,sulfoxide,13.9586
C,oxidation,uncertainty,19,9,EC,cyclic_carbonate,15.102
C,oxidation,ranking_aware,19,0,DOL,ether,15.5362
C,oxidation,ranking_aware,19,1,GBL,ester,14.8913
C,oxidation,ranking_aware,19,2,AN,nitrile,17.1966
C,oxidation,ranking_aware,19,3,SN,nitrile,16.3186
C,oxidation,ranking_aware,19,4,EC,cyclic_carbonate,15.102
C,oxidation,ranking_aware,19,5,DMC,linear_carbonate,14.9318
C,oxidation,ranking_aware,19,6,DME,ether,14.0239
C,oxidation,ranking_aware,19,7,DMSO,sulfoxide,13.9586
C,oxidation,ranking_aware,19,8,TMP,phosphate,14.0095
C,oxidation,ranking_aware,19,9,SL,sulfone,14.6639
C,reduction,random,0,0,DMC,linear_carbonate,-4.02254
C,reduction,random,0,1,DME,ether,-3.44704
C,reduction,random,0,2,SL,sulfone,-3.3579
C,reduction,random,0,3,TMP,phosphate,-3.73753
C,reduction,random,0,4,SN,nitrile,-3.20788
C,reduction,random,0,5,AN,nitrile,-3.90449
C,reduction,random,0,6,EC,cyclic_carbonate,-3.70877
C,reduction,random,0,7,GBL,ester,-3.71793
C,reduction,random,0,8,DMSO,sulfoxide,-3.72385
C,reduction,random,0,9,DOL,ether,-4.03329
C,reduction,diversity,0,0,DMC,linear_carbonate,-4.02254
C,reduction,diversity,0,1,DME,ether,-3.44704
C,reduction,diversity,0,2,SL,sulfone,-3.3579
C,reduction,diversity,0,3,TMP,phosphate,-3.73753
C,reduction,diversity,0,4,AN,nitrile,-3.90449
C,reduction,diversity,0,5,DOL,ether,-4.03329
C,reduction,diversity,0,6,EC,cyclic_carbonate,-3.70877
C,reduction,diversity,0,7,DMSO,sulfoxide,-3.72385
C,reduction,diversity,0,8,SN,nitrile,-3.20788
C,reduction,diversity,0,9,GBL,ester,-3.71793
C,reduction,uncertainty,0,0,DMC,linear_carbonate,-4.02254
C,reduction,uncertainty,0,1,DME,ether,-3.44704
C,reduction,uncertainty,0,2,SL,sulfone,-3.3579
C,reduction,uncertainty,0,3,TMP,phosphate,-3.73753
C,reduction,uncertainty,0,4,DMSO,sulfoxide,-3.72385
C,reduction,uncertainty,0,5,DOL,ether,-4.03329
C,reduction,uncertainty,0,6,EC,cyclic_carbonate,-3.70877
C,reduction,uncertainty,0,7,AN,nitrile,-3.90449
C,reduction,uncertainty,0,8,SN,nitrile,-3.20788
C,reduction,uncertainty,0,9,GBL,ester,-3.71793
C,reduction,ranking_aware,0,0,DMC,linear_carbonate,-4.02254
C,reduction,ranking_aware,0,1,DME,ether,-3.44704
C,reduction,ranking_aware,0,2,SL,sulfone,-3.3579
C,reduction,ranking_aware,0,3,TMP,phosphate,-3.73753
C,reduction,ranking_aware,0,4,EC,cyclic_carbonate,-3.70877
C,reduction,ranking_aware,0,5,AN,nitrile,-3.90449
C,reduction,ranking_aware,0,6,GBL,ester,-3.71793
C,reduction,ranking_aware,0,7,DOL,ether,-4.03329
C,reduction,ranking_aware,0,8,SN,nitrile,-3.20788
C,reduction,ranking_aware,0,9,DMSO,sulfoxide,-3.72385
C,reduction,random,1,0,DMC,linear_carbonate,-4.02254
C,reduction,random,1,1,DOL,ether,-4.03329
C,reduction,random,1,2,GBL,ester,-3.71793
C,reduction,random,1,3,DMSO,sulfoxide,-3.72385
C,reduction,random,1,4,SN,nitrile,-3.20788
C,reduction,random,1,5,TMP,phosphate,-3.73753
C,reduction,random,1,6,DME,ether,-3.44704
C,reduction,random,1,7,AN,nitrile,-3.90449
C,reduction,random,1,8,EC,cyclic_carbonate,-3.70877
C,reduction,random,1,9,SL,sulfone,-3.3579
C,reduction,diversity,1,0,DMC,linear_carbonate,-4.02254
C,reduction,diversity,1,1,DOL,ether,-4.03329
C,reduction,diversity,1,2,GBL,ester,-3.71793
C,reduction,diversity,1,3,DMSO,sulfoxide,-3.72385
C,reduction,diversity,1,4,TMP,phosphate,-3.73753
C,reduction,diversity,1,5,DME,ether,-3.44704
C,reduction,diversity,1,6,AN,nitrile,-3.90449
C,reduction,diversity,1,7,SN,nitrile,-3.20788
C,reduction,diversity,1,8,SL,sulfone,-3.3579
C,reduction,diversity,1,9,EC,cyclic_carbonate,-3.70877
C,reduction,uncertainty,1,0,DMC,linear_carbonate,-4.02254
C,reduction,uncertainty,1,1,DOL,ether,-4.03329
C,reduction,uncertainty,1,2,GBL,ester,-3.71793
C,reduction,uncertainty,1,3,DMSO,sulfoxide,-3.72385
C,reduction,uncertainty,1,4,DME,ether,-3.44704
C,reduction,uncertainty,1,5,SL,sulfone,-3.3579
C,reduction,uncertainty,1,6,AN,nitrile,-3.90449
C,reduction,uncertainty,1,7,TMP,phosphate,-3.73753
C,reduction,uncertainty,1,8,SN,nitrile,-3.20788
C,reduction,uncertainty,1,9,EC,cyclic_carbonate,-3.70877
C,reduction,ranking_aware,1,0,DMC,linear_carbonate,-4.02254
C,reduction,ranking_aware,1,1,DOL,ether,-4.03329
C,reduction,ranking_aware,1,2,GBL,ester,-3.71793
C,reduction,ranking_aware,1,3,DMSO,sulfoxide,-3.72385
C,reduction,ranking_aware,1,4,EC,cyclic_carbonate,-3.70877
C,reduction,ranking_aware,1,5,AN,nitrile,-3.90449
C,reduction,ranking_aware,1,6,TMP,phosphate,-3.73753
C,reduction,ranking_aware,1,7,SL,sulfone,-3.3579
C,reduction,ranking_aware,1,8,DME,ether,-3.44704
C,reduction,ranking_aware,1,9,SN,nitrile,-3.20788
C,reduction,random,2,0,SL,sulfone,-3.3579
C,reduction,random,2,1,DMSO,sulfoxide,-3.72385
C,reduction,random,2,2,AN,nitrile,-3.90449
C,reduction,random,2,3,TMP,phosphate,-3.73753
C,reduction,random,2,4,GBL,ester,-3.71793
C,reduction,random,2,5,DME,ether,-3.44704
C,reduction,random,2,6,SN,nitrile,-3.20788
C,reduction,random,2,7,DMC,linear_carbonate,-4.02254
C,reduction,random,2,8,EC,cyclic_carbonate,-3.70877
C,reduction,random,2,9,DOL,ether,-4.03329
C,reduction,diversity,2,0,SL,sulfone,-3.3579
C,reduction,diversity,2,1,DMSO,sulfoxide,-3.72385
C,reduction,diversity,2,2,AN,nitrile,-3.90449
C,reduction,diversity,2,3,TMP,phosphate,-3.73753
C,reduction,diversity,2,4,DOL,ether,-4.03329
C,reduction,diversity,2,5,DMC,linear_carbonate,-4.02254
C,reduction,diversity,2,6,DME,ether,-3.44704
C,reduction,diversity,2,7,SN,nitrile,-3.20788
C,reduction,diversity,2,8,EC,cyclic_carbonate,-3.70877
C,reduction,diversity,2,9,GBL,ester,-3.71793
C,reduction,uncertainty,2,0,SL,sulfone,-3.3579
C,reduction,uncertainty,2,1,DMSO,sulfoxide,-3.72385
C,reduction,uncertainty,2,2,AN,nitrile,-3.90449
C,reduction,uncertainty,2,3,TMP,phosphate,-3.73753
C,reduction,uncertainty,2,4,DOL,ether,-4.03329
C,reduction,uncertainty,2,5,DMC,linear_carbonate,-4.02254
C,reduction,uncertainty,2,6,EC,cyclic_carbonate,-3.70877
C,reduction,uncertainty,2,7,DME,ether,-3.44704
C,reduction,uncertainty,2,8,SN,nitrile,-3.20788
C,reduction,uncertainty,2,9,GBL,ester,-3.71793
C,reduction,ranking_aware,2,0,SL,sulfone,-3.3579
C,reduction,ranking_aware,2,1,DMSO,sulfoxide,-3.72385
C,reduction,ranking_aware,2,2,AN,nitrile,-3.90449
C,reduction,ranking_aware,2,3,TMP,phosphate,-3.73753
C,reduction,ranking_aware,2,4,EC,cyclic_carbonate,-3.70877
C,reduction,ranking_aware,2,5,SN,nitrile,-3.20788
C,reduction,ranking_aware,2,6,DME,ether,-3.44704
C,reduction,ranking_aware,2,7,DOL,ether,-4.03329
C,reduction,ranking_aware,2,8,GBL,ester,-3.71793
C,reduction,ranking_aware,2,9,DMC,linear_carbonate,-4.02254
C,reduction,random,3,0,DMC,linear_carbonate,-4.02254
C,reduction,random,3,1,EC,cyclic_carbonate,-3.70877
C,reduction,random,3,2,DME,ether,-3.44704
C,reduction,random,3,3,TMP,phosphate,-3.73753
C,reduction,random,3,4,SN,nitrile,-3.20788
C,reduction,random,3,5,DMSO,sulfoxide,-3.72385
C,reduction,random,3,6,SL,sulfone,-3.3579
C,reduction,random,3,7,AN,nitrile,-3.90449
C,reduction,random,3,8,DOL,ether,-4.03329
C,reduction,random,3,9,GBL,ester,-3.71793
C,reduction,diversity,3,0,DMC,linear_carbonate,-4.02254
C,reduction,diversity,3,1,EC,cyclic_carbonate,-3.70877
C,reduction,diversity,3,2,DME,ether,-3.44704
C,reduction,diversity,3,3,TMP,phosphate,-3.73753
C,reduction,diversity,3,4,AN,nitrile,-3.90449
C,reduction,diversity,3,5,DOL,ether,-4.03329
C,reduction,diversity,3,6,SL,sulfone,-3.3579
C,reduction,diversity,3,7,DMSO,sulfoxide,-3.72385
C,reduction,diversity,3,8,SN,nitrile,-3.20788
C,reduction,diversity,3,9,GBL,ester,-3.71793
C,reduction,uncertainty,3,0,DMC,linear_carbonate,-4.02254
C,reduction,uncertainty,3,1,EC,cyclic_carbonate,-3.70877
C,reduction,uncertainty,3,2,DME,ether,-3.44704
C,reduction,uncertainty,3,3,TMP,phosphate,-3.73753
C,reduction,uncertainty,3,4,DOL,ether,-4.03329
C,reduction,uncertainty,3,5,SL,sulfone,-3.3579
C,reduction,uncertainty,3,6,DMSO,sulfoxide,-3.72385
C,reduction,uncertainty,3,7,AN,nitrile,-3.90449
C,reduction,uncertainty,3,8,SN,nitrile,-3.20788
C,reduction,uncertainty,3,9,GBL,ester,-3.71793
C,reduction,ranking_aware,3,0,DMC,linear_carbonate,-4.02254
C,reduction,ranking_aware,3,1,EC,cyclic_carbonate,-3.70877
C,reduction,ranking_aware,3,2,DME,ether,-3.44704
C,reduction,ranking_aware,3,3,TMP,phosphate,-3.73753
C,reduction,ranking_aware,3,4,AN,nitrile,-3.90449
C,reduction,ranking_aware,3,5,SL,sulfone,-3.3579
C,reduction,ranking_aware,3,6,DOL,ether,-4.03329
C,reduction,ranking_aware,3,7,SN,nitrile,-3.20788
C,reduction,ranking_aware,3,8,DMSO,sulfoxide,-3.72385
C,reduction,ranking_aware,3,9,GBL,ester,-3.71793
C,reduction,random,4,0,DMC,linear_carbonate,-4.02254
C,reduction,random,4,1,DOL,ether,-4.03329
C,reduction,random,4,2,DMSO,sulfoxide,-3.72385
C,reduction,random,4,3,TMP,phosphate,-3.73753
C,reduction,random,4,4,DME,ether,-3.44704
C,reduction,random,4,5,EC,cyclic_carbonate,-3.70877
C,reduction,random,4,6,AN,nitrile,-3.90449
C,reduction,random,4,7,GBL,ester,-3.71793
C,reduction,random,4,8,SL,sulfone,-3.3579
C,reduction,random,4,9,SN,nitrile,-3.20788
C,reduction,diversity,4,0,DMC,linear_carbonate,-4.02254
C,reduction,diversity,4,1,DOL,ether,-4.03329
C,reduction,diversity,4,2,DMSO,sulfoxide,-3.72385
C,reduction,diversity,4,3,TMP,phosphate,-3.73753
C,reduction,diversity,4,4,SL,sulfone,-3.3579
C,reduction,diversity,4,5,DME,ether,-3.44704
C,reduction,diversity,4,6,EC,cyclic_carbonate,-3.70877
C,reduction,diversity,4,7,AN,nitrile,-3.90449
C,reduction,diversity,4,8,SN,nitrile,-3.20788
C,reduction,diversity,4,9,GBL,ester,-3.71793
C,reduction,uncertainty,4,0,DMC,linear_carbonate,-4.02254
C,reduction,uncertainty,4,1,DOL,ether,-4.03329
C,reduction,uncertainty,4,2,DMSO,sulfoxide,-3.72385
C,reduction,uncertainty,4,3,TMP,phosphate,-3.73753
C,reduction,uncertainty,4,4,SL,sulfone,-3.3579
C,reduction,uncertainty,4,5,DME,ether,-3.44704
C,reduction,uncertainty,4,6,EC,cyclic_carbonate,-3.70877
C,reduction,uncertainty,4,7,AN,nitrile,-3.90449
C,reduction,uncertainty,4,8,SN,nitrile,-3.20788
C,reduction,uncertainty,4,9,GBL,ester,-3.71793
C,reduction,ranking_aware,4,0,DMC,linear_carbonate,-4.02254
C,reduction,ranking_aware,4,1,DOL,ether,-4.03329
C,reduction,ranking_aware,4,2,DMSO,sulfoxide,-3.72385
C,reduction,ranking_aware,4,3,TMP,phosphate,-3.73753
C,reduction,ranking_aware,4,4,SL,sulfone,-3.3579
C,reduction,ranking_aware,4,5,GBL,ester,-3.71793
C,reduction,ranking_aware,4,6,AN,nitrile,-3.90449
C,reduction,ranking_aware,4,7,EC,cyclic_carbonate,-3.70877
C,reduction,ranking_aware,4,8,DME,ether,-3.44704
C,reduction,ranking_aware,4,9,SN,nitrile,-3.20788
C,reduction,random,5,0,DOL,ether,-4.03329
C,reduction,random,5,1,GBL,ester,-3.71793
C,reduction,random,5,2,DMSO,sulfoxide,-3.72385
C,reduction,random,5,3,AN,nitrile,-3.90449
C,reduction,random,5,4,EC,cyclic_carbonate,-3.70877
C,reduction,random,5,5,TMP,phosphate,-3.73753
C,reduction,random,5,6,SL,sulfone,-3.3579
C,reduction,random,5,7,DMC,linear_carbonate,-4.02254
C,reduction,random,5,8,SN,nitrile,-3.20788
C,reduction,random,5,9,DME,ether,-3.44704
C,reduction,diversity,5,0,DOL,ether,-4.03329
C,reduction,diversity,5,1,GBL,ester,-3.71793
C,reduction,diversity,5,2,DMSO,sulfoxide,-3.72385
C,reduction,diversity,5,3,AN,nitrile,-3.90449
C,reduction,diversity,5,4,TMP,phosphate,-3.73753
C,reduction,diversity,5,5,DMC,linear_carbonate,-4.02254
C,reduction,diversity,5,6,DME,ether,-3.44704
C,reduction,diversity,5,7,SN,nitrile,-3.20788
C,reduction,diversity,5,8,SL,sulfone,-3.3579
C,reduction,diversity,5,9,EC,cyclic_carbonate,-3.70877
C,reduction,uncertainty,5,0,DOL,ether,-4.03329
C,reduction,uncertainty,5,1,GBL,ester,-3.71793
C,reduction,uncertainty,5,2,DMSO,sulfoxide,-3.72385
C,reduction,uncertainty,5,3,AN,nitrile,-3.90449
C,reduction,uncertainty,5,4,TMP,phosphate,-3.73753
C,reduction,uncertainty,5,5,DMC,linear_carbonate,-4.02254
C,reduction,uncertainty,5,6,DME,ether,-3.44704
C,reduction,uncertainty,5,7,SN,nitrile,-3.20788
C,reduction,uncertainty,5,8,SL,sulfone,-3.3579
C,reduction,uncertainty,5,9,EC,cyclic_carbonate,-3.70877
C,reduction,ranking_aware,5,0,DOL,ether,-4.03329
C,reduction,ranking_aware,5,1,GBL,ester,-3.71793
C,reduction,ranking_aware,5,2,DMSO,sulfoxide,-3.72385
C,reduction,ranking_aware,5,3,AN,nitrile,-3.90449
C,reduction,ranking_aware,5,4,TMP,phosphate,-3.73753
C,reduction,ranking_aware,5,5,DMC,linear_carbonate,-4.02254
C,reduction,ranking_aware,5,6,DME,ether,-3.44704
C,reduction,ranking_aware,5,7,SN,nitrile,-3.20788
C,reduction,ranking_aware,5,8,EC,cyclic_carbonate,-3.70877
C,reduction,ranking_aware,5,9,SL,sulfone,-3.3579
C,reduction,random,6,0,DMC,linear_carbonate,-4.02254
C,reduction,random,6,1,EC,cyclic_carbonate,-3.70877
C,reduction,random,6,2,DOL,ether,-4.03329
C,reduction,random,6,3,AN,nitrile,-3.90449
C,reduction,random,6,4,TMP,phosphate,-3.73753
C,reduction,random,6,5,SL,sulfone,-3.3579
C,reduction,random,6,6,DMSO,sulfoxide,-3.72385
C,reduction,random,6,7,DME,ether,-3.44704
C,reduction,random,6,8,SN,nitrile,-3.20788
C,reduction,random,6,9,GBL,ester,-3.71793
C,reduction,diversity,6,0,DMC,linear_carbonate,-4.02254
C,reduction,diversity,6,1,EC,cyclic_carbonate,-3.70877
C,reduction,diversity,6,2,DOL,ether,-4.03329
C,reduction,diversity,6,3,AN,nitrile,-3.90449
C,reduction,diversity,6,4,TMP,phosphate,-3.73753
C,reduction,diversity,6,5,DME,ether,-3.44704
C,reduction,diversity,6,6,SL,sulfone,-3.3579
C,reduction,diversity,6,7,DMSO,sulfoxide,-3.72385
C,reduction,diversity,6,8,SN,nitrile,-3.20788
C,reduction,diversity,6,9,GBL,ester,-3.71793
C,reduction,uncertainty,6,0,DMC,linear_carbonate,-4.02254
C,reduction,uncertainty,6,1,EC,cyclic_carbonate,-3.70877
C,reduction,uncertainty,6,2,DOL,ether,-4.03329
C,reduction,uncertainty,6,3,AN,nitrile,-3.90449
C,reduction,uncertainty,6,4,DME,ether,-3.44704
C,reduction,uncertainty,6,5,SL,sulfone,-3.3579
C,reduction,uncertainty,6,6,TMP,phosphate,-3.73753
C,reduction,uncertainty,6,7,DMSO,sulfoxide,-3.72385
C,reduction,uncertainty,6,8,SN,nitrile,-3.20788
C,reduction,uncertainty,6,9,GBL,ester,-3.71793
C,reduction,ranking_aware,6,0,DMC,linear_carbonate,-4.02254
C,reduction,ranking_aware,6,1,EC,cyclic_carbonate,-3.70877
C,reduction,ranking_aware,6,2,DOL,ether,-4.03329
C,reduction,ranking_aware,6,3,AN,nitrile,-3.90449
C,reduction,ranking_aware,6,4,DME,ether,-3.44704
C,reduction,ranking_aware,6,5,GBL,ester,-3.71793
C,reduction,ranking_aware,6,6,SN,nitrile,-3.20788
C,reduction,ranking_aware,6,7,DMSO,sulfoxide,-3.72385
C,reduction,ranking_aware,6,8,SL,sulfone,-3.3579
C,reduction,ranking_aware,6,9,TMP,phosphate,-3.73753
C,reduction,random,7,0,DMC,linear_carbonate,-4.02254
C,reduction,random,7,1,SL,sulfone,-3.3579
C,reduction,random,7,2,AN,nitrile,-3.90449
C,reduction,random,7,3,SN,nitrile,-3.20788
C,reduction,random,7,4,DME,ether,-3.44704
C,reduction,random,7,5,DOL,ether,-4.03329
C,reduction,random,7,6,TMP,phosphate,-3.73753
C,reduction,random,7,7,GBL,ester,-3.71793
C,reduction,random,7,8,EC,cyclic_carbonate,-3.70877
C,reduction,random,7,9,DMSO,sulfoxide,-3.72385
C,reduction,diversity,7,0,DMC,linear_carbonate,-4.02254
C,reduction,diversity,7,1,SL,sulfone,-3.3579
C,reduction,diversity,7,2,AN,nitrile,-3.90449
C,reduction,diversity,7,3,SN,nitrile,-3.20788
C,reduction,diversity,7,4,DME,ether,-3.44704
C,reduction,diversity,7,5,TMP,phosphate,-3.73753
C,reduction,diversity,7,6,DOL,ether,-4.03329
C,reduction,diversity,7,7,DMSO,sulfoxide,-3.72385
C,reduction,diversity,7,8,EC,cyclic_carbonate,-3.70877
C,reduction,diversity,7,9,GBL,ester,-3.71793
C,reduction,uncertainty,7,0,DMC,linear_carbonate,-4.02254
C,reduction,uncertainty,7,1,SL,sulfone,-3.3579
C,reduction,uncertainty,7,2,AN,nitrile,-3.90449
C,reduction,uncertainty,7,3,SN,nitrile,-3.20788
C,reduction,uncertainty,7,4,DME,ether,-3.44704
C,reduction,uncertainty,7,5,EC,cyclic_carbonate,-3.70877
C,reduction,uncertainty,7,6,DOL,ether,-4.03329
C,reduction,uncertainty,7,7,TMP,phosphate,-3.73753
C,reduction,uncertainty,7,8,DMSO,sulfoxide,-3.72385
C,reduction,uncertainty,7,9,GBL,ester,-3.71793
C,reduction,ranking_aware,7,0,DMC,linear_carbonate,-4.02254
C,reduction,ranking_aware,7,1,SL,sulfone,-3.3579
C,reduction,ranking_aware,7,2,AN,nitrile,-3.90449
C,reduction,ranking_aware,7,3,SN,nitrile,-3.20788
C,reduction,ranking_aware,7,4,EC,cyclic_carbonate,-3.70877
C,reduction,ranking_aware,7,5,TMP,phosphate,-3.73753
C,reduction,ranking_aware,7,6,DOL,ether,-4.03329
C,reduction,ranking_aware,7,7,GBL,ester,-3.71793
C,reduction,ranking_aware,7,8,DME,ether,-3.44704
C,reduction,ranking_aware,7,9,DMSO,sulfoxide,-3.72385
C,reduction,random,8,0,DMC,linear_carbonate,-4.02254
C,reduction,random,8,1,DOL,ether,-4.03329
C,reduction,random,8,2,DMSO,sulfoxide,-3.72385
C,reduction,random,8,3,AN,nitrile,-3.90449
C,reduction,random,8,4,GBL,ester,-3.71793
C,reduction,random,8,5,EC,cyclic_carbonate,-3.70877
C,reduction,random,8,6,SN,nitrile,-3.20788
C,reduction,random,8,7,SL,sulfone,-3.3579
C,reduction,random,8,8,DME,ether,-3.44704
C,reduction,random,8,9,TMP,phosphate,-3.73753
C,reduction,diversity,8,0,DMC,linear_carbonate,-4.02254
C,reduction,diversity,8,1,DOL,ether,-4.03329
C,reduction,diversity,8,2,DMSO,sulfoxide,-3.72385
C,reduction,diversity,8,3,AN,nitrile,-3.90449
C,reduction,diversity,8,4,TMP,phosphate,-3.73753
C,reduction,diversity,8,5,SL,sulfone,-3.3579
C,reduction,diversity,8,6,DME,ether,-3.44704
C,reduction,diversity,8,7,SN,nitrile,-3.20788
C,reduction,diversity,8,8,EC,cyclic_carbonate,-3.70877
C,reduction,diversity,8,9,GBL,ester,-3.71793
C,reduction,uncertainty,8,0,DMC,linear_carbonate,-4.02254
C,reduction,uncertainty,8,1,DOL,ether,-4.03329
C,reduction,uncertainty,8,2,DMSO,sulfoxide,-3.72385
C,reduction,uncertainty,8,3,AN,nitrile,-3.90449
C,reduction,uncertainty,8,4,TMP,phosphate,-3.73753
C,reduction,uncertainty,8,5,EC,cyclic_carbonate,-3.70877
C,reduction,uncertainty,8,6,DME,ether,-3.44704
C,reduction,uncertainty,8,7,SL,sulfone,-3.3579
C,reduction,uncertainty,8,8,SN,nitrile,-3.20788
C,reduction,uncertainty,8,9,GBL,ester,-3.71793
C,reduction,ranking_aware,8,0,DMC,linear_carbonate,-4.02254
C,reduction,ranking_aware,8,1,DOL,ether,-4.03329
C,reduction,ranking_aware,8,2,DMSO,sulfoxide,-3.72385
C,reduction,ranking_aware,8,3,AN,nitrile,-3.90449
C,reduction,ranking_aware,8,4,TMP,phosphate,-3.73753
C,reduction,ranking_aware,8,5,EC,cyclic_carbonate,-3.70877
C,reduction,ranking_aware,8,6,SN,nitrile,-3.20788
C,reduction,ranking_aware,8,7,GBL,ester,-3.71793
C,reduction,ranking_aware,8,8,DME,ether,-3.44704
C,reduction,ranking_aware,8,9,SL,sulfone,-3.3579
C,reduction,random,9,0,DMC,linear_carbonate,-4.02254
C,reduction,random,9,1,DME,ether,-3.44704
C,reduction,random,9,2,SL,sulfone,-3.3579
C,reduction,random,9,3,SN,nitrile,-3.20788
C,reduction,random,9,4,TMP,phosphate,-3.73753
C,reduction,random,9,5,AN,nitrile,-3.90449
C,reduction,random,9,6,DMSO,sulfoxide,-3.72385
C,reduction,random,9,7,DOL,ether,-4.03329
C,reduction,random,9,8,EC,cyclic_carbonate,-3.70877
C,reduction,random,9,9,GBL,ester,-3.71793
C,reduction,diversity,9,0,DMC,linear_carbonate,-4.02254
C,reduction,diversity,9,1,DME,ether,-3.44704
C,reduction,diversity,9,2,SL,sulfone,-3.3579
C,reduction,diversity,9,3,SN,nitrile,-3.20788
C,reduction,diversity,9,4,AN,nitrile,-3.90449
C,reduction,diversity,9,5,TMP,phosphate,-3.73753
C,reduction,diversity,9,6,DOL,ether,-4.03329
C,reduction,diversity,9,7,DMSO,sulfoxide,-3.72385
C,reduction,diversity,9,8,EC,cyclic_carbonate,-3.70877
C,reduction,diversity,9,9,GBL,ester,-3.71793
C,reduction,uncertainty,9,0,DMC,linear_carbonate,-4.02254
C,reduction,uncertainty,9,1,DME,ether,-3.44704
C,reduction,uncertainty,9,2,SL,sulfone,-3.3579
C,reduction,uncertainty,9,3,SN,nitrile,-3.20788
C,reduction,uncertainty,9,4,DOL,ether,-4.03329
C,reduction,uncertainty,9,5,DMSO,sulfoxide,-3.72385
C,reduction,uncertainty,9,6,AN,nitrile,-3.90449
C,reduction,uncertainty,9,7,TMP,phosphate,-3.73753
C,reduction,uncertainty,9,8,EC,cyclic_carbonate,-3.70877
C,reduction,uncertainty,9,9,GBL,ester,-3.71793
C,reduction,ranking_aware,9,0,DMC,linear_carbonate,-4.02254
C,reduction,ranking_aware,9,1,DME,ether,-3.44704
C,reduction,ranking_aware,9,2,SL,sulfone,-3.3579
C,reduction,ranking_aware,9,3,SN,nitrile,-3.20788
C,reduction,ranking_aware,9,4,DOL,ether,-4.03329
C,reduction,ranking_aware,9,5,GBL,ester,-3.71793
C,reduction,ranking_aware,9,6,AN,nitrile,-3.90449
C,reduction,ranking_aware,9,7,DMSO,sulfoxide,-3.72385
C,reduction,ranking_aware,9,8,TMP,phosphate,-3.73753
C,reduction,ranking_aware,9,9,EC,cyclic_carbonate,-3.70877
C,reduction,random,10,0,EC,cyclic_carbonate,-3.70877
C,reduction,random,10,1,GBL,ester,-3.71793
C,reduction,random,10,2,DMSO,sulfoxide,-3.72385
C,reduction,random,10,3,TMP,phosphate,-3.73753
C,reduction,random,10,4,SL,sulfone,-3.3579
C,reduction,random,10,5,DMC,linear_carbonate,-4.02254
C,reduction,random,10,6,DOL,ether,-4.03329
C,reduction,random,10,7,SN,nitrile,-3.20788
C,reduction,random,10,8,AN,nitrile,-3.90449
C,reduction,random,10,9,DME,ether,-3.44704
C,reduction,diversity,10,0,EC,cyclic_carbonate,-3.70877
C,reduction,diversity,10,1,GBL,ester,-3.71793
C,reduction,diversity,10,2,DMSO,sulfoxide,-3.72385
C,reduction,diversity,10,3,TMP,phosphate,-3.73753
C,reduction,diversity,10,4,DOL,ether,-4.03329
C,reduction,diversity,10,5,DME,ether,-3.44704
C,reduction,diversity,10,6,DMC,linear_carbonate,-4.02254
C,reduction,diversity,10,7,AN,nitrile,-3.90449
C,reduction,diversity,10,8,SN,nitrile,-3.20788
C,reduction,diversity,10,9,SL,sulfone,-3.3579
C,reduction,uncertainty,10,0,EC,cyclic_carbonate,-3.70877
C,reduction,uncertainty,10,1,GBL,ester,-3.71793
C,reduction,uncertainty,10,2,DMSO,sulfoxide,-3.72385
C,reduction,uncertainty,10,3,TMP,phosphate,-3.73753
C,reduction,uncertainty,10,4,DOL,ether,-4.03329
C,reduction,uncertainty,10,5,DME,ether,-3.44704
C,reduction,uncertainty,10,6,DMC,linear_carbonate,-4.02254
C,reduction,uncertainty,10,7,AN,nitrile,-3.90449
C,reduction,uncertainty,10,8,SN,nitrile,-3.20788
C,reduction,uncertainty,10,9,SL,sulfone,-3.3579
C,reduction,ranking_aware,10,0,EC,cyclic_carbonate,-3.70877
C,reduction,ranking_aware,10,1,GBL,ester,-3.71793
C,reduction,ranking_aware,10,2,DMSO,sulfoxide,-3.72385
C,reduction,ranking_aware,10,3,TMP,phosphate,-3.73753
C,reduction,ranking_aware,10,4,SN,nitrile,-3.20788
C,reduction,ranking_aware,10,5,DOL,ether,-4.03329
C,reduction,ranking_aware,10,6,DME,ether,-3.44704
C,reduction,ranking_aware,10,7,AN,nitrile,-3.90449
C,reduction,ranking_aware,10,8,SL,sulfone,-3.3579
C,reduction,ranking_aware,10,9,DMC,linear_carbonate,-4.02254
C,reduction,random,11,0,DME,ether,-3.44704
C,reduction,random,11,1,GBL,ester,-3.71793
C,reduction,random,11,2,AN,nitrile,-3.90449
C,reduction,random,11,3,SN,nitrile,-3.20788
C,reduction,random,11,4,TMP,phosphate,-3.73753
C,reduction,random,11,5,DMSO,sulfoxide,-3.72385
C,reduction,random,11,6,EC,cyclic_carbonate,-3.70877
C,reduction,random,11,7,DMC,linear_carbonate,-4.02254
C,reduction,random,11,8,DOL,ether,-4.03329
C,reduction,random,11,9,SL,sulfone,-3.3579
C,reduction,diversity,11,0,DME,ether,-3.44704
C,reduction,diversity,11,1,GBL,ester,-3.71793
C,reduction,diversity,11,2,AN,nitrile,-3.90449
C,reduction,diversity,11,3,SN,nitrile,-3.20788
C,reduction,diversity,11,4,TMP,phosphate,-3.73753
C,reduction,diversity,11,5,DOL,ether,-4.03329
C,reduction,diversity,11,6,DMSO,sulfoxide,-3.72385
C,reduction,diversity,11,7,DMC,linear_carbonate,-4.02254
C,reduction,diversity,11,8,SL,sulfone,-3.3579
C,reduction,diversity,11,9,EC,cyclic_carbonate,-3.70877
C,reduction,uncertainty,11,0,DME,ether,-3.44704
C,reduction,uncertainty,11,1,GBL,ester,-3.71793
C,reduction,uncertainty,11,2,AN,nitrile,-3.90449
C,reduction,uncertainty,11,3,SN,nitrile,-3.20788
C,reduction,uncertainty,11,4,DMC,linear_carbonate,-4.02254
C,reduction,uncertainty,11,5,DOL,ether,-4.03329
C,reduction,uncertainty,11,6,DMSO,sulfoxide,-3.72385
C,reduction,uncertainty,11,7,TMP,phosphate,-3.73753
C,reduction,uncertainty,11,8,SL,sulfone,-3.3579
C,reduction,uncertainty,11,9,EC,cyclic_carbonate,-3.70877
C,reduction,ranking_aware,11,0,DME,ether,-3.44704
C,reduction,ranking_aware,11,1,GBL,ester,-3.71793
C,reduction,ranking_aware,11,2,AN,nitrile,-3.90449
C,reduction,ranking_aware,11,3,SN,nitrile,-3.20788
C,reduction,ranking_aware,11,4,DOL,ether,-4.03329
C,reduction,ranking_aware,11,5,SL,sulfone,-3.3579
C,reduction,ranking_aware,11,6,DMC,linear_carbonate,-4.02254
C,reduction,ranking_aware,11,7,DMSO,sulfoxide,-3.72385
C,reduction,ranking_aware,11,8,EC,cyclic_carbonate,-3.70877
C,reduction,ranking_aware,11,9,TMP,phosphate,-3.73753
C,reduction,random,12,0,EC,cyclic_carbonate,-3.70877
C,reduction,random,12,1,SL,sulfone,-3.3579
C,reduction,random,12,2,DMSO,sulfoxide,-3.72385
C,reduction,random,12,3,AN,nitrile,-3.90449
C,reduction,random,12,4,GBL,ester,-3.71793
C,reduction,random,12,5,SN,nitrile,-3.20788
C,reduction,random,12,6,DOL,ether,-4.03329
C,reduction,random,12,7,TMP,phosphate,-3.73753
C,reduction,random,12,8,DME,ether,-3.44704
C,reduction,random,12,9,DMC,linear_carbonate,-4.02254
C,reduction,diversity,12,0,EC,cyclic_carbonate,-3.70877
C,reduction,diversity,12,1,SL,sulfone,-3.3579
C,reduction,diversity,12,2,DMSO,sulfoxide,-3.72385
C,reduction,diversity,12,3,AN,nitrile,-3.90449
C,reduction,diversity,12,4,DME,ether,-3.44704
C,reduction,diversity,12,5,TMP,phosphate,-3.73753
C,reduction,diversity,12,6,DMC,linear_carbonate,-4.02254
C,reduction,diversity,12,7,DOL,ether,-4.03329
C,reduction,diversity,12,8,SN,nitrile,-3.20788
C,reduction,diversity,12,9,GBL,ester,-3.71793
C,reduction,uncertainty,12,0,EC,cyclic_carbonate,-3.70877
C,reduction,uncertainty,12,1,SL,sulfone,-3.3579
C,reduction,uncertainty,12,2,DMSO,sulfoxide,-3.72385
C,reduction,uncertainty,12,3,AN,nitrile,-3.90449
C,reduction,uncertainty,12,4,DME,ether,-3.44704
C,reduction,uncertainty,12,5,TMP,phosphate,-3.73753
C,reduction,uncertainty,12,6,DMC,linear_carbonate,-4.02254
C,reduction,uncertainty,12,7,DOL,ether,-4.03329
C,reduction,uncertainty,12,8,SN,nitrile,-3.20788
C,reduction,uncertainty,12,9,GBL,ester,-3.71793
C,reduction,ranking_aware,12,0,EC,cyclic_carbonate,-3.70877
C,reduction,ranking_aware,12,1,SL,sulfone,-3.3579
C,reduction,ranking_aware,12,2,DMSO,sulfoxide,-3.72385
C,reduction,ranking_aware,12,3,AN,nitrile,-3.90449
C,reduction,ranking_aware,12,4,DMC,linear_carbonate,-4.02254
C,reduction,ranking_aware,12,5,DOL,ether,-4.03329
C,reduction,ranking_aware,12,6,TMP,phosphate,-3.73753
C,reduction,ranking_aware,12,7,GBL,ester,-3.71793
C,reduction,ranking_aware,12,8,SN,nitrile,-3.20788
C,reduction,ranking_aware,12,9,DME,ether,-3.44704
C,reduction,random,13,0,GBL,ester,-3.71793
C,reduction,random,13,1,DMSO,sulfoxide,-3.72385
C,reduction,random,13,2,TMP,phosphate,-3.73753
C,reduction,random,13,3,SN,nitrile,-3.20788
C,reduction,random,13,4,EC,cyclic_carbonate,-3.70877
C,reduction,random,13,5,DOL,ether,-4.03329
C,reduction,random,13,6,DMC,linear_carbonate,-4.02254
C,reduction,random,13,7,SL,sulfone,-3.3579
C,reduction,random,13,8,AN,nitrile,-3.90449
C,reduction,random,13,9,DME,ether,-3.44704
C,reduction,diversity,13,0,GBL,ester,-3.71793
C,reduction,diversity,13,1,DMSO,sulfoxide,-3.72385
C,reduction,diversity,13,2,TMP,phosphate,-3.73753
C,reduction,diversity,13,3,SN,nitrile,-3.20788
C,reduction,diversity,13,4,DOL,ether,-4.03329
C,reduction,diversity,13,5,DME,ether,-3.44704
C,reduction,diversity,13,6,AN,nitrile,-3.90449
C,reduction,diversity,13,7,DMC,linear_carbonate,-4.02254
C,reduction,diversity,13,8,SL,sulfone,-3.3579
C,reduction,diversity,13,9,EC,cyclic_carbonate,-3.70877
C,reduction,uncertainty,13,0,GBL,ester,-3.71793
C,reduction,uncertainty,13,1,DMSO,sulfoxide,-3.72385
C,reduction,uncertainty,13,2,TMP,phosphate,-3.73753
C,reduction,uncertainty,13,3,SN,nitrile,-3.20788
C,reduction,uncertainty,13,4,DMC,linear_carbonate,-4.02254
C,reduction,uncertainty,13,5,DME,ether,-3.44704
C,reduction,uncertainty,13,6,DOL,ether,-4.03329
C,reduction,uncertainty,13,7,AN,nitrile,-3.90449
C,reduction,uncertainty,13,8,SL,sulfone,-3.3579
C,reduction,uncertainty,13,9,EC,cyclic_carbonate,-3.70877
C,reduction,ranking_aware,13,0,GBL,ester,-3.71793
C,reduction,ranking_aware,13,1,DMSO,sulfoxide,-3.72385
C,reduction,ranking_aware,13,2,TMP,phosphate,-3.73753
C,reduction,ranking_aware,13,3,SN,nitrile,-3.20788
C,reduction,ranking_aware,13,4,DOL,ether,-4.03329
C,reduction,ranking_aware,13,5,SL,sulfone,-3.3579
C,reduction,ranking_aware,13,6,DME,ether,-3.44704
C,reduction,ranking_aware,13,7,DMC,linear_carbonate,-4.02254
C,reduction,ranking_aware,13,8,EC,cyclic_carbonate,-3.70877
C,reduction,ranking_aware,13,9,AN,nitrile,-3.90449
C,reduction,random,14,0,DME,ether,-3.44704
C,reduction,random,14,1,DOL,ether,-4.03329
C,reduction,random,14,2,GBL,ester,-3.71793
C,reduction,random,14,3,AN,nitrile,-3.90449
C,reduction,random,14,4,SN,nitrile,-3.20788
C,reduction,random,14,5,DMC,linear_carbonate,-4.02254
C,reduction,random,14,6,DMSO,sulfoxide,-3.72385
C,reduction,random,14,7,SL,sulfone,-3.3579
C,reduction,random,14,8,EC,cyclic_carbonate,-3.70877
C,reduction,random,14,9,TMP,phosphate,-3.73753
C,reduction,diversity,14,0,DME,ether,-3.44704
C,reduction,diversity,14,1,DOL,ether,-4.03329
C,reduction,diversity,14,2,GBL,ester,-3.71793
C,reduction,diversity,14,3,AN,nitrile,-3.90449
C,reduction,diversity,14,4,TMP,phosphate,-3.73753
C,reduction,diversity,14,5,DMC,linear_carbonate,-4.02254
C,reduction,diversity,14,6,DMSO,sulfoxide,-3.72385
C,reduction,diversity,14,7,SN,nitrile,-3.20788
C,reduction,diversity,14,8,SL,sulfone,-3.3579
C,reduction,diversity,14,9,EC,cyclic_carbonate,-3.70877
C,reduction,uncertainty,14,0,DME,ether,-3.44704
C,reduction,uncertainty,14,1,DOL,ether,-4.03329
C,reduction,uncertainty,14,2,GBL,ester,-3.71793
C,reduction,uncertainty,14,3,AN,nitrile,-3.90449
C,reduction,uncertainty,14,4,DMC,linear_carbonate,-4.02254
C,reduction,uncertainty,14,5,TMP,phosphate,-3.73753
C,reduction,uncertainty,14,6,DMSO,sulfoxide,-3.72385
C,reduction,uncertainty,14,7,SN,nitrile,-3.20788
C,reduction,uncertainty,14,8,SL,sulfone,-3.3579
C,reduction,uncertainty,14,9,EC,cyclic_carbonate,-3.70877
C,reduction,ranking_aware,14,0,DME,ether,-3.44704
C,reduction,ranking_aware,14,1,DOL,ether,-4.03329
C,reduction,ranking_aware,14,2,GBL,ester,-3.71793
C,reduction,ranking_aware,14,3,AN,nitrile,-3.90449
C,reduction,ranking_aware,14,4,DMC,linear_carbonate,-4.02254
C,reduction,ranking_aware,14,5,SL,sulfone,-3.3579
C,reduction,ranking_aware,14,6,TMP,phosphate,-3.73753
C,reduction,ranking_aware,14,7,EC,cyclic_carbonate,-3.70877
C,reduction,ranking_aware,14,8,DMSO,sulfoxide,-3.72385
C,reduction,ranking_aware,14,9,SN,nitrile,-3.20788
C,reduction,random,15,0,DMC,linear_carbonate,-4.02254
C,reduction,random,15,1,EC,cyclic_carbonate,-3.70877
C,reduction,random,15,2,DME,ether,-3.44704
C,reduction,random,15,3,GBL,ester,-3.71793
C,reduction,random,15,4,SL,sulfone,-3.3579
C,reduction,random,15,5,DMSO,sulfoxide,-3.72385
C,reduction,random,15,6,SN,nitrile,-3.20788
C,reduction,random,15,7,AN,nitrile,-3.90449
C,reduction,random,15,8,DOL,ether,-4.03329
C,reduction,random,15,9,TMP,phosphate,-3.73753
C,reduction,diversity,15,0,DMC,linear_carbonate,-4.02254
C,reduction,diversity,15,1,EC,cyclic_carbonate,-3.70877
C,reduction,diversity,15,2,DME,ether,-3.44704
C,reduction,diversity,15,3,GBL,ester,-3.71793
C,reduction,diversity,15,4,TMP,phosphate,-3.73753
C,reduction,diversity,15,5,AN,nitrile,-3.90449
C,reduction,diversity,15,6,DOL,ether,-4.03329
C,reduction,diversity,15,7,DMSO,sulfoxide,-3.72385
C,reduction,diversity,15,8,SN,nitrile,-3.20788
C,reduction,diversity,15,9,SL,sulfone,-3.3579
C,reduction,uncertainty,15,0,DMC,linear_carbonate,-4.02254
C,reduction,uncertainty,15,1,EC,cyclic_carbonate,-3.70877
C,reduction,uncertainty,15,2,DME,ether,-3.44704
C,reduction,uncertainty,15,3,GBL,ester,-3.71793
C,reduction,uncertainty,15,4,DOL,ether,-4.03329
C,reduction,uncertainty,15,5,SL,sulfone,-3.3579
C,reduction,uncertainty,15,6,DMSO,sulfoxide,-3.72385
C,reduction,uncertainty,15,7,TMP,phosphate,-3.73753
C,reduction,uncertainty,15,8,AN,nitrile,-3.90449
C,reduction,uncertainty,15,9,SN,nitrile,-3.20788
C,reduction,ranking_aware,15,0,DMC,linear_carbonate,-4.02254
C,reduction,ranking_aware,15,1,EC,cyclic_carbonate,-3.70877
C,reduction,ranking_aware,15,2,DME,ether,-3.44704
C,reduction,ranking_aware,15,3,GBL,ester,-3.71793
C,reduction,ranking_aware,15,4,AN,nitrile,-3.90449
C,reduction,ranking_aware,15,5,SL,sulfone,-3.3579
C,reduction,ranking_aware,15,6,TMP,phosphate,-3.73753
C,reduction,ranking_aware,15,7,DMSO,sulfoxide,-3.72385
C,reduction,ranking_aware,15,8,DOL,ether,-4.03329
C,reduction,ranking_aware,15,9,SN,nitrile,-3.20788
C,reduction,random,16,0,DMC,linear_carbonate,-4.02254
C,reduction,random,16,1,DOL,ether,-4.03329
C,reduction,random,16,2,GBL,ester,-3.71793
C,reduction,random,16,3,SL,sulfone,-3.3579
C,reduction,random,16,4,SN,nitrile,-3.20788
C,reduction,random,16,5,TMP,phosphate,-3.73753
C,reduction,random,16,6,DME,ether,-3.44704
C,reduction,random,16,7,AN,nitrile,-3.90449
C,reduction,random,16,8,DMSO,sulfoxide,-3.72385
C,reduction,random,16,9,EC,cyclic_carbonate,-3.70877
C,reduction,diversity,16,0,DMC,linear_carbonate,-4.02254
C,reduction,diversity,16,1,DOL,ether,-4.03329
C,reduction,diversity,16,2,GBL,ester,-3.71793
C,reduction,diversity,16,3,SL,sulfone,-3.3579
C,reduction,diversity,16,4,TMP,phosphate,-3.73753
C,reduction,diversity,16,5,AN,nitrile,-3.90449
C,reduction,diversity,16,6,DMSO,sulfoxide,-3.72385
C,reduction,diversity,16,7,DME,ether,-3.44704
C,reduction,diversity,16,8,SN,nitrile,-3.20788
C,reduction,diversity,16,9,EC,cyclic_carbonate,-3.70877
C,reduction,uncertainty,16,0,DMC,linear_carbonate,-4.02254
C,reduction,uncertainty,16,1,DOL,ether,-4.03329
C,reduction,uncertainty,16,2,GBL,ester,-3.71793
C,reduction,uncertainty,16,3,SL,sulfone,-3.3579
C,reduction,uncertainty,16,4,TMP,phosphate,-3.73753
C,reduction,uncertainty,16,5,AN,nitrile,-3.90449
C,reduction,uncertainty,16,6,DME,ether,-3.44704
C,reduction,uncertainty,16,7,DMSO,sulfoxide,-3.72385
C,reduction,uncertainty,16,8,SN,nitrile,-3.20788
C,reduction,uncertainty,16,9,EC,cyclic_carbonate,-3.70877
C,reduction,ranking_aware,16,0,DMC,linear_carbonate,-4.02254
C,reduction,ranking_aware,16,1,DOL,ether,-4.03329
C,reduction,ranking_aware,16,2,GBL,ester,-3.71793
C,reduction,ranking_aware,16,3,SL,sulfone,-3.3579
C,reduction,ranking_aware,16,4,SN,nitrile,-3.20788
C,reduction,ranking_aware,16,5,DMSO,sulfoxide,-3.72385
C,reduction,ranking_aware,16,6,TMP,phosphate,-3.73753
C,reduction,ranking_aware,16,7,DME,ether,-3.44704
C,reduction,ranking_aware,16,8,EC,cyclic_carbonate,-3.70877
C,reduction,ranking_aware,16,9,AN,nitrile,-3.90449
C,reduction,random,17,0,DMC,linear_carbonate,-4.02254
C,reduction,random,17,1,DME,ether,-3.44704
C,reduction,random,17,2,AN,nitrile,-3.90449
C,reduction,random,17,3,SN,nitrile,-3.20788
C,reduction,random,17,4,GBL,ester,-3.71793
C,reduction,random,17,5,TMP,phosphate,-3.73753
C,reduction,random,17,6,SL,sulfone,-3.3579
C,reduction,random,17,7,DOL,ether,-4.03329
C,reduction,random,17,8,DMSO,sulfoxide,-3.72385
C,reduction,random,17,9,EC,cyclic_carbonate,-3.70877
C,reduction,diversity,17,0,DMC,linear_carbonate,-4.02254
C,reduction,diversity,17,1,DME,ether,-3.44704
C,reduction,diversity,17,2,AN,nitrile,-3.90449
C,reduction,diversity,17,3,SN,nitrile,-3.20788
C,reduction,diversity,17,4,TMP,phosphate,-3.73753
C,reduction,diversity,17,5,DMSO,sulfoxide,-3.72385
C,reduction,diversity,17,6,SL,sulfone,-3.3579
C,reduction,diversity,17,7,DOL,ether,-4.03329
C,reduction,diversity,17,8,EC,cyclic_carbonate,-3.70877
C,reduction,diversity,17,9,GBL,ester,-3.71793
C,reduction,uncertainty,17,0,DMC,linear_carbonate,-4.02254
C,reduction,uncertainty,17,1,DME,ether,-3.44704
C,reduction,uncertainty,17,2,AN,nitrile,-3.90449
C,reduction,uncertainty,17,3,SN,nitrile,-3.20788
C,reduction,uncertainty,17,4,SL,sulfone,-3.3579
C,reduction,uncertainty,17,5,EC,cyclic_carbonate,-3.70877
C,reduction,uncertainty,17,6,DOL,ether,-4.03329
C,reduction,uncertainty,17,7,TMP,phosphate,-3.73753
C,reduction,uncertainty,17,8,DMSO,sulfoxide,-3.72385
C,reduction,uncertainty,17,9,GBL,ester,-3.71793
C,reduction,ranking_aware,17,0,DMC,linear_carbonate,-4.02254
C,reduction,ranking_aware,17,1,DME,ether,-3.44704
C,reduction,ranking_aware,17,2,AN,nitrile,-3.90449
C,reduction,ranking_aware,17,3,SN,nitrile,-3.20788
C,reduction,ranking_aware,17,4,TMP,phosphate,-3.73753
C,reduction,ranking_aware,17,5,GBL,ester,-3.71793
C,reduction,ranking_aware,17,6,SL,sulfone,-3.3579
C,reduction,ranking_aware,17,7,DMSO,sulfoxide,-3.72385
C,reduction,ranking_aware,17,8,DOL,ether,-4.03329
C,reduction,ranking_aware,17,9,EC,cyclic_carbonate,-3.70877
C,reduction,random,18,0,EC,cyclic_carbonate,-3.70877
C,reduction,random,18,1,DME,ether,-3.44704
C,reduction,random,18,2,GBL,ester,-3.71793
C,reduction,random,18,3,AN,nitrile,-3.90449
C,reduction,random,18,4,SN,nitrile,-3.20788
C,reduction,random,18,5,DMSO,sulfoxide,-3.72385
C,reduction,random,18,6,DMC,linear_carbonate,-4.02254
C,reduction,random,18,7,SL,sulfone,-3.3579
C,reduction,random,18,8,DOL,ether,-4.03329
C,reduction,random,18,9,TMP,phosphate,-3.73753
C,reduction,diversity,18,0,EC,cyclic_carbonate,-3.70877
C,reduction,diversity,18,1,DME,ether,-3.44704
C,reduction,diversity,18,2,GBL,ester,-3.71793
C,reduction,diversity,18,3,AN,nitrile,-3.90449
C,reduction,diversity,18,4,TMP,phosphate,-3.73753
C,reduction,diversity,18,5,DMC,linear_carbonate,-4.02254
C,reduction,diversity,18,6,DOL,ether,-4.03329
C,reduction,diversity,18,7,DMSO,sulfoxide,-3.72385
C,reduction,diversity,18,8,SN,nitrile,-3.20788
C,reduction,diversity,18,9,SL,sulfone,-3.3579
C,reduction,uncertainty,18,0,EC,cyclic_carbonate,-3.70877
C,reduction,uncertainty,18,1,DME,ether,-3.44704
C,reduction,uncertainty,18,2,GBL,ester,-3.71793
C,reduction,uncertainty,18,3,AN,nitrile,-3.90449
C,reduction,uncertainty,18,4,TMP,phosphate,-3.73753
C,reduction,uncertainty,18,5,DMC,linear_carbonate,-4.02254
C,reduction,uncertainty,18,6,DOL,ether,-4.03329
C,reduction,uncertainty,18,7,DMSO,sulfoxide,-3.72385
C,reduction,uncertainty,18,8,SN,nitrile,-3.20788
C,reduction,uncertainty,18,9,SL,sulfone,-3.3579
C,reduction,ranking_aware,18,0,EC,cyclic_carbonate,-3.70877
C,reduction,ranking_aware,18,1,DME,ether,-3.44704
C,reduction,ranking_aware,18,2,GBL,ester,-3.71793
C,reduction,ranking_aware,18,3,AN,nitrile,-3.90449
C,reduction,ranking_aware,18,4,DOL,ether,-4.03329
C,reduction,ranking_aware,18,5,SN,nitrile,-3.20788
C,reduction,ranking_aware,18,6,TMP,phosphate,-3.73753
C,reduction,ranking_aware,18,7,SL,sulfone,-3.3579
C,reduction,ranking_aware,18,8,DMSO,sulfoxide,-3.72385
C,reduction,ranking_aware,18,9,DMC,linear_carbonate,-4.02254
C,reduction,random,19,0,EC,cyclic_carbonate,-3.70877
C,reduction,random,19,1,DME,ether,-3.44704
C,reduction,random,19,2,GBL,ester,-3.71793
C,reduction,random,19,3,TMP,phosphate,-3.73753
C,reduction,random,19,4,SN,nitrile,-3.20788
C,reduction,random,19,5,DMSO,sulfoxide,-3.72385
C,reduction,random,19,6,SL,sulfone,-3.3579
C,reduction,random,19,7,DOL,ether,-4.03329
C,reduction,random,19,8,DMC,linear_carbonate,-4.02254
C,reduction,random,19,9,AN,nitrile,-3.90449
C,reduction,diversity,19,0,EC,cyclic_carbonate,-3.70877
C,reduction,diversity,19,1,DME,ether,-3.44704
C,reduction,diversity,19,2,GBL,ester,-3.71793
C,reduction,diversity,19,3,TMP,phosphate,-3.73753
C,reduction,diversity,19,4,AN,nitrile,-3.90449
C,reduction,diversity,19,5,DMC,linear_carbonate,-4.02254
C,reduction,diversity,19,6,DOL,ether,-4.03329
C,reduction,diversity,19,7,DMSO,sulfoxide,-3.72385
C,reduction,diversity,19,8,SN,nitrile,-3.20788
C,reduction,diversity,19,9,SL,sulfone,-3.3579
C,reduction,uncertainty,19,0,EC,cyclic_carbonate,-3.70877
C,reduction,uncertainty,19,1,DME,ether,-3.44704
C,reduction,uncertainty,19,2,GBL,ester,-3.71793
C,reduction,uncertainty,19,3,TMP,phosphate,-3.73753
C,reduction,uncertainty,19,4,AN,nitrile,-3.90449
C,reduction,uncertainty,19,5,DMC,linear_carbonate,-4.02254
C,reduction,uncertainty,19,6,DOL,ether,-4.03329
C,reduction,uncertainty,19,7,DMSO,sulfoxide,-3.72385
C,reduction,uncertainty,19,8,SN,nitrile,-3.20788
C,reduction,uncertainty,19,9,SL,sulfone,-3.3579
C,reduction,ranking_aware,19,0,EC,cyclic_carbonate,-3.70877
C,reduction,ranking_aware,19,1,DME,ether,-3.44704
C,reduction,ranking_aware,19,2,GBL,ester,-3.71793
C,reduction,ranking_aware,19,3,TMP,phosphate,-3.73753
C,reduction,ranking_aware,19,4,DOL,ether,-4.03329
C,reduction,ranking_aware,19,5,DMC,linear_carbonate,-4.02254
C,reduction,ranking_aware,19,6,DMSO,sulfoxide,-3.72385
C,reduction,ranking_aware,19,7,SN,nitrile,-3.20788
C,reduction,ranking_aware,19,8,SL,sulfone,-3.3579
C,reduction,ranking_aware,19,9,AN,nitrile,-3.90449
