task,feature_set,objective,model,split,shape,replicate,name,y_true_ev,y_ref_ev,y_pred_ev
M,X0,oxidation,constant,random,direct,seed=101,DMC,10.5799,12.0831,10.093
M,X0,oxidation,constant,random,direct,seed=101,EMC,10.2016,11.9687,10.5799
M,X0,oxidation,constant,random,direct,seed=101,DEC,9.98433,11.8884,10.5799
M,X0,oxidation,constant,random,direct,seed=101,EC,10.7691,12.4023,10.4934
M,X0,oxidation,constant,random,direct,seed=101,PC,10.5388,12.258,10.5702
M,X0,oxidation,constant,random,direct,seed=101,FEC,11.3226,12.9955,10.3089
M,X0,oxidation,constant,random,direct,seed=101,VC,9.61883,11.8799,10.8769
M,X0,oxidation,constant,random,direct,seed=101,DME,8.85602,10.8493,8.45423
M,X0,oxidation,constant,random,direct,seed=101,DOL,9.31314,11.0221,8.85602
M,X0,oxidation,constant,random,direct,seed=101,TEGDME,7.59532,10.6067,8.85602
M,X0,oxidation,constant,random,direct,seed=101,EA,10.0028,11.3432,10.0768
M,X0,oxidation,constant,random,direct,seed=101,MA,10.202,11.4337,9.97719
M,X0,oxidation,constant,random,direct,seed=101,GBL,9.95154,11.3964,10.1024
M,X0,oxidation,constant,random,direct,seed=101,SL,9.79305,11.2504,10.0728
M,X0,oxidation,constant,random,direct,seed=101,DMSO,8.81417,10.4243,10.1125
M,X0,oxidation,constant,random,direct,seed=101,AN,12.1404,11.6109,11.6036
M,X0,oxidation,constant,random,direct,seed=101,TMP,10.0568,11.9035,9.95953
M,X0,oxidation,constant,random,direct,seed=101,SN,11.6036,11.9211,12.1404
M,X0,oxidation,constant,random,direct,seed=211,DMC,10.5799,12.0831,10.093
M,X0,oxidation,constant,random,direct,seed=211,EMC,10.2016,11.9687,10.5799
M,X0,oxidation,constant,random,direct,seed=211,DEC,9.98433,11.8884,10.5799
M,X0,oxidation,constant,random,direct,seed=211,EC,10.7691,12.4023,10.4934
M,X0,oxidation,constant,random,direct,seed=211,PC,10.5388,12.258,10.5702
M,X0,oxidation,constant,random,direct,seed=211,FEC,11.3226,12.9955,10.3089
M,X0,oxidation,constant,random,direct,seed=211,VC,9.61883,11.8799,10.8769
M,X0,oxidation,constant,random,direct,seed=211,DME,8.85602,10.8493,9.31314
M,X0,oxidation,constant,random,direct,seed=211,DOL,9.31314,11.0221,8.22567
M,X0,oxidation,constant,random,direct,seed=211,TEGDME,7.59532,10.6067,9.31314
M,X0,oxidation,constant,random,direct,seed=211,EA,10.0028,11.3432,10.0768
M,X0,oxidation,constant,random,direct,seed=211,MA,10.202,11.4337,9.97719
M,X0,oxidation,constant,random,direct,seed=211,GBL,9.95154,11.3964,10.1024
M,X0,oxidation,constant,random,direct,seed=211,SL,9.79305,11.2504,9.84901
M,X0,oxidation,constant,random,direct,seed=211,DMSO,8.81417,10.4243,10.136
M,X0,oxidation,constant,random,direct,seed=211,AN,12.1404,11.6109,11.6036
M,X0,oxidation,constant,random,direct,seed=211,TMP,10.0568,11.9035,10.0043
M,X0,oxidation,constant,random,direct,seed=211,SN,11.6036,11.9211,12.1404
M,X0,oxidation,constant,random,direct,seed=307,DMC,10.5799,12.0831,10.093
M,X0,oxidation,constant,random,direct,seed=307,EMC,10.2016,11.9687,10.2821
M,X0,oxidation,constant,random,direct,seed=307,DEC,9.98433,11.8884,10.3907
M,X0,oxidation,constant,random,direct,seed=307,EC,10.7691,12.4023,10.0788
M,X0,oxidation,constant,random,direct,seed=307,PC,10.5388,12.258,10.5702
M,X0,oxidation,constant,random,direct,seed=307,FEC,11.3226,12.9955,10.0788
M,X0,oxidation,constant,random,direct,seed=307,VC,9.61883,11.8799,10.8769
M,X0,oxidation,constant,random,direct,seed=307,DME,8.85602,10.8493,8.45423
M,X0,oxidation,constant,random,direct,seed=307,DOL,9.31314,11.0221,8.22567
M,X0,oxidation,constant,random,direct,seed=307,TEGDME,7.59532,10.6067,9.08458
M,X0,oxidation,constant,random,direct,seed=307,EA,10.0028,11.3432,10.202
M,X0,oxidation,constant,random,direct,seed=307,MA,10.202,11.4337,9.97719
M,X0,oxidation,constant,random,direct,seed=307,GBL,9.95154,11.3964,10.202
M,X0,oxidation,constant,random,direct,seed=307,SL,9.79305,11.2504,10.1807
M,X0,oxidation,constant,random,direct,seed=307,DMSO,8.81417,10.4243,10.334
M,X0,oxidation,constant,random,direct,seed=307,AN,12.1404,11.6109,11.6036
M,X0,oxidation,constant,random,direct,seed=307,TMP,10.0568,11.9035,10.334
M,X0,oxidation,constant,random,direct,seed=307,SN,11.6036,11.9211,12.1404
M,X0,oxidation,constant,random,direct,seed=401,DMC,10.5799,12.0831,10.093
M,X0,oxidation,constant,random,direct,seed=401,EMC,10.2016,11.9687,10.5799
M,X0,oxidation,constant,random,direct,seed=401,DEC,9.98433,11.8884,10.5799
M,X0,oxidation,constant,random,direct,seed=401,EC,10.7691,12.4023,10.4934
M,X0,oxidation,constant,random,direct,seed=401,PC,10.5388,12.258,10.5702
M,X0,oxidation,constant,random,direct,seed=401,FEC,11.3226,12.9955,10.3089
M,X0,oxidation,constant,random,direct,seed=401,VC,9.61883,11.8799,10.8769
M,X0,oxidation,constant,random,direct,seed=401,DME,8.85602,10.8493,8.45423
M,X0,oxidation,constant,random,direct,seed=401,DOL,9.31314,11.0221,8.85602
M,X0,oxidation,constant,random,direct,seed=401,TEGDME,7.59532,10.6067,8.85602
M,X0,oxidation,constant,random,direct,seed=401,EA,10.0028,11.3432,9.95154
M,X0,oxidation,constant,random,direct,seed=401,MA,10.202,11.4337,9.95154
M,X0,oxidation,constant,random,direct,seed=401,GBL,9.95154,11.3964,10.1024
M,X0,oxidation,constant,random,direct,seed=401,SL,9.79305,11.2504,10.0596
M,X0,oxidation,constant,random,direct,seed=401,DMSO,8.81417,10.4243,10.0596
M,X0,oxidation,constant,random,direct,seed=401,AN,12.1404,11.6109,11.6036
M,X0,oxidation,constant,random,direct,seed=401,TMP,10.0568,11.9035,10.1653
M,X0,oxidation,constant,random,direct,seed=401,SN,11.6036,11.9211,12.1404
M,X0,oxidation,constant,random,direct,seed=503,DMC,10.5799,12.0831,10.093
M,X0,oxidation,constant,random,direct,seed=503,EMC,10.2016,11.9687,10.5799
M,X0,oxidation,constant,random,direct,seed=503,DEC,9.98433,11.8884,10.5799
M,X0,oxidation,constant,random,direct,seed=503,EC,10.7691,12.4023,10.4934
M,X0,oxidation,constant,random,direct,seed=503,PC,10.5388,12.258,10.5702
M,X0,oxidation,constant,random,direct,seed=503,FEC,11.3226,12.9955,10.3089
M,X0,oxidation,constant,random,direct,seed=503,VC,9.61883,11.8799,10.8769
M,X0,oxidation,constant,random,direct,seed=503,DME,8.85602,10.8493,8.45423
M,X0,oxidation,constant,random,direct,seed=503,DOL,9.31314,11.0221,8.85602
M,X0,oxidation,constant,random,direct,seed=503,TEGDME,7.59532,10.6067,8.85602
M,X0,oxidation,constant,random,direct,seed=503,EA,10.0028,11.3432,9.95154
M,X0,oxidation,constant,random,direct,seed=503,MA,10.202,11.4337,9.95154
M,X0,oxidation,constant,random,direct,seed=503,GBL,9.95154,11.3964,10.1024
M,X0,oxidation,constant,random,direct,seed=503,SL,9.79305,11.2504,10.0547
M,X0,oxidation,constant,random,direct,seed=503,DMSO,8.81417,10.4243,10.1289
M,X0,oxidation,constant,random,direct,seed=503,AN,12.1404,11.6109,11.6036
M,X0,oxidation,constant,random,direct,seed=503,TMP,10.0568,11.9035,9.92764
M,X0,oxidation,constant,random,direct,seed=503,SN,11.6036,11.9211,12.1404
M,X0,oxidation,ridge,random,direct,seed=101,DMC,10.5799,12.0831,10.4643
M,X0,oxidation,ridge,random,direct,seed=101,EMC,10.2016,11.9687,10.8432
M,X0,oxidation,ridge,random,direct,seed=101,DEC,9.98433,11.8884,11.0907
M,X0,oxidation,ridge,random,direct,seed=101,EC,10.7691,12.4023,10.9936
M,X0,oxidation,ridge,random,direct,seed=101,PC,10.5388,12.258,10.3664
M,X0,oxidation,ridge,random,direct,seed=101,FEC,11.3226,12.9955,10.9439
M,X0,oxidation,ridge,random,direct,seed=101,VC,9.61883,11.8799,10.9917
M,X0,oxidation,ridge,random,direct,seed=101,DME,8.85602,10.8493,9.74895
M,X0,oxidation,ridge,random,direct,seed=101,DOL,9.31314,11.0221,9.5921
M,X0,oxidation,ridge,random,direct,seed=101,TEGDME,7.59532,10.6067,7.58947
M,X0,oxidation,ridge,random,direct,seed=101,EA,10.0028,11.3432,10.0779
M,X0,oxidation,ridge,random,direct,seed=101,MA,10.202,11.4337,10.0415
M,X0,oxidation,ridge,random,direct,seed=101,GBL,9.95154,11.3964,9.95207
M,X0,oxidation,ridge,random,direct,seed=101,SL,9.79305,11.2504,9.38175
M,X0,oxidation,ridge,random,direct,seed=101,DMSO,8.81417,10.4243,8.43943
M,X0,oxidation,ridge,random,direct,seed=101,AN,12.1404,11.6109,10.7341
M,X0,oxidation,ridge,random,direct,seed=101,TMP,10.0568,11.9035,9.6649
M,X0,oxidation,ridge,random,direct,seed=101,SN,11.6036,11.9211,10.8648
M,X0,oxidation,ridge,random,direct,seed=211,DMC,10.5799,12.0831,10.3444
M,X0,oxidation,ridge,random,direct,seed=211,EMC,10.2016,11.9687,10.3507
M,X0,oxidation,ridge,random,direct,seed=211,DEC,9.98433,11.8884,10.119
M,X0,oxidation,ridge,random,direct,seed=211,EC,10.7691,12.4023,10.7208
M,X0,oxidation,ridge,random,direct,seed=211,PC,10.5388,12.258,10.3581
M,X0,oxidation,ridge,random,direct,seed=211,FEC,11.3226,12.9955,11.0916
M,X0,oxidation,ridge,random,direct,seed=211,VC,9.61883,11.8799,10.7943
M,X0,oxidation,ridge,random,direct,seed=211,DME,8.85602,10.8493,10.3022
M,X0,oxidation,ridge,random,direct,seed=211,DOL,9.31314,11.0221,9.15188
M,X0,oxidation,ridge,random,direct,seed=211,TEGDME,7.59532,10.6067,8.28185
M,X0,oxidation,ridge,random,direct,seed=211,EA,10.0028,11.3432,10.0305
M,X0,oxidation,ridge,random,direct,seed=211,MA,10.202,11.4337,10.0494
M,X0,oxidation,ridge,random,direct,seed=211,GBL,9.95154,11.3964,10.1026
M,X0,oxidation,ridge,random,direct,seed=211,SL,9.79305,11.2504,9.57449
M,X0,oxidation,ridge,random,direct,seed=211,DMSO,8.81417,10.4243,10.1584
M,X0,oxidation,ridge,random,direct,seed=211,AN,12.1404,11.6109,10.5972
M,X0,oxidation,ridge,random,direct,seed=211,TMP,10.0568,11.9035,9.68361
M,X0,oxidation,ridge,random,direct,seed=211,SN,11.6036,11.9211,11.0055
M,X0,oxidation,ridge,random,direct,seed=307,DMC,10.5799,12.0831,10.6599
M,X0,oxidation,ridge,random,direct,seed=307,EMC,10.2016,11.9687,10.2264
M,X0,oxidation,ridge,random,direct,seed=307,DEC,9.98433,11.8884,10.1386
M,X0,oxidation,ridge,random,direct,seed=307,EC,10.7691,12.4023,10.7247
M,X0,oxidation,ridge,random,direct,seed=307,PC,10.5388,12.258,10.3144
M,X0,oxidation,ridge,random,direct,seed=307,FEC,11.3226,12.9955,11.0928
M,X0,oxidation,ridge,random,direct,seed=307,VC,9.61883,11.8799,11.1228
M,X0,oxidation,ridge,random,direct,seed=307,DME,8.85602,10.8493,10.2737
M,X0,oxidation,ridge,random,direct,seed=307,DOL,9.31314,11.0221,9.45991
M,X0,oxidation,ridge,random,direct,seed=307,TEGDME,7.59532,10.6067,3.40093
M,X0,oxidation,ridge,random,direct,seed=307,EA,10.0028,11.3432,10.0253
M,X0,oxidation,ridge,random,direct,seed=307,MA,10.202,11.4337,10.2865
M,X0,oxidation,ridge,random,direct,seed=307,GBL,9.95154,11.3964,9.77502
M,X0,oxidation,ridge,random,direct,seed=307,SL,9.79305,11.2504,9.2253
M,X0,oxidation,ridge,random,direct,seed=307,DMSO,8.81417,10.4243,9.11015
M,X0,oxidation,ridge,random,direct,seed=307,AN,12.1404,11.6109,10.7266
M,X0,oxidation,ridge,random,direct,seed=307,TMP,10.0568,11.9035,8.69708
M,X0,oxidation,ridge,random,direct,seed=307,SN,11.6036,11.9211,10.7086
M,X0,oxidation,ridge,random,direct,seed=401,DMC,10.5799,12.0831,10.5298
M,X0,oxidation,ridge,random,direct,seed=401,EMC,10.2016,11.9687,10.7534
M,X0,oxidation,ridge,random,direct,seed=401,DEC,9.98433,11.8884,10.9612
M,X0,oxidation,ridge,random,direct,seed=401,EC,10.7691,12.4023,10.6048
M,X0,oxidation,ridge,random,direct,seed=401,PC,10.5388,12.258,10.1783
M,X0,oxidation,ridge,random,direct,seed=401,FEC,11.3226,12.9955,10.8075
M,X0,oxidation,ridge,random,direct,seed=401,VC,9.61883,11.8799,11.0855
M,X0,oxidation,ridge,random,direct,seed=401,DME,8.85602,10.8493,10.267
M,X0,oxidation,ridge,random,direct,seed=401,DOL,9.31314,11.0221,9.56946
M,X0,oxidation,ridge,random,direct,seed=401,TEGDME,7.59532,10.6067,6.82487
M,X0,oxidation,ridge,random,direct,seed=401,EA,10.0028,11.3432,9.7567
M,X0,oxidation,ridge,random,direct,seed=401,MA,10.202,11.4337,9.94782
M,X0,oxidation,ridge,random,direct,seed=401,GBL,9.95154,11.3964,9.45457
M,X0,oxidation,ridge,random,direct,seed=401,SL,9.79305,11.2504,9.70098
M,X0,oxidation,ridge,random,direct,seed=401,DMSO,8.81417,10.4243,10.0529
M,X0,oxidation,ridge,random,direct,seed=401,AN,12.1404,11.6109,10.5411
M,X0,oxidation,ridge,random,direct,seed=401,TMP,10.0568,11.9035,10.2184
M,X0,oxidation,ridge,random,direct,seed=401,SN,11.6036,11.9211,11.3386
M,X0,oxidation,ridge,random,direct,seed=503,DMC,10.5799,12.0831,10.6411
M,X0,oxidation,ridge,random,direct,seed=503,EMC,10.2016,11.9687,10.791
M,X0,oxidation,ridge,random,direct,seed=503,DEC,9.98433,11.8884,11.0123
M,X0,oxidation,ridge,random,direct,seed=503,EC,10.7691,12.4023,10.5545
M,X0,oxidation,ridge,random,direct,seed=503,PC,10.5388,12.258,10.2161
M,X0,oxidation,ridge,random,direct,seed=503,FEC,11.3226,12.9955,11.4522
M,X0,oxidation,ridge,random,direct,seed=503,VC,9.61883,11.8799,11.0671
M,X0,oxidation,ridge,random,direct,seed=503,DME,8.85602,10.8493,8.81453
M,X0,oxidation,ridge,random,direct,seed=503,DOL,9.31314,11.0221,9.0873
M,X0,oxidation,ridge,random,direct,seed=503,TEGDME,7.59532,10.6067,5.47246
M,X0,oxidation,ridge,random,direct,seed=503,EA,10.0028,11.3432,10.0806
M,X0,oxidation,ridge,random,direct,seed=503,MA,10.202,11.4337,10.3433
M,X0,oxidation,ridge,random,direct,seed=503,GBL,9.95154,11.3964,9.473
M,X0,oxidation,ridge,random,direct,seed=503,SL,9.79305,11.2504,9.43633
M,X0,oxidation,ridge,random,direct,seed=503,DMSO,8.81417,10.4243,8.66701
M,X0,oxidation,ridge,random,direct,seed=503,AN,12.1404,11.6109,10.7152
M,X0,oxidation,ridge,random,direct,seed=503,TMP,10.0568,11.9035,9.56869
M,X0,oxidation,ridge,random,direct,seed=503,SN,11.6036,11.9211,10.6569
M,X0,oxidation,krr,random,direct,seed=101,DMC,10.5799,12.0831,9.87556
M,X0,oxidation,krr,random,direct,seed=101,EMC,10.2016,11.9687,10.3648
M,X0,oxidation,krr,random,direct,seed=101,DEC,9.98433,11.8884,10.17
M,X0,oxidation,krr,random,direct,seed=101,EC,10.7691,12.4023,10.5719
M,X0,oxidation,krr,random,direct,seed=101,PC,10.5388,12.258,10.4346
M,X0,oxidation,krr,random,direct,seed=101,FEC,11.3226,12.9955,9.92592
M,X0,oxidation,krr,random,direct,seed=101,VC,9.61883,11.8799,10.6787
M,X0,oxidation,krr,random,direct,seed=101,DME,8.85602,10.8493,9.84324
M,X0,oxidation,krr,random,direct,seed=101,DOL,9.31314,11.0221,9.42418
M,X0,oxidation,krr,random,direct,seed=101,TEGDME,7.59532,10.6067,6.17311
M,X0,oxidation,krr,random,direct,seed=101,EA,10.0028,11.3432,9.90164
M,X0,oxidation,krr,random,direct,seed=101,MA,10.202,11.4337,10.1058
M,X0,oxidation,krr,random,direct,seed=101,GBL,9.95154,11.3964,9.90386
M,X0,oxidation,krr,random,direct,seed=101,SL,9.79305,11.2504,9.43169
M,X0,oxidation,krr,random,direct,seed=101,DMSO,8.81417,10.4243,10.0466
M,X0,oxidation,krr,random,direct,seed=101,AN,12.1404,11.6109,10.1688
M,X0,oxidation,krr,random,direct,seed=101,TMP,10.0568,11.9035,9.51719
M,X0,oxidation,krr,random,direct,seed=101,SN,11.6036,11.9211,11.1635
M,X0,oxidation,krr,random,direct,seed=211,DMC,10.5799,12.0831,10.2924
M,X0,oxidation,krr,random,direct,seed=211,EMC,10.2016,11.9687,10.3591
M,X0,oxidation,krr,random,direct,seed=211,DEC,9.98433,11.8884,10.1438
M,X0,oxidation,krr,random,direct,seed=211,EC,10.7691,12.4023,10.6708
M,X0,oxidation,krr,random,direct,seed=211,PC,10.5388,12.258,10.371
M,X0,oxidation,krr,random,direct,seed=211,FEC,11.3226,12.9955,10.7852
M,X0,oxidation,krr,random,direct,seed=211,VC,9.61883,11.8799,11.034
M,X0,oxidation,krr,random,direct,seed=211,DME,8.85602,10.8493,10.0455
M,X0,oxidation,krr,random,direct,seed=211,DOL,9.31314,11.0221,9.21267
M,X0,oxidation,krr,random,direct,seed=211,TEGDME,7.59532,10.6067,5.81043
M,X0,oxidation,krr,random,direct,seed=211,EA,10.0028,11.3432,10.0855
M,X0,oxidation,krr,random,direct,seed=211,MA,10.202,11.4337,10.0463
M,X0,oxidation,krr,random,direct,seed=211,GBL,9.95154,11.3964,10.0934
M,X0,oxidation,krr,random,direct,seed=211,SL,9.79305,11.2504,9.67754
M,X0,oxidation,krr,random,direct,seed=211,DMSO,8.81417,10.4243,10.069
M,X0,oxidation,krr,random,direct,seed=211,AN,12.1404,11.6109,10.2764
M,X0,oxidation,krr,random,direct,seed=211,TMP,10.0568,11.9035,9.84318
M,X0,oxidation,krr,random,direct,seed=211,SN,11.6036,11.9211,12.1153
M,X0,oxidation,krr,random,direct,seed=307,DMC,10.5799,12.0831,10.4809
M,X0,oxidation,krr,random,direct,seed=307,EMC,10.2016,11.9687,10.1629
M,X0,oxidation,krr,random,direct,seed=307,DEC,9.98433,11.8884,10.0597
M,X0,oxidation,krr,random,direct,seed=307,EC,10.7691,12.4023,9.92453
M,X0,oxidation,krr,random,direct,seed=307,PC,10.5388,12.258,9.90036
M,X0,oxidation,krr,random,direct,seed=307,FEC,11.3226,12.9955,9.90691
M,X0,oxidation,krr,random,direct,seed=307,VC,9.61883,11.8799,10.8571
M,X0,oxidation,krr,random,direct,seed=307,DME,8.85602,10.8493,10.1598
M,X0,oxidation,krr,random,direct,seed=307,DOL,9.31314,11.0221,9.09597
M,X0,oxidation,krr,random,direct,seed=307,TEGDME,7.59532,10.6067,4.83141
M,X0,oxidation,krr,random,direct,seed=307,EA,10.0028,11.3432,9.88926
M,X0,oxidation,krr,random,direct,seed=307,MA,10.202,11.4337,9.90748
M,X0,oxidation,krr,random,direct,seed=307,GBL,9.95154,11.3964,9.87167
M,X0,oxidation,krr,random,direct,seed=307,SL,9.79305,11.2504,9.33636
M,X0,oxidation,krr,random,direct,seed=307,DMSO,8.81417,10.4243,9.70925
M,X0,oxidation,krr,random,direct,seed=307,AN,12.1404,11.6109,10.2648
M,X0,oxidation,krr,random,direct,seed=307,TMP,10.0568,11.9035,9.07126
M,X0,oxidation,krr,random,direct,seed=307,SN,11.6036,11.9211,9.90408
M,X0,oxidation,krr,random,direct,seed=401,DMC,10.5799,12.0831,10.4077
M,X0,oxidation,krr,random,direct,seed=401,EMC,10.2016,11.9687,10.2005
M,X0,oxidation,krr,random,direct,seed=401,DEC,9.98433,11.8884,10.0251
M,X0,oxidation,krr,random,direct,seed=401,EC,10.7691,12.4023,10.0779
M,X0,oxidation,krr,random,direct,seed=401,PC,10.5388,12.258,10.2666
M,X0,oxidation,krr,random,direct,seed=401,FEC,11.3226,12.9955,10.5392
M,X0,oxidation,krr,random,direct,seed=401,VC,9.61883,11.8799,10.9915
M,X0,oxidation,krr,random,direct,seed=401,DME,8.85602,10.8493,10.3355
M,X0,oxidation,krr,random,direct,seed=401,DOL,9.31314,11.0221,9.55969
M,X0,oxidation,krr,random,direct,seed=401,TEGDME,7.59532,10.6067,6.57001
M,X0,oxidation,krr,random,direct,seed=401,EA,10.0028,11.3432,9.83973
M,X0,oxidation,krr,random,direct,seed=401,MA,10.202,11.4337,9.83405
M,X0,oxidation,krr,random,direct,seed=401,GBL,9.95154,11.3964,9.40013
M,X0,oxidation,krr,random,direct,seed=401,SL,9.79305,11.2504,9.88966
M,X0,oxidation,krr,random,direct,seed=401,DMSO,8.81417,10.4243,10.1043
M,X0,oxidation,krr,random,direct,seed=401,AN,12.1404,11.6109,9.62915
M,X0,oxidation,krr,random,direct,seed=401,TMP,10.0568,11.9035,10.2404
M,X0,oxidation,krr,random,direct,seed=401,SN,11.6036,11.9211,10.4207
M,X0,oxidation,krr,random,direct,seed=503,DMC,10.5799,12.0831,10.6378
M,X0,oxidation,krr,random,direct,seed=503,EMC,10.2016,11.9687,10.1879
M,X0,oxidation,krr,random,direct,seed=503,DEC,9.98433,11.8884,10.0704
M,X0,oxidation,krr,random,direct,seed=503,EC,10.7691,12.4023,10.2131
M,X0,oxidation,krr,random,direct,seed=503,PC,10.5388,12.258,10.3041
M,X0,oxidation,krr,random,direct,seed=503,FEC,11.3226,12.9955,11.1249
M,X0,oxidation,krr,random,direct,seed=503,VC,9.61883,11.8799,11.0243
M,X0,oxidation,krr,random,direct,seed=503,DME,8.85602,10.8493,8.98115
M,X0,oxidation,krr,random,direct,seed=503,DOL,9.31314,11.0221,9.01354
M,X0,oxidation,krr,random,direct,seed=503,TEGDME,7.59532,10.6067,5.73905
M,X0,oxidation,krr,random,direct,seed=503,EA,10.0028,11.3432,9.9876
M,X0,oxidation,krr,random,direct,seed=503,MA,10.202,11.4337,10.2693
M,X0,oxidation,krr,random,direct,seed=503,GBL,9.95154,11.3964,9.52952
M,X0,oxidation,krr,random,direct,seed=503,SL,9.79305,11.2504,9.31456
M,X0,oxidation,krr,random,direct,seed=503,DMSO,8.81417,10.4243,10.1404
M,X0,oxidation,krr,random,direct,seed=503,AN,12.1404,11.6109,10.5362
M,X0,oxidation,krr,random,direct,seed=503,TMP,10.0568,11.9035,9.50962
M,X0,oxidation,krr,random,direct,seed=503,SN,11.6036,11.9211,10.1576
M,X0,oxidation,gpr,random,direct,seed=101,DMC,10.5799,12.0831,10.4823
M,X0,oxidation,gpr,random,direct,seed=101,EMC,10.2016,11.9687,10.2791
M,X0,oxidation,gpr,random,direct,seed=101,DEC,9.98433,11.8884,10.0609
M,X0,oxidation,gpr,random,direct,seed=101,EC,10.7691,12.4023,10.7621
M,X0,oxidation,gpr,random,direct,seed=101,PC,10.5388,12.258,10.2782
M,X0,oxidation,gpr,random,direct,seed=101,FEC,11.3226,12.9955,11.3833
M,X0,oxidation,gpr,random,direct,seed=101,VC,9.61883,11.8799,11.0616
M,X0,oxidation,gpr,random,direct,seed=101,DME,8.85602,10.8493,9.9125
M,X0,oxidation,gpr,random,direct,seed=101,DOL,9.31314,11.0221,10.2781
M,X0,oxidation,gpr,random,direct,seed=101,TEGDME,7.59532,10.6067,10.2781
M,X0,oxidation,gpr,random,direct,seed=101,EA,10.0028,11.3432,10.2781
M,X0,oxidation,gpr,random,direct,seed=101,MA,10.202,11.4337,10.0611
M,X0,oxidation,gpr,random,direct,seed=101,GBL,9.95154,11.3964,9.82785
M,X0,oxidation,gpr,random,direct,seed=101,SL,9.79305,11.2504,9.99449
M,X0,oxidation,gpr,random,direct,seed=101,DMSO,8.81417,10.4243,9.94452
M,X0,oxidation,gpr,random,direct,seed=101,AN,12.1404,11.6109,10.3129
M,X0,oxidation,gpr,random,direct,seed=101,TMP,10.0568,11.9035,9.22937
M,X0,oxidation,gpr,random,direct,seed=101,SN,11.6036,11.9211,11.4709
M,X0,oxidation,gpr,random,direct,seed=211,DMC,10.5799,12.0831,10.297
M,X0,oxidation,gpr,random,direct,seed=211,EMC,10.2016,11.9687,10.4054
M,X0,oxidation,gpr,random,direct,seed=211,DEC,9.98433,11.8884,10.3029
M,X0,oxidation,gpr,random,direct,seed=211,EC,10.7691,12.4023,10.7717
M,X0,oxidation,gpr,random,direct,seed=211,PC,10.5388,12.258,10.4401
M,X0,oxidation,gpr,random,direct,seed=211,FEC,11.3226,12.9955,10.871
M,X0,oxidation,gpr,random,direct,seed=211,VC,9.61883,11.8799,10.3284
M,X0,oxidation,gpr,random,direct,seed=211,DME,8.85602,10.8493,10.3078
M,X0,oxidation,gpr,random,direct,seed=211,DOL,9.31314,11.0221,9.27999
M,X0,oxidation,gpr,random,direct,seed=211,TEGDME,7.59532,10.6067,10.3079
M,X0,oxidation,gpr,random,direct,seed=211,EA,10.0028,11.3432,10.279
M,X0,oxidation,gpr,random,direct,seed=211,MA,10.202,11.4337,10.2484
M,X0,oxidation,gpr,random,direct,seed=211,GBL,9.95154,11.3964,9.78347
M,X0,oxidation,gpr,random,direct,seed=211,SL,9.79305,11.2504,9.93181
M,X0,oxidation,gpr,random,direct,seed=211,DMSO,8.81417,10.4243,9.90502
M,X0,oxidation,gpr,random,direct,seed=211,AN,12.1404,11.6109,10.7301
M,X0,oxidation,gpr,random,direct,seed=211,TMP,10.0568,11.9035,9.2554
M,X0,oxidation,gpr,random,direct,seed=211,SN,11.6036,11.9211,11.9047
M,X0,oxidation,gpr,random,direct,seed=307,DMC,10.5799,12.0831,10.426
M,X0,oxidation,gpr,random,direct,seed=307,EMC,10.2016,11.9687,10.334
M,X0,oxidation,gpr,random,direct,seed=307,DEC,9.98433,11.8884,9.96688
M,X0,oxidation,gpr,random,direct,seed=307,EC,10.7691,12.4023,10.8289
M,X0,oxidation,gpr,random,direct,seed=307,PC,10.5388,12.258,10.4789
M,X0,oxidation,gpr,random,direct,seed=307,FEC,11.3226,12.9955,11.3049
M,X0,oxidation,gpr,random,direct,seed=307,VC,9.61883,11.8799,10.9377
M,X0,oxidation,gpr,random,direct,seed=307,DME,8.85602,10.8493,9.81137
M,X0,oxidation,gpr,random,direct,seed=307,DOL,9.31314,11.0221,9.00597
M,X0,oxidation,gpr,random,direct,seed=307,TEGDME,7.59532,10.6067,10.334
M,X0,oxidation,gpr,random,direct,seed=307,EA,10.0028,11.3432,9.81325
M,X0,oxidation,gpr,random,direct,seed=307,MA,10.202,11.4337,10.5431
M,X0,oxidation,gpr,random,direct,seed=307,GBL,9.95154,11.3964,9.57627
M,X0,oxidation,gpr,random,direct,seed=307,SL,9.79305,11.2504,9.90082
M,X0,oxidation,gpr,random,direct,seed=307,DMSO,8.81417,10.4243,10.334
M,X0,oxidation,gpr,random,direct,seed=307,AN,12.1404,11.6109,10.3846
M,X0,oxidation,gpr,random,direct,seed=307,TMP,10.0568,11.9035,10.334
M,X0,oxidation,gpr,random,direct,seed=307,SN,11.6036,11.9211,10.628
M,X0,oxidation,gpr,random,direct,seed=401,DMC,10.5799,12.0831,10.4703
M,X0,oxidation,gpr,random,direct,seed=401,EMC,10.2016,11.9687,10.4451
M,X0,oxidation,gpr,random,direct,seed=401,DEC,9.98433,11.8884,10.1849
M,X0,oxidation,gpr,random,direct,seed=401,EC,10.7691,12.4023,10.5226
M,X0,oxidation,gpr,random,direct,seed=401,PC,10.5388,12.258,10.5659
M,X0,oxidation,gpr,random,direct,seed=401,FEC,11.3226,12.9955,11.2736
M,X0,oxidation,gpr,random,direct,seed=401,VC,9.61883,11.8799,10.7605
M,X0,oxidation,gpr,random,direct,seed=401,DME,8.85602,10.8493,10.0625
M,X0,oxidation,gpr,random,direct,seed=401,DOL,9.31314,11.0221,9.39154
M,X0,oxidation,gpr,random,direct,seed=401,TEGDME,7.59532,10.6067,10.3294
M,X0,oxidation,gpr,random,direct,seed=401,EA,10.0028,11.3432,9.94032
M,X0,oxidation,gpr,random,direct,seed=401,MA,10.202,11.4337,10.1575
M,X0,oxidation,gpr,random,direct,seed=401,GBL,9.95154,11.3964,9.51522
M,X0,oxidation,gpr,random,direct,seed=401,SL,9.79305,11.2504,9.91319
M,X0,oxidation,gpr,random,direct,seed=401,DMSO,8.81417,10.4243,9.84294
M,X0,oxidation,gpr,random,direct,seed=401,AN,12.1404,11.6109,10.1518
M,X0,oxidation,gpr,random,direct,seed=401,TMP,10.0568,11.9035,9.40139
M,X0,oxidation,gpr,random,direct,seed=401,SN,11.6036,11.9211,9.91936
M,X0,oxidation,gpr,random,direct,seed=503,DMC,10.5799,12.0831,10.5209
M,X0,oxidation,gpr,random,direct,seed=503,EMC,10.2016,11.9687,10.2543
M,X0,oxidation,gpr,random,direct,seed=503,DEC,9.98433,11.8884,10.0128
M,X0,oxidation,gpr,random,direct,seed=503,EC,10.7691,12.4023,10.9142
M,X0,oxidation,gpr,random,direct,seed=503,PC,10.5388,12.258,10.4567
M,X0,oxidation,gpr,random,direct,seed=503,FEC,11.3226,12.9955,11.1502
M,X0,oxidation,gpr,random,direct,seed=503,VC,9.61883,11.8799,10.9234
M,X0,oxidation,gpr,random,direct,seed=503,DME,8.85602,10.8493,9.29104
M,X0,oxidation,gpr,random,direct,seed=503,DOL,9.31314,11.0221,8.97083
M,X0,oxidation,gpr,random,direct,seed=503,TEGDME,7.59532,10.6067,10.2182
M,X0,oxidation,gpr,random,direct,seed=503,EA,10.0028,11.3432,10.0366
M,X0,oxidation,gpr,random,direct,seed=503,MA,10.202,11.4337,10.5195
M,X0,oxidation,gpr,random,direct,seed=503,GBL,9.95154,11.3964,9.46128
M,X0,oxidation,gpr,random,direct,seed=503,SL,9.79305,11.2504,9.80713
M,X0,oxidation,gpr,random,direct,seed=503,DMSO,8.81417,10.4243,9.95681
M,X0,oxidation,gpr,random,direct,seed=503,AN,12.1404,11.6109,10.4008
M,X0,oxidation,gpr,random,direct,seed=503,TMP,10.0568,11.9035,9.10027
M,X0,oxidation,gpr,random,direct,seed=503,SN,11.6036,11.9211,11.5014
M,X0,oxidation,rf,random,direct,seed=101,DMC,10.5799,12.0831,10.3971
M,X0,oxidation,rf,random,direct,seed=101,EMC,10.2016,11.9687,10.5446
M,X0,oxidation,rf,random,direct,seed=101,DEC,9.98433,11.8884,10.307
M,X0,oxidation,rf,random,direct,seed=101,EC,10.7691,12.4023,10.614
M,X0,oxidation,rf,random,direct,seed=101,PC,10.5388,12.258,10.6859
M,X0,oxidation,rf,random,direct,seed=101,FEC,11.3226,12.9955,10.3949
M,X0,oxidation,rf,random,direct,seed=101,VC,9.61883,11.8799,10.6309
M,X0,oxidation,rf,random,direct,seed=101,DME,8.85602,10.8493,9.25677
M,X0,oxidation,rf,random,direct,seed=101,DOL,9.31314,11.0221,9.649
M,X0,oxidation,rf,random,direct,seed=101,TEGDME,7.59532,10.6067,9.6979
M,X0,oxidation,rf,random,direct,seed=101,EA,10.0028,11.3432,9.95039
M,X0,oxidation,rf,random,direct,seed=101,MA,10.202,11.4337,10.2435
M,X0,oxidation,rf,random,direct,seed=101,GBL,9.95154,11.3964,10.0964
M,X0,oxidation,rf,random,direct,seed=101,SL,9.79305,11.2504,10.0099
M,X0,oxidation,rf,random,direct,seed=101,DMSO,8.81417,10.4243,9.93813
M,X0,oxidation,rf,random,direct,seed=101,AN,12.1404,11.6109,10.0685
M,X0,oxidation,rf,random,direct,seed=101,TMP,10.0568,11.9035,9.84243
M,X0,oxidation,rf,random,direct,seed=101,SN,11.6036,11.9211,10.0189
M,X0,oxidation,rf,random,direct,seed=211,DMC,10.5799,12.0831,10.5335
M,X0,oxidation,rf,random,direct,seed=211,EMC,10.2016,11.9687,10.465
M,X0,oxidation,rf,random,direct,seed=211,DEC,9.98433,11.8884,10.2521
M,X0,oxidation,rf,random,direct,seed=211,EC,10.7691,12.4023,10.6249
M,X0,oxidation,rf,random,direct,seed=211,PC,10.5388,12.258,10.6994
M,X0,oxidation,rf,random,direct,seed=211,FEC,11.3226,12.9955,10.5193
M,X0,oxidation,rf,random,direct,seed=211,VC,9.61883,11.8799,10.466
M,X0,oxidation,rf,random,direct,seed=211,DME,8.85602,10.8493,9.655
M,X0,oxidation,rf,random,direct,seed=211,DOL,9.31314,11.0221,9.45756
M,X0,oxidation,rf,random,direct,seed=211,TEGDME,7.59532,10.6067,9.81042
M,X0,oxidation,rf,random,direct,seed=211,EA,10.0028,11.3432,10.0692
M,X0,oxidation,rf,random,direct,seed=211,MA,10.202,11.4337,9.91227
M,X0,oxidation,rf,random,direct,seed=211,GBL,9.95154,11.3964,10.2436
M,X0,oxidation,rf,random,direct,seed=211,SL,9.79305,11.2504,10.0472
M,X0,oxidation,rf,random,direct,seed=211,DMSO,8.81417,10.4243,10.1168
M,X0,oxidation,rf,random,direct,seed=211,AN,12.1404,11.6109,9.81008
M,X0,oxidation,rf,random,direct,seed=211,TMP,10.0568,11.9035,9.72442
M,X0,oxidation,rf,random,direct,seed=211,SN,11.6036,11.9211,10.2391
M,X0,oxidation,rf,random,direct,seed=307,DMC,10.5799,12.0831,10.3331
M,X0,oxidation,rf,random,direct,seed=307,EMC,10.2016,11.9687,10.4986
M,X0,oxidation,rf,random,direct,seed=307,DEC,9.98433,11.8884,10.219
M,X0,oxidation,rf,random,direct,seed=307,EC,10.7691,12.4023,10.4561
M,X0,oxidation,rf,random,direct,seed=307,PC,10.5388,12.258,10.5949
M,X0,oxidation,rf,random,direct,seed=307,FEC,11.3226,12.9955,10.4108
M,X0,oxidation,rf,random,direct,seed=307,VC,9.61883,11.8799,10.7555
M,X0,oxidation,rf,random,direct,seed=307,DME,8.85602,10.8493,9.31968
M,X0,oxidation,rf,random,direct,seed=307,DOL,9.31314,11.0221,9.1799
M,X0,oxidation,rf,random,direct,seed=307,TEGDME,7.59532,10.6067,9.53186
M,X0,oxidation,rf,random,direct,seed=307,EA,10.0028,11.3432,10.2012
M,X0,oxidation,rf,random,direct,seed=307,MA,10.202,11.4337,10.1008
M,X0,oxidation,rf,random,direct,seed=307,GBL,9.95154,11.3964,10.1769
M,X0,oxidation,rf,random,direct,seed=307,SL,9.79305,11.2504,10.0539
M,X0,oxidation,rf,random,direct,seed=307,DMSO,8.81417,10.4243,10.2786
M,X0,oxidation,rf,random,direct,seed=307,AN,12.1404,11.6109,10.0082
M,X0,oxidation,rf,random,direct,seed=307,TMP,10.0568,11.9035,9.95277
M,X0,oxidation,rf,random,direct,seed=307,SN,11.6036,11.9211,9.88559
M,X0,oxidation,rf,random,direct,seed=401,DMC,10.5799,12.0831,10.2754
M,X0,oxidation,rf,random,direct,seed=401,EMC,10.2016,11.9687,10.2652
M,X0,oxidation,rf,random,direct,seed=401,DEC,9.98433,11.8884,10.2531
M,X0,oxidation,rf,random,direct,seed=401,EC,10.7691,12.4023,10.7133
M,X0,oxidation,rf,random,direct,seed=401,PC,10.5388,12.258,10.6198
M,X0,oxidation,rf,random,direct,seed=401,FEC,11.3226,12.9955,10.3163
M,X0,oxidation,rf,random,direct,seed=401,VC,9.61883,11.8799,10.721
M,X0,oxidation,rf,random,direct,seed=401,DME,8.85602,10.8493,9.33079
M,X0,oxidation,rf,random,direct,seed=401,DOL,9.31314,11.0221,9.74453
M,X0,oxidation,rf,random,direct,seed=401,TEGDME,7.59532,10.6067,9.50063
M,X0,oxidation,rf,random,direct,seed=401,EA,10.0028,11.3432,9.9038
M,X0,oxidation,rf,random,direct,seed=401,MA,10.202,11.4337,9.93057
M,X0,oxidation,rf,random,direct,seed=401,GBL,9.95154,11.3964,10.0746
M,X0,oxidation,rf,random,direct,seed=401,SL,9.79305,11.2504,10.5183
M,X0,oxidation,rf,random,direct,seed=401,DMSO,8.81417,10.4243,10.3561
M,X0,oxidation,rf,random,direct,seed=401,AN,12.1404,11.6109,9.82509
M,X0,oxidation,rf,random,direct,seed=401,TMP,10.0568,11.9035,9.93817
M,X0,oxidation,rf,random,direct,seed=401,SN,11.6036,11.9211,10.0231
M,X0,oxidation,rf,random,direct,seed=503,DMC,10.5799,12.0831,10.468
M,X0,oxidation,rf,random,direct,seed=503,EMC,10.2016,11.9687,10.6471
M,X0,oxidation,rf,random,direct,seed=503,DEC,9.98433,11.8884,10.3833
M,X0,oxidation,rf,random,direct,seed=503,EC,10.7691,12.4023,10.5979
M,X0,oxidation,rf,random,direct,seed=503,PC,10.5388,12.258,10.7684
M,X0,oxidation,rf,random,direct,seed=503,FEC,11.3226,12.9955,10.5586
M,X0,oxidation,rf,random,direct,seed=503,VC,9.61883,11.8799,10.6758
M,X0,oxidation,rf,random,direct,seed=503,DME,8.85602,10.8493,9.188
M,X0,oxidation,rf,random,direct,seed=503,DOL,9.31314,11.0221,9.51322
M,X0,oxidation,rf,random,direct,seed=503,TEGDME,7.59532,10.6067,9.66897
M,X0,oxidation,rf,random,direct,seed=503,EA,10.0028,11.3432,10.0411
M,X0,oxidation,rf,random,direct,seed=503,MA,10.202,11.4337,10.5104
M,X0,oxidation,rf,random,direct,seed=503,GBL,9.95154,11.3964,9.89323
M,X0,oxidation,rf,random,direct,seed=503,SL,9.79305,11.2504,9.92075
M,X0,oxidation,rf,random,direct,seed=503,DMSO,8.81417,10.4243,9.92438
M,X0,oxidation,rf,random,direct,seed=503,AN,12.1404,11.6109,9.98834
M,X0,oxidation,rf,random,direct,seed=503,TMP,10.0568,11.9035,9.68236
M,X0,oxidation,rf,random,direct,seed=503,SN,11.6036,11.9211,9.92245
M,X0,oxidation,gbdt,random,direct,seed=101,DMC,10.5799,12.0831,10.437
M,X0,oxidation,gbdt,random,direct,seed=101,EMC,10.2016,11.9687,11.2763
M,X0,oxidation,gbdt,random,direct,seed=101,DEC,9.98433,11.8884,11.181
M,X0,oxidation,gbdt,random,direct,seed=101,EC,10.7691,12.4023,10.5594
M,X0,oxidation,gbdt,random,direct,seed=101,PC,10.5388,12.258,10.7729
M,X0,oxidation,gbdt,random,direct,seed=101,FEC,11.3226,12.9955,10.3634
M,X0,oxidation,gbdt,random,direct,seed=101,VC,9.61883,11.8799,10.8374
M,X0,oxidation,gbdt,random,direct,seed=101,DME,8.85602,10.8493,9.25994
M,X0,oxidation,gbdt,random,direct,seed=101,DOL,9.31314,11.0221,9.33149
M,X0,oxidation,gbdt,random,direct,seed=101,TEGDME,7.59532,10.6067,9.30948
M,X0,oxidation,gbdt,random,direct,seed=101,EA,10.0028,11.3432,9.4129
M,X0,oxidation,gbdt,random,direct,seed=101,MA,10.202,11.4337,10.0977
M,X0,oxidation,gbdt,random,direct,seed=101,GBL,9.95154,11.3964,9.82079
M,X0,oxidation,gbdt,random,direct,seed=101,SL,9.79305,11.2504,10.0097
M,X0,oxidation,gbdt,random,direct,seed=101,DMSO,8.81417,10.4243,10.2609
M,X0,oxidation,gbdt,random,direct,seed=101,AN,12.1404,11.6109,9.94066
M,X0,oxidation,gbdt,random,direct,seed=101,TMP,10.0568,11.9035,9.7876
M,X0,oxidation,gbdt,random,direct,seed=101,SN,11.6036,11.9211,9.9916
M,X0,oxidation,gbdt,random,direct,seed=211,DMC,10.5799,12.0831,10.2278
M,X0,oxidation,gbdt,random,direct,seed=211,EMC,10.2016,11.9687,10.6715
M,X0,oxidation,gbdt,random,direct,seed=211,DEC,9.98433,11.8884,10.614
M,X0,oxidation,gbdt,random,direct,seed=211,EC,10.7691,12.4023,10.5573
M,X0,oxidation,gbdt,random,direct,seed=211,PC,10.5388,12.258,10.7028
M,X0,oxidation,gbdt,random,direct,seed=211,FEC,11.3226,12.9955,10.4083
M,X0,oxidation,gbdt,random,direct,seed=211,VC,9.61883,11.8799,11.0181
M,X0,oxidation,gbdt,random,direct,seed=211,DME,8.85602,10.8493,9.35823
M,X0,oxidation,gbdt,random,direct,seed=211,DOL,9.31314,11.0221,8.72134
M,X0,oxidation,gbdt,random,direct,seed=211,TEGDME,7.59532,10.6067,9.61237
M,X0,oxidation,gbdt,random,direct,seed=211,EA,10.0028,11.3432,9.81167
M,X0,oxidation,gbdt,random,direct,seed=211,MA,10.202,11.4337,10.2957
M,X0,oxidation,gbdt,random,direct,seed=211,GBL,9.95154,11.3964,10.1969
M,X0,oxidation,gbdt,random,direct,seed=211,SL,9.79305,11.2504,10.136
M,X0,oxidation,gbdt,random,direct,seed=211,DMSO,8.81417,10.4243,10.0461
M,X0,oxidation,gbdt,random,direct,seed=211,AN,12.1404,11.6109,10.1573
M,X0,oxidation,gbdt,random,direct,seed=211,TMP,10.0568,11.9035,9.92639
M,X0,oxidation,gbdt,random,direct,seed=211,SN,11.6036,11.9211,10.5388
M,X0,oxidation,gbdt,random,direct,seed=307,DMC,10.5799,12.0831,10.345
M,X0,oxidation,gbdt,random,direct,seed=307,EMC,10.2016,11.9687,10.7541
M,X0,oxidation,gbdt,random,direct,seed=307,DEC,9.98433,11.8884,10.3531
M,X0,oxidation,gbdt,random,direct,seed=307,EC,10.7691,12.4023,10.5499
M,X0,oxidation,gbdt,random,direct,seed=307,PC,10.5388,12.258,10.884
M,X0,oxidation,gbdt,random,direct,seed=307,FEC,11.3226,12.9955,10.2658
M,X0,oxidation,gbdt,random,direct,seed=307,VC,9.61883,11.8799,11.1256
M,X0,oxidation,gbdt,random,direct,seed=307,DME,8.85602,10.8493,9.05017
M,X0,oxidation,gbdt,random,direct,seed=307,DOL,9.31314,11.0221,8.74065
M,X0,oxidation,gbdt,random,direct,seed=307,TEGDME,7.59532,10.6067,9.13473
M,X0,oxidation,gbdt,random,direct,seed=307,EA,10.0028,11.3432,9.90519
M,X0,oxidation,gbdt,random,direct,seed=307,MA,10.202,11.4337,10.0275
M,X0,oxidation,gbdt,random,direct,seed=307,GBL,9.95154,11.3964,9.86869
M,X0,oxidation,gbdt,random,direct,seed=307,SL,9.79305,11.2504,9.91856
M,X0,oxidation,gbdt,random,direct,seed=307,DMSO,8.81417,10.4243,10.6779
M,X0,oxidation,gbdt,random,direct,seed=307,AN,12.1404,11.6109,10.1183
M,X0,oxidation,gbdt,random,direct,seed=307,TMP,10.0568,11.9035,9.80027
M,X0,oxidation,gbdt,random,direct,seed=307,SN,11.6036,11.9211,10.0041
M,X0,oxidation,gbdt,random,direct,seed=401,DMC,10.5799,12.0831,10.262
M,X0,oxidation,gbdt,random,direct,seed=401,EMC,10.2016,11.9687,10.6045
M,X0,oxidation,gbdt,random,direct,seed=401,DEC,9.98433,11.8884,10.6362
M,X0,oxidation,gbdt,random,direct,seed=401,EC,10.7691,12.4023,10.3689
M,X0,oxidation,gbdt,random,direct,seed=401,PC,10.5388,12.258,10.7552
M,X0,oxidation,gbdt,random,direct,seed=401,FEC,11.3226,12.9955,10.3525
M,X0,oxidation,gbdt,random,direct,seed=401,VC,9.61883,11.8799,11.2844
M,X0,oxidation,gbdt,random,direct,seed=401,DME,8.85602,10.8493,9.25675
M,X0,oxidation,gbdt,random,direct,seed=401,DOL,9.31314,11.0221,8.87381
M,X0,oxidation,gbdt,random,direct,seed=401,TEGDME,7.59532,10.6067,9.43924
M,X0,oxidation,gbdt,random,direct,seed=401,EA,10.0028,11.3432,9.89162
M,X0,oxidation,gbdt,random,direct,seed=401,MA,10.202,11.4337,9.79993
M,X0,oxidation,gbdt,random,direct,seed=401,GBL,9.95154,11.3964,9.87052
M,X0,oxidation,gbdt,random,direct,seed=401,SL,9.79305,11.2504,10.4273
M,X0,oxidation,gbdt,random,direct,seed=401,DMSO,8.81417,10.4243,10.3145
M,X0,oxidation,gbdt,random,direct,seed=401,AN,12.1404,11.6109,9.80246
M,X0,oxidation,gbdt,random,direct,seed=401,TMP,10.0568,11.9035,9.56428
M,X0,oxidation,gbdt,random,direct,seed=401,SN,11.6036,11.9211,10.1028
M,X0,oxidation,gbdt,random,direct,seed=503,DMC,10.5799,12.0831,10.4846
M,X0,oxidation,gbdt,random,direct,seed=503,EMC,10.2016,11.9687,11.1775
M,X0,oxidation,gbdt,random,direct,seed=503,DEC,9.98433,11.8884,11.1024
M,X0,oxidation,gbdt,random,direct,seed=503,EC,10.7691,12.4023,10.6828
M,X0,oxidation,gbdt,random,direct,seed=503,PC,10.5388,12.258,10.7669
M,X0,oxidation,gbdt,random,direct,seed=503,FEC,11.3226,12.9955,10.4793
M,X0,oxidation,gbdt,random,direct,seed=503,VC,9.61883,11.8799,11.0302
M,X0,oxidation,gbdt,random,direct,seed=503,DME,8.85602,10.8493,9.31027
M,X0,oxidation,gbdt,random,direct,seed=503,DOL,9.31314,11.0221,9.21836
M,X0,oxidation,gbdt,random,direct,seed=503,TEGDME,7.59532,10.6067,9.40311
M,X0,oxidation,gbdt,random,direct,seed=503,EA,10.0028,11.3432,9.81479
M,X0,oxidation,gbdt,random,direct,seed=503,MA,10.202,11.4337,10.5268
M,X0,oxidation,gbdt,random,direct,seed=503,GBL,9.95154,11.3964,9.65369
M,X0,oxidation,gbdt,random,direct,seed=503,SL,9.79305,11.2504,9.88679
M,X0,oxidation,gbdt,random,direct,seed=503,DMSO,8.81417,10.4243,9.82945
M,X0,oxidation,gbdt,random,direct,seed=503,AN,12.1404,11.6109,10.1004
M,X0,oxidation,gbdt,random,direct,seed=503,TMP,10.0568,11.9035,9.51568
M,X0,oxidation,gbdt,random,direct,seed=503,SN,11.6036,11.9211,9.88009
M,X0,oxidation,constant,random,shift,seed=101,DMC,10.5799,12.0831,10.2475
M,X0,oxidation,constant,random,shift,seed=101,EMC,10.2016,11.9687,10.4655
M,X0,oxidation,constant,random,shift,seed=101,DEC,9.98433,11.8884,10.3852
M,X0,oxidation,constant,random,shift,seed=101,EC,10.7691,12.4023,10.5179
M,X0,oxidation,constant,random,shift,seed=101,PC,10.5388,12.258,10.4023
M,X0,oxidation,constant,random,shift,seed=101,FEC,11.3226,12.9955,11.1244
M,X0,oxidation,constant,random,shift,seed=101,VC,9.61883,11.8799,10.2048
M,X0,oxidation,constant,random,shift,seed=101,DME,8.85602,10.8493,8.48913
M,X0,oxidation,constant,random,shift,seed=101,DOL,9.31314,11.0221,9.02882
M,X0,oxidation,constant,random,shift,seed=101,TEGDME,7.59532,10.6067,8.61342
M,X0,oxidation,constant,random,shift,seed=101,EA,10.0028,11.3432,10.0049
M,X0,oxidation,constant,random,shift,seed=101,MA,10.202,11.4337,10.0411
M,X0,oxidation,constant,random,shift,seed=101,GBL,9.95154,11.3964,10.1104
M,X0,oxidation,constant,random,shift,seed=101,SL,9.79305,11.2504,9.64205
M,X0,oxidation,constant,random,shift,seed=101,DMSO,8.81417,10.4243,8.92581
M,X0,oxidation,constant,random,shift,seed=101,AN,12.1404,11.6109,11.2934
M,X0,oxidation,constant,random,shift,seed=101,TMP,10.0568,11.9035,10.3731
M,X0,oxidation,constant,random,shift,seed=101,SN,11.6036,11.9211,12.4506
M,X0,oxidation,constant,random,shift,seed=211,DMC,10.5799,12.0831,10.2475
M,X0,oxidation,constant,random,shift,seed=211,EMC,10.2016,11.9687,10.4655
M,X0,oxidation,constant,random,shift,seed=211,DEC,9.98433,11.8884,10.3852
M,X0,oxidation,constant,random,shift,seed=211,EC,10.7691,12.4023,10.5179
M,X0,oxidation,constant,random,shift,seed=211,PC,10.5388,12.258,10.4023
M,X0,oxidation,constant,random,shift,seed=211,FEC,11.3226,12.9955,11.1244
M,X0,oxidation,constant,random,shift,seed=211,VC,9.61883,11.8799,10.2048
M,X0,oxidation,constant,random,shift,seed=211,DME,8.85602,10.8493,9.14034
M,X0,oxidation,constant,random,shift,seed=211,DOL,9.31314,11.0221,8.51977
M,X0,oxidation,constant,random,shift,seed=211,TEGDME,7.59532,10.6067,8.89774
M,X0,oxidation,constant,random,shift,seed=211,EA,10.0028,11.3432,10.0049
M,X0,oxidation,constant,random,shift,seed=211,MA,10.202,11.4337,10.0411
M,X0,oxidation,constant,random,shift,seed=211,GBL,9.95154,11.3964,10.1104
M,X0,oxidation,constant,random,shift,seed=211,SL,9.79305,11.2504,9.53176
M,X0,oxidation,constant,random,shift,seed=211,DMSO,8.81417,10.4243,8.88302
M,X0,oxidation,constant,random,shift,seed=211,AN,12.1404,11.6109,11.2934
M,X0,oxidation,constant,random,shift,seed=211,TMP,10.0568,11.9035,10.339
M,X0,oxidation,constant,random,shift,seed=211,SN,11.6036,11.9211,12.4506
M,X0,oxidation,constant,random,shift,seed=307,DMC,10.5799,12.0831,10.2475
M,X0,oxidation,constant,random,shift,seed=307,EMC,10.2016,11.9687,10.2651
M,X0,oxidation,constant,random,shift,seed=307,DEC,9.98433,11.8884,10.2532
M,X0,oxidation,constant,random,shift,seed=307,EC,10.7691,12.4023,10.4122
M,X0,oxidation,constant,random,shift,seed=307,PC,10.5388,12.258,10.4023
M,X0,oxidation,constant,random,shift,seed=307,FEC,11.3226,12.9955,11.0054
M,X0,oxidation,constant,random,shift,seed=307,VC,9.61883,11.8799,10.2048
M,X0,oxidation,constant,random,shift,seed=307,DME,8.85602,10.8493,8.48913
M,X0,oxidation,constant,random,shift,seed=307,DOL,9.31314,11.0221,8.51977
M,X0,oxidation,constant,random,shift,seed=307,TEGDME,7.59532,10.6067,8.75558
M,X0,oxidation,constant,random,shift,seed=307,EA,10.0028,11.3432,10.1115
M,X0,oxidation,constant,random,shift,seed=307,MA,10.202,11.4337,10.0411
M,X0,oxidation,constant,random,shift,seed=307,GBL,9.95154,11.3964,10.1647
M,X0,oxidation,constant,random,shift,seed=307,SL,9.79305,11.2504,9.74783
M,X0,oxidation,constant,random,shift,seed=307,DMSO,8.81417,10.4243,9.02016
M,X0,oxidation,constant,random,shift,seed=307,AN,12.1404,11.6109,11.2934
M,X0,oxidation,constant,random,shift,seed=307,TMP,10.0568,11.9035,10.4994
M,X0,oxidation,constant,random,shift,seed=307,SN,11.6036,11.9211,12.4506
M,X0,oxidation,constant,random,shift,seed=401,DMC,10.5799,12.0831,10.2475
M,X0,oxidation,constant,random,shift,seed=401,EMC,10.2016,11.9687,10.4655
M,X0,oxidation,constant,random,shift,seed=401,DEC,9.98433,11.8884,10.3852
M,X0,oxidation,constant,random,shift,seed=401,EC,10.7691,12.4023,10.5179
M,X0,oxidation,constant,random,shift,seed=401,PC,10.5388,12.258,10.4023
M,X0,oxidation,constant,random,shift,seed=401,FEC,11.3226,12.9955,11.1244
M,X0,oxidation,constant,random,shift,seed=401,VC,9.61883,11.8799,10.2048
M,X0,oxidation,constant,random,shift,seed=401,DME,8.85602,10.8493,8.48913
M,X0,oxidation,constant,random,shift,seed=401,DOL,9.31314,11.0221,9.02882
M,X0,oxidation,constant,random,shift,seed=401,TEGDME,7.59532,10.6067,8.61342
M,X0,oxidation,constant,random,shift,seed=401,EA,10.0028,11.3432,9.89834
M,X0,oxidation,constant,random,shift,seed=401,MA,10.202,11.4337,9.98884
M,X0,oxidation,constant,random,shift,seed=401,GBL,9.95154,11.3964,10.1104
M,X0,oxidation,constant,random,shift,seed=401,SL,9.79305,11.2504,9.70399
M,X0,oxidation,constant,random,shift,seed=401,DMSO,8.81417,10.4243,8.87789
M,X0,oxidation,constant,random,shift,seed=401,AN,12.1404,11.6109,11.2934
M,X0,oxidation,constant,random,shift,seed=401,TMP,10.0568,11.9035,10.3963
M,X0,oxidation,constant,random,shift,seed=401,SN,11.6036,11.9211,12.4506
M,X0,oxidation,constant,random,shift,seed=503,DMC,10.5799,12.0831,10.2475
M,X0,oxidation,constant,random,shift,seed=503,EMC,10.2016,11.9687,10.4655
M,X0,oxidation,constant,random,shift,seed=503,DEC,9.98433,11.8884,10.3852
M,X0,oxidation,constant,random,shift,seed=503,EC,10.7691,12.4023,10.5179
M,X0,oxidation,constant,random,shift,seed=503,PC,10.5388,12.258,10.4023
M,X0,oxidation,constant,random,shift,seed=503,FEC,11.3226,12.9955,11.1244
M,X0,oxidation,constant,random,shift,seed=503,VC,9.61883,11.8799,10.2048
M,X0,oxidation,constant,random,shift,seed=503,DME,8.85602,10.8493,8.48913
M,X0,oxidation,constant,random,shift,seed=503,DOL,9.31314,11.0221,9.02882
M,X0,oxidation,constant,random,shift,seed=503,TEGDME,7.59532,10.6067,8.61342
M,X0,oxidation,constant,random,shift,seed=503,EA,10.0028,11.3432,9.89834
M,X0,oxidation,constant,random,shift,seed=503,MA,10.202,11.4337,9.98884
M,X0,oxidation,constant,random,shift,seed=503,GBL,9.95154,11.3964,10.1104
M,X0,oxidation,constant,random,shift,seed=503,SL,9.79305,11.2504,9.65321
M,X0,oxidation,constant,random,shift,seed=503,DMSO,8.81417,10.4243,8.93196
M,X0,oxidation,constant,random,shift,seed=503,AN,12.1404,11.6109,11.2934
M,X0,oxidation,constant,random,shift,seed=503,TMP,10.0568,11.9035,10.2971
M,X0,oxidation,constant,random,shift,seed=503,SN,11.6036,11.9211,12.4506
M,X0,oxidation,ridge,random,shift,seed=101,DMC,10.5799,12.0831,10.6226
M,X0,oxidation,ridge,random,shift,seed=101,EMC,10.2016,11.9687,10.4942
M,X0,oxidation,ridge,random,shift,seed=101,DEC,9.98433,11.8884,10.3005
M,X0,oxidation,ridge,random,shift,seed=101,EC,10.7691,12.4023,10.9142
M,X0,oxidation,ridge,random,shift,seed=101,PC,10.5388,12.258,10.7181
M,X0,oxidation,ridge,random,shift,seed=101,FEC,11.3226,12.9955,11.4816
M,X0,oxidation,ridge,random,shift,seed=101,VC,9.61883,11.8799,10.9302
M,X0,oxidation,ridge,random,shift,seed=101,DME,8.85602,10.8493,9.42039
M,X0,oxidation,ridge,random,shift,seed=101,DOL,9.31314,11.0221,9.58822
M,X0,oxidation,ridge,random,shift,seed=101,TEGDME,7.59532,10.6067,7.80425
M,X0,oxidation,ridge,random,shift,seed=101,EA,10.0028,11.3432,9.97214
M,X0,oxidation,ridge,random,shift,seed=101,MA,10.202,11.4337,10.0281
M,X0,oxidation,ridge,random,shift,seed=101,GBL,9.95154,11.3964,9.95262
M,X0,oxidation,ridge,random,shift,seed=101,SL,9.79305,11.2504,9.46369
M,X0,oxidation,ridge,random,shift,seed=101,DMSO,8.81417,10.4243,9.56067
M,X0,oxidation,ridge,random,shift,seed=101,AN,12.1404,11.6109,10.7975
M,X0,oxidation,ridge,random,shift,seed=101,TMP,10.0568,11.9035,9.87482
M,X0,oxidation,ridge,random,shift,seed=101,SN,11.6036,11.9211,10.481
M,X0,oxidation,ridge,random,shift,seed=211,DMC,10.5799,12.0831,10.4501
M,X0,oxidation,ridge,random,shift,seed=211,EMC,10.2016,11.9687,10.4868
M,X0,oxidation,ridge,random,shift,seed=211,DEC,9.98433,11.8884,10.2829
M,X0,oxidation,ridge,random,shift,seed=211,EC,10.7691,12.4023,10.9593
M,X0,oxidation,ridge,random,shift,seed=211,PC,10.5388,12.258,10.6356
M,X0,oxidation,ridge,random,shift,seed=211,FEC,11.3226,12.9955,11.3983
M,X0,oxidation,ridge,random,shift,seed=211,VC,9.61883,11.8799,10.4315
M,X0,oxidation,ridge,random,shift,seed=211,DME,8.85602,10.8493,10.1116
M,X0,oxidation,ridge,random,shift,seed=211,DOL,9.31314,11.0221,9.26159
M,X0,oxidation,ridge,random,shift,seed=211,TEGDME,7.59532,10.6067,7.74012
M,X0,oxidation,ridge,random,shift,seed=211,EA,10.0028,11.3432,10.0066
M,X0,oxidation,ridge,random,shift,seed=211,MA,10.202,11.4337,10.0121
M,X0,oxidation,ridge,random,shift,seed=211,GBL,9.95154,11.3964,10.0029
M,X0,oxidation,ridge,random,shift,seed=211,SL,9.79305,11.2504,9.47168
M,X0,oxidation,ridge,random,shift,seed=211,DMSO,8.81417,10.4243,9.57808
M,X0,oxidation,ridge,random,shift,seed=211,AN,12.1404,11.6109,10.4836
M,X0,oxidation,ridge,random,shift,seed=211,TMP,10.0568,11.9035,9.80648
M,X0,oxidation,ridge,random,shift,seed=211,SN,11.6036,11.9211,10.6306
M,X0,oxidation,ridge,random,shift,seed=307,DMC,10.5799,12.0831,10.6152
M,X0,oxidation,ridge,random,shift,seed=307,EMC,10.2016,11.9687,10.2265
M,X0,oxidation,ridge,random,shift,seed=307,DEC,9.98433,11.8884,10.1924
M,X0,oxidation,ridge,random,shift,seed=307,EC,10.7691,12.4023,10.9699
M,X0,oxidation,ridge,random,shift,seed=307,PC,10.5388,12.258,10.5932
M,X0,oxidation,ridge,random,shift,seed=307,FEC,11.3226,12.9955,11.5323
M,X0,oxidation,ridge,random,shift,seed=307,VC,9.61883,11.8799,10.9659
M,X0,oxidation,ridge,random,shift,seed=307,DME,8.85602,10.8493,10.2675
M,X0,oxidation,ridge,random,shift,seed=307,DOL,9.31314,11.0221,9.30003
M,X0,oxidation,ridge,random,shift,seed=307,TEGDME,7.59532,10.6067,3.4011
M,X0,oxidation,ridge,random,shift,seed=307,EA,10.0028,11.3432,10.0196
M,X0,oxidation,ridge,random,shift,seed=307,MA,10.202,11.4337,10.1429
M,X0,oxidation,ridge,random,shift,seed=307,GBL,9.95154,11.3964,9.8982
M,X0,oxidation,ridge,random,shift,seed=307,SL,9.79305,11.2504,9.25341
M,X0,oxidation,ridge,random,shift,seed=307,DMSO,8.81417,10.4243,9.10972
M,X0,oxidation,ridge,random,shift,seed=307,AN,12.1404,11.6109,10.7948
M,X0,oxidation,ridge,random,shift,seed=307,TMP,10.0568,11.9035,8.69789
M,X0,oxidation,ridge,random,shift,seed=307,SN,11.6036,11.9211,10.521
M,X0,oxidation,ridge,random,shift,seed=401,DMC,10.5799,12.0831,10.6646
M,X0,oxidation,ridge,random,shift,seed=401,EMC,10.2016,11.9687,10.4181
M,X0,oxidation,ridge,random,shift,seed=401,DEC,9.98433,11.8884,10.2279
M,X0,oxidation,ridge,random,shift,seed=401,EC,10.7691,12.4023,10.8511
M,X0,oxidation,ridge,random,shift,seed=401,PC,10.5388,12.258,10.6092
M,X0,oxidation,ridge,random,shift,seed=401,FEC,11.3226,12.9955,11.3782
M,X0,oxidation,ridge,random,shift,seed=401,VC,9.61883,11.8799,10.6654
M,X0,oxidation,ridge,random,shift,seed=401,DME,8.85602,10.8493,10.1608
M,X0,oxidation,ridge,random,shift,seed=401,DOL,9.31314,11.0221,9.52882
M,X0,oxidation,ridge,random,shift,seed=401,TEGDME,7.59532,10.6067,6.98804
M,X0,oxidation,ridge,random,shift,seed=401,EA,10.0028,11.3432,9.78883
M,X0,oxidation,ridge,random,shift,seed=401,MA,10.202,11.4337,9.97192
M,X0,oxidation,ridge,random,shift,seed=401,GBL,9.95154,11.3964,9.51651
M,X0,oxidation,ridge,random,shift,seed=401,SL,9.79305,11.2504,9.54946
M,X0,oxidation,ridge,random,shift,seed=401,DMSO,8.81417,10.4243,9.51393
M,X0,oxidation,ridge,random,shift,seed=401,AN,12.1404,11.6109,10.4457
M,X0,oxidation,ridge,random,shift,seed=401,TMP,10.0568,11.9035,10.1875
M,X0,oxidation,ridge,random,shift,seed=401,SN,11.6036,11.9211,10.545
M,X0,oxidation,ridge,random,shift,seed=503,DMC,10.5799,12.0831,10.6846
M,X0,oxidation,ridge,random,shift,seed=503,EMC,10.2016,11.9687,10.7923
M,X0,oxidation,ridge,random,shift,seed=503,DEC,9.98433,11.8884,11.0145
M,X0,oxidation,ridge,random,shift,seed=503,EC,10.7691,12.4023,10.8312
M,X0,oxidation,ridge,random,shift,seed=503,PC,10.5388,12.258,10.2172
M,X0,oxidation,ridge,random,shift,seed=503,FEC,11.3226,12.9955,11.4925
M,X0,oxidation,ridge,random,shift,seed=503,VC,9.61883,11.8799,10.8958
M,X0,oxidation,ridge,random,shift,seed=503,DME,8.85602,10.8493,8.95896
M,X0,oxidation,ridge,random,shift,seed=503,DOL,9.31314,11.0221,9.58199
M,X0,oxidation,ridge,random,shift,seed=503,TEGDME,7.59532,10.6067,7.77386
M,X0,oxidation,ridge,random,shift,seed=503,EA,10.0028,11.3432,10.0355
M,X0,oxidation,ridge,random,shift,seed=503,MA,10.202,11.4337,10.2582
M,X0,oxidation,ridge,random,shift,seed=503,GBL,9.95154,11.3964,9.9971
M,X0,oxidation,ridge,random,shift,seed=503,SL,9.79305,11.2504,9.45798
M,X0,oxidation,ridge,random,shift,seed=503,DMSO,8.81417,10.4243,8.66337
M,X0,oxidation,ridge,random,shift,seed=503,AN,12.1404,11.6109,10.8447
M,X0,oxidation,ridge,random,shift,seed=503,TMP,10.0568,11.9035,9.77084
M,X0,oxidation,ridge,random,shift,seed=503,SN,11.6036,11.9211,10.5083
M,X0,oxidation,krr,random,shift,seed=101,DMC,10.5799,12.0831,10.494
M,X0,oxidation,krr,random,shift,seed=101,EMC,10.2016,11.9687,10.4836
M,X0,oxidation,krr,random,shift,seed=101,DEC,9.98433,11.8884,10.2843
M,X0,oxidation,krr,random,shift,seed=101,EC,10.7691,12.4023,10.9446
M,X0,oxidation,krr,random,shift,seed=101,PC,10.5388,12.258,10.7141
M,X0,oxidation,krr,random,shift,seed=101,FEC,11.3226,12.9955,11.7165
M,X0,oxidation,krr,random,shift,seed=101,VC,9.61883,11.8799,10.43
M,X0,oxidation,krr,random,shift,seed=101,DME,8.85602,10.8493,9.62589
M,X0,oxidation,krr,random,shift,seed=101,DOL,9.31314,11.0221,9.60218
M,X0,oxidation,krr,random,shift,seed=101,TEGDME,7.59532,10.6067,8.3878
M,X0,oxidation,krr,random,shift,seed=101,EA,10.0028,11.3432,9.97232
M,X0,oxidation,krr,random,shift,seed=101,MA,10.202,11.4337,9.97208
M,X0,oxidation,krr,random,shift,seed=101,GBL,9.95154,11.3964,9.72703
M,X0,oxidation,krr,random,shift,seed=101,SL,9.79305,11.2504,9.30216
M,X0,oxidation,krr,random,shift,seed=101,DMSO,8.81417,10.4243,9.50791
M,X0,oxidation,krr,random,shift,seed=101,AN,12.1404,11.6109,10.3086
M,X0,oxidation,krr,random,shift,seed=101,TMP,10.0568,11.9035,9.62799
M,X0,oxidation,krr,random,shift,seed=101,SN,11.6036,11.9211,10.6818
M,X0,oxidation,krr,random,shift,seed=211,DMC,10.5799,12.0831,10.6552
M,X0,oxidation,krr,random,shift,seed=211,EMC,10.2016,11.9687,10.5697
M,X0,oxidation,krr,random,shift,seed=211,DEC,9.98433,11.8884,10.4701
M,X0,oxidation,krr,random,shift,seed=211,EC,10.7691,12.4023,11.0311
M,X0,oxidation,krr,random,shift,seed=211,PC,10.5388,12.258,10.7375
M,X0,oxidation,krr,random,shift,seed=211,FEC,11.3226,12.9955,11.4054
M,X0,oxidation,krr,random,shift,seed=211,VC,9.61883,11.8799,10.4028
M,X0,oxidation,krr,random,shift,seed=211,DME,8.85602,10.8493,9.46292
M,X0,oxidation,krr,random,shift,seed=211,DOL,9.31314,11.0221,9.639
M,X0,oxidation,krr,random,shift,seed=211,TEGDME,7.59532,10.6067,8.70472
M,X0,oxidation,krr,random,shift,seed=211,EA,10.0028,11.3432,9.99981
M,X0,oxidation,krr,random,shift,seed=211,MA,10.202,11.4337,9.91368
M,X0,oxidation,krr,random,shift,seed=211,GBL,9.95154,11.3964,10.04
M,X0,oxidation,krr,random,shift,seed=211,SL,9.79305,11.2504,9.51984
M,X0,oxidation,krr,random,shift,seed=211,DMSO,8.81417,10.4243,9.31501
M,X0,oxidation,krr,random,shift,seed=211,AN,12.1404,11.6109,10.2491
M,X0,oxidation,krr,random,shift,seed=211,TMP,10.0568,11.9035,9.92278
M,X0,oxidation,krr,random,shift,seed=211,SN,11.6036,11.9211,10.4999
M,X0,oxidation,krr,random,shift,seed=307,DMC,10.5799,12.0831,10.5373
M,X0,oxidation,krr,random,shift,seed=307,EMC,10.2016,11.9687,10.1478
M,X0,oxidation,krr,random,shift,seed=307,DEC,9.98433,11.8884,10.3432
M,X0,oxidation,krr,random,shift,seed=307,EC,10.7691,12.4023,10.8542
M,X0,oxidation,krr,random,shift,seed=307,PC,10.5388,12.258,10.6598
M,X0,oxidation,krr,random,shift,seed=307,FEC,11.3226,12.9955,11.581
M,X0,oxidation,krr,random,shift,seed=307,VC,9.61883,11.8799,10.4475
M,X0,oxidation,krr,random,shift,seed=307,DME,8.85602,10.8493,9.34494
M,X0,oxidation,krr,random,shift,seed=307,DOL,9.31314,11.0221,9.33777
M,X0,oxidation,krr,random,shift,seed=307,TEGDME,7.59532,10.6067,10.4278
M,X0,oxidation,krr,random,shift,seed=307,EA,10.0028,11.3432,9.80329
M,X0,oxidation,krr,random,shift,seed=307,MA,10.202,11.4337,9.95048
M,X0,oxidation,krr,random,shift,seed=307,GBL,9.95154,11.3964,9.59455
M,X0,oxidation,krr,random,shift,seed=307,SL,9.79305,11.2504,9.72206
M,X0,oxidation,krr,random,shift,seed=307,DMSO,8.81417,10.4243,9.87506
M,X0,oxidation,krr,random,shift,seed=307,AN,12.1404,11.6109,10.3279
M,X0,oxidation,krr,random,shift,seed=307,TMP,10.0568,11.9035,10.0418
M,X0,oxidation,krr,random,shift,seed=307,SN,11.6036,11.9211,10.3752
M,X0,oxidation,krr,random,shift,seed=401,DMC,10.5799,12.0831,10.6377
M,X0,oxidation,krr,random,shift,seed=401,EMC,10.2016,11.9687,10.3856
M,X0,oxidation,krr,random,shift,seed=401,DEC,9.98433,11.8884,10.2205
M,X0,oxidation,krr,random,shift,seed=401,EC,10.7691,12.4023,10.8205
M,X0,oxidation,krr,random,shift,seed=401,PC,10.5388,12.258,10.6535
M,X0,oxidation,krr,random,shift,seed=401,FEC,11.3226,12.9955,11.5137
M,X0,oxidation,krr,random,shift,seed=401,VC,9.61883,11.8799,10.6705
M,X0,oxidation,krr,random,shift,seed=401,DME,8.85602,10.8493,9.41515
M,X0,oxidation,krr,random,shift,seed=401,DOL,9.31314,11.0221,9.52409
M,X0,oxidation,krr,random,shift,seed=401,TEGDME,7.59532,10.6067,7.90157
M,X0,oxidation,krr,random,shift,seed=401,EA,10.0028,11.3432,9.73848
M,X0,oxidation,krr,random,shift,seed=401,MA,10.202,11.4337,9.89457
M,X0,oxidation,krr,random,shift,seed=401,GBL,9.95154,11.3964,9.94356
M,X0,oxidation,krr,random,shift,seed=401,SL,9.79305,11.2504,9.64448
M,X0,oxidation,krr,random,shift,seed=401,DMSO,8.81417,10.4243,9.26316
M,X0,oxidation,krr,random,shift,seed=401,AN,12.1404,11.6109,10.2298
M,X0,oxidation,krr,random,shift,seed=401,TMP,10.0568,11.9035,9.89156
M,X0,oxidation,krr,random,shift,seed=401,SN,11.6036,11.9211,10.4557
M,X0,oxidation,krr,random,shift,seed=503,DMC,10.5799,12.0831,10.6647
M,X0,oxidation,krr,random,shift,seed=503,EMC,10.2016,11.9687,10.4809
M,X0,oxidation,krr,random,shift,seed=503,DEC,9.98433,11.8884,10.3138
M,X0,oxidation,krr,random,shift,seed=503,EC,10.7691,12.4023,10.8429
M,X0,oxidation,krr,random,shift,seed=503,PC,10.5388,12.258,10.7628
M,X0,oxidation,krr,random,shift,seed=503,FEC,11.3226,12.9955,11.5643
M,X0,oxidation,krr,random,shift,seed=503,VC,9.61883,11.8799,10.7449
M,X0,oxidation,krr,random,shift,seed=503,DME,8.85602,10.8493,9.08748
M,X0,oxidation,krr,random,shift,seed=503,DOL,9.31314,11.0221,9.64278
M,X0,oxidation,krr,random,shift,seed=503,TEGDME,7.59532,10.6067,8.92973
M,X0,oxidation,krr,random,shift,seed=503,EA,10.0028,11.3432,10.0075
M,X0,oxidation,krr,random,shift,seed=503,MA,10.202,11.4337,10.2322
M,X0,oxidation,krr,random,shift,seed=503,GBL,9.95154,11.3964,10.0232
M,X0,oxidation,krr,random,shift,seed=503,SL,9.79305,11.2504,9.48807
M,X0,oxidation,krr,random,shift,seed=503,DMSO,8.81417,10.4243,9.31419
M,X0,oxidation,krr,random,shift,seed=503,AN,12.1404,11.6109,10.8347
M,X0,oxidation,krr,random,shift,seed=503,TMP,10.0568,11.9035,9.89485
M,X0,oxidation,krr,random,shift,seed=503,SN,11.6036,11.9211,10.4221
M,X0,oxidation,gpr,random,shift,seed=101,DMC,10.5799,12.0831,10.4864
M,X0,oxidation,gpr,random,shift,seed=101,EMC,10.2016,11.9687,10.3301
M,X0,oxidation,gpr,random,shift,seed=101,DEC,9.98433,11.8884,10.1916
M,X0,oxidation,gpr,random,shift,seed=101,EC,10.7691,12.4023,10.7241
M,X0,oxidation,gpr,random,shift,seed=101,PC,10.5388,12.258,10.6723
M,X0,oxidation,gpr,random,shift,seed=101,FEC,11.3226,12.9955,11.335
M,X0,oxidation,gpr,random,shift,seed=101,VC,9.61883,11.8799,10.5517
M,X0,oxidation,gpr,random,shift,seed=101,DME,8.85602,10.8493,9.24553
M,X0,oxidation,gpr,random,shift,seed=101,DOL,9.31314,11.0221,9.56344
M,X0,oxidation,gpr,random,shift,seed=101,TEGDME,7.59532,10.6067,9.17003
M,X0,oxidation,gpr,random,shift,seed=101,EA,10.0028,11.3432,9.90806
M,X0,oxidation,gpr,random,shift,seed=101,MA,10.202,11.4337,10.2402
M,X0,oxidation,gpr,random,shift,seed=101,GBL,9.95154,11.3964,9.76854
M,X0,oxidation,gpr,random,shift,seed=101,SL,9.79305,11.2504,9.70409
M,X0,oxidation,gpr,random,shift,seed=101,DMSO,8.81417,10.4243,9.57613
M,X0,oxidation,gpr,random,shift,seed=101,AN,12.1404,11.6109,10.5476
M,X0,oxidation,gpr,random,shift,seed=101,TMP,10.0568,11.9035,9.5932
M,X0,oxidation,gpr,random,shift,seed=101,SN,11.6036,11.9211,10.4184
M,X0,oxidation,gpr,random,shift,seed=211,DMC,10.5799,12.0831,10.5577
M,X0,oxidation,gpr,random,shift,seed=211,EMC,10.2016,11.9687,10.481
M,X0,oxidation,gpr,random,shift,seed=211,DEC,9.98433,11.8884,10.4096
M,X0,oxidation,gpr,random,shift,seed=211,EC,10.7691,12.4023,10.6061
M,X0,oxidation,gpr,random,shift,seed=211,PC,10.5388,12.258,10.467
M,X0,oxidation,gpr,random,shift,seed=211,FEC,11.3226,12.9955,11.386
M,X0,oxidation,gpr,random,shift,seed=211,VC,9.61883,11.8799,10.2293
M,X0,oxidation,gpr,random,shift,seed=211,DME,8.85602,10.8493,9.41462
M,X0,oxidation,gpr,random,shift,seed=211,DOL,9.31314,11.0221,9.46528
M,X0,oxidation,gpr,random,shift,seed=211,TEGDME,7.59532,10.6067,9.17491
M,X0,oxidation,gpr,random,shift,seed=211,EA,10.0028,11.3432,9.94511
M,X0,oxidation,gpr,random,shift,seed=211,MA,10.202,11.4337,10.1801
M,X0,oxidation,gpr,random,shift,seed=211,GBL,9.95154,11.3964,9.78976
M,X0,oxidation,gpr,random,shift,seed=211,SL,9.79305,11.2504,9.67262
M,X0,oxidation,gpr,random,shift,seed=211,DMSO,8.81417,10.4243,9.65946
M,X0,oxidation,gpr,random,shift,seed=211,AN,12.1404,11.6109,10.2966
M,X0,oxidation,gpr,random,shift,seed=211,TMP,10.0568,11.9035,10.1837
M,X0,oxidation,gpr,random,shift,seed=211,SN,11.6036,11.9211,10.55
M,X0,oxidation,gpr,random,shift,seed=307,DMC,10.5799,12.0831,10.4693
M,X0,oxidation,gpr,random,shift,seed=307,EMC,10.2016,11.9687,10.1936
M,X0,oxidation,gpr,random,shift,seed=307,DEC,9.98433,11.8884,10.0158
M,X0,oxidation,gpr,random,shift,seed=307,EC,10.7691,12.4023,10.8079
M,X0,oxidation,gpr,random,shift,seed=307,PC,10.5388,12.258,10.5184
M,X0,oxidation,gpr,random,shift,seed=307,FEC,11.3226,12.9955,11.3644
M,X0,oxidation,gpr,random,shift,seed=307,VC,9.61883,11.8799,10.588
M,X0,oxidation,gpr,random,shift,seed=307,DME,8.85602,10.8493,9.36262
M,X0,oxidation,gpr,random,shift,seed=307,DOL,9.31314,11.0221,9.07816
M,X0,oxidation,gpr,random,shift,seed=307,TEGDME,7.59532,10.6067,9.20056
M,X0,oxidation,gpr,random,shift,seed=307,EA,10.0028,11.3432,9.79575
M,X0,oxidation,gpr,random,shift,seed=307,MA,10.202,11.4337,10.5671
M,X0,oxidation,gpr,random,shift,seed=307,GBL,9.95154,11.3964,9.58723
M,X0,oxidation,gpr,random,shift,seed=307,SL,9.79305,11.2504,9.83911
M,X0,oxidation,gpr,random,shift,seed=307,DMSO,8.81417,10.4243,9.66946
M,X0,oxidation,gpr,random,shift,seed=307,AN,12.1404,11.6109,10.5831
M,X0,oxidation,gpr,random,shift,seed=307,TMP,10.0568,11.9035,10.0956
M,X0,oxidation,gpr,random,shift,seed=307,SN,11.6036,11.9211,10.437
M,X0,oxidation,gpr,random,shift,seed=401,DMC,10.5799,12.0831,10.4743
M,X0,oxidation,gpr,random,shift,seed=401,EMC,10.2016,11.9687,10.4689
M,X0,oxidation,gpr,random,shift,seed=401,DEC,9.98433,11.8884,10.36
M,X0,oxidation,gpr,random,shift,seed=401,EC,10.7691,12.4023,10.5612
M,X0,oxidation,gpr,random,shift,seed=401,PC,10.5388,12.258,10.6259
M,X0,oxidation,gpr,random,shift,seed=401,FEC,11.3226,12.9955,11.3899
M,X0,oxidation,gpr,random,shift,seed=401,VC,9.61883,11.8799,10.4675
M,X0,oxidation,gpr,random,shift,seed=401,DME,8.85602,10.8493,9.70583
M,X0,oxidation,gpr,random,shift,seed=401,DOL,9.31314,11.0221,9.44974
M,X0,oxidation,gpr,random,shift,seed=401,TEGDME,7.59532,10.6067,9.21256
M,X0,oxidation,gpr,random,shift,seed=401,EA,10.0028,11.3432,9.8645
M,X0,oxidation,gpr,random,shift,seed=401,MA,10.202,11.4337,9.99414
M,X0,oxidation,gpr,random,shift,seed=401,GBL,9.95154,11.3964,9.53212
M,X0,oxidation,gpr,random,shift,seed=401,SL,9.79305,11.2504,9.79991
M,X0,oxidation,gpr,random,shift,seed=401,DMSO,8.81417,10.4243,9.60409
M,X0,oxidation,gpr,random,shift,seed=401,AN,12.1404,11.6109,10.0042
M,X0,oxidation,gpr,random,shift,seed=401,TMP,10.0568,11.9035,9.66084
M,X0,oxidation,gpr,random,shift,seed=401,SN,11.6036,11.9211,10.2804
M,X0,oxidation,gpr,random,shift,seed=503,DMC,10.5799,12.0831,10.5498
M,X0,oxidation,gpr,random,shift,seed=503,EMC,10.2016,11.9687,10.3047
M,X0,oxidation,gpr,random,shift,seed=503,DEC,9.98433,11.8884,10.1428
M,X0,oxidation,gpr,random,shift,seed=503,EC,10.7691,12.4023,10.6302
M,X0,oxidation,gpr,random,shift,seed=503,PC,10.5388,12.258,10.5091
M,X0,oxidation,gpr,random,shift,seed=503,FEC,11.3226,12.9955,11.362
M,X0,oxidation,gpr,random,shift,seed=503,VC,9.61883,11.8799,10.584
M,X0,oxidation,gpr,random,shift,seed=503,DME,8.85602,10.8493,9.20039
M,X0,oxidation,gpr,random,shift,seed=503,DOL,9.31314,11.0221,9.20201
M,X0,oxidation,gpr,random,shift,seed=503,TEGDME,7.59532,10.6067,9.17867
M,X0,oxidation,gpr,random,shift,seed=503,EA,10.0028,11.3432,10.2559
M,X0,oxidation,gpr,random,shift,seed=503,MA,10.202,11.4337,10.7478
M,X0,oxidation,gpr,random,shift,seed=503,GBL,9.95154,11.3964,9.47938
M,X0,oxidation,gpr,random,shift,seed=503,SL,9.79305,11.2504,9.6462
M,X0,oxidation,gpr,random,shift,seed=503,DMSO,8.81417,10.4243,9.6017
M,X0,oxidation,gpr,random,shift,seed=503,AN,12.1404,11.6109,10.554
M,X0,oxidation,gpr,random,shift,seed=503,TMP,10.0568,11.9035,10.1882
M,X0,oxidation,gpr,random,shift,seed=503,SN,11.6036,11.9211,10.2918
M,X0,oxidation,rf,random,shift,seed=101,DMC,10.5799,12.0831,10.4005
M,X0,oxidation,rf,random,shift,seed=101,EMC,10.2016,11.9687,10.4065
M,X0,oxidation,rf,random,shift,seed=101,DEC,9.98433,11.8884,10.2901
M,X0,oxidation,rf,random,shift,seed=101,EC,10.7691,12.4023,10.7538
M,X0,oxidation,rf,random,shift,seed=101,PC,10.5388,12.258,10.6784
M,X0,oxidation,rf,random,shift,seed=101,FEC,11.3226,12.9955,11.5846
M,X0,oxidation,rf,random,shift,seed=101,VC,9.61883,11.8799,10.5917
M,X0,oxidation,rf,random,shift,seed=101,DME,8.85602,10.8493,9.11695
M,X0,oxidation,rf,random,shift,seed=101,DOL,9.31314,11.0221,9.67642
M,X0,oxidation,rf,random,shift,seed=101,TEGDME,7.59532,10.6067,8.97281
M,X0,oxidation,rf,random,shift,seed=101,EA,10.0028,11.3432,9.63309
M,X0,oxidation,rf,random,shift,seed=101,MA,10.202,11.4337,9.99964
M,X0,oxidation,rf,random,shift,seed=101,GBL,9.95154,11.3964,10.0972
M,X0,oxidation,rf,random,shift,seed=101,SL,9.79305,11.2504,9.51594
M,X0,oxidation,rf,random,shift,seed=101,DMSO,8.81417,10.4243,9.43968
M,X0,oxidation,rf,random,shift,seed=101,AN,12.1404,11.6109,10.0286
M,X0,oxidation,rf,random,shift,seed=101,TMP,10.0568,11.9035,9.88724
M,X0,oxidation,rf,random,shift,seed=101,SN,11.6036,11.9211,10.1074
M,X0,oxidation,rf,random,shift,seed=211,DMC,10.5799,12.0831,10.3555
M,X0,oxidation,rf,random,shift,seed=211,EMC,10.2016,11.9687,10.4028
M,X0,oxidation,rf,random,shift,seed=211,DEC,9.98433,11.8884,10.2718
M,X0,oxidation,rf,random,shift,seed=211,EC,10.7691,12.4023,10.8135
M,X0,oxidation,rf,random,shift,seed=211,PC,10.5388,12.258,10.691
M,X0,oxidation,rf,random,shift,seed=211,FEC,11.3226,12.9955,11.3631
M,X0,oxidation,rf,random,shift,seed=211,VC,9.61883,11.8799,10.2974
M,X0,oxidation,rf,random,shift,seed=211,DME,8.85602,10.8493,9.27646
M,X0,oxidation,rf,random,shift,seed=211,DOL,9.31314,11.0221,9.60339
M,X0,oxidation,rf,random,shift,seed=211,TEGDME,7.59532,10.6067,9.13792
M,X0,oxidation,rf,random,shift,seed=211,EA,10.0028,11.3432,9.88522
M,X0,oxidation,rf,random,shift,seed=211,MA,10.202,11.4337,10.0046
M,X0,oxidation,rf,random,shift,seed=211,GBL,9.95154,11.3964,10.0041
M,X0,oxidation,rf,random,shift,seed=211,SL,9.79305,11.2504,9.48386
M,X0,oxidation,rf,random,shift,seed=211,DMSO,8.81417,10.4243,9.32087
M,X0,oxidation,rf,random,shift,seed=211,AN,12.1404,11.6109,9.98519
M,X0,oxidation,rf,random,shift,seed=211,TMP,10.0568,11.9035,9.95578
M,X0,oxidation,rf,random,shift,seed=211,SN,11.6036,11.9211,10.3409
M,X0,oxidation,rf,random,shift,seed=307,DMC,10.5799,12.0831,10.4009
M,X0,oxidation,rf,random,shift,seed=307,EMC,10.2016,11.9687,10.3733
M,X0,oxidation,rf,random,shift,seed=307,DEC,9.98433,11.8884,10.1811
M,X0,oxidation,rf,random,shift,seed=307,EC,10.7691,12.4023,10.8395
M,X0,oxidation,rf,random,shift,seed=307,PC,10.5388,12.258,10.6623
M,X0,oxidation,rf,random,shift,seed=307,FEC,11.3226,12.9955,11.4188
M,X0,oxidation,rf,random,shift,seed=307,VC,9.61883,11.8799,10.6169
M,X0,oxidation,rf,random,shift,seed=307,DME,8.85602,10.8493,9.20274
M,X0,oxidation,rf,random,shift,seed=307,DOL,9.31314,11.0221,9.50716
M,X0,oxidation,rf,random,shift,seed=307,TEGDME,7.59532,10.6067,9.3614
M,X0,oxidation,rf,random,shift,seed=307,EA,10.0028,11.3432,9.79805
M,X0,oxidation,rf,random,shift,seed=307,MA,10.202,11.4337,9.86931
M,X0,oxidation,rf,random,shift,seed=307,GBL,9.95154,11.3964,9.96128
M,X0,oxidation,rf,random,shift,seed=307,SL,9.79305,11.2504,9.59965
M,X0,oxidation,rf,random,shift,seed=307,DMSO,8.81417,10.4243,9.62142
M,X0,oxidation,rf,random,shift,seed=307,AN,12.1404,11.6109,10.1693
M,X0,oxidation,rf,random,shift,seed=307,TMP,10.0568,11.9035,10.2285
M,X0,oxidation,rf,random,shift,seed=307,SN,11.6036,11.9211,10.0942
M,X0,oxidation,rf,random,shift,seed=401,DMC,10.5799,12.0831,10.322
M,X0,oxidation,rf,random,shift,seed=401,EMC,10.2016,11.9687,10.4388
M,X0,oxidation,rf,random,shift,seed=401,DEC,9.98433,11.8884,10.3276
M,X0,oxidation,rf,random,shift,seed=401,EC,10.7691,12.4023,10.7687
M,X0,oxidation,rf,random,shift,seed=401,PC,10.5388,12.258,10.671
M,X0,oxidation,rf,random,shift,seed=401,FEC,11.3226,12.9955,11.437
M,X0,oxidation,rf,random,shift,seed=401,VC,9.61883,11.8799,10.5913
M,X0,oxidation,rf,random,shift,seed=401,DME,8.85602,10.8493,9.15261
M,X0,oxidation,rf,random,shift,seed=401,DOL,9.31314,11.0221,9.71933
M,X0,oxidation,rf,random,shift,seed=401,TEGDME,7.59532,10.6067,8.91326
M,X0,oxidation,rf,random,shift,seed=401,EA,10.0028,11.3432,9.72498
M,X0,oxidation,rf,random,shift,seed=401,MA,10.202,11.4337,9.89467
M,X0,oxidation,rf,random,shift,seed=401,GBL,9.95154,11.3964,10.0495
M,X0,oxidation,rf,random,shift,seed=401,SL,9.79305,11.2504,9.56828
M,X0,oxidation,rf,random,shift,seed=401,DMSO,8.81417,10.4243,9.49228
M,X0,oxidation,rf,random,shift,seed=401,AN,12.1404,11.6109,10.012
M,X0,oxidation,rf,random,shift,seed=401,TMP,10.0568,11.9035,9.87151
M,X0,oxidation,rf,random,shift,seed=401,SN,11.6036,11.9211,10.0727
M,X0,oxidation,rf,random,shift,seed=503,DMC,10.5799,12.0831,10.3809
M,X0,oxidation,rf,random,shift,seed=503,EMC,10.2016,11.9687,10.4389
M,X0,oxidation,rf,random,shift,seed=503,DEC,9.98433,11.8884,10.3258
M,X0,oxidation,rf,random,shift,seed=503,EC,10.7691,12.4023,10.8053
M,X0,oxidation,rf,random,shift,seed=503,PC,10.5388,12.258,10.6941
M,X0,oxidation,rf,random,shift,seed=503,FEC,11.3226,12.9955,11.4816
M,X0,oxidation,rf,random,shift,seed=503,VC,9.61883,11.8799,10.6799
M,X0,oxidation,rf,random,shift,seed=503,DME,8.85602,10.8493,9.09015
M,X0,oxidation,rf,random,shift,seed=503,DOL,9.31314,11.0221,9.67274
M,X0,oxidation,rf,random,shift,seed=503,TEGDME,7.59532,10.6067,8.9059
M,X0,oxidation,rf,random,shift,seed=503,EA,10.0028,11.3432,9.73467
M,X0,oxidation,rf,random,shift,seed=503,MA,10.202,11.4337,10.1631
M,X0,oxidation,rf,random,shift,seed=503,GBL,9.95154,11.3964,10.0573
M,X0,oxidation,rf,random,shift,seed=503,SL,9.79305,11.2504,9.57458
M,X0,oxidation,rf,random,shift,seed=503,DMSO,8.81417,10.4243,9.45801
M,X0,oxidation,rf,random,shift,seed=503,AN,12.1404,11.6109,10.0543
M,X0,oxidation,rf,random,shift,seed=503,TMP,10.0568,11.9035,9.73831
M,X0,oxidation,rf,random,shift,seed=503,SN,11.6036,11.9211,10.0205
M,X0,oxidation,gbdt,random,shift,seed=101,DMC,10.5799,12.0831,10.321
M,X0,oxidation,gbdt,random,shift,seed=101,EMC,10.2016,11.9687,10.4635
M,X0,oxidation,gbdt,random,shift,seed=101,DEC,9.98433,11.8884,10.176
M,X0,oxidation,gbdt,random,shift,seed=101,EC,10.7691,12.4023,10.7018
M,X0,oxidation,gbdt,random,shift,seed=101,PC,10.5388,12.258,10.6068
M,X0,oxidation,gbdt,random,shift,seed=101,FEC,11.3226,12.9955,11.2756
M,X0,oxidation,gbdt,random,shift,seed=101,VC,9.61883,11.8799,10.8178
M,X0,oxidation,gbdt,random,shift,seed=101,DME,8.85602,10.8493,9.21445
M,X0,oxidation,gbdt,random,shift,seed=101,DOL,9.31314,11.0221,9.54879
M,X0,oxidation,gbdt,random,shift,seed=101,TEGDME,7.59532,10.6067,8.72005
M,X0,oxidation,gbdt,random,shift,seed=101,EA,10.0028,11.3432,9.84377
M,X0,oxidation,gbdt,random,shift,seed=101,MA,10.202,11.4337,10.0215
M,X0,oxidation,gbdt,random,shift,seed=101,GBL,9.95154,11.3964,9.9488
M,X0,oxidation,gbdt,random,shift,seed=101,SL,9.79305,11.2504,9.58391
M,X0,oxidation,gbdt,random,shift,seed=101,DMSO,8.81417,10.4243,9.7071
M,X0,oxidation,gbdt,random,shift,seed=101,AN,12.1404,11.6109,10.066
M,X0,oxidation,gbdt,random,shift,seed=101,TMP,10.0568,11.9035,9.45332
M,X0,oxidation,gbdt,random,shift,seed=101,SN,11.6036,11.9211,10.2189
M,X0,oxidation,gbdt,random,shift,seed=211,DMC,10.5799,12.0831,10.317
M,X0,oxidation,gbdt,random,shift,seed=211,EMC,10.2016,11.9687,10.4191
M,X0,oxidation,gbdt,random,shift,seed=211,DEC,9.98433,11.8884,10.0218
M,X0,oxidation,gbdt,random,shift,seed=211,EC,10.7691,12.4023,10.7296
M,X0,oxidation,gbdt,random,shift,seed=211,PC,10.5388,12.258,10.6246
M,X0,oxidation,gbdt,random,shift,seed=211,FEC,11.3226,12.9955,11.2452
M,X0,oxidation,gbdt,random,shift,seed=211,VC,9.61883,11.8799,10.261
M,X0,oxidation,gbdt,random,shift,seed=211,DME,8.85602,10.8493,9.27609
M,X0,oxidation,gbdt,random,shift,seed=211,DOL,9.31314,11.0221,9.59989
M,X0,oxidation,gbdt,random,shift,seed=211,TEGDME,7.59532,10.6067,8.73506
M,X0,oxidation,gbdt,random,shift,seed=211,EA,10.0028,11.3432,9.90616
M,X0,oxidation,gbdt,random,shift,seed=211,MA,10.202,11.4337,9.958
M,X0,oxidation,gbdt,random,shift,seed=211,GBL,9.95154,11.3964,9.94695
M,X0,oxidation,gbdt,random,shift,seed=211,SL,9.79305,11.2504,9.41759
M,X0,oxidation,gbdt,random,shift,seed=211,DMSO,8.81417,10.4243,9.72135
M,X0,oxidation,gbdt,random,shift,seed=211,AN,12.1404,11.6109,9.95505
M,X0,oxidation,gbdt,random,shift,seed=211,TMP,10.0568,11.9035,9.80486
M,X0,oxidation,gbdt,random,shift,seed=211,SN,11.6036,11.9211,10.405
M,X0,oxidation,gbdt,random,shift,seed=307,DMC,10.5799,12.0831,10.3265
M,X0,oxidation,gbdt,random,shift,seed=307,EMC,10.2016,11.9687,10.3387
M,X0,oxidation,gbdt,random,shift,seed=307,DEC,9.98433,11.8884,9.66844
M,X0,oxidation,gbdt,random,shift,seed=307,EC,10.7691,12.4023,10.7086
M,X0,oxidation,gbdt,random,shift,seed=307,PC,10.5388,12.258,10.5852
M,X0,oxidation,gbdt,random,shift,seed=307,FEC,11.3226,12.9955,11.1857
M,X0,oxidation,gbdt,random,shift,seed=307,VC,9.61883,11.8799,10.7862
M,X0,oxidation,gbdt,random,shift,seed=307,DME,8.85602,10.8493,9.21294
M,X0,oxidation,gbdt,random,shift,seed=307,DOL,9.31314,11.0221,9.27108
M,X0,oxidation,gbdt,random,shift,seed=307,TEGDME,7.59532,10.6067,9.34259
M,X0,oxidation,gbdt,random,shift,seed=307,EA,10.0028,11.3432,9.76983
M,X0,oxidation,gbdt,random,shift,seed=307,MA,10.202,11.4337,10.074
M,X0,oxidation,gbdt,random,shift,seed=307,GBL,9.95154,11.3964,9.84544
M,X0,oxidation,gbdt,random,shift,seed=307,SL,9.79305,11.2504,9.58116
M,X0,oxidation,gbdt,random,shift,seed=307,DMSO,8.81417,10.4243,10.2225
M,X0,oxidation,gbdt,random,shift,seed=307,AN,12.1404,11.6109,10.0864
M,X0,oxidation,gbdt,random,shift,seed=307,TMP,10.0568,11.9035,9.93427
M,X0,oxidation,gbdt,random,shift,seed=307,SN,11.6036,11.9211,10.0478
M,X0,oxidation,gbdt,random,shift,seed=401,DMC,10.5799,12.0831,10.3215
M,X0,oxidation,gbdt,random,shift,seed=401,EMC,10.2016,11.9687,10.4806
M,X0,oxidation,gbdt,random,shift,seed=401,DEC,9.98433,11.8884,10.3941
M,X0,oxidation,gbdt,random,shift,seed=401,EC,10.7691,12.4023,10.6942
M,X0,oxidation,gbdt,random,shift,seed=401,PC,10.5388,12.258,10.6582
M,X0,oxidation,gbdt,random,shift,seed=401,FEC,11.3226,12.9955,11.2721
M,X0,oxidation,gbdt,random,shift,seed=401,VC,9.61883,11.8799,10.5363
M,X0,oxidation,gbdt,random,shift,seed=401,DME,8.85602,10.8493,9.18644
M,X0,oxidation,gbdt,random,shift,seed=401,DOL,9.31314,11.0221,9.54649
M,X0,oxidation,gbdt,random,shift,seed=401,TEGDME,7.59532,10.6067,8.7294
M,X0,oxidation,gbdt,random,shift,seed=401,EA,10.0028,11.3432,9.82376
M,X0,oxidation,gbdt,random,shift,seed=401,MA,10.202,11.4337,9.91093
M,X0,oxidation,gbdt,random,shift,seed=401,GBL,9.95154,11.3964,10.0707
M,X0,oxidation,gbdt,random,shift,seed=401,SL,9.79305,11.2504,9.78556
M,X0,oxidation,gbdt,random,shift,seed=401,DMSO,8.81417,10.4243,9.56446
M,X0,oxidation,gbdt,random,shift,seed=401,AN,12.1404,11.6109,10.0653
M,X0,oxidation,gbdt,random,shift,seed=401,TMP,10.0568,11.9035,9.79651
M,X0,oxidation,gbdt,random,shift,seed=401,SN,11.6036,11.9211,9.62489
M,X0,oxidation,gbdt,random,shift,seed=503,DMC,10.5799,12.0831,10.3538
M,X0,oxidation,gbdt,random,shift,seed=503,EMC,10.2016,11.9687,10.4737
M,X0,oxidation,gbdt,random,shift,seed=503,DEC,9.98433,11.8884,10.1951
M,X0,oxidation,gbdt,random,shift,seed=503,EC,10.7691,12.4023,10.7226
M,X0,oxidation,gbdt,random,shift,seed=503,PC,10.5388,12.258,10.6406
M,X0,oxidation,gbdt,random,shift,seed=503,FEC,11.3226,12.9955,11.2191
M,X0,oxidation,gbdt,random,shift,seed=503,VC,9.61883,11.8799,10.651
M,X0,oxidation,gbdt,random,shift,seed=503,DME,8.85602,10.8493,9.04311
M,X0,oxidation,gbdt,random,shift,seed=503,DOL,9.31314,11.0221,9.56677
M,X0,oxidation,gbdt,random,shift,seed=503,TEGDME,7.59532,10.6067,8.72189
M,X0,oxidation,gbdt,random,shift,seed=503,EA,10.0028,11.3432,9.7794
M,X0,oxidation,gbdt,random,shift,seed=503,MA,10.202,11.4337,10.6159
M,X0,oxidation,gbdt,random,shift,seed=503,GBL,9.95154,11.3964,9.81064
M,X0,oxidation,gbdt,random,shift,seed=503,SL,9.79305,11.2504,9.63643
M,X0,oxidation,gbdt,random,shift,seed=503,DMSO,8.81417,10.4243,9.9525
M,X0,oxidation,gbdt,random,shift,seed=503,AN,12.1404,11.6109,10.0386
M,X0,oxidation,gbdt,random,shift,seed=503,TMP,10.0568,11.9035,9.31799
M,X0,oxidation,gbdt,random,shift,seed=503,SN,11.6036,11.9211,9.84712
M,X0,oxidation,constant,group,direct,leave-one-group-out,DMC,10.5799,12.0831,10.0386
M,X0,oxidation,constant,group,direct,leave-one-group-out,EMC,10.2016,11.9687,10.0386
M,X0,oxidation,constant,group,direct,leave-one-group-out,DEC,9.98433,11.8884,10.0386
M,X0,oxidation,constant,group,direct,leave-one-group-out,EC,10.7691,12.4023,11.3226
M,X0,oxidation,constant,group,direct,leave-one-group-out,PC,10.5388,12.258,11.3226
M,X0,oxidation,constant,group,direct,leave-one-group-out,FEC,11.3226,12.9955,10.3089
M,X0,oxidation,constant,group,direct,leave-one-group-out,VC,9.61883,11.8799,11.3226
M,X0,oxidation,constant,group,direct,leave-one-group-out,DME,8.85602,10.8493,9.31314
M,X0,oxidation,constant,group,direct,leave-one-group-out,DOL,9.31314,11.0221,8.22567
M,X0,oxidation,constant,group,direct,leave-one-group-out,TEGDME,7.59532,10.6067,9.31314
M,X0,oxidation,constant,group,direct,leave-one-group-out,EA,10.0028,11.3432,9.95154
M,X0,oxidation,constant,group,direct,leave-one-group-out,MA,10.202,11.4337,9.95154
M,X0,oxidation,constant,group,direct,leave-one-group-out,GBL,9.95154,11.3964,10.1024
M,X0,oxidation,constant,group,direct,leave-one-group-out,SL,9.79305,11.2504,10.0912
M,X0,oxidation,constant,group,direct,leave-one-group-out,DMSO,8.81417,10.4243,10.1488
M,X0,oxidation,constant,group,direct,leave-one-group-out,AN,12.1404,11.6109,9.85001
M,X0,oxidation,constant,group,direct,leave-one-group-out,TMP,10.0568,11.9035,10.0757
M,X0,oxidation,constant,group,direct,leave-one-group-out,SN,11.6036,11.9211,9.85001
M,X0,oxidation,ridge,group,direct,leave-one-group-out,DMC,10.5799,12.0831,10.655
M,X0,oxidation,ridge,group,direct,leave-one-group-out,EMC,10.2016,11.9687,10.8166
M,X0,oxidation,ridge,group,direct,leave-one-group-out,DEC,9.98433,11.8884,11.0302
M,X0,oxidation,ridge,group,direct,leave-one-group-out,EC,10.7691,12.4023,11.1658
M,X0,oxidation,ridge,group,direct,leave-one-group-out,PC,10.5388,12.258,10.819
M,X0,oxidation,ridge,group,direct,leave-one-group-out,FEC,11.3226,12.9955,11.1234
M,X0,oxidation,ridge,group,direct,leave-one-group-out,VC,9.61883,11.8799,11.0387
M,X0,oxidation,ridge,group,direct,leave-one-group-out,DME,8.85602,10.8493,10.1425
M,X0,oxidation,ridge,group,direct,leave-one-group-out,DOL,9.31314,11.0221,9.17549
M,X0,oxidation,ridge,group,direct,leave-one-group-out,TEGDME,7.59532,10.6067,7.65635
M,X0,oxidation,ridge,group,direct,leave-one-group-out,EA,10.0028,11.3432,10.0599
M,X0,oxidation,ridge,group,direct,leave-one-group-out,MA,10.202,11.4337,10.3064
M,X0,oxidation,ridge,group,direct,leave-one-group-out,GBL,9.95154,11.3964,9.79895
M,X0,oxidation,ridge,group,direct,leave-one-group-out,SL,9.79305,11.2504,9.43017
M,X0,oxidation,ridge,group,direct,leave-one-group-out,DMSO,8.81417,10.4243,10.0943
M,X0,oxidation,ridge,group,direct,leave-one-group-out,AN,12.1404,11.6109,10.0347
M,X0,oxidation,ridge,group,direct,leave-one-group-out,TMP,10.0568,11.9035,9.68358
M,X0,oxidation,ridge,group,direct,leave-one-group-out,SN,11.6036,11.9211,9.96632
M,X0,oxidation,krr,group,direct,leave-one-group-out,DMC,10.5799,12.0831,10.5954
M,X0,oxidation,krr,group,direct,leave-one-group-out,EMC,10.2016,11.9687,10.3533
M,X0,oxidation,krr,group,direct,leave-one-group-out,DEC,9.98433,11.8884,10.1329
M,X0,oxidation,krr,group,direct,leave-one-group-out,EC,10.7691,12.4023,11.2994
M,X0,oxidation,krr,group,direct,leave-one-group-out,PC,10.5388,12.258,10.8957
M,X0,oxidation,krr,group,direct,leave-one-group-out,FEC,11.3226,12.9955,10.3577
M,X0,oxidation,krr,group,direct,leave-one-group-out,VC,9.61883,11.8799,11.0819
M,X0,oxidation,krr,group,direct,leave-one-group-out,DME,8.85602,10.8493,9.69699
M,X0,oxidation,krr,group,direct,leave-one-group-out,DOL,9.31314,11.0221,9.23404
M,X0,oxidation,krr,group,direct,leave-one-group-out,TEGDME,7.59532,10.6067,5.36621
M,X0,oxidation,krr,group,direct,leave-one-group-out,EA,10.0028,11.3432,10.159
M,X0,oxidation,krr,group,direct,leave-one-group-out,MA,10.202,11.4337,10.2651
M,X0,oxidation,krr,group,direct,leave-one-group-out,GBL,9.95154,11.3964,10.131
M,X0,oxidation,krr,group,direct,leave-one-group-out,SL,9.79305,11.2504,9.80111
M,X0,oxidation,krr,group,direct,leave-one-group-out,DMSO,8.81417,10.4243,10.1267
M,X0,oxidation,krr,group,direct,leave-one-group-out,AN,12.1404,11.6109,9.93069
M,X0,oxidation,krr,group,direct,leave-one-group-out,TMP,10.0568,11.9035,9.60631
M,X0,oxidation,krr,group,direct,leave-one-group-out,SN,11.6036,11.9211,10.133
M,X0,oxidation,gpr,group,direct,leave-one-group-out,DMC,10.5799,12.0831,10.34
M,X0,oxidation,gpr,group,direct,leave-one-group-out,EMC,10.2016,11.9687,10.2376
M,X0,oxidation,gpr,group,direct,leave-one-group-out,DEC,9.98433,11.8884,10.2128
M,X0,oxidation,gpr,group,direct,leave-one-group-out,EC,10.7691,12.4023,11.363
M,X0,oxidation,gpr,group,direct,leave-one-group-out,PC,10.5388,12.258,10.9493
M,X0,oxidation,gpr,group,direct,leave-one-group-out,FEC,11.3226,12.9955,11.2097
M,X0,oxidation,gpr,group,direct,leave-one-group-out,VC,9.61883,11.8799,10.497
M,X0,oxidation,gpr,group,direct,leave-one-group-out,DME,8.85602,10.8493,9.81888
M,X0,oxidation,gpr,group,direct,leave-one-group-out,DOL,9.31314,11.0221,8.99243
M,X0,oxidation,gpr,group,direct,leave-one-group-out,TEGDME,7.59532,10.6067,10.3569
M,X0,oxidation,gpr,group,direct,leave-one-group-out,EA,10.0028,11.3432,9.95455
M,X0,oxidation,gpr,group,direct,leave-one-group-out,MA,10.202,11.4337,10.4029
M,X0,oxidation,gpr,group,direct,leave-one-group-out,GBL,9.95154,11.3964,9.69697
M,X0,oxidation,gpr,group,direct,leave-one-group-out,SL,9.79305,11.2504,9.86572
M,X0,oxidation,gpr,group,direct,leave-one-group-out,DMSO,8.81417,10.4243,9.82709
M,X0,oxidation,gpr,group,direct,leave-one-group-out,AN,12.1404,11.6109,10.2571
M,X0,oxidation,gpr,group,direct,leave-one-group-out,TMP,10.0568,11.9035,9.01405
M,X0,oxidation,gpr,group,direct,leave-one-group-out,SN,11.6036,11.9211,9.99097
M,X0,oxidation,rf,group,direct,leave-one-group-out,DMC,10.5799,12.0831,10.7921
M,X0,oxidation,rf,group,direct,leave-one-group-out,EMC,10.2016,11.9687,10.6177
M,X0,oxidation,rf,group,direct,leave-one-group-out,DEC,9.98433,11.8884,10.3264
M,X0,oxidation,rf,group,direct,leave-one-group-out,EC,10.7691,12.4023,10.7885
M,X0,oxidation,rf,group,direct,leave-one-group-out,PC,10.5388,12.258,10.6256
M,X0,oxidation,rf,group,direct,leave-one-group-out,FEC,11.3226,12.9955,10.5819
M,X0,oxidation,rf,group,direct,leave-one-group-out,VC,9.61883,11.8799,10.9591
M,X0,oxidation,rf,group,direct,leave-one-group-out,DME,8.85602,10.8493,9.67462
M,X0,oxidation,rf,group,direct,leave-one-group-out,DOL,9.31314,11.0221,9.40983
M,X0,oxidation,rf,group,direct,leave-one-group-out,TEGDME,7.59532,10.6067,9.80783
M,X0,oxidation,rf,group,direct,leave-one-group-out,EA,10.0028,11.3432,10.0226
M,X0,oxidation,rf,group,direct,leave-one-group-out,MA,10.202,11.4337,10.48
M,X0,oxidation,rf,group,direct,leave-one-group-out,GBL,9.95154,11.3964,10.1082
M,X0,oxidation,rf,group,direct,leave-one-group-out,SL,9.79305,11.2504,10.0111
M,X0,oxidation,rf,group,direct,leave-one-group-out,DMSO,8.81417,10.4243,9.87402
M,X0,oxidation,rf,group,direct,leave-one-group-out,AN,12.1404,11.6109,9.92658
M,X0,oxidation,rf,group,direct,leave-one-group-out,TMP,10.0568,11.9035,9.90451
M,X0,oxidation,rf,group,direct,leave-one-group-out,SN,11.6036,11.9211,9.90068
M,X0,oxidation,gbdt,group,direct,leave-one-group-out,DMC,10.5799,12.0831,10.762
M,X0,oxidation,gbdt,group,direct,leave-one-group-out,EMC,10.2016,11.9687,10.7657
M,X0,oxidation,gbdt,group,direct,leave-one-group-out,DEC,9.98433,11.8884,10.6461
M,X0,oxidation,gbdt,group,direct,leave-one-group-out,EC,10.7691,12.4023,11.2562
M,X0,oxidation,gbdt,group,direct,leave-one-group-out,PC,10.5388,12.258,11.216
M,X0,oxidation,gbdt,group,direct,leave-one-group-out,FEC,11.3226,12.9955,10.3715
M,X0,oxidation,gbdt,group,direct,leave-one-group-out,VC,9.61883,11.8799,11.247
M,X0,oxidation,gbdt,group,direct,leave-one-group-out,DME,8.85602,10.8493,9.49505
M,X0,oxidation,gbdt,group,direct,leave-one-group-out,DOL,9.31314,11.0221,8.97115
M,X0,oxidation,gbdt,group,direct,leave-one-group-out,TEGDME,7.59532,10.6067,9.63741
M,X0,oxidation,gbdt,group,direct,leave-one-group-out,EA,10.0028,11.3432,9.79106
M,X0,oxidation,gbdt,group,direct,leave-one-group-out,MA,10.202,11.4337,10.5186
M,X0,oxidation,gbdt,group,direct,leave-one-group-out,GBL,9.95154,11.3964,9.94699
M,X0,oxidation,gbdt,group,direct,leave-one-group-out,SL,9.79305,11.2504,9.98991
M,X0,oxidation,gbdt,group,direct,leave-one-group-out,DMSO,8.81417,10.4243,10.3352
M,X0,oxidation,gbdt,group,direct,leave-one-group-out,AN,12.1404,11.6109,9.991
M,X0,oxidation,gbdt,group,direct,leave-one-group-out,TMP,10.0568,11.9035,9.71996
M,X0,oxidation,gbdt,group,direct,leave-one-group-out,SN,11.6036,11.9211,10.0601
M,X0,oxidation,constant,group,shift,leave-one-group-out,DMC,10.5799,12.0831,10.5685
M,X0,oxidation,constant,group,shift,leave-one-group-out,EMC,10.2016,11.9687,10.4541
M,X0,oxidation,constant,group,shift,leave-one-group-out,DEC,9.98433,11.8884,10.3738
M,X0,oxidation,constant,group,shift,leave-one-group-out,EC,10.7691,12.4023,10.7294
M,X0,oxidation,constant,group,shift,leave-one-group-out,PC,10.5388,12.258,10.5851
M,X0,oxidation,constant,group,shift,leave-one-group-out,FEC,11.3226,12.9955,11.1244
M,X0,oxidation,constant,group,shift,leave-one-group-out,VC,9.61883,11.8799,10.207
M,X0,oxidation,constant,group,shift,leave-one-group-out,DME,8.85602,10.8493,9.14034
M,X0,oxidation,constant,group,shift,leave-one-group-out,DOL,9.31314,11.0221,8.51977
M,X0,oxidation,constant,group,shift,leave-one-group-out,TEGDME,7.59532,10.6067,8.89774
M,X0,oxidation,constant,group,shift,leave-one-group-out,EA,10.0028,11.3432,9.89834
M,X0,oxidation,constant,group,shift,leave-one-group-out,MA,10.202,11.4337,9.98884
M,X0,oxidation,constant,group,shift,leave-one-group-out,GBL,9.95154,11.3964,10.1104
M,X0,oxidation,constant,group,shift,leave-one-group-out,SL,9.79305,11.2504,9.69535
M,X0,oxidation,constant,group,shift,leave-one-group-out,DMSO,8.81417,10.4243,8.87823
M,X0,oxidation,constant,group,shift,leave-one-group-out,AN,12.1404,11.6109,9.85432
M,X0,oxidation,constant,group,shift,leave-one-group-out,TMP,10.0568,11.9035,10.3713
M,X0,oxidation,constant,group,shift,leave-one-group-out,SN,11.6036,11.9211,10.1645
M,X0,oxidation,ridge,group,shift,leave-one-group-out,DMC,10.5799,12.0831,10.7782
M,X0,oxidation,ridge,group,shift,leave-one-group-out,EMC,10.2016,11.9687,10.5285
M,X0,oxidation,ridge,group,shift,leave-one-group-out,DEC,9.98433,11.8884,10.3196
M,X0,oxidation,ridge,group,shift,leave-one-group-out,EC,10.7691,12.4023,11.2979
M,X0,oxidation,ridge,group,shift,leave-one-group-out,PC,10.5388,12.258,11.0059
M,X0,oxidation,ridge,group,shift,leave-one-group-out,FEC,11.3226,12.9955,11.478
M,X0,oxidation,ridge,group,shift,leave-one-group-out,VC,9.61883,11.8799,10.7837
M,X0,oxidation,ridge,group,shift,leave-one-group-out,DME,8.85602,10.8493,10.0424
M,X0,oxidation,ridge,group,shift,leave-one-group-out,DOL,9.31314,11.0221,9.36995
M,X0,oxidation,ridge,group,shift,leave-one-group-out,TEGDME,7.59532,10.6067,7.4651
M,X0,oxidation,ridge,group,shift,leave-one-group-out,EA,10.0028,11.3432,10.0271
M,X0,oxidation,ridge,group,shift,leave-one-group-out,MA,10.202,11.4337,10.241
M,X0,oxidation,ridge,group,shift,leave-one-group-out,GBL,9.95154,11.3964,9.87498
M,X0,oxidation,ridge,group,shift,leave-one-group-out,SL,9.79305,11.2504,9.45367
M,X0,oxidation,ridge,group,shift,leave-one-group-out,DMSO,8.81417,10.4243,9.56882
M,X0,oxidation,ridge,group,shift,leave-one-group-out,AN,12.1404,11.6109,10.2714
M,X0,oxidation,ridge,group,shift,leave-one-group-out,TMP,10.0568,11.9035,9.84469
M,X0,oxidation,ridge,group,shift,leave-one-group-out,SN,11.6036,11.9211,10.2227
M,X0,oxidation,krr,group,shift,leave-one-group-out,DMC,10.5799,12.0831,10.7474
M,X0,oxidation,krr,group,shift,leave-one-group-out,EMC,10.2016,11.9687,10.4978
M,X0,oxidation,krr,group,shift,leave-one-group-out,DEC,9.98433,11.8884,10.2883
M,X0,oxidation,krr,group,shift,leave-one-group-out,EC,10.7691,12.4023,11.5744
M,X0,oxidation,krr,group,shift,leave-one-group-out,PC,10.5388,12.258,11.1503
M,X0,oxidation,krr,group,shift,leave-one-group-out,FEC,11.3226,12.9955,11.5027
M,X0,oxidation,krr,group,shift,leave-one-group-out,VC,9.61883,11.8799,10.9839
M,X0,oxidation,krr,group,shift,leave-one-group-out,DME,8.85602,10.8493,9.46473
M,X0,oxidation,krr,group,shift,leave-one-group-out,DOL,9.31314,11.0221,9.16519
M,X0,oxidation,krr,group,shift,leave-one-group-out,TEGDME,7.59532,10.6067,8.73787
M,X0,oxidation,krr,group,shift,leave-one-group-out,EA,10.0028,11.3432,9.93817
M,X0,oxidation,krr,group,shift,leave-one-group-out,MA,10.202,11.4337,10.1226
M,X0,oxidation,krr,group,shift,leave-one-group-out,GBL,9.95154,11.3964,9.92423
M,X0,oxidation,krr,group,shift,leave-one-group-out,SL,9.79305,11.2504,9.47471
M,X0,oxidation,krr,group,shift,leave-one-group-out,DMSO,8.81417,10.4243,9.31245
M,X0,oxidation,krr,group,shift,leave-one-group-out,AN,12.1404,11.6109,10.2632
M,X0,oxidation,krr,group,shift,leave-one-group-out,TMP,10.0568,11.9035,9.9472
M,X0,oxidation,krr,group,shift,leave-one-group-out,SN,11.6036,11.9211,10.2583
M,X0,oxidation,gpr,group,shift,leave-one-group-out,DMC,10.5799,12.0831,10.3593
M,X0,oxidation,gpr,group,shift,leave-one-group-out,EMC,10.2016,11.9687,10.2604
M,X0,oxidation,gpr,group,shift,leave-one-group-out,DEC,9.98433,11.8884,10.2504
M,X0,oxidation,gpr,group,shift,leave-one-group-out,EC,10.7691,12.4023,11.3957
M,X0,oxidation,gpr,group,shift,leave-one-group-out,PC,10.5388,12.258,11.0419
M,X0,oxidation,gpr,group,shift,leave-one-group-out,FEC,11.3226,12.9955,11.2952
M,X0,oxidation,gpr,group,shift,leave-one-group-out,VC,9.61883,11.8799,10.5985
M,X0,oxidation,gpr,group,shift,leave-one-group-out,DME,8.85602,10.8493,9.29333
M,X0,oxidation,gpr,group,shift,leave-one-group-out,DOL,9.31314,11.0221,9.1641
M,X0,oxidation,gpr,group,shift,leave-one-group-out,TEGDME,7.59532,10.6067,9.17615
M,X0,oxidation,gpr,group,shift,leave-one-group-out,EA,10.0028,11.3432,10.1473
M,X0,oxidation,gpr,group,shift,leave-one-group-out,MA,10.202,11.4337,10.6173
M,X0,oxidation,gpr,group,shift,leave-one-group-out,GBL,9.95154,11.3964,9.69659
M,X0,oxidation,gpr,group,shift,leave-one-group-out,SL,9.79305,11.2504,9.84816
M,X0,oxidation,gpr,group,shift,leave-one-group-out,DMSO,8.81417,10.4243,9.64148
M,X0,oxidation,gpr,group,shift,leave-one-group-out,AN,12.1404,11.6109,10.2583
M,X0,oxidation,gpr,group,shift,leave-one-group-out,TMP,10.0568,11.9035,9.4527
M,X0,oxidation,gpr,group,shift,leave-one-group-out,SN,11.6036,11.9211,10.0493
M,X0,oxidation,rf,group,shift,leave-one-group-out,DMC,10.5799,12.0831,10.4337
M,X0,oxidation,rf,group,shift,leave-one-group-out,EMC,10.2016,11.9687,10.3214
M,X0,oxidation,rf,group,shift,leave-one-group-out,DEC,9.98433,11.8884,10.2346
M,X0,oxidation,rf,group,shift,leave-one-group-out,EC,10.7691,12.4023,11.0407
M,X0,oxidation,rf,group,shift,leave-one-group-out,PC,10.5388,12.258,10.8498
M,X0,oxidation,rf,group,shift,leave-one-group-out,FEC,11.3226,12.9955,11.4901
M,X0,oxidation,rf,group,shift,leave-one-group-out,VC,9.61883,11.8799,10.6919
M,X0,oxidation,rf,group,shift,leave-one-group-out,DME,8.85602,10.8493,9.26379
M,X0,oxidation,rf,group,shift,leave-one-group-out,DOL,9.31314,11.0221,9.67293
M,X0,oxidation,rf,group,shift,leave-one-group-out,TEGDME,7.59532,10.6067,9.07381
M,X0,oxidation,rf,group,shift,leave-one-group-out,EA,10.0028,11.3432,9.71832
M,X0,oxidation,rf,group,shift,leave-one-group-out,MA,10.202,11.4337,10.1287
M,X0,oxidation,rf,group,shift,leave-one-group-out,GBL,9.95154,11.3964,10.0014
M,X0,oxidation,rf,group,shift,leave-one-group-out,SL,9.79305,11.2504,9.52865
M,X0,oxidation,rf,group,shift,leave-one-group-out,DMSO,8.81417,10.4243,9.42055
M,X0,oxidation,rf,group,shift,leave-one-group-out,AN,12.1404,11.6109,10.0512
M,X0,oxidation,rf,group,shift,leave-one-group-out,TMP,10.0568,11.9035,9.90341
M,X0,oxidation,rf,group,shift,leave-one-group-out,SN,11.6036,11.9211,10.14
M,X0,oxidation,gbdt,group,shift,leave-one-group-out,DMC,10.5799,12.0831,10.4214
M,X0,oxidation,gbdt,group,shift,leave-one-group-out,EMC,10.2016,11.9687,10.3101
M,X0,oxidation,gbdt,group,shift,leave-one-group-out,DEC,9.98433,11.8884,9.9138
M,X0,oxidation,gbdt,group,shift,leave-one-group-out,EC,10.7691,12.4023,10.9861
M,X0,oxidation,gbdt,group,shift,leave-one-group-out,PC,10.5388,12.258,10.7846
M,X0,oxidation,gbdt,group,shift,leave-one-group-out,FEC,11.3226,12.9955,11.2182
M,X0,oxidation,gbdt,group,shift,leave-one-group-out,VC,9.61883,11.8799,10.8088
M,X0,oxidation,gbdt,group,shift,leave-one-group-out,DME,8.85602,10.8493,9.30428
M,X0,oxidation,gbdt,group,shift,leave-one-group-out,DOL,9.31314,11.0221,9.60472
M,X0,oxidation,gbdt,group,shift,leave-one-group-out,TEGDME,7.59532,10.6067,8.74717
M,X0,oxidation,gbdt,group,shift,leave-one-group-out,EA,10.0028,11.3432,9.86663
M,X0,oxidation,gbdt,group,shift,leave-one-group-out,MA,10.202,11.4337,10.3217
M,X0,oxidation,gbdt,group,shift,leave-one-group-out,GBL,9.95154,11.3964,10.0045
M,X0,oxidation,gbdt,group,shift,leave-one-group-out,SL,9.79305,11.2504,9.5544
M,X0,oxidation,gbdt,group,shift,leave-one-group-out,DMSO,8.81417,10.4243,9.82204
M,X0,oxidation,gbdt,group,shift,leave-one-group-out,AN,12.1404,11.6109,10.1718
M,X0,oxidation,gbdt,group,shift,leave-one-group-out,TMP,10.0568,11.9035,9.71979
M,X0,oxidation,gbdt,group,shift,leave-one-group-out,SN,11.6036,11.9211,10.0912
M,X0,oxidation,constant,lofo,direct,leave-one-family-out,DMC,10.5799,12.0831,10.0386
M,X0,oxidation,constant,lofo,direct,leave-one-family-out,EMC,10.2016,11.9687,10.0386
M,X0,oxidation,constant,lofo,direct,leave-one-family-out,DEC,9.98433,11.8884,10.0386
M,X0,oxidation,constant,lofo,direct,leave-one-family-out,EC,10.7691,12.4023,9.93534
M,X0,oxidation,constant,lofo,direct,leave-one-family-out,PC,10.5388,12.258,9.93534
M,X0,oxidation,constant,lofo,direct,leave-one-family-out,FEC,11.3226,12.9955,9.93534
M,X0,oxidation,constant,lofo,direct,leave-one-family-out,VC,9.61883,11.8799,9.93534
M,X0,oxidation,constant,lofo,direct,leave-one-family-out,DME,8.85602,10.8493,10.372
M,X0,oxidation,constant,lofo,direct,leave-one-family-out,DOL,9.31314,11.0221,10.372
M,X0,oxidation,constant,lofo,direct,leave-one-family-out,TEGDME,7.59532,10.6067,10.372
M,X0,oxidation,constant,lofo,direct,leave-one-family-out,EA,10.0028,11.3432,10.0792
M,X0,oxidation,constant,lofo,direct,leave-one-family-out,MA,10.202,11.4337,10.0792
M,X0,oxidation,constant,lofo,direct,leave-one-family-out,GBL,9.95154,11.3964,10.0792
M,X0,oxidation,constant,lofo,direct,leave-one-family-out,SL,9.79305,11.2504,10.0912
M,X0,oxidation,constant,lofo,direct,leave-one-family-out,DMSO,8.81417,10.4243,10.1488
M,X0,oxidation,constant,lofo,direct,leave-one-family-out,AN,12.1404,11.6109,9.85001
M,X0,oxidation,constant,lofo,direct,leave-one-family-out,TMP,10.0568,11.9035,10.0757
M,X0,oxidation,constant,lofo,direct,leave-one-family-out,SN,11.6036,11.9211,9.85001
M,X0,oxidation,ridge,lofo,direct,leave-one-family-out,DMC,10.5799,12.0831,10.655
M,X0,oxidation,ridge,lofo,direct,leave-one-family-out,EMC,10.2016,11.9687,10.8166
M,X0,oxidation,ridge,lofo,direct,leave-one-family-out,DEC,9.98433,11.8884,11.0302
M,X0,oxidation,ridge,lofo,direct,leave-one-family-out,EC,10.7691,12.4023,11.3069
M,X0,oxidation,ridge,lofo,direct,leave-one-family-out,PC,10.5388,12.258,10.9604
M,X0,oxidation,ridge,lofo,direct,leave-one-family-out,FEC,11.3226,12.9955,11.629
M,X0,oxidation,ridge,lofo,direct,leave-one-family-out,VC,9.61883,11.8799,11.0126
M,X0,oxidation,ridge,lofo,direct,leave-one-family-out,DME,8.85602,10.8493,12.1001
M,X0,oxidation,ridge,lofo,direct,leave-one-family-out,DOL,9.31314,11.0221,11.938
M,X0,oxidation,ridge,lofo,direct,leave-one-family-out,TEGDME,7.59532,10.6067,7.69019
M,X0,oxidation,ridge,lofo,direct,leave-one-family-out,EA,10.0028,11.3432,10.0477
M,X0,oxidation,ridge,lofo,direct,leave-one-family-out,MA,10.202,11.4337,10.2979
M,X0,oxidation,ridge,lofo,direct,leave-one-family-out,GBL,9.95154,11.3964,9.82604
M,X0,oxidation,ridge,lofo,direct,leave-one-family-out,SL,9.79305,11.2504,9.43017
M,X0,oxidation,ridge,lofo,direct,leave-one-family-out,DMSO,8.81417,10.4243,10.0943
M,X0,oxidation,ridge,lofo,direct,leave-one-family-out,AN,12.1404,11.6109,10.0347
M,X0,oxidation,ridge,lofo,direct,leave-one-family-out,TMP,10.0568,11.9035,9.68358
M,X0,oxidation,ridge,lofo,direct,leave-one-family-out,SN,11.6036,11.9211,9.96632
M,X0,oxidation,krr,lofo,direct,leave-one-family-out,DMC,10.5799,12.0831,10.1804
M,X0,oxidation,krr,lofo,direct,leave-one-family-out,EMC,10.2016,11.9687,10.0654
M,X0,oxidation,krr,lofo,direct,leave-one-family-out,DEC,9.98433,11.8884,9.95195
M,X0,oxidation,krr,lofo,direct,leave-one-family-out,EC,10.7691,12.4023,11.569
M,X0,oxidation,krr,lofo,direct,leave-one-family-out,PC,10.5388,12.258,11.0817
M,X0,oxidation,krr,lofo,direct,leave-one-family-out,FEC,11.3226,12.9955,11.9433
M,X0,oxidation,krr,lofo,direct,leave-one-family-out,VC,9.61883,11.8799,11.0307
M,X0,oxidation,krr,lofo,direct,leave-one-family-out,DME,8.85602,10.8493,11.1933
M,X0,oxidation,krr,lofo,direct,leave-one-family-out,DOL,9.31314,11.0221,10.9941
M,X0,oxidation,krr,lofo,direct,leave-one-family-out,TEGDME,7.59532,10.6067,6.13332
M,X0,oxidation,krr,lofo,direct,leave-one-family-out,EA,10.0028,11.3432,9.89706
M,X0,oxidation,krr,lofo,direct,leave-one-family-out,MA,10.202,11.4337,10.1641
M,X0,oxidation,krr,lofo,direct,leave-one-family-out,GBL,9.95154,11.3964,9.61341
M,X0,oxidation,krr,lofo,direct,leave-one-family-out,SL,9.79305,11.2504,9.38745
M,X0,oxidation,krr,lofo,direct,leave-one-family-out,DMSO,8.81417,10.4243,9.62846
M,X0,oxidation,krr,lofo,direct,leave-one-family-out,AN,12.1404,11.6109,9.93069
M,X0,oxidation,krr,lofo,direct,leave-one-family-out,TMP,10.0568,11.9035,9.5882
M,X0,oxidation,krr,lofo,direct,leave-one-family-out,SN,11.6036,11.9211,10.133
M,X0,oxidation,gpr,lofo,direct,leave-one-family-out,DMC,10.5799,12.0831,10.34
M,X0,oxidation,gpr,lofo,direct,leave-one-family-out,EMC,10.2016,11.9687,10.2376
M,X0,oxidation,gpr,lofo,direct,leave-one-family-out,DEC,9.98433,11.8884,10.2128
M,X0,oxidation,gpr,lofo,direct,leave-one-family-out,EC,10.7691,12.4023,11.435
M,X0,oxidation,gpr,lofo,direct,leave-one-family-out,PC,10.5388,12.258,11.0344
M,X0,oxidation,gpr,lofo,direct,leave-one-family-out,FEC,11.3226,12.9955,11.8255
M,X0,oxidation,gpr,lofo,direct,leave-one-family-out,VC,9.61883,11.8799,10.3598
M,X0,oxidation,gpr,lofo,direct,leave-one-family-out,DME,8.85602,10.8493,10.4216
M,X0,oxidation,gpr,lofo,direct,leave-one-family-out,DOL,9.31314,11.0221,10.586
M,X0,oxidation,gpr,lofo,direct,leave-one-family-out,TEGDME,7.59532,10.6067,10.3812
M,X0,oxidation,gpr,lofo,direct,leave-one-family-out,EA,10.0028,11.3432,9.80518
M,X0,oxidation,gpr,lofo,direct,leave-one-family-out,MA,10.202,11.4337,10.2643
M,X0,oxidation,gpr,lofo,direct,leave-one-family-out,GBL,9.95154,11.3964,9.50711
M,X0,oxidation,gpr,lofo,direct,leave-one-family-out,SL,9.79305,11.2504,9.86572
M,X0,oxidation,gpr,lofo,direct,leave-one-family-out,DMSO,8.81417,10.4243,9.82709
M,X0,oxidation,gpr,lofo,direct,leave-one-family-out,AN,12.1404,11.6109,10.2571
M,X0,oxidation,gpr,lofo,direct,leave-one-family-out,TMP,10.0568,11.9035,9.01405
M,X0,oxidation,gpr,lofo,direct,leave-one-family-out,SN,11.6036,11.9211,9.99097
M,X0,oxidation,rf,lofo,direct,leave-one-family-out,DMC,10.5799,12.0831,10.78
M,X0,oxidation,rf,lofo,direct,leave-one-family-out,EMC,10.2016,11.9687,10.6127
M,X0,oxidation,rf,lofo,direct,leave-one-family-out,DEC,9.98433,11.8884,10.2949
M,X0,oxidation,rf,lofo,direct,leave-one-family-out,EC,10.7691,12.4023,10.4954
M,X0,oxidation,rf,lofo,direct,leave-one-family-out,PC,10.5388,12.258,10.4332
M,X0,oxidation,rf,lofo,direct,leave-one-family-out,FEC,11.3226,12.9955,10.5512
M,X0,oxidation,rf,lofo,direct,leave-one-family-out,VC,9.61883,11.8799,10.6157
M,X0,oxidation,rf,lofo,direct,leave-one-family-out,DME,8.85602,10.8493,9.9668
M,X0,oxidation,rf,lofo,direct,leave-one-family-out,DOL,9.31314,11.0221,10.1921
M,X0,oxidation,rf,lofo,direct,leave-one-family-out,TEGDME,7.59532,10.6067,9.91171
M,X0,oxidation,rf,lofo,direct,leave-one-family-out,EA,10.0028,11.3432,10.1981
M,X0,oxidation,rf,lofo,direct,leave-one-family-out,MA,10.202,11.4337,10.706
M,X0,oxidation,rf,lofo,direct,leave-one-family-out,GBL,9.95154,11.3964,10.2601
M,X0,oxidation,rf,lofo,direct,leave-one-family-out,SL,9.79305,11.2504,10.1198
M,X0,oxidation,rf,lofo,direct,leave-one-family-out,DMSO,8.81417,10.4243,9.96281
M,X0,oxidation,rf,lofo,direct,leave-one-family-out,AN,12.1404,11.6109,9.90864
M,X0,oxidation,rf,lofo,direct,leave-one-family-out,TMP,10.0568,11.9035,9.82139
M,X0,oxidation,rf,lofo,direct,leave-one-family-out,SN,11.6036,11.9211,9.87942
M,X0,oxidation,gbdt,lofo,direct,leave-one-family-out,DMC,10.5799,12.0831,10.762
M,X0,oxidation,gbdt,lofo,direct,leave-one-family-out,EMC,10.2016,11.9687,10.7657
M,X0,oxidation,gbdt,lofo,direct,leave-one-family-out,DEC,9.98433,11.8884,10.6461
M,X0,oxidation,gbdt,lofo,direct,leave-one-family-out,EC,10.7691,12.4023,10.6655
M,X0,oxidation,gbdt,lofo,direct,leave-one-family-out,PC,10.5388,12.258,10.3874
M,X0,oxidation,gbdt,lofo,direct,leave-one-family-out,FEC,11.3226,12.9955,10.4059
M,X0,oxidation,gbdt,lofo,direct,leave-one-family-out,VC,9.61883,11.8799,10.7051
M,X0,oxidation,gbdt,lofo,direct,leave-one-family-out,DME,8.85602,10.8493,9.80204
M,X0,oxidation,gbdt,lofo,direct,leave-one-family-out,DOL,9.31314,11.0221,9.93992
M,X0,oxidation,gbdt,lofo,direct,leave-one-family-out,TEGDME,7.59532,10.6067,9.86773
M,X0,oxidation,gbdt,lofo,direct,leave-one-family-out,EA,10.0028,11.3432,9.62747
M,X0,oxidation,gbdt,lofo,direct,leave-one-family-out,MA,10.202,11.4337,10.7149
M,X0,oxidation,gbdt,lofo,direct,leave-one-family-out,GBL,9.95154,11.3964,9.71228
M,X0,oxidation,gbdt,lofo,direct,leave-one-family-out,SL,9.79305,11.2504,9.99434
M,X0,oxidation,gbdt,lofo,direct,leave-one-family-out,DMSO,8.81417,10.4243,10.3313
M,X0,oxidation,gbdt,lofo,direct,leave-one-family-out,AN,12.1404,11.6109,9.99608
M,X0,oxidation,gbdt,lofo,direct,leave-one-family-out,TMP,10.0568,11.9035,9.57952
M,X0,oxidation,gbdt,lofo,direct,leave-one-family-out,SN,11.6036,11.9211,10.0592
M,X0,oxidation,constant,lofo,shift,leave-one-family-out,DMC,10.5799,12.0831,10.5685
M,X0,oxidation,constant,lofo,shift,leave-one-family-out,EMC,10.2016,11.9687,10.4541
M,X0,oxidation,constant,lofo,shift,leave-one-family-out,DEC,9.98433,11.8884,10.3738
M,X0,oxidation,constant,lofo,shift,leave-one-family-out,EC,10.7691,12.4023,10.9304
M,X0,oxidation,constant,lofo,shift,leave-one-family-out,PC,10.5388,12.258,10.7861
M,X0,oxidation,constant,lofo,shift,leave-one-family-out,FEC,11.3226,12.9955,11.5236
M,X0,oxidation,constant,lofo,shift,leave-one-family-out,VC,9.61883,11.8799,10.408
M,X0,oxidation,constant,lofo,shift,leave-one-family-out,DME,8.85602,10.8493,9.43732
M,X0,oxidation,constant,lofo,shift,leave-one-family-out,DOL,9.31314,11.0221,9.61012
M,X0,oxidation,constant,lofo,shift,leave-one-family-out,TEGDME,7.59532,10.6067,9.19472
M,X0,oxidation,constant,lofo,shift,leave-one-family-out,EA,10.0028,11.3432,9.75144
M,X0,oxidation,constant,lofo,shift,leave-one-family-out,MA,10.202,11.4337,9.84194
M,X0,oxidation,constant,lofo,shift,leave-one-family-out,GBL,9.95154,11.3964,9.80464
M,X0,oxidation,constant,lofo,shift,leave-one-family-out,SL,9.79305,11.2504,9.69535
M,X0,oxidation,constant,lofo,shift,leave-one-family-out,DMSO,8.81417,10.4243,8.87823
M,X0,oxidation,constant,lofo,shift,leave-one-family-out,AN,12.1404,11.6109,9.85432
M,X0,oxidation,constant,lofo,shift,leave-one-family-out,TMP,10.0568,11.9035,10.3713
M,X0,oxidation,constant,lofo,shift,leave-one-family-out,SN,11.6036,11.9211,10.1645
M,X0,oxidation,ridge,lofo,shift,leave-one-family-out,DMC,10.5799,12.0831,10.7782
M,X0,oxidation,ridge,lofo,shift,leave-one-family-out,EMC,10.2016,11.9687,10.5285
M,X0,oxidation,ridge,lofo,shift,leave-one-family-out,DEC,9.98433,11.8884,10.3196
M,X0,oxidation,ridge,lofo,shift,leave-one-family-out,EC,10.7691,12.4023,11.4618
M,X0,oxidation,ridge,lofo,shift,leave-one-family-out,PC,10.5388,12.258,11.1649
M,X0,oxidation,ridge,lofo,shift,leave-one-family-out,FEC,11.3226,12.9955,12.0354
M,X0,oxidation,ridge,lofo,shift,leave-one-family-out,VC,9.61883,11.8799,10.8638
M,X0,oxidation,ridge,lofo,shift,leave-one-family-out,DME,8.85602,10.8493,11.6443
M,X0,oxidation,ridge,lofo,shift,leave-one-family-out,DOL,9.31314,11.0221,11.4979
M,X0,oxidation,ridge,lofo,shift,leave-one-family-out,TEGDME,7.59532,10.6067,7.37642
M,X0,oxidation,ridge,lofo,shift,leave-one-family-out,EA,10.0028,11.3432,10.0229
M,X0,oxidation,ridge,lofo,shift,leave-one-family-out,MA,10.202,11.4337,10.2369
M,X0,oxidation,ridge,lofo,shift,leave-one-family-out,GBL,9.95154,11.3964,9.88664
M,X0,oxidation,ridge,lofo,shift,leave-one-family-out,SL,9.79305,11.2504,9.45367
M,X0,oxidation,ridge,lofo,shift,leave-one-family-out,DMSO,8.81417,10.4243,9.56882
M,X0,oxidation,ridge,lofo,shift,leave-one-family-out,AN,12.1404,11.6109,10.2714
M,X0,oxidation,ridge,lofo,shift,leave-one-family-out,TMP,10.0568,11.9035,9.84469
M,X0,oxidation,ridge,lofo,shift,leave-one-family-out,SN,11.6036,11.9211,10.2227
M,X0,oxidation,krr,lofo,shift,leave-one-family-out,DMC,10.5799,12.0831,10.6361
M,X0,oxidation,krr,lofo,shift,leave-one-family-out,EMC,10.2016,11.9687,10.4715
M,X0,oxidation,krr,lofo,shift,leave-one-family-out,DEC,9.98433,11.8884,10.3431
M,X0,oxidation,krr,lofo,shift,leave-one-family-out,EC,10.7691,12.4023,11.5879
M,X0,oxidation,krr,lofo,shift,leave-one-family-out,PC,10.5388,12.258,11.2408
M,X0,oxidation,krr,lofo,shift,leave-one-family-out,FEC,11.3226,12.9955,12.1688
M,X0,oxidation,krr,lofo,shift,leave-one-family-out,VC,9.61883,11.8799,10.9371
M,X0,oxidation,krr,lofo,shift,leave-one-family-out,DME,8.85602,10.8493,9.66239
M,X0,oxidation,krr,lofo,shift,leave-one-family-out,DOL,9.31314,11.0221,9.85917
M,X0,oxidation,krr,lofo,shift,leave-one-family-out,TEGDME,7.59532,10.6067,8.72507
M,X0,oxidation,krr,lofo,shift,leave-one-family-out,EA,10.0028,11.3432,9.93918
M,X0,oxidation,krr,lofo,shift,leave-one-family-out,MA,10.202,11.4337,10.1209
M,X0,oxidation,krr,lofo,shift,leave-one-family-out,GBL,9.95154,11.3964,9.96315
M,X0,oxidation,krr,lofo,shift,leave-one-family-out,SL,9.79305,11.2504,9.47471
M,X0,oxidation,krr,lofo,shift,leave-one-family-out,DMSO,8.81417,10.4243,9.31245
M,X0,oxidation,krr,lofo,shift,leave-one-family-out,AN,12.1404,11.6109,10.2632
M,X0,oxidation,krr,lofo,shift,leave-one-family-out,TMP,10.0568,11.9035,9.80471
M,X0,oxidation,krr,lofo,shift,leave-one-family-out,SN,11.6036,11.9211,10.2583
M,X0,oxidation,gpr,lofo,shift,leave-one-family-out,DMC,10.5799,12.0831,10.3593
M,X0,oxidation,gpr,lofo,shift,leave-one-family-out,EMC,10.2016,11.9687,10.2604
M,X0,oxidation,gpr,lofo,shift,leave-one-family-out,DEC,9.98433,11.8884,10.2504
M,X0,oxidation,gpr,lofo,shift,leave-one-family-out,EC,10.7691,12.4023,11.5148
M,X0,oxidation,gpr,lofo,shift,leave-one-family-out,PC,10.5388,12.258,11.1484
M,X0,oxidation,gpr,lofo,shift,leave-one-family-out,FEC,11.3226,12.9955,11.9969
M,X0,oxidation,gpr,lofo,shift,leave-one-family-out,VC,9.61883,11.8799,10.4976
M,X0,oxidation,gpr,lofo,shift,leave-one-family-out,DME,8.85602,10.8493,9.44498
M,X0,oxidation,gpr,lofo,shift,leave-one-family-out,DOL,9.31314,11.0221,9.82419
M,X0,oxidation,gpr,lofo,shift,leave-one-family-out,TEGDME,7.59532,10.6067,9.19437
M,X0,oxidation,gpr,lofo,shift,leave-one-family-out,EA,10.0028,11.3432,10.1045
M,X0,oxidation,gpr,lofo,shift,leave-one-family-out,MA,10.202,11.4337,10.5895
M,X0,oxidation,gpr,lofo,shift,leave-one-family-out,GBL,9.95154,11.3964,9.76057
M,X0,oxidation,gpr,lofo,shift,leave-one-family-out,SL,9.79305,11.2504,9.84816
M,X0,oxidation,gpr,lofo,shift,leave-one-family-out,DMSO,8.81417,10.4243,9.64148
M,X0,oxidation,gpr,lofo,shift,leave-one-family-out,AN,12.1404,11.6109,10.2583
M,X0,oxidation,gpr,lofo,shift,leave-one-family-out,TMP,10.0568,11.9035,9.4527
M,X0,oxidation,gpr,lofo,shift,leave-one-family-out,SN,11.6036,11.9211,10.0493
M,X0,oxidation,rf,lofo,shift,leave-one-family-out,DMC,10.5799,12.0831,10.4428
M,X0,oxidation,rf,lofo,shift,leave-one-family-out,EMC,10.2016,11.9687,10.3486
M,X0,oxidation,rf,lofo,shift,leave-one-family-out,DEC,9.98433,11.8884,10.2481
M,X0,oxidation,rf,lofo,shift,leave-one-family-out,EC,10.7691,12.4023,11.1184
M,X0,oxidation,rf,lofo,shift,leave-one-family-out,PC,10.5388,12.258,10.8955
M,X0,oxidation,rf,lofo,shift,leave-one-family-out,FEC,11.3226,12.9955,11.9832
M,X0,oxidation,rf,lofo,shift,leave-one-family-out,VC,9.61883,11.8799,10.9176
M,X0,oxidation,rf,lofo,shift,leave-one-family-out,DME,8.85602,10.8493,9.4109
M,X0,oxidation,rf,lofo,shift,leave-one-family-out,DOL,9.31314,11.0221,9.73159
M,X0,oxidation,rf,lofo,shift,leave-one-family-out,TEGDME,7.59532,10.6067,9.10187
M,X0,oxidation,rf,lofo,shift,leave-one-family-out,EA,10.0028,11.3432,9.71786
M,X0,oxidation,rf,lofo,shift,leave-one-family-out,MA,10.202,11.4337,10.0657
M,X0,oxidation,rf,lofo,shift,leave-one-family-out,GBL,9.95154,11.3964,9.86511
M,X0,oxidation,rf,lofo,shift,leave-one-family-out,SL,9.79305,11.2504,9.50434
M,X0,oxidation,rf,lofo,shift,leave-one-family-out,DMSO,8.81417,10.4243,9.43017
M,X0,oxidation,rf,lofo,shift,leave-one-family-out,AN,12.1404,11.6109,10.0189
M,X0,oxidation,rf,lofo,shift,leave-one-family-out,TMP,10.0568,11.9035,10.0385
M,X0,oxidation,rf,lofo,shift,leave-one-family-out,SN,11.6036,11.9211,10.0815
M,X0,oxidation,gbdt,lofo,shift,leave-one-family-out,DMC,10.5799,12.0831,10.4214
M,X0,oxidation,gbdt,lofo,shift,leave-one-family-out,EMC,10.2016,11.9687,10.3101
M,X0,oxidation,gbdt,lofo,shift,leave-one-family-out,DEC,9.98433,11.8884,9.9138
M,X0,oxidation,gbdt,lofo,shift,leave-one-family-out,EC,10.7691,12.4023,11.0293
M,X0,oxidation,gbdt,lofo,shift,leave-one-family-out,PC,10.5388,12.258,10.8493
M,X0,oxidation,gbdt,lofo,shift,leave-one-family-out,FEC,11.3226,12.9955,11.578
M,X0,oxidation,gbdt,lofo,shift,leave-one-family-out,VC,9.61883,11.8799,10.7927
M,X0,oxidation,gbdt,lofo,shift,leave-one-family-out,DME,8.85602,10.8493,9.4791
M,X0,oxidation,gbdt,lofo,shift,leave-one-family-out,DOL,9.31314,11.0221,9.78412
M,X0,oxidation,gbdt,lofo,shift,leave-one-family-out,TEGDME,7.59532,10.6067,8.71535
M,X0,oxidation,gbdt,lofo,shift,leave-one-family-out,EA,10.0028,11.3432,9.7619
M,X0,oxidation,gbdt,lofo,shift,leave-one-family-out,MA,10.202,11.4337,10.4947
M,X0,oxidation,gbdt,lofo,shift,leave-one-family-out,GBL,9.95154,11.3964,9.85994
M,X0,oxidation,gbdt,lofo,shift,leave-one-family-out,SL,9.79305,11.2504,9.55479
M,X0,oxidation,gbdt,lofo,shift,leave-one-family-out,DMSO,8.81417,10.4243,9.64999
M,X0,oxidation,gbdt,lofo,shift,leave-one-family-out,AN,12.1404,11.6109,10.1731
M,X0,oxidation,gbdt,lofo,shift,leave-one-family-out,TMP,10.0568,11.9035,9.65841
M,X0,oxidation,gbdt,lofo,shift,leave-one-family-out,SN,11.6036,11.9211,10.1458
M,X0,reduction,constant,random,direct,seed=101,DMC,3.46463,-5.8129,3.34302
M,X0,reduction,constant,random,direct,seed=101,EMC,3.31697,-5.7346,3.46463
M,X0,reduction,constant,random,direct,seed=101,DEC,3.36907,-5.651,3.46463
M,X0,reduction,constant,random,direct,seed=101,EC,2.59026,-6.0834,2.47712
M,X0,reduction,constant,random,direct,seed=101,PC,2.88574,-5.9623,2.37863
M,X0,reduction,constant,random,direct,seed=101,FEC,2.55635,-6.7369,2.48842
M,X0,reduction,constant,random,direct,seed=101,VC,1.98927,-6.8771,2.67745
M,X0,reduction,constant,random,direct,seed=101,DME,3.72927,0.718,3.47778
M,X0,reduction,constant,random,direct,seed=101,DOL,4.08707,-0.0802,3.72927
M,X0,reduction,constant,random,direct,seed=101,TEGDME,2.86848,-0.1877,3.72927
M,X0,reduction,constant,random,direct,seed=101,EA,2.73655,-6.1601,2.6577
M,X0,reduction,constant,random,direct,seed=101,MA,2.73615,-6.2428,2.6579
M,X0,reduction,constant,random,direct,seed=101,GBL,2.57924,-6.2936,2.73635
M,X0,reduction,constant,random,direct,seed=101,SL,2.97769,-3.8526,2.93791
M,X0,reduction,constant,random,direct,seed=101,DMSO,2.77929,-5.3609,2.89816
M,X0,reduction,constant,random,direct,seed=101,AN,3.19638,-5.5003,1.8543
M,X0,reduction,constant,random,direct,seed=101,TMP,2.91314,-1.9055,2.93689
M,X0,reduction,constant,random,direct,seed=101,SN,1.8543,-6.2996,3.19638
M,X0,reduction,constant,random,direct,seed=211,DMC,3.46463,-5.8129,3.34302
M,X0,reduction,constant,random,direct,seed=211,EMC,3.31697,-5.7346,3.46463
M,X0,reduction,constant,random,direct,seed=211,DEC,3.36907,-5.651,3.46463
M,X0,reduction,constant,random,direct,seed=211,EC,2.59026,-6.0834,2.47712
M,X0,reduction,constant,random,direct,seed=211,PC,2.88574,-5.9623,2.37863
M,X0,reduction,constant,random,direct,seed=211,FEC,2.55635,-6.7369,2.48842
M,X0,reduction,constant,random,direct,seed=211,VC,1.98927,-6.8771,2.67745
M,X0,reduction,constant,random,direct,seed=211,DME,3.72927,0.718,4.08707
M,X0,reduction,constant,random,direct,seed=211,DOL,4.08707,-0.0802,3.29888
M,X0,reduction,constant,random,direct,seed=211,TEGDME,2.86848,-0.1877,4.08707
M,X0,reduction,constant,random,direct,seed=211,EA,2.73655,-6.1601,2.6577
M,X0,reduction,constant,random,direct,seed=211,MA,2.73615,-6.2428,2.6579
M,X0,reduction,constant,random,direct,seed=211,GBL,2.57924,-6.2936,2.73635
M,X0,reduction,constant,random,direct,seed=211,SL,2.97769,-3.8526,2.94023
M,X0,reduction,constant,random,direct,seed=211,DMSO,2.77929,-5.3609,2.95904
M,X0,reduction,constant,random,direct,seed=211,AN,3.19638,-5.5003,1.8543
M,X0,reduction,constant,random,direct,seed=211,TMP,2.91314,-1.9055,3.05821
M,X0,reduction,constant,random,direct,seed=211,SN,1.8543,-6.2996,3.19638
M,X0,reduction,constant,random,direct,seed=307,DMC,3.46463,-5.8129,3.34302
M,X0,reduction,constant,random,direct,seed=307,EMC,3.31697,-5.7346,3.41685
M,X0,reduction,constant,random,direct,seed=307,DEC,3.36907,-5.651,3.3908
M,X0,reduction,constant,random,direct,seed=307,EC,2.59026,-6.0834,2.43751
M,X0,reduction,constant,random,direct,seed=307,PC,2.88574,-5.9623,2.37863
M,X0,reduction,constant,random,direct,seed=307,FEC,2.55635,-6.7369,2.43751
M,X0,reduction,constant,random,direct,seed=307,VC,1.98927,-6.8771,2.67745
M,X0,reduction,constant,random,direct,seed=307,DME,3.72927,0.718,3.47778
M,X0,reduction,constant,random,direct,seed=307,DOL,4.08707,-0.0802,3.29888
M,X0,reduction,constant,random,direct,seed=307,TEGDME,2.86848,-0.1877,3.90817
M,X0,reduction,constant,random,direct,seed=307,EA,2.73655,-6.1601,2.73615
M,X0,reduction,constant,random,direct,seed=307,MA,2.73615,-6.2428,2.6579
M,X0,reduction,constant,random,direct,seed=307,GBL,2.57924,-6.2936,2.73615
M,X0,reduction,constant,random,direct,seed=307,SL,2.97769,-3.8526,2.83692
M,X0,reduction,constant,random,direct,seed=307,DMSO,2.77929,-5.3609,2.91086
M,X0,reduction,constant,random,direct,seed=307,AN,3.19638,-5.5003,1.8543
M,X0,reduction,constant,random,direct,seed=307,TMP,2.91314,-1.9055,2.91086
M,X0,reduction,constant,random,direct,seed=307,SN,1.8543,-6.2996,3.19638
M,X0,reduction,constant,random,direct,seed=401,DMC,3.46463,-5.8129,3.34302
M,X0,reduction,constant,random,direct,seed=401,EMC,3.31697,-5.7346,3.46463
M,X0,reduction,constant,random,direct,seed=401,DEC,3.36907,-5.651,3.46463
M,X0,reduction,constant,random,direct,seed=401,EC,2.59026,-6.0834,2.47712
M,X0,reduction,constant,random,direct,seed=401,PC,2.88574,-5.9623,2.37863
M,X0,reduction,constant,random,direct,seed=401,FEC,2.55635,-6.7369,2.48842
M,X0,reduction,constant,random,direct,seed=401,VC,1.98927,-6.8771,2.67745
M,X0,reduction,constant,random,direct,seed=401,DME,3.72927,0.718,3.47778
M,X0,reduction,constant,random,direct,seed=401,DOL,4.08707,-0.0802,3.72927
M,X0,reduction,constant,random,direct,seed=401,TEGDME,2.86848,-0.1877,3.72927
M,X0,reduction,constant,random,direct,seed=401,EA,2.73655,-6.1601,2.57924
M,X0,reduction,constant,random,direct,seed=401,MA,2.73615,-6.2428,2.57924
M,X0,reduction,constant,random,direct,seed=401,GBL,2.57924,-6.2936,2.73635
M,X0,reduction,constant,random,direct,seed=401,SL,2.97769,-3.8526,2.91799
M,X0,reduction,constant,random,direct,seed=401,DMSO,2.77929,-5.3609,2.91799
M,X0,reduction,constant,random,direct,seed=401,AN,3.19638,-5.5003,1.8543
M,X0,reduction,constant,random,direct,seed=401,TMP,2.91314,-1.9055,2.89388
M,X0,reduction,constant,random,direct,seed=401,SN,1.8543,-6.2996,3.19638
M,X0,reduction,constant,random,direct,seed=503,DMC,3.46463,-5.8129,3.34302
M,X0,reduction,constant,random,direct,seed=503,EMC,3.31697,-5.7346,3.46463
M,X0,reduction,constant,random,direct,seed=503,DEC,3.36907,-5.651,3.46463
M,X0,reduction,constant,random,direct,seed=503,EC,2.59026,-6.0834,2.47712
M,X0,reduction,constant,random,direct,seed=503,PC,2.88574,-5.9623,2.37863
M,X0,reduction,constant,random,direct,seed=503,FEC,2.55635,-6.7369,2.48842
M,X0,reduction,constant,random,direct,seed=503,VC,1.98927,-6.8771,2.67745
M,X0,reduction,constant,random,direct,seed=503,DME,3.72927,0.718,3.47778
M,X0,reduction,constant,random,direct,seed=503,DOL,4.08707,-0.0802,3.72927
M,X0,reduction,constant,random,direct,seed=503,TEGDME,2.86848,-0.1877,3.72927
M,X0,reduction,constant,random,direct,seed=503,EA,2.73655,-6.1601,2.57924
M,X0,reduction,constant,random,direct,seed=503,MA,2.73615,-6.2428,2.57924
M,X0,reduction,constant,random,direct,seed=503,GBL,2.57924,-6.2936,2.73635
M,X0,reduction,constant,random,direct,seed=503,SL,2.97769,-3.8526,2.9082
M,X0,reduction,constant,random,direct,seed=503,DMSO,2.77929,-5.3609,2.87706
M,X0,reduction,constant,random,direct,seed=503,AN,3.19638,-5.5003,1.8543
M,X0,reduction,constant,random,direct,seed=503,TMP,2.91314,-1.9055,3.01814
M,X0,reduction,constant,random,direct,seed=503,SN,1.8543,-6.2996,3.19638
M,X0,reduction,ridge,random,direct,seed=101,DMC,3.46463,-5.8129,3.15058
M,X0,reduction,ridge,random,direct,seed=101,EMC,3.31697,-5.7346,2.92293
M,X0,reduction,ridge,random,direct,seed=101,DEC,3.36907,-5.651,2.8844
M,X0,reduction,ridge,random,direct,seed=101,EC,2.59026,-6.0834,2.60335
M,X0,reduction,ridge,random,direct,seed=101,PC,2.88574,-5.9623,2.58834
M,X0,reduction,ridge,random,direct,seed=101,FEC,2.55635,-6.7369,3.20692
M,X0,reduction,ridge,random,direct,seed=101,VC,1.98927,-6.8771,2.42643
M,X0,reduction,ridge,random,direct,seed=101,DME,3.72927,0.718,3.72622
M,X0,reduction,ridge,random,direct,seed=101,DOL,4.08707,-0.0802,4.16138
M,X0,reduction,ridge,random,direct,seed=101,TEGDME,2.86848,-0.1877,1.97298
M,X0,reduction,ridge,random,direct,seed=101,EA,2.73655,-6.1601,2.94963
M,X0,reduction,ridge,random,direct,seed=101,MA,2.73615,-6.2428,2.9968
M,X0,reduction,ridge,random,direct,seed=101,GBL,2.57924,-6.2936,2.77267
M,X0,reduction,ridge,random,direct,seed=101,SL,2.97769,-3.8526,2.65069
M,X0,reduction,ridge,random,direct,seed=101,DMSO,2.77929,-5.3609,2.99574
M,X0,reduction,ridge,random,direct,seed=101,AN,3.19638,-5.5003,2.84503
M,X0,reduction,ridge,random,direct,seed=101,TMP,2.91314,-1.9055,3.34858
M,X0,reduction,ridge,random,direct,seed=101,SN,1.8543,-6.2996,2.33192
M,X0,reduction,ridge,random,direct,seed=211,DMC,3.46463,-5.8129,3.19544
M,X0,reduction,ridge,random,direct,seed=211,EMC,3.31697,-5.7346,2.9146
M,X0,reduction,ridge,random,direct,seed=211,DEC,3.36907,-5.651,2.88239
M,X0,reduction,ridge,random,direct,seed=211,EC,2.59026,-6.0834,2.60378
M,X0,reduction,ridge,random,direct,seed=211,PC,2.88574,-5.9623,2.52614
M,X0,reduction,ridge,random,direct,seed=211,FEC,2.55635,-6.7369,2.85653
M,X0,reduction,ridge,random,direct,seed=211,VC,1.98927,-6.8771,2.62807
M,X0,reduction,ridge,random,direct,seed=211,DME,3.72927,0.718,3.6604
M,X0,reduction,ridge,random,direct,seed=211,DOL,4.08707,-0.0802,3.71925
M,X0,reduction,ridge,random,direct,seed=211,TEGDME,2.86848,-0.1877,1.9985
M,X0,reduction,ridge,random,direct,seed=211,EA,2.73655,-6.1601,2.9438
M,X0,reduction,ridge,random,direct,seed=211,MA,2.73615,-6.2428,3.01027
M,X0,reduction,ridge,random,direct,seed=211,GBL,2.57924,-6.2936,2.79191
M,X0,reduction,ridge,random,direct,seed=211,SL,2.97769,-3.8526,2.55379
M,X0,reduction,ridge,random,direct,seed=211,DMSO,2.77929,-5.3609,3.04329
M,X0,reduction,ridge,random,direct,seed=211,AN,3.19638,-5.5003,2.90892
M,X0,reduction,ridge,random,direct,seed=211,TMP,2.91314,-1.9055,3.80043
M,X0,reduction,ridge,random,direct,seed=211,SN,1.8543,-6.2996,2.79137
M,X0,reduction,ridge,random,direct,seed=307,DMC,3.46463,-5.8129,2.86973
M,X0,reduction,ridge,random,direct,seed=307,EMC,3.31697,-5.7346,3.26469
M,X0,reduction,ridge,random,direct,seed=307,DEC,3.36907,-5.651,3.00201
M,X0,reduction,ridge,random,direct,seed=307,EC,2.59026,-6.0834,2.80381
M,X0,reduction,ridge,random,direct,seed=307,PC,2.88574,-5.9623,2.52383
M,X0,reduction,ridge,random,direct,seed=307,FEC,2.55635,-6.7369,3.29151
M,X0,reduction,ridge,random,direct,seed=307,VC,1.98927,-6.8771,2.69773
M,X0,reduction,ridge,random,direct,seed=307,DME,3.72927,0.718,3.73278
M,X0,reduction,ridge,random,direct,seed=307,DOL,4.08707,-0.0802,3.06377
M,X0,reduction,ridge,random,direct,seed=307,TEGDME,2.86848,-0.1877,2.31938
M,X0,reduction,ridge,random,direct,seed=307,EA,2.73655,-6.1601,3.06256
M,X0,reduction,ridge,random,direct,seed=307,MA,2.73615,-6.2428,3.05418
M,X0,reduction,ridge,random,direct,seed=307,GBL,2.57924,-6.2936,2.95488
M,X0,reduction,ridge,random,direct,seed=307,SL,2.97769,-3.8526,2.59529
M,X0,reduction,ridge,random,direct,seed=307,DMSO,2.77929,-5.3609,2.78406
M,X0,reduction,ridge,random,direct,seed=307,AN,3.19638,-5.5003,2.83082
M,X0,reduction,ridge,random,direct,seed=307,TMP,2.91314,-1.9055,3.55431
M,X0,reduction,ridge,random,direct,seed=307,SN,1.8543,-6.2996,2.38349
M,X0,reduction,ridge,random,direct,seed=401,DMC,3.46463,-5.8129,3.15261
M,X0,reduction,ridge,random,direct,seed=401,EMC,3.31697,-5.7346,2.94414
M,X0,reduction,ridge,random,direct,seed=401,DEC,3.36907,-5.651,2.89477
M,X0,reduction,ridge,random,direct,seed=401,EC,2.59026,-6.0834,2.2031
M,X0,reduction,ridge,random,direct,seed=401,PC,2.88574,-5.9623,2.52592
M,X0,reduction,ridge,random,direct,seed=401,FEC,2.55635,-6.7369,3.50158
M,X0,reduction,ridge,random,direct,seed=401,VC,1.98927,-6.8771,1.65563
M,X0,reduction,ridge,random,direct,seed=401,DME,3.72927,0.718,3.92295
M,X0,reduction,ridge,random,direct,seed=401,DOL,4.08707,-0.0802,4.27859
M,X0,reduction,ridge,random,direct,seed=401,TEGDME,2.86848,-0.1877,0.743798
M,X0,reduction,ridge,random,direct,seed=401,EA,2.73655,-6.1601,3.01435
M,X0,reduction,ridge,random,direct,seed=401,MA,2.73615,-6.2428,3.07256
M,X0,reduction,ridge,random,direct,seed=401,GBL,2.57924,-6.2936,2.65682
M,X0,reduction,ridge,random,direct,seed=401,SL,2.97769,-3.8526,2.3123
M,X0,reduction,ridge,random,direct,seed=401,DMSO,2.77929,-5.3609,2.12347
M,X0,reduction,ridge,random,direct,seed=401,AN,3.19638,-5.5003,1.70203
M,X0,reduction,ridge,random,direct,seed=401,TMP,2.91314,-1.9055,3.52552
M,X0,reduction,ridge,random,direct,seed=401,SN,1.8543,-6.2996,2.4167
M,X0,reduction,ridge,random,direct,seed=503,DMC,3.46463,-5.8129,3.22421
M,X0,reduction,ridge,random,direct,seed=503,EMC,3.31697,-5.7346,2.92055
M,X0,reduction,ridge,random,direct,seed=503,DEC,3.36907,-5.651,2.87902
M,X0,reduction,ridge,random,direct,seed=503,EC,2.59026,-6.0834,2.7332
M,X0,reduction,ridge,random,direct,seed=503,PC,2.88574,-5.9623,2.47075
M,X0,reduction,ridge,random,direct,seed=503,FEC,2.55635,-6.7369,3.28521
M,X0,reduction,ridge,random,direct,seed=503,VC,1.98927,-6.8771,2.48535
M,X0,reduction,ridge,random,direct,seed=503,DME,3.72927,0.718,3.39588
M,X0,reduction,ridge,random,direct,seed=503,DOL,4.08707,-0.0802,4.45775
M,X0,reduction,ridge,random,direct,seed=503,TEGDME,2.86848,-0.1877,1.32673
M,X0,reduction,ridge,random,direct,seed=503,EA,2.73655,-6.1601,3.04644
M,X0,reduction,ridge,random,direct,seed=503,MA,2.73615,-6.2428,3.08048
M,X0,reduction,ridge,random,direct,seed=503,GBL,2.57924,-6.2936,2.82104
M,X0,reduction,ridge,random,direct,seed=503,SL,2.97769,-3.8526,2.50639
M,X0,reduction,ridge,random,direct,seed=503,DMSO,2.77929,-5.3609,3.02456
M,X0,reduction,ridge,random,direct,seed=503,AN,3.19638,-5.5003,2.70232
M,X0,reduction,ridge,random,direct,seed=503,TMP,2.91314,-1.9055,3.64552
M,X0,reduction,ridge,random,direct,seed=503,SN,1.8543,-6.2996,2.44433
M,X0,reduction,krr,random,direct,seed=101,DMC,3.46463,-5.8129,3.17113
M,X0,reduction,krr,random,direct,seed=101,EMC,3.31697,-5.7346,2.90548
M,X0,reduction,krr,random,direct,seed=101,DEC,3.36907,-5.651,2.88357
M,X0,reduction,krr,random,direct,seed=101,EC,2.59026,-6.0834,2.62292
M,X0,reduction,krr,random,direct,seed=101,PC,2.88574,-5.9623,2.54169
M,X0,reduction,krr,random,direct,seed=101,FEC,2.55635,-6.7369,3.09775
M,X0,reduction,krr,random,direct,seed=101,VC,1.98927,-6.8771,2.28777
M,X0,reduction,krr,random,direct,seed=101,DME,3.72927,0.718,3.23458
M,X0,reduction,krr,random,direct,seed=101,DOL,4.08707,-0.0802,3.66922
M,X0,reduction,krr,random,direct,seed=101,TEGDME,2.86848,-0.1877,1.53602
M,X0,reduction,krr,random,direct,seed=101,EA,2.73655,-6.1601,3.01927
M,X0,reduction,krr,random,direct,seed=101,MA,2.73615,-6.2428,2.96965
M,X0,reduction,krr,random,direct,seed=101,GBL,2.57924,-6.2936,2.75464
M,X0,reduction,krr,random,direct,seed=101,SL,2.97769,-3.8526,2.87212
M,X0,reduction,krr,random,direct,seed=101,DMSO,2.77929,-5.3609,3.0056
M,X0,reduction,krr,random,direct,seed=101,AN,3.19638,-5.5003,2.68786
M,X0,reduction,krr,random,direct,seed=101,TMP,2.91314,-1.9055,3.40464
M,X0,reduction,krr,random,direct,seed=101,SN,1.8543,-6.2996,2.76751
M,X0,reduction,krr,random,direct,seed=211,DMC,3.46463,-5.8129,3.03525
M,X0,reduction,krr,random,direct,seed=211,EMC,3.31697,-5.7346,2.88349
M,X0,reduction,krr,random,direct,seed=211,DEC,3.36907,-5.651,2.87229
M,X0,reduction,krr,random,direct,seed=211,EC,2.59026,-6.0834,2.60009
M,X0,reduction,krr,random,direct,seed=211,PC,2.88574,-5.9623,2.53376
M,X0,reduction,krr,random,direct,seed=211,FEC,2.55635,-6.7369,2.69749
M,X0,reduction,krr,random,direct,seed=211,VC,1.98927,-6.8771,2.63204
M,X0,reduction,krr,random,direct,seed=211,DME,3.72927,0.718,3.73361
M,X0,reduction,krr,random,direct,seed=211,DOL,4.08707,-0.0802,3.37764
M,X0,reduction,krr,random,direct,seed=211,TEGDME,2.86848,-0.1877,2.25293
M,X0,reduction,krr,random,direct,seed=211,EA,2.73655,-6.1601,2.9241
M,X0,reduction,krr,random,direct,seed=211,MA,2.73615,-6.2428,2.98053
M,X0,reduction,krr,random,direct,seed=211,GBL,2.57924,-6.2936,2.79002
M,X0,reduction,krr,random,direct,seed=211,SL,2.97769,-3.8526,2.66979
M,X0,reduction,krr,random,direct,seed=211,DMSO,2.77929,-5.3609,3.0436
M,X0,reduction,krr,random,direct,seed=211,AN,3.19638,-5.5003,2.87445
M,X0,reduction,krr,random,direct,seed=211,TMP,2.91314,-1.9055,3.83479
M,X0,reduction,krr,random,direct,seed=211,SN,1.8543,-6.2996,2.81299
M,X0,reduction,krr,random,direct,seed=307,DMC,3.46463,-5.8129,2.86126
M,X0,reduction,krr,random,direct,seed=307,EMC,3.31697,-5.7346,3.37882
M,X0,reduction,krr,random,direct,seed=307,DEC,3.36907,-5.651,2.92804
M,X0,reduction,krr,random,direct,seed=307,EC,2.59026,-6.0834,2.73537
M,X0,reduction,krr,random,direct,seed=307,PC,2.88574,-5.9623,2.64884
M,X0,reduction,krr,random,direct,seed=307,FEC,2.55635,-6.7369,3.00618
M,X0,reduction,krr,random,direct,seed=307,VC,1.98927,-6.8771,2.66904
M,X0,reduction,krr,random,direct,seed=307,DME,3.72927,0.718,3.49039
M,X0,reduction,krr,random,direct,seed=307,DOL,4.08707,-0.0802,3.03906
M,X0,reduction,krr,random,direct,seed=307,TEGDME,2.86848,-0.1877,2.10142
M,X0,reduction,krr,random,direct,seed=307,EA,2.73655,-6.1601,3.03064
M,X0,reduction,krr,random,direct,seed=307,MA,2.73615,-6.2428,3.04944
M,X0,reduction,krr,random,direct,seed=307,GBL,2.57924,-6.2936,2.89174
M,X0,reduction,krr,random,direct,seed=307,SL,2.97769,-3.8526,2.75371
M,X0,reduction,krr,random,direct,seed=307,DMSO,2.77929,-5.3609,2.53666
M,X0,reduction,krr,random,direct,seed=307,AN,3.19638,-5.5003,2.77721
M,X0,reduction,krr,random,direct,seed=307,TMP,2.91314,-1.9055,3.95428
M,X0,reduction,krr,random,direct,seed=307,SN,1.8543,-6.2996,2.64503
M,X0,reduction,krr,random,direct,seed=401,DMC,3.46463,-5.8129,3.03346
M,X0,reduction,krr,random,direct,seed=401,EMC,3.31697,-5.7346,2.96021
M,X0,reduction,krr,random,direct,seed=401,DEC,3.36907,-5.651,2.91769
M,X0,reduction,krr,random,direct,seed=401,EC,2.59026,-6.0834,2.61082
M,X0,reduction,krr,random,direct,seed=401,PC,2.88574,-5.9623,2.52492
M,X0,reduction,krr,random,direct,seed=401,FEC,2.55635,-6.7369,2.66744
M,X0,reduction,krr,random,direct,seed=401,VC,1.98927,-6.8771,2.76855
M,X0,reduction,krr,random,direct,seed=401,DME,3.72927,0.718,3.85121
M,X0,reduction,krr,random,direct,seed=401,DOL,4.08707,-0.0802,2.92823
M,X0,reduction,krr,random,direct,seed=401,TEGDME,2.86848,-0.1877,2.43855
M,X0,reduction,krr,random,direct,seed=401,EA,2.73655,-6.1601,2.99035
M,X0,reduction,krr,random,direct,seed=401,MA,2.73615,-6.2428,3.01414
M,X0,reduction,krr,random,direct,seed=401,GBL,2.57924,-6.2936,2.68837
M,X0,reduction,krr,random,direct,seed=401,SL,2.97769,-3.8526,2.72325
M,X0,reduction,krr,random,direct,seed=401,DMSO,2.77929,-5.3609,2.92067
M,X0,reduction,krr,random,direct,seed=401,AN,3.19638,-5.5003,2.89698
M,X0,reduction,krr,random,direct,seed=401,TMP,2.91314,-1.9055,3.4555
M,X0,reduction,krr,random,direct,seed=401,SN,1.8543,-6.2996,2.4068
M,X0,reduction,krr,random,direct,seed=503,DMC,3.46463,-5.8129,3.19842
M,X0,reduction,krr,random,direct,seed=503,EMC,3.31697,-5.7346,2.89936
M,X0,reduction,krr,random,direct,seed=503,DEC,3.36907,-5.651,2.8761
M,X0,reduction,krr,random,direct,seed=503,EC,2.59026,-6.0834,2.71243
M,X0,reduction,krr,random,direct,seed=503,PC,2.88574,-5.9623,2.54142
M,X0,reduction,krr,random,direct,seed=503,FEC,2.55635,-6.7369,3.18639
M,X0,reduction,krr,random,direct,seed=503,VC,1.98927,-6.8771,2.52931
M,X0,reduction,krr,random,direct,seed=503,DME,3.72927,0.718,3.48899
M,X0,reduction,krr,random,direct,seed=503,DOL,4.08707,-0.0802,4.46596
M,X0,reduction,krr,random,direct,seed=503,TEGDME,2.86848,-0.1877,0.614469
M,X0,reduction,krr,random,direct,seed=503,EA,2.73655,-6.1601,3.03629
M,X0,reduction,krr,random,direct,seed=503,MA,2.73615,-6.2428,3.071
M,X0,reduction,krr,random,direct,seed=503,GBL,2.57924,-6.2936,2.65285
M,X0,reduction,krr,random,direct,seed=503,SL,2.97769,-3.8526,2.57429
M,X0,reduction,krr,random,direct,seed=503,DMSO,2.77929,-5.3609,3.01201
M,X0,reduction,krr,random,direct,seed=503,AN,3.19638,-5.5003,2.764
M,X0,reduction,krr,random,direct,seed=503,TMP,2.91314,-1.9055,3.51331
M,X0,reduction,krr,random,direct,seed=503,SN,1.8543,-6.2996,2.5579
M,X0,reduction,gpr,random,direct,seed=101,DMC,3.46463,-5.8129,3.20297
M,X0,reduction,gpr,random,direct,seed=101,EMC,3.31697,-5.7346,3.44354
M,X0,reduction,gpr,random,direct,seed=101,DEC,3.36907,-5.651,3.33362
M,X0,reduction,gpr,random,direct,seed=101,EC,2.59026,-6.0834,2.75424
M,X0,reduction,gpr,random,direct,seed=101,PC,2.88574,-5.9623,2.62757
M,X0,reduction,gpr,random,direct,seed=101,FEC,2.55635,-6.7369,2.89801
M,X0,reduction,gpr,random,direct,seed=101,VC,1.98927,-6.8771,2.48144
M,X0,reduction,gpr,random,direct,seed=101,DME,3.72927,0.718,3.35349
M,X0,reduction,gpr,random,direct,seed=101,DOL,4.08707,-0.0802,3.1153
M,X0,reduction,gpr,random,direct,seed=101,TEGDME,2.86848,-0.1877,2.86086
M,X0,reduction,gpr,random,direct,seed=101,EA,2.73655,-6.1601,2.7518
M,X0,reduction,gpr,random,direct,seed=101,MA,2.73615,-6.2428,2.79399
M,X0,reduction,gpr,random,direct,seed=101,GBL,2.57924,-6.2936,2.60563
M,X0,reduction,gpr,random,direct,seed=101,SL,2.97769,-3.8526,3.06575
M,X0,reduction,gpr,random,direct,seed=101,DMSO,2.77929,-5.3609,2.92405
M,X0,reduction,gpr,random,direct,seed=101,AN,3.19638,-5.5003,2.65161
M,X0,reduction,gpr,random,direct,seed=101,TMP,2.91314,-1.9055,3.35503
M,X0,reduction,gpr,random,direct,seed=101,SN,1.8543,-6.2996,2.65861
M,X0,reduction,gpr,random,direct,seed=211,DMC,3.46463,-5.8129,3.08493
M,X0,reduction,gpr,random,direct,seed=211,EMC,3.31697,-5.7346,3.37739
M,X0,reduction,gpr,random,direct,seed=211,DEC,3.36907,-5.651,3.15667
M,X0,reduction,gpr,random,direct,seed=211,EC,2.59026,-6.0834,2.71917
M,X0,reduction,gpr,random,direct,seed=211,PC,2.88574,-5.9623,2.57391
M,X0,reduction,gpr,random,direct,seed=211,FEC,2.55635,-6.7369,2.95341
M,X0,reduction,gpr,random,direct,seed=211,VC,1.98927,-6.8771,2.72844
M,X0,reduction,gpr,random,direct,seed=211,DME,3.72927,0.718,3.33523
M,X0,reduction,gpr,random,direct,seed=211,DOL,4.08707,-0.0802,2.91391
M,X0,reduction,gpr,random,direct,seed=211,TEGDME,2.86848,-0.1877,2.84475
M,X0,reduction,gpr,random,direct,seed=211,EA,2.73655,-6.1601,2.79575
M,X0,reduction,gpr,random,direct,seed=211,MA,2.73615,-6.2428,2.7807
M,X0,reduction,gpr,random,direct,seed=211,GBL,2.57924,-6.2936,2.64921
M,X0,reduction,gpr,random,direct,seed=211,SL,2.97769,-3.8526,3.02396
M,X0,reduction,gpr,random,direct,seed=211,DMSO,2.77929,-5.3609,2.91079
M,X0,reduction,gpr,random,direct,seed=211,AN,3.19638,-5.5003,2.68526
M,X0,reduction,gpr,random,direct,seed=211,TMP,2.91314,-1.9055,3.38205
M,X0,reduction,gpr,random,direct,seed=211,SN,1.8543,-6.2996,2.94519
M,X0,reduction,gpr,random,direct,seed=307,DMC,3.46463,-5.8129,3.18457
M,X0,reduction,gpr,random,direct,seed=307,EMC,3.31697,-5.7346,3.50665
M,X0,reduction,gpr,random,direct,seed=307,DEC,3.36907,-5.651,3.10395
M,X0,reduction,gpr,random,direct,seed=307,EC,2.59026,-6.0834,2.76987
M,X0,reduction,gpr,random,direct,seed=307,PC,2.88574,-5.9623,2.57273
M,X0,reduction,gpr,random,direct,seed=307,FEC,2.55635,-6.7369,3.06729
M,X0,reduction,gpr,random,direct,seed=307,VC,1.98927,-6.8771,2.46948
M,X0,reduction,gpr,random,direct,seed=307,DME,3.72927,0.718,3.20604
M,X0,reduction,gpr,random,direct,seed=307,DOL,4.08707,-0.0802,3.23179
M,X0,reduction,gpr,random,direct,seed=307,TEGDME,2.86848,-0.1877,2.9108
M,X0,reduction,gpr,random,direct,seed=307,EA,2.73655,-6.1601,2.6768
M,X0,reduction,gpr,random,direct,seed=307,MA,2.73615,-6.2428,2.88345
M,X0,reduction,gpr,random,direct,seed=307,GBL,2.57924,-6.2936,2.62333
M,X0,reduction,gpr,random,direct,seed=307,SL,2.97769,-3.8526,2.98954
M,X0,reduction,gpr,random,direct,seed=307,DMSO,2.77929,-5.3609,2.76822
M,X0,reduction,gpr,random,direct,seed=307,AN,3.19638,-5.5003,2.66812
M,X0,reduction,gpr,random,direct,seed=307,TMP,2.91314,-1.9055,3.309
M,X0,reduction,gpr,random,direct,seed=307,SN,1.8543,-6.2996,2.55769
M,X0,reduction,gpr,random,direct,seed=401,DMC,3.46463,-5.8129,3.19322
M,X0,reduction,gpr,random,direct,seed=401,EMC,3.31697,-5.7346,3.43102
M,X0,reduction,gpr,random,direct,seed=401,DEC,3.36907,-5.651,3.3225
M,X0,reduction,gpr,random,direct,seed=401,EC,2.59026,-6.0834,2.69526
M,X0,reduction,gpr,random,direct,seed=401,PC,2.88574,-5.9623,2.60742
M,X0,reduction,gpr,random,direct,seed=401,FEC,2.55635,-6.7369,2.90514
M,X0,reduction,gpr,random,direct,seed=401,VC,1.98927,-6.8771,2.49327
M,X0,reduction,gpr,random,direct,seed=401,DME,3.72927,0.718,3.65388
M,X0,reduction,gpr,random,direct,seed=401,DOL,4.08707,-0.0802,3.12477
M,X0,reduction,gpr,random,direct,seed=401,TEGDME,2.86848,-0.1877,2.91233
M,X0,reduction,gpr,random,direct,seed=401,EA,2.73655,-6.1601,2.95737
M,X0,reduction,gpr,random,direct,seed=401,MA,2.73615,-6.2428,2.96734
M,X0,reduction,gpr,random,direct,seed=401,GBL,2.57924,-6.2936,2.56209
M,X0,reduction,gpr,random,direct,seed=401,SL,2.97769,-3.8526,3.0388
M,X0,reduction,gpr,random,direct,seed=401,DMSO,2.77929,-5.3609,2.95035
M,X0,reduction,gpr,random,direct,seed=401,AN,3.19638,-5.5003,2.79807
M,X0,reduction,gpr,random,direct,seed=401,TMP,2.91314,-1.9055,3.41152
M,X0,reduction,gpr,random,direct,seed=401,SN,1.8543,-6.2996,2.59902
M,X0,reduction,gpr,random,direct,seed=503,DMC,3.46463,-5.8129,3.20068
M,X0,reduction,gpr,random,direct,seed=503,EMC,3.31697,-5.7346,3.43674
M,X0,reduction,gpr,random,direct,seed=503,DEC,3.36907,-5.651,3.33043
M,X0,reduction,gpr,random,direct,seed=503,EC,2.59026,-6.0834,2.77049
M,X0,reduction,gpr,random,direct,seed=503,PC,2.88574,-5.9623,2.59337
M,X0,reduction,gpr,random,direct,seed=503,FEC,2.55635,-6.7369,2.98695
M,X0,reduction,gpr,random,direct,seed=503,VC,1.98927,-6.8771,2.45459
M,X0,reduction,gpr,random,direct,seed=503,DME,3.72927,0.718,3.54896
M,X0,reduction,gpr,random,direct,seed=503,DOL,4.08707,-0.0802,3.18491
M,X0,reduction,gpr,random,direct,seed=503,TEGDME,2.86848,-0.1877,2.89562
M,X0,reduction,gpr,random,direct,seed=503,EA,2.73655,-6.1601,2.97338
M,X0,reduction,gpr,random,direct,seed=503,MA,2.73615,-6.2428,2.99616
M,X0,reduction,gpr,random,direct,seed=503,GBL,2.57924,-6.2936,2.46298
M,X0,reduction,gpr,random,direct,seed=503,SL,2.97769,-3.8526,3.07278
M,X0,reduction,gpr,random,direct,seed=503,DMSO,2.77929,-5.3609,2.92018
M,X0,reduction,gpr,random,direct,seed=503,AN,3.19638,-5.5003,2.58103
M,X0,reduction,gpr,random,direct,seed=503,TMP,2.91314,-1.9055,3.45313
M,X0,reduction,gpr,random,direct,seed=503,SN,1.8543,-6.2996,2.51236
M,X0,reduction,rf,random,direct,seed=101,DMC,3.46463,-5.8129,3.23099
M,X0,reduction,rf,random,direct,seed=101,EMC,3.31697,-5.7346,3.16167
M,X0,reduction,rf,random,direct,seed=101,DEC,3.36907,-5.651,3.05695
M,X0,reduction,rf,random,direct,seed=101,EC,2.59026,-6.0834,2.782
M,X0,reduction,rf,random,direct,seed=101,PC,2.88574,-5.9623,2.82057
M,X0,reduction,rf,random,direct,seed=101,FEC,2.55635,-6.7369,2.41816
M,X0,reduction,rf,random,direct,seed=101,VC,1.98927,-6.8771,2.44997
M,X0,reduction,rf,random,direct,seed=101,DME,3.72927,0.718,3.15306
M,X0,reduction,rf,random,direct,seed=101,DOL,4.08707,-0.0802,3.27132
M,X0,reduction,rf,random,direct,seed=101,TEGDME,2.86848,-0.1877,3.15045
M,X0,reduction,rf,random,direct,seed=101,EA,2.73655,-6.1601,2.78913
M,X0,reduction,rf,random,direct,seed=101,MA,2.73615,-6.2428,2.67288
M,X0,reduction,rf,random,direct,seed=101,GBL,2.57924,-6.2936,2.41657
M,X0,reduction,rf,random,direct,seed=101,SL,2.97769,-3.8526,2.88555
M,X0,reduction,rf,random,direct,seed=101,DMSO,2.77929,-5.3609,3.22732
M,X0,reduction,rf,random,direct,seed=101,AN,3.19638,-5.5003,2.9317
M,X0,reduction,rf,random,direct,seed=101,TMP,2.91314,-1.9055,3.33531
M,X0,reduction,rf,random,direct,seed=101,SN,1.8543,-6.2996,2.61188
M,X0,reduction,rf,random,direct,seed=211,DMC,3.46463,-5.8129,3.21044
M,X0,reduction,rf,random,direct,seed=211,EMC,3.31697,-5.7346,3.09906
M,X0,reduction,rf,random,direct,seed=211,DEC,3.36907,-5.651,3.00326
M,X0,reduction,rf,random,direct,seed=211,EC,2.59026,-6.0834,2.82903
M,X0,reduction,rf,random,direct,seed=211,PC,2.88574,-5.9623,2.73068
M,X0,reduction,rf,random,direct,seed=211,FEC,2.55635,-6.7369,2.48222
M,X0,reduction,rf,random,direct,seed=211,VC,1.98927,-6.8771,2.64225
M,X0,reduction,rf,random,direct,seed=211,DME,3.72927,0.718,3.49601
M,X0,reduction,rf,random,direct,seed=211,DOL,4.08707,-0.0802,3.22871
M,X0,reduction,rf,random,direct,seed=211,TEGDME,2.86848,-0.1877,3.18869
M,X0,reduction,rf,random,direct,seed=211,EA,2.73655,-6.1601,2.72988
M,X0,reduction,rf,random,direct,seed=211,MA,2.73615,-6.2428,2.61826
M,X0,reduction,rf,random,direct,seed=211,GBL,2.57924,-6.2936,2.45969
M,X0,reduction,rf,random,direct,seed=211,SL,2.97769,-3.8526,2.99064
M,X0,reduction,rf,random,direct,seed=211,DMSO,2.77929,-5.3609,3.2327
M,X0,reduction,rf,random,direct,seed=211,AN,3.19638,-5.5003,2.87521
M,X0,reduction,rf,random,direct,seed=211,TMP,2.91314,-1.9055,3.41395
M,X0,reduction,rf,random,direct,seed=211,SN,1.8543,-6.2996,2.69996
M,X0,reduction,rf,random,direct,seed=307,DMC,3.46463,-5.8129,3.01749
M,X0,reduction,rf,random,direct,seed=307,EMC,3.31697,-5.7346,3.34821
M,X0,reduction,rf,random,direct,seed=307,DEC,3.36907,-5.651,3.16002
M,X0,reduction,rf,random,direct,seed=307,EC,2.59026,-6.0834,2.83167
M,X0,reduction,rf,random,direct,seed=307,PC,2.88574,-5.9623,2.73863
M,X0,reduction,rf,random,direct,seed=307,FEC,2.55635,-6.7369,2.47897
M,X0,reduction,rf,random,direct,seed=307,VC,1.98927,-6.8771,2.44266
M,X0,reduction,rf,random,direct,seed=307,DME,3.72927,0.718,3.16257
M,X0,reduction,rf,random,direct,seed=307,DOL,4.08707,-0.0802,2.9742
M,X0,reduction,rf,random,direct,seed=307,TEGDME,2.86848,-0.1877,3.36199
M,X0,reduction,rf,random,direct,seed=307,EA,2.73655,-6.1601,2.71664
M,X0,reduction,rf,random,direct,seed=307,MA,2.73615,-6.2428,2.68412
M,X0,reduction,rf,random,direct,seed=307,GBL,2.57924,-6.2936,2.40337
M,X0,reduction,rf,random,direct,seed=307,SL,2.97769,-3.8526,2.85659
M,X0,reduction,rf,random,direct,seed=307,DMSO,2.77929,-5.3609,3.31342
M,X0,reduction,rf,random,direct,seed=307,AN,3.19638,-5.5003,2.80428
M,X0,reduction,rf,random,direct,seed=307,TMP,2.91314,-1.9055,3.41638
M,X0,reduction,rf,random,direct,seed=307,SN,1.8543,-6.2996,2.5406
M,X0,reduction,rf,random,direct,seed=401,DMC,3.46463,-5.8129,3.1826
M,X0,reduction,rf,random,direct,seed=401,EMC,3.31697,-5.7346,3.17407
M,X0,reduction,rf,random,direct,seed=401,DEC,3.36907,-5.651,3.08333
M,X0,reduction,rf,random,direct,seed=401,EC,2.59026,-6.0834,2.74871
M,X0,reduction,rf,random,direct,seed=401,PC,2.88574,-5.9623,2.74505
M,X0,reduction,rf,random,direct,seed=401,FEC,2.55635,-6.7369,2.42589
M,X0,reduction,rf,random,direct,seed=401,VC,1.98927,-6.8771,2.37689
M,X0,reduction,rf,random,direct,seed=401,DME,3.72927,0.718,3.03873
M,X0,reduction,rf,random,direct,seed=401,DOL,4.08707,-0.0802,3.32822
M,X0,reduction,rf,random,direct,seed=401,TEGDME,2.86848,-0.1877,3.13757
M,X0,reduction,rf,random,direct,seed=401,EA,2.73655,-6.1601,2.81936
M,X0,reduction,rf,random,direct,seed=401,MA,2.73615,-6.2428,2.7368
M,X0,reduction,rf,random,direct,seed=401,GBL,2.57924,-6.2936,2.55807
M,X0,reduction,rf,random,direct,seed=401,SL,2.97769,-3.8526,3.04147
M,X0,reduction,rf,random,direct,seed=401,DMSO,2.77929,-5.3609,3.23934
M,X0,reduction,rf,random,direct,seed=401,AN,3.19638,-5.5003,3.03248
M,X0,reduction,rf,random,direct,seed=401,TMP,2.91314,-1.9055,3.38485
M,X0,reduction,rf,random,direct,seed=401,SN,1.8543,-6.2996,2.59391
M,X0,reduction,rf,random,direct,seed=503,DMC,3.46463,-5.8129,3.20701
M,X0,reduction,rf,random,direct,seed=503,EMC,3.31697,-5.7346,3.20177
M,X0,reduction,rf,random,direct,seed=503,DEC,3.36907,-5.651,3.07726
M,X0,reduction,rf,random,direct,seed=503,EC,2.59026,-6.0834,2.78885
M,X0,reduction,rf,random,direct,seed=503,PC,2.88574,-5.9623,2.74701
M,X0,reduction,rf,random,direct,seed=503,FEC,2.55635,-6.7369,2.44714
M,X0,reduction,rf,random,direct,seed=503,VC,1.98927,-6.8771,2.45082
M,X0,reduction,rf,random,direct,seed=503,DME,3.72927,0.718,2.99591
M,X0,reduction,rf,random,direct,seed=503,DOL,4.08707,-0.0802,3.26103
M,X0,reduction,rf,random,direct,seed=503,TEGDME,2.86848,-0.1877,3.06898
M,X0,reduction,rf,random,direct,seed=503,EA,2.73655,-6.1601,2.84808
M,X0,reduction,rf,random,direct,seed=503,MA,2.73615,-6.2428,2.77267
M,X0,reduction,rf,random,direct,seed=503,GBL,2.57924,-6.2936,2.37133
M,X0,reduction,rf,random,direct,seed=503,SL,2.97769,-3.8526,2.82547
M,X0,reduction,rf,random,direct,seed=503,DMSO,2.77929,-5.3609,3.27308
M,X0,reduction,rf,random,direct,seed=503,AN,3.19638,-5.5003,2.88996
M,X0,reduction,rf,random,direct,seed=503,TMP,2.91314,-1.9055,3.43545
M,X0,reduction,rf,random,direct,seed=503,SN,1.8543,-6.2996,2.63064
M,X0,reduction,gbdt,random,direct,seed=101,DMC,3.46463,-5.8129,3.40484
M,X0,reduction,gbdt,random,direct,seed=101,EMC,3.31697,-5.7346,3.14641
M,X0,reduction,gbdt,random,direct,seed=101,DEC,3.36907,-5.651,2.97071
M,X0,reduction,gbdt,random,direct,seed=101,EC,2.59026,-6.0834,2.68326
M,X0,reduction,gbdt,random,direct,seed=101,PC,2.88574,-5.9623,2.582
M,X0,reduction,gbdt,random,direct,seed=101,FEC,2.55635,-6.7369,2.26785
M,X0,reduction,gbdt,random,direct,seed=101,VC,1.98927,-6.8771,2.26687
M,X0,reduction,gbdt,random,direct,seed=101,DME,3.72927,0.718,3.24564
M,X0,reduction,gbdt,random,direct,seed=101,DOL,4.08707,-0.0802,3.6693
M,X0,reduction,gbdt,random,direct,seed=101,TEGDME,2.86848,-0.1877,3.07711
M,X0,reduction,gbdt,random,direct,seed=101,EA,2.73655,-6.1601,2.70644
M,X0,reduction,gbdt,random,direct,seed=101,MA,2.73615,-6.2428,2.44111
M,X0,reduction,gbdt,random,direct,seed=101,GBL,2.57924,-6.2936,2.23923
M,X0,reduction,gbdt,random,direct,seed=101,SL,2.97769,-3.8526,2.85813
M,X0,reduction,gbdt,random,direct,seed=101,DMSO,2.77929,-5.3609,3.33666
M,X0,reduction,gbdt,random,direct,seed=101,AN,3.19638,-5.5003,3.04507
M,X0,reduction,gbdt,random,direct,seed=101,TMP,2.91314,-1.9055,3.37506
M,X0,reduction,gbdt,random,direct,seed=101,SN,1.8543,-6.2996,2.51159
M,X0,reduction,gbdt,random,direct,seed=211,DMC,3.46463,-5.8129,3.30211
M,X0,reduction,gbdt,random,direct,seed=211,EMC,3.31697,-5.7346,3.02612
M,X0,reduction,gbdt,random,direct,seed=211,DEC,3.36907,-5.651,2.90265
M,X0,reduction,gbdt,random,direct,seed=211,EC,2.59026,-6.0834,3.08397
M,X0,reduction,gbdt,random,direct,seed=211,PC,2.88574,-5.9623,2.59791
M,X0,reduction,gbdt,random,direct,seed=211,FEC,2.55635,-6.7369,2.41407
M,X0,reduction,gbdt,random,direct,seed=211,VC,1.98927,-6.8771,2.58162
M,X0,reduction,gbdt,random,direct,seed=211,DME,3.72927,0.718,3.85136
M,X0,reduction,gbdt,random,direct,seed=211,DOL,4.08707,-0.0802,3.37944
M,X0,reduction,gbdt,random,direct,seed=211,TEGDME,2.86848,-0.1877,3.39091
M,X0,reduction,gbdt,random,direct,seed=211,EA,2.73655,-6.1601,2.71368
M,X0,reduction,gbdt,random,direct,seed=211,MA,2.73615,-6.2428,2.63594
M,X0,reduction,gbdt,random,direct,seed=211,GBL,2.57924,-6.2936,2.62397
M,X0,reduction,gbdt,random,direct,seed=211,SL,2.97769,-3.8526,2.91052
M,X0,reduction,gbdt,random,direct,seed=211,DMSO,2.77929,-5.3609,3.52701
M,X0,reduction,gbdt,random,direct,seed=211,AN,3.19638,-5.5003,3.06329
M,X0,reduction,gbdt,random,direct,seed=211,TMP,2.91314,-1.9055,3.42666
M,X0,reduction,gbdt,random,direct,seed=211,SN,1.8543,-6.2996,2.61195
M,X0,reduction,gbdt,random,direct,seed=307,DMC,3.46463,-5.8129,2.81948
M,X0,reduction,gbdt,random,direct,seed=307,EMC,3.31697,-5.7346,3.38578
M,X0,reduction,gbdt,random,direct,seed=307,DEC,3.36907,-5.651,3.15335
M,X0,reduction,gbdt,random,direct,seed=307,EC,2.59026,-6.0834,2.99989
M,X0,reduction,gbdt,random,direct,seed=307,PC,2.88574,-5.9623,2.58951
M,X0,reduction,gbdt,random,direct,seed=307,FEC,2.55635,-6.7369,2.59351
M,X0,reduction,gbdt,random,direct,seed=307,VC,1.98927,-6.8771,1.97633
M,X0,reduction,gbdt,random,direct,seed=307,DME,3.72927,0.718,3.28844
M,X0,reduction,gbdt,random,direct,seed=307,DOL,4.08707,-0.0802,2.8432
M,X0,reduction,gbdt,random,direct,seed=307,TEGDME,2.86848,-0.1877,3.5609
M,X0,reduction,gbdt,random,direct,seed=307,EA,2.73655,-6.1601,2.58635
M,X0,reduction,gbdt,random,direct,seed=307,MA,2.73615,-6.2428,2.7231
M,X0,reduction,gbdt,random,direct,seed=307,GBL,2.57924,-6.2936,2.10837
M,X0,reduction,gbdt,random,direct,seed=307,SL,2.97769,-3.8526,2.89199
M,X0,reduction,gbdt,random,direct,seed=307,DMSO,2.77929,-5.3609,3.35228
M,X0,reduction,gbdt,random,direct,seed=307,AN,3.19638,-5.5003,2.81487
M,X0,reduction,gbdt,random,direct,seed=307,TMP,2.91314,-1.9055,3.56735
M,X0,reduction,gbdt,random,direct,seed=307,SN,1.8543,-6.2996,2.3269
M,X0,reduction,gbdt,random,direct,seed=401,DMC,3.46463,-5.8129,3.31699
M,X0,reduction,gbdt,random,direct,seed=401,EMC,3.31697,-5.7346,3.30302
M,X0,reduction,gbdt,random,direct,seed=401,DEC,3.36907,-5.651,3.00188
M,X0,reduction,gbdt,random,direct,seed=401,EC,2.59026,-6.0834,3.02138
M,X0,reduction,gbdt,random,direct,seed=401,PC,2.88574,-5.9623,2.59092
M,X0,reduction,gbdt,random,direct,seed=401,FEC,2.55635,-6.7369,2.23681
M,X0,reduction,gbdt,random,direct,seed=401,VC,1.98927,-6.8771,1.89232
M,X0,reduction,gbdt,random,direct,seed=401,DME,3.72927,0.718,3.14059
M,X0,reduction,gbdt,random,direct,seed=401,DOL,4.08707,-0.0802,3.70568
M,X0,reduction,gbdt,random,direct,seed=401,TEGDME,2.86848,-0.1877,3.14172
M,X0,reduction,gbdt,random,direct,seed=401,EA,2.73655,-6.1601,2.96294
M,X0,reduction,gbdt,random,direct,seed=401,MA,2.73615,-6.2428,2.91933
M,X0,reduction,gbdt,random,direct,seed=401,GBL,2.57924,-6.2936,2.43039
M,X0,reduction,gbdt,random,direct,seed=401,SL,2.97769,-3.8526,3.17239
M,X0,reduction,gbdt,random,direct,seed=401,DMSO,2.77929,-5.3609,3.36317
M,X0,reduction,gbdt,random,direct,seed=401,AN,3.19638,-5.5003,3.1408
M,X0,reduction,gbdt,random,direct,seed=401,TMP,2.91314,-1.9055,3.45045
M,X0,reduction,gbdt,random,direct,seed=401,SN,1.8543,-6.2996,2.41482
M,X0,reduction,gbdt,random,direct,seed=503,DMC,3.46463,-5.8129,3.29572
M,X0,reduction,gbdt,random,direct,seed=503,EMC,3.31697,-5.7346,3.36586
M,X0,reduction,gbdt,random,direct,seed=503,DEC,3.36907,-5.651,3.01912
M,X0,reduction,gbdt,random,direct,seed=503,EC,2.59026,-6.0834,2.65891
M,X0,reduction,gbdt,random,direct,seed=503,PC,2.88574,-5.9623,2.63549
M,X0,reduction,gbdt,random,direct,seed=503,FEC,2.55635,-6.7369,2.36183
M,X0,reduction,gbdt,random,direct,seed=503,VC,1.98927,-6.8771,2.29331
M,X0,reduction,gbdt,random,direct,seed=503,DME,3.72927,0.718,3.1577
M,X0,reduction,gbdt,random,direct,seed=503,DOL,4.08707,-0.0802,3.54983
M,X0,reduction,gbdt,random,direct,seed=503,TEGDME,2.86848,-0.1877,3.16412
M,X0,reduction,gbdt,random,direct,seed=503,EA,2.73655,-6.1601,2.88716
M,X0,reduction,gbdt,random,direct,seed=503,MA,2.73615,-6.2428,2.86226
M,X0,reduction,gbdt,random,direct,seed=503,GBL,2.57924,-6.2936,2.18821
M,X0,reduction,gbdt,random,direct,seed=503,SL,2.97769,-3.8526,2.87476
M,X0,reduction,gbdt,random,direct,seed=503,DMSO,2.77929,-5.3609,3.30544
M,X0,reduction,gbdt,random,direct,seed=503,AN,3.19638,-5.5003,3.05677
M,X0,reduction,gbdt,random,direct,seed=503,TMP,2.91314,-1.9055,3.42381
M,X0,reduction,gbdt,random,direct,seed=503,SN,1.8543,-6.2996,2.42397
M,X0,reduction,constant,random,shift,seed=101,DMC,3.46463,-5.8129,3.22292
M,X0,reduction,constant,random,shift,seed=101,EMC,3.31697,-5.7346,3.54293
M,X0,reduction,constant,random,shift,seed=101,DEC,3.36907,-5.651,3.62653
M,X0,reduction,constant,random,shift,seed=101,EC,2.59026,-6.0834,2.91916
M,X0,reduction,constant,random,shift,seed=101,PC,2.88574,-5.9623,2.98213
M,X0,reduction,constant,random,shift,seed=101,FEC,2.55635,-6.7369,2.05912
M,X0,reduction,constant,random,shift,seed=101,VC,1.98927,-6.8771,2.06122
M,X0,reduction,constant,random,shift,seed=101,DME,3.72927,0.718,4.32973
M,X0,reduction,constant,random,shift,seed=101,DOL,4.08707,-0.0802,2.93107
M,X0,reduction,constant,random,shift,seed=101,TEGDME,2.86848,-0.1877,2.82357
M,X0,reduction,constant,random,shift,seed=101,EA,2.73655,-6.1601,2.7658
M,X0,reduction,constant,random,shift,seed=101,MA,2.73615,-6.2428,2.64195
M,X0,reduction,constant,random,shift,seed=101,GBL,2.57924,-6.2936,2.6442
M,X0,reduction,constant,random,shift,seed=101,SL,2.97769,-3.8526,4.05793
M,X0,reduction,constant,random,shift,seed=101,DMSO,2.77929,-5.3609,1.90823
M,X0,reduction,constant,random,shift,seed=101,AN,3.19638,-5.5003,2.6536
M,X0,reduction,constant,random,shift,seed=101,TMP,2.91314,-1.9055,5.55101
M,X0,reduction,constant,random,shift,seed=101,SN,1.8543,-6.2996,2.39708
M,X0,reduction,constant,random,shift,seed=211,DMC,3.46463,-5.8129,3.22292
M,X0,reduction,constant,random,shift,seed=211,EMC,3.31697,-5.7346,3.54293
M,X0,reduction,constant,random,shift,seed=211,DEC,3.36907,-5.651,3.62653
M,X0,reduction,constant,random,shift,seed=211,EC,2.59026,-6.0834,2.91916
M,X0,reduction,constant,random,shift,seed=211,PC,2.88574,-5.9623,2.98213
M,X0,reduction,constant,random,shift,seed=211,FEC,2.55635,-6.7369,2.05912
M,X0,reduction,constant,random,shift,seed=211,VC,1.98927,-6.8771,2.06122
M,X0,reduction,constant,random,shift,seed=211,DME,3.72927,0.718,4.88527
M,X0,reduction,constant,random,shift,seed=211,DOL,4.08707,-0.0802,2.95353
M,X0,reduction,constant,random,shift,seed=211,TEGDME,2.86848,-0.1877,3.97957
M,X0,reduction,constant,random,shift,seed=211,EA,2.73655,-6.1601,2.7658
M,X0,reduction,constant,random,shift,seed=211,MA,2.73615,-6.2428,2.64195
M,X0,reduction,constant,random,shift,seed=211,GBL,2.57924,-6.2936,2.6442
M,X0,reduction,constant,random,shift,seed=211,SL,2.97769,-3.8526,3.49413
M,X0,reduction,constant,random,shift,seed=211,DMSO,2.77929,-5.3609,2.02525
M,X0,reduction,constant,random,shift,seed=211,AN,3.19638,-5.5003,2.6536
M,X0,reduction,constant,random,shift,seed=211,TMP,2.91314,-1.9055,5.7488
M,X0,reduction,constant,random,shift,seed=211,SN,1.8543,-6.2996,2.39708
M,X0,reduction,constant,random,shift,seed=307,DMC,3.46463,-5.8129,3.22292
M,X0,reduction,constant,random,shift,seed=307,EMC,3.31697,-5.7346,3.4142
M,X0,reduction,constant,random,shift,seed=307,DEC,3.36907,-5.651,3.51355
M,X0,reduction,constant,random,shift,seed=307,EC,2.59026,-6.0834,2.77381
M,X0,reduction,constant,random,shift,seed=307,PC,2.88574,-5.9623,2.98213
M,X0,reduction,constant,random,shift,seed=307,FEC,2.55635,-6.7369,2.12031
M,X0,reduction,constant,random,shift,seed=307,VC,1.98927,-6.8771,2.06122
M,X0,reduction,constant,random,shift,seed=307,DME,3.72927,0.718,4.32973
M,X0,reduction,constant,random,shift,seed=307,DOL,4.08707,-0.0802,2.95353
M,X0,reduction,constant,random,shift,seed=307,TEGDME,2.86848,-0.1877,3.40157
M,X0,reduction,constant,random,shift,seed=307,EA,2.73655,-6.1601,2.81885
M,X0,reduction,constant,random,shift,seed=307,MA,2.73615,-6.2428,2.64195
M,X0,reduction,constant,random,shift,seed=307,GBL,2.57924,-6.2936,2.68535
M,X0,reduction,constant,random,shift,seed=307,SL,2.97769,-3.8526,4.00018
M,X0,reduction,constant,random,shift,seed=307,DMSO,2.77929,-5.3609,2.60958
M,X0,reduction,constant,random,shift,seed=307,AN,3.19638,-5.5003,2.6536
M,X0,reduction,constant,random,shift,seed=307,TMP,2.91314,-1.9055,6.06498
M,X0,reduction,constant,random,shift,seed=307,SN,1.8543,-6.2996,2.39708
M,X0,reduction,constant,random,shift,seed=401,DMC,3.46463,-5.8129,3.22292
M,X0,reduction,constant,random,shift,seed=401,EMC,3.31697,-5.7346,3.54293
M,X0,reduction,constant,random,shift,seed=401,DEC,3.36907,-5.651,3.62653
M,X0,reduction,constant,random,shift,seed=401,EC,2.59026,-6.0834,2.91916
M,X0,reduction,constant,random,shift,seed=401,PC,2.88574,-5.9623,2.98213
M,X0,reduction,constant,random,shift,seed=401,FEC,2.55635,-6.7369,2.05912
M,X0,reduction,constant,random,shift,seed=401,VC,1.98927,-6.8771,2.06122
M,X0,reduction,constant,random,shift,seed=401,DME,3.72927,0.718,4.32973
M,X0,reduction,constant,random,shift,seed=401,DOL,4.08707,-0.0802,2.93107
M,X0,reduction,constant,random,shift,seed=401,TEGDME,2.86848,-0.1877,2.82357
M,X0,reduction,constant,random,shift,seed=401,EA,2.73655,-6.1601,2.71274
M,X0,reduction,constant,random,shift,seed=401,MA,2.73615,-6.2428,2.63004
M,X0,reduction,constant,random,shift,seed=401,GBL,2.57924,-6.2936,2.6442
M,X0,reduction,constant,random,shift,seed=401,SL,2.97769,-3.8526,3.51255
M,X0,reduction,constant,random,shift,seed=401,DMSO,2.77929,-5.3609,2.00425
M,X0,reduction,constant,random,shift,seed=401,AN,3.19638,-5.5003,2.6536
M,X0,reduction,constant,random,shift,seed=401,TMP,2.91314,-1.9055,6.09121
M,X0,reduction,constant,random,shift,seed=401,SN,1.8543,-6.2996,2.39708
M,X0,reduction,constant,random,shift,seed=503,DMC,3.46463,-5.8129,3.22292
M,X0,reduction,constant,random,shift,seed=503,EMC,3.31697,-5.7346,3.54293
M,X0,reduction,constant,random,shift,seed=503,DEC,3.36907,-5.651,3.62653
M,X0,reduction,constant,random,shift,seed=503,EC,2.59026,-6.0834,2.91916
M,X0,reduction,constant,random,shift,seed=503,PC,2.88574,-5.9623,2.98213
M,X0,reduction,constant,random,shift,seed=503,FEC,2.55635,-6.7369,2.05912
M,X0,reduction,constant,random,shift,seed=503,VC,1.98927,-6.8771,2.06122
M,X0,reduction,constant,random,shift,seed=503,DME,3.72927,0.718,4.32973
M,X0,reduction,constant,random,shift,seed=503,DOL,4.08707,-0.0802,2.93107
M,X0,reduction,constant,random,shift,seed=503,TEGDME,2.86848,-0.1877,2.82357
M,X0,reduction,constant,random,shift,seed=503,EA,2.73655,-6.1601,2.71274
M,X0,reduction,constant,random,shift,seed=503,MA,2.73615,-6.2428,2.63004
M,X0,reduction,constant,random,shift,seed=503,GBL,2.57924,-6.2936,2.6442
M,X0,reduction,constant,random,shift,seed=503,SL,2.97769,-3.8526,3.48097
M,X0,reduction,constant,random,shift,seed=503,DMSO,2.77929,-5.3609,1.89578
M,X0,reduction,constant,random,shift,seed=503,AN,3.19638,-5.5003,2.6536
M,X0,reduction,constant,random,shift,seed=503,TMP,2.91314,-1.9055,5.76164
M,X0,reduction,constant,random,shift,seed=503,SN,1.8543,-6.2996,2.39708
M,X0,reduction,ridge,random,shift,seed=101,DMC,3.46463,-5.8129,3.18981
M,X0,reduction,ridge,random,shift,seed=101,EMC,3.31697,-5.7346,2.88175
M,X0,reduction,ridge,random,shift,seed=101,DEC,3.36907,-5.651,2.8223
M,X0,reduction,ridge,random,shift,seed=101,EC,2.59026,-6.0834,2.6585
M,X0,reduction,ridge,random,shift,seed=101,PC,2.88574,-5.9623,2.6042
M,X0,reduction,ridge,random,shift,seed=101,FEC,2.55635,-6.7369,2.49657
M,X0,reduction,ridge,random,shift,seed=101,VC,1.98927,-6.8771,2.27832
M,X0,reduction,ridge,random,shift,seed=101,DME,3.72927,0.718,4.08405
M,X0,reduction,ridge,random,shift,seed=101,DOL,4.08707,-0.0802,4.65875
M,X0,reduction,ridge,random,shift,seed=101,TEGDME,2.86848,-0.1877,0.913142
M,X0,reduction,ridge,random,shift,seed=101,EA,2.73655,-6.1601,2.85225
M,X0,reduction,ridge,random,shift,seed=101,MA,2.73615,-6.2428,2.93382
M,X0,reduction,ridge,random,shift,seed=101,GBL,2.57924,-6.2936,2.66041
M,X0,reduction,ridge,random,shift,seed=101,SL,2.97769,-3.8526,2.69118
M,X0,reduction,ridge,random,shift,seed=101,DMSO,2.77929,-5.3609,2.74897
M,X0,reduction,ridge,random,shift,seed=101,AN,3.19638,-5.5003,2.70242
M,X0,reduction,ridge,random,shift,seed=101,TMP,2.91314,-1.9055,4.06405
M,X0,reduction,ridge,random,shift,seed=101,SN,1.8543,-6.2996,2.29045
M,X0,reduction,ridge,random,shift,seed=211,DMC,3.46463,-5.8129,3.23234
M,X0,reduction,ridge,random,shift,seed=211,EMC,3.31697,-5.7346,2.90017
M,X0,reduction,ridge,random,shift,seed=211,DEC,3.36907,-5.651,2.82483
M,X0,reduction,ridge,random,shift,seed=211,EC,2.59026,-6.0834,2.6282
M,X0,reduction,ridge,random,shift,seed=211,PC,2.88574,-5.9623,2.57758
M,X0,reduction,ridge,random,shift,seed=211,FEC,2.55635,-6.7369,2.94189
M,X0,reduction,ridge,random,shift,seed=211,VC,1.98927,-6.8771,2.74261
M,X0,reduction,ridge,random,shift,seed=211,DME,3.72927,0.718,3.75233
M,X0,reduction,ridge,random,shift,seed=211,DOL,4.08707,-0.0802,4.42606
M,X0,reduction,ridge,random,shift,seed=211,TEGDME,2.86848,-0.1877,1.74198
M,X0,reduction,ridge,random,shift,seed=211,EA,2.73655,-6.1601,2.92323
M,X0,reduction,ridge,random,shift,seed=211,MA,2.73615,-6.2428,2.94472
M,X0,reduction,ridge,random,shift,seed=211,GBL,2.57924,-6.2936,2.70734
M,X0,reduction,ridge,random,shift,seed=211,SL,2.97769,-3.8526,2.66081
M,X0,reduction,ridge,random,shift,seed=211,DMSO,2.77929,-5.3609,2.76004
M,X0,reduction,ridge,random,shift,seed=211,AN,3.19638,-5.5003,2.80928
M,X0,reduction,ridge,random,shift,seed=211,TMP,2.91314,-1.9055,3.98257
M,X0,reduction,ridge,random,shift,seed=211,SN,1.8543,-6.2996,3.05774
M,X0,reduction,ridge,random,shift,seed=307,DMC,3.46463,-5.8129,3.05856
M,X0,reduction,ridge,random,shift,seed=307,EMC,3.31697,-5.7346,3.32149
M,X0,reduction,ridge,random,shift,seed=307,DEC,3.36907,-5.651,3.00371
M,X0,reduction,ridge,random,shift,seed=307,EC,2.59026,-6.0834,2.80756
M,X0,reduction,ridge,random,shift,seed=307,PC,2.88574,-5.9623,2.4854
M,X0,reduction,ridge,random,shift,seed=307,FEC,2.55635,-6.7369,3.43948
M,X0,reduction,ridge,random,shift,seed=307,VC,1.98927,-6.8771,2.08278
M,X0,reduction,ridge,random,shift,seed=307,DME,3.72927,0.718,4.13353
M,X0,reduction,ridge,random,shift,seed=307,DOL,4.08707,-0.0802,4.07865
M,X0,reduction,ridge,random,shift,seed=307,TEGDME,2.86848,-0.1877,1.79329
M,X0,reduction,ridge,random,shift,seed=307,EA,2.73655,-6.1601,3.06798
M,X0,reduction,ridge,random,shift,seed=307,MA,2.73615,-6.2428,2.96001
M,X0,reduction,ridge,random,shift,seed=307,GBL,2.57924,-6.2936,2.95938
M,X0,reduction,ridge,random,shift,seed=307,SL,2.97769,-3.8526,2.51343
M,X0,reduction,ridge,random,shift,seed=307,DMSO,2.77929,-5.3609,2.61035
M,X0,reduction,ridge,random,shift,seed=307,AN,3.19638,-5.5003,2.6594
M,X0,reduction,ridge,random,shift,seed=307,TMP,2.91314,-1.9055,3.6286
M,X0,reduction,ridge,random,shift,seed=307,SN,1.8543,-6.2996,2.49573
M,X0,reduction,ridge,random,shift,seed=401,DMC,3.46463,-5.8129,3.16533
M,X0,reduction,ridge,random,shift,seed=401,EMC,3.31697,-5.7346,2.85066
M,X0,reduction,ridge,random,shift,seed=401,DEC,3.36907,-5.651,2.76742
M,X0,reduction,ridge,random,shift,seed=401,EC,2.59026,-6.0834,2.19853
M,X0,reduction,ridge,random,shift,seed=401,PC,2.88574,-5.9623,2.45982
M,X0,reduction,ridge,random,shift,seed=401,FEC,2.55635,-6.7369,3.56078
M,X0,reduction,ridge,random,shift,seed=401,VC,1.98927,-6.8771,1.53721
M,X0,reduction,ridge,random,shift,seed=401,DME,3.72927,0.718,4.20459
M,X0,reduction,ridge,random,shift,seed=401,DOL,4.08707,-0.0802,4.32739
M,X0,reduction,ridge,random,shift,seed=401,TEGDME,2.86848,-0.1877,0.401336
M,X0,reduction,ridge,random,shift,seed=401,EA,2.73655,-6.1601,3.01426
M,X0,reduction,ridge,random,shift,seed=401,MA,2.73615,-6.2428,3.07315
M,X0,reduction,ridge,random,shift,seed=401,GBL,2.57924,-6.2936,2.48154
M,X0,reduction,ridge,random,shift,seed=401,SL,2.97769,-3.8526,2.25753
M,X0,reduction,ridge,random,shift,seed=401,DMSO,2.77929,-5.3609,2.0015
M,X0,reduction,ridge,random,shift,seed=401,AN,3.19638,-5.5003,1.69368
M,X0,reduction,ridge,random,shift,seed=401,TMP,2.91314,-1.9055,3.87567
M,X0,reduction,ridge,random,shift,seed=401,SN,1.8543,-6.2996,2.52913
M,X0,reduction,ridge,random,shift,seed=503,DMC,3.46463,-5.8129,3.21423
M,X0,reduction,ridge,random,shift,seed=503,EMC,3.31697,-5.7346,2.86751
M,X0,reduction,ridge,random,shift,seed=503,DEC,3.36907,-5.651,2.79741
M,X0,reduction,ridge,random,shift,seed=503,EC,2.59026,-6.0834,2.70045
M,X0,reduction,ridge,random,shift,seed=503,PC,2.88574,-5.9623,2.45995
M,X0,reduction,ridge,random,shift,seed=503,FEC,2.55635,-6.7369,3.23256
M,X0,reduction,ridge,random,shift,seed=503,VC,1.98927,-6.8771,2.29714
M,X0,reduction,ridge,random,shift,seed=503,DME,3.72927,0.718,3.63008
M,X0,reduction,ridge,random,shift,seed=503,DOL,4.08707,-0.0802,4.66425
M,X0,reduction,ridge,random,shift,seed=503,TEGDME,2.86848,-0.1877,0.850276
M,X0,reduction,ridge,random,shift,seed=503,EA,2.73655,-6.1601,3.02862
M,X0,reduction,ridge,random,shift,seed=503,MA,2.73615,-6.2428,3.04428
M,X0,reduction,ridge,random,shift,seed=503,GBL,2.57924,-6.2936,2.76964
M,X0,reduction,ridge,random,shift,seed=503,SL,2.97769,-3.8526,2.53765
M,X0,reduction,ridge,random,shift,seed=503,DMSO,2.77929,-5.3609,2.83604
M,X0,reduction,ridge,random,shift,seed=503,AN,3.19638,-5.5003,2.64182
M,X0,reduction,ridge,random,shift,seed=503,TMP,2.91314,-1.9055,3.87682
M,X0,reduction,ridge,random,shift,seed=503,SN,1.8543,-6.2996,2.65007
M,X0,reduction,krr,random,shift,seed=101,DMC,3.46463,-5.8129,3.25156
M,X0,reduction,krr,random,shift,seed=101,EMC,3.31697,-5.7346,3.08481
M,X0,reduction,krr,random,shift,seed=101,DEC,3.36907,-5.651,2.948
M,X0,reduction,krr,random,shift,seed=101,EC,2.59026,-6.0834,2.88822
M,X0,reduction,krr,random,shift,seed=101,PC,2.88574,-5.9623,2.47124
M,X0,reduction,krr,random,shift,seed=101,FEC,2.55635,-6.7369,2.95187
M,X0,reduction,krr,random,shift,seed=101,VC,1.98927,-6.8771,2.21737
M,X0,reduction,krr,random,shift,seed=101,DME,3.72927,0.718,4.41085
M,X0,reduction,krr,random,shift,seed=101,DOL,4.08707,-0.0802,5.30082
M,X0,reduction,krr,random,shift,seed=101,TEGDME,2.86848,-0.1877,0.51199
M,X0,reduction,krr,random,shift,seed=101,EA,2.73655,-6.1601,2.51774
M,X0,reduction,krr,random,shift,seed=101,MA,2.73615,-6.2428,2.9901
M,X0,reduction,krr,random,shift,seed=101,GBL,2.57924,-6.2936,2.5808
M,X0,reduction,krr,random,shift,seed=101,SL,2.97769,-3.8526,2.92583
M,X0,reduction,krr,random,shift,seed=101,DMSO,2.77929,-5.3609,2.21565
M,X0,reduction,krr,random,shift,seed=101,AN,3.19638,-5.5003,2.53943
M,X0,reduction,krr,random,shift,seed=101,TMP,2.91314,-1.9055,3.68952
M,X0,reduction,krr,random,shift,seed=101,SN,1.8543,-6.2996,2.56348
M,X0,reduction,krr,random,shift,seed=211,DMC,3.46463,-5.8129,3.19228
M,X0,reduction,krr,random,shift,seed=211,EMC,3.31697,-5.7346,3.12426
M,X0,reduction,krr,random,shift,seed=211,DEC,3.36907,-5.651,2.8636
M,X0,reduction,krr,random,shift,seed=211,EC,2.59026,-6.0834,2.97732
M,X0,reduction,krr,random,shift,seed=211,PC,2.88574,-5.9623,2.58258
M,X0,reduction,krr,random,shift,seed=211,FEC,2.55635,-6.7369,1.69139
M,X0,reduction,krr,random,shift,seed=211,VC,1.98927,-6.8771,2.76362
M,X0,reduction,krr,random,shift,seed=211,DME,3.72927,0.718,3.95787
M,X0,reduction,krr,random,shift,seed=211,DOL,4.08707,-0.0802,4.14416
M,X0,reduction,krr,random,shift,seed=211,TEGDME,2.86848,-0.1877,1.58186
M,X0,reduction,krr,random,shift,seed=211,EA,2.73655,-6.1601,2.9549
M,X0,reduction,krr,random,shift,seed=211,MA,2.73615,-6.2428,2.67947
M,X0,reduction,krr,random,shift,seed=211,GBL,2.57924,-6.2936,2.6816
M,X0,reduction,krr,random,shift,seed=211,SL,2.97769,-3.8526,3.93783
M,X0,reduction,krr,random,shift,seed=211,DMSO,2.77929,-5.3609,2.62951
M,X0,reduction,krr,random,shift,seed=211,AN,3.19638,-5.5003,2.13603
M,X0,reduction,krr,random,shift,seed=211,TMP,2.91314,-1.9055,4.06502
M,X0,reduction,krr,random,shift,seed=211,SN,1.8543,-6.2996,3.09583
M,X0,reduction,krr,random,shift,seed=307,DMC,3.46463,-5.8129,3.07023
M,X0,reduction,krr,random,shift,seed=307,EMC,3.31697,-5.7346,3.30489
M,X0,reduction,krr,random,shift,seed=307,DEC,3.36907,-5.651,3.05638
M,X0,reduction,krr,random,shift,seed=307,EC,2.59026,-6.0834,2.74679
M,X0,reduction,krr,random,shift,seed=307,PC,2.88574,-5.9623,2.5157
M,X0,reduction,krr,random,shift,seed=307,FEC,2.55635,-6.7369,3.11035
M,X0,reduction,krr,random,shift,seed=307,VC,1.98927,-6.8771,2.13348
M,X0,reduction,krr,random,shift,seed=307,DME,3.72927,0.718,3.94023
M,X0,reduction,krr,random,shift,seed=307,DOL,4.08707,-0.0802,3.76486
M,X0,reduction,krr,random,shift,seed=307,TEGDME,2.86848,-0.1877,3.53011
M,X0,reduction,krr,random,shift,seed=307,EA,2.73655,-6.1601,2.98861
M,X0,reduction,krr,random,shift,seed=307,MA,2.73615,-6.2428,3.01812
M,X0,reduction,krr,random,shift,seed=307,GBL,2.57924,-6.2936,2.82906
M,X0,reduction,krr,random,shift,seed=307,SL,2.97769,-3.8526,2.82132
M,X0,reduction,krr,random,shift,seed=307,DMSO,2.77929,-5.3609,2.59725
M,X0,reduction,krr,random,shift,seed=307,AN,3.19638,-5.5003,2.20287
M,X0,reduction,krr,random,shift,seed=307,TMP,2.91314,-1.9055,3.96583
M,X0,reduction,krr,random,shift,seed=307,SN,1.8543,-6.2996,2.4088
M,X0,reduction,krr,random,shift,seed=401,DMC,3.46463,-5.8129,3.13008
M,X0,reduction,krr,random,shift,seed=401,EMC,3.31697,-5.7346,2.93439
M,X0,reduction,krr,random,shift,seed=401,DEC,3.36907,-5.651,2.84882
M,X0,reduction,krr,random,shift,seed=401,EC,2.59026,-6.0834,2.76472
M,X0,reduction,krr,random,shift,seed=401,PC,2.88574,-5.9623,2.48631
M,X0,reduction,krr,random,shift,seed=401,FEC,2.55635,-6.7369,3.10803
M,X0,reduction,krr,random,shift,seed=401,VC,1.98927,-6.8771,1.82759
M,X0,reduction,krr,random,shift,seed=401,DME,3.72927,0.718,4.40768
M,X0,reduction,krr,random,shift,seed=401,DOL,4.08707,-0.0802,4.8153
M,X0,reduction,krr,random,shift,seed=401,TEGDME,2.86848,-0.1877,0.620298
M,X0,reduction,krr,random,shift,seed=401,EA,2.73655,-6.1601,3.24949
M,X0,reduction,krr,random,shift,seed=401,MA,2.73615,-6.2428,3.24922
M,X0,reduction,krr,random,shift,seed=401,GBL,2.57924,-6.2936,2.42842
M,X0,reduction,krr,random,shift,seed=401,SL,2.97769,-3.8526,2.63169
M,X0,reduction,krr,random,shift,seed=401,DMSO,2.77929,-5.3609,2.38099
M,X0,reduction,krr,random,shift,seed=401,AN,3.19638,-5.5003,2.74765
M,X0,reduction,krr,random,shift,seed=401,TMP,2.91314,-1.9055,3.97685
M,X0,reduction,krr,random,shift,seed=401,SN,1.8543,-6.2996,2.41318
M,X0,reduction,krr,random,shift,seed=503,DMC,3.46463,-5.8129,3.03354
M,X0,reduction,krr,random,shift,seed=503,EMC,3.31697,-5.7346,3.06586
M,X0,reduction,krr,random,shift,seed=503,DEC,3.36907,-5.651,2.91681
M,X0,reduction,krr,random,shift,seed=503,EC,2.59026,-6.0834,2.67161
M,X0,reduction,krr,random,shift,seed=503,PC,2.88574,-5.9623,2.5552
M,X0,reduction,krr,random,shift,seed=503,FEC,2.55635,-6.7369,2.79044
M,X0,reduction,krr,random,shift,seed=503,VC,1.98927,-6.8771,2.26529
M,X0,reduction,krr,random,shift,seed=503,DME,3.72927,0.718,3.75785
M,X0,reduction,krr,random,shift,seed=503,DOL,4.08707,-0.0802,4.87042
M,X0,reduction,krr,random,shift,seed=503,TEGDME,2.86848,-0.1877,0.40449
M,X0,reduction,krr,random,shift,seed=503,EA,2.73655,-6.1601,2.79302
M,X0,reduction,krr,random,shift,seed=503,MA,2.73615,-6.2428,2.85834
M,X0,reduction,krr,random,shift,seed=503,GBL,2.57924,-6.2936,2.60859
M,X0,reduction,krr,random,shift,seed=503,SL,2.97769,-3.8526,2.84813
M,X0,reduction,krr,random,shift,seed=503,DMSO,2.77929,-5.3609,2.37747
M,X0,reduction,krr,random,shift,seed=503,AN,3.19638,-5.5003,2.56691
M,X0,reduction,krr,random,shift,seed=503,TMP,2.91314,-1.9055,4.31709
M,X0,reduction,krr,random,shift,seed=503,SN,1.8543,-6.2996,2.87854
M,X0,reduction,gpr,random,shift,seed=101,DMC,3.46463,-5.8129,3.21644
M,X0,reduction,gpr,random,shift,seed=101,EMC,3.31697,-5.7346,3.15284
M,X0,reduction,gpr,random,shift,seed=101,DEC,3.36907,-5.651,2.93662
M,X0,reduction,gpr,random,shift,seed=101,EC,2.59026,-6.0834,2.93633
M,X0,reduction,gpr,random,shift,seed=101,PC,2.88574,-5.9623,2.63355
M,X0,reduction,gpr,random,shift,seed=101,FEC,2.55635,-6.7369,2.96627
M,X0,reduction,gpr,random,shift,seed=101,VC,1.98927,-6.8771,2.22925
M,X0,reduction,gpr,random,shift,seed=101,DME,3.72927,0.718,4.09282
M,X0,reduction,gpr,random,shift,seed=101,DOL,4.08707,-0.0802,5.17225
M,X0,reduction,gpr,random,shift,seed=101,TEGDME,2.86848,-0.1877,5.65708
M,X0,reduction,gpr,random,shift,seed=101,EA,2.73655,-6.1601,2.70078
M,X0,reduction,gpr,random,shift,seed=101,MA,2.73615,-6.2428,2.85578
M,X0,reduction,gpr,random,shift,seed=101,GBL,2.57924,-6.2936,2.62764
M,X0,reduction,gpr,random,shift,seed=101,SL,2.97769,-3.8526,3.5629
M,X0,reduction,gpr,random,shift,seed=101,DMSO,2.77929,-5.3609,2.27627
M,X0,reduction,gpr,random,shift,seed=101,AN,3.19638,-5.5003,2.37143
M,X0,reduction,gpr,random,shift,seed=101,TMP,2.91314,-1.9055,3.92849
M,X0,reduction,gpr,random,shift,seed=101,SN,1.8543,-6.2996,2.6989
M,X0,reduction,gpr,random,shift,seed=211,DMC,3.46463,-5.8129,3.15949
M,X0,reduction,gpr,random,shift,seed=211,EMC,3.31697,-5.7346,3.05571
M,X0,reduction,gpr,random,shift,seed=211,DEC,3.36907,-5.651,2.78049
M,X0,reduction,gpr,random,shift,seed=211,EC,2.59026,-6.0834,2.89207
M,X0,reduction,gpr,random,shift,seed=211,PC,2.88574,-5.9623,2.58753
M,X0,reduction,gpr,random,shift,seed=211,FEC,2.55635,-6.7369,3.20196
M,X0,reduction,gpr,random,shift,seed=211,VC,1.98927,-6.8771,2.46795
M,X0,reduction,gpr,random,shift,seed=211,DME,3.72927,0.718,3.91477
M,X0,reduction,gpr,random,shift,seed=211,DOL,4.08707,-0.0802,4.57623
M,X0,reduction,gpr,random,shift,seed=211,TEGDME,2.86848,-0.1877,5.83391
M,X0,reduction,gpr,random,shift,seed=211,EA,2.73655,-6.1601,2.83363
M,X0,reduction,gpr,random,shift,seed=211,MA,2.73615,-6.2428,2.8265
M,X0,reduction,gpr,random,shift,seed=211,GBL,2.57924,-6.2936,2.58904
M,X0,reduction,gpr,random,shift,seed=211,SL,2.97769,-3.8526,3.17576
M,X0,reduction,gpr,random,shift,seed=211,DMSO,2.77929,-5.3609,2.18349
M,X0,reduction,gpr,random,shift,seed=211,AN,3.19638,-5.5003,2.49156
M,X0,reduction,gpr,random,shift,seed=211,TMP,2.91314,-1.9055,4.0184
M,X0,reduction,gpr,random,shift,seed=211,SN,1.8543,-6.2996,2.87514
M,X0,reduction,gpr,random,shift,seed=307,DMC,3.46463,-5.8129,3.23703
M,X0,reduction,gpr,random,shift,seed=307,EMC,3.31697,-5.7346,3.40455
M,X0,reduction,gpr,random,shift,seed=307,DEC,3.36907,-5.651,3.13389
M,X0,reduction,gpr,random,shift,seed=307,EC,2.59026,-6.0834,2.84195
M,X0,reduction,gpr,random,shift,seed=307,PC,2.88574,-5.9623,2.60592
M,X0,reduction,gpr,random,shift,seed=307,FEC,2.55635,-6.7369,3.47797
M,X0,reduction,gpr,random,shift,seed=307,VC,1.98927,-6.8771,2.21807
M,X0,reduction,gpr,random,shift,seed=307,DME,3.72927,0.718,4.49076
M,X0,reduction,gpr,random,shift,seed=307,DOL,4.08707,-0.0802,4.24402
M,X0,reduction,gpr,random,shift,seed=307,TEGDME,2.86848,-0.1877,6.54124
M,X0,reduction,gpr,random,shift,seed=307,EA,2.73655,-6.1601,2.962
M,X0,reduction,gpr,random,shift,seed=307,MA,2.73615,-6.2428,2.99528
M,X0,reduction,gpr,random,shift,seed=307,GBL,2.57924,-6.2936,2.84552
M,X0,reduction,gpr,random,shift,seed=307,SL,2.97769,-3.8526,3.50985
M,X0,reduction,gpr,random,shift,seed=307,DMSO,2.77929,-5.3609,2.57586
M,X0,reduction,gpr,random,shift,seed=307,AN,3.19638,-5.5003,2.35862
M,X0,reduction,gpr,random,shift,seed=307,TMP,2.91314,-1.9055,4.39995
M,X0,reduction,gpr,random,shift,seed=307,SN,1.8543,-6.2996,2.30695
M,X0,reduction,gpr,random,shift,seed=401,DMC,3.46463,-5.8129,3.24691
M,X0,reduction,gpr,random,shift,seed=401,EMC,3.31697,-5.7346,3.03526
M,X0,reduction,gpr,random,shift,seed=401,DEC,3.36907,-5.651,2.77482
M,X0,reduction,gpr,random,shift,seed=401,EC,2.59026,-6.0834,2.72111
M,X0,reduction,gpr,random,shift,seed=401,PC,2.88574,-5.9623,2.51331
M,X0,reduction,gpr,random,shift,seed=401,FEC,2.55635,-6.7369,3.13146
M,X0,reduction,gpr,random,shift,seed=401,VC,1.98927,-6.8771,1.94099
M,X0,reduction,gpr,random,shift,seed=401,DME,3.72927,0.718,4.53002
M,X0,reduction,gpr,random,shift,seed=401,DOL,4.08707,-0.0802,4.92477
M,X0,reduction,gpr,random,shift,seed=401,TEGDME,2.86848,-0.1877,5.33057
M,X0,reduction,gpr,random,shift,seed=401,EA,2.73655,-6.1601,3.04877
M,X0,reduction,gpr,random,shift,seed=401,MA,2.73615,-6.2428,3.08676
M,X0,reduction,gpr,random,shift,seed=401,GBL,2.57924,-6.2936,2.39307
M,X0,reduction,gpr,random,shift,seed=401,SL,2.97769,-3.8526,3.19319
M,X0,reduction,gpr,random,shift,seed=401,DMSO,2.77929,-5.3609,2.20207
M,X0,reduction,gpr,random,shift,seed=401,AN,3.19638,-5.5003,2.73565
M,X0,reduction,gpr,random,shift,seed=401,TMP,2.91314,-1.9055,4.13643
M,X0,reduction,gpr,random,shift,seed=401,SN,1.8543,-6.2996,2.3151
M,X0,reduction,gpr,random,shift,seed=503,DMC,3.46463,-5.8129,3.37626
M,X0,reduction,gpr,random,shift,seed=503,EMC,3.31697,-5.7346,3.10221
M,X0,reduction,gpr,random,shift,seed=503,DEC,3.36907,-5.651,2.85163
M,X0,reduction,gpr,random,shift,seed=503,EC,2.59026,-6.0834,2.89409
M,X0,reduction,gpr,random,shift,seed=503,PC,2.88574,-5.9623,2.53197
M,X0,reduction,gpr,random,shift,seed=503,FEC,2.55635,-6.7369,3.12645
M,X0,reduction,gpr,random,shift,seed=503,VC,1.98927,-6.8771,2.30737
M,X0,reduction,gpr,random,shift,seed=503,DME,3.72927,0.718,3.64124
M,X0,reduction,gpr,random,shift,seed=503,DOL,4.08707,-0.0802,4.81853
M,X0,reduction,gpr,random,shift,seed=503,TEGDME,2.86848,-0.1877,5.31267
M,X0,reduction,gpr,random,shift,seed=503,EA,2.73655,-6.1601,3.08242
M,X0,reduction,gpr,random,shift,seed=503,MA,2.73615,-6.2428,3.16101
M,X0,reduction,gpr,random,shift,seed=503,GBL,2.57924,-6.2936,2.50999
M,X0,reduction,gpr,random,shift,seed=503,SL,2.97769,-3.8526,2.61054
M,X0,reduction,gpr,random,shift,seed=503,DMSO,2.77929,-5.3609,2.47023
M,X0,reduction,gpr,random,shift,seed=503,AN,3.19638,-5.5003,2.16093
M,X0,reduction,gpr,random,shift,seed=503,TMP,2.91314,-1.9055,4.11635
M,X0,reduction,gpr,random,shift,seed=503,SN,1.8543,-6.2996,2.38081
M,X0,reduction,rf,random,shift,seed=101,DMC,3.46463,-5.8129,3.11
M,X0,reduction,rf,random,shift,seed=101,EMC,3.31697,-5.7346,3.10083
M,X0,reduction,rf,random,shift,seed=101,DEC,3.36907,-5.651,2.72465
M,X0,reduction,rf,random,shift,seed=101,EC,2.59026,-6.0834,2.72145
M,X0,reduction,rf,random,shift,seed=101,PC,2.88574,-5.9623,2.82194
M,X0,reduction,rf,random,shift,seed=101,FEC,2.55635,-6.7369,2.01758
M,X0,reduction,rf,random,shift,seed=101,VC,1.98927,-6.8771,1.88514
M,X0,reduction,rf,random,shift,seed=101,DME,3.72927,0.718,5.70476
M,X0,reduction,rf,random,shift,seed=101,DOL,4.08707,-0.0802,5.51253
M,X0,reduction,rf,random,shift,seed=101,TEGDME,2.86848,-0.1877,4.37851
M,X0,reduction,rf,random,shift,seed=101,EA,2.73655,-6.1601,2.55291
M,X0,reduction,rf,random,shift,seed=101,MA,2.73615,-6.2428,2.23941
M,X0,reduction,rf,random,shift,seed=101,GBL,2.57924,-6.2936,2.32841
M,X0,reduction,rf,random,shift,seed=101,SL,2.97769,-3.8526,4.83767
M,X0,reduction,rf,random,shift,seed=101,DMSO,2.77929,-5.3609,2.47496
M,X0,reduction,rf,random,shift,seed=101,AN,3.19638,-5.5003,2.96033
M,X0,reduction,rf,random,shift,seed=101,TMP,2.91314,-1.9055,2.59215
M,X0,reduction,rf,random,shift,seed=101,SN,1.8543,-6.2996,2.43632
M,X0,reduction,rf,random,shift,seed=211,DMC,3.46463,-5.8129,3.00178
M,X0,reduction,rf,random,shift,seed=211,EMC,3.31697,-5.7346,2.99052
M,X0,reduction,rf,random,shift,seed=211,DEC,3.36907,-5.651,2.26651
M,X0,reduction,rf,random,shift,seed=211,EC,2.59026,-6.0834,2.78828
M,X0,reduction,rf,random,shift,seed=211,PC,2.88574,-5.9623,2.85828
M,X0,reduction,rf,random,shift,seed=211,FEC,2.55635,-6.7369,2.09634
M,X0,reduction,rf,random,shift,seed=211,VC,1.98927,-6.8771,1.85715
M,X0,reduction,rf,random,shift,seed=211,DME,3.72927,0.718,6.16358
M,X0,reduction,rf,random,shift,seed=211,DOL,4.08707,-0.0802,5.47427
M,X0,reduction,rf,random,shift,seed=211,TEGDME,2.86848,-0.1877,4.98098
M,X0,reduction,rf,random,shift,seed=211,EA,2.73655,-6.1601,2.62296
M,X0,reduction,rf,random,shift,seed=211,MA,2.73615,-6.2428,2.21448
M,X0,reduction,rf,random,shift,seed=211,GBL,2.57924,-6.2936,2.41678
M,X0,reduction,rf,random,shift,seed=211,SL,2.97769,-3.8526,4.84505
M,X0,reduction,rf,random,shift,seed=211,DMSO,2.77929,-5.3609,2.2969
M,X0,reduction,rf,random,shift,seed=211,AN,3.19638,-5.5003,2.89533
M,X0,reduction,rf,random,shift,seed=211,TMP,2.91314,-1.9055,2.68454
M,X0,reduction,rf,random,shift,seed=211,SN,1.8543,-6.2996,2.50858
M,X0,reduction,rf,random,shift,seed=307,DMC,3.46463,-5.8129,3.13681
M,X0,reduction,rf,random,shift,seed=307,EMC,3.31697,-5.7346,3.27523
M,X0,reduction,rf,random,shift,seed=307,DEC,3.36907,-5.651,3.09705
M,X0,reduction,rf,random,shift,seed=307,EC,2.59026,-6.0834,2.64914
M,X0,reduction,rf,random,shift,seed=307,PC,2.88574,-5.9623,3.07786
M,X0,reduction,rf,random,shift,seed=307,FEC,2.55635,-6.7369,2.01241
M,X0,reduction,rf,random,shift,seed=307,VC,1.98927,-6.8771,1.76886
M,X0,reduction,rf,random,shift,seed=307,DME,3.72927,0.718,5.94526
M,X0,reduction,rf,random,shift,seed=307,DOL,4.08707,-0.0802,5.43578
M,X0,reduction,rf,random,shift,seed=307,TEGDME,2.86848,-0.1877,4.68907
M,X0,reduction,rf,random,shift,seed=307,EA,2.73655,-6.1601,2.53938
M,X0,reduction,rf,random,shift,seed=307,MA,2.73615,-6.2428,2.52441
M,X0,reduction,rf,random,shift,seed=307,GBL,2.57924,-6.2936,2.15408
M,X0,reduction,rf,random,shift,seed=307,SL,2.97769,-3.8526,4.73396
M,X0,reduction,rf,random,shift,seed=307,DMSO,2.77929,-5.3609,1.56645
M,X0,reduction,rf,random,shift,seed=307,AN,3.19638,-5.5003,3.07316
M,X0,reduction,rf,random,shift,seed=307,TMP,2.91314,-1.9055,4.10808
M,X0,reduction,rf,random,shift,seed=307,SN,1.8543,-6.2996,2.42815
M,X0,reduction,rf,random,shift,seed=401,DMC,3.46463,-5.8129,3.13425
M,X0,reduction,rf,random,shift,seed=401,EMC,3.31697,-5.7346,3.14934
M,X0,reduction,rf,random,shift,seed=401,DEC,3.36907,-5.651,2.514
M,X0,reduction,rf,random,shift,seed=401,EC,2.59026,-6.0834,2.76698
M,X0,reduction,rf,random,shift,seed=401,PC,2.88574,-5.9623,2.93473
M,X0,reduction,rf,random,shift,seed=401,FEC,2.55635,-6.7369,2.0271
M,X0,reduction,rf,random,shift,seed=401,VC,1.98927,-6.8771,1.75009
M,X0,reduction,rf,random,shift,seed=401,DME,3.72927,0.718,5.56931
M,X0,reduction,rf,random,shift,seed=401,DOL,4.08707,-0.0802,5.65174
M,X0,reduction,rf,random,shift,seed=401,TEGDME,2.86848,-0.1877,4.24144
M,X0,reduction,rf,random,shift,seed=401,EA,2.73655,-6.1601,2.45984
M,X0,reduction,rf,random,shift,seed=401,MA,2.73615,-6.2428,2.14428
M,X0,reduction,rf,random,shift,seed=401,GBL,2.57924,-6.2936,2.44978
M,X0,reduction,rf,random,shift,seed=401,SL,2.97769,-3.8526,4.88698
M,X0,reduction,rf,random,shift,seed=401,DMSO,2.77929,-5.3609,2.44896
M,X0,reduction,rf,random,shift,seed=401,AN,3.19638,-5.5003,2.92312
M,X0,reduction,rf,random,shift,seed=401,TMP,2.91314,-1.9055,3.38348
M,X0,reduction,rf,random,shift,seed=401,SN,1.8543,-6.2996,2.45986
M,X0,reduction,rf,random,shift,seed=503,DMC,3.46463,-5.8129,2.91389
M,X0,reduction,rf,random,shift,seed=503,EMC,3.31697,-5.7346,3.11248
M,X0,reduction,rf,random,shift,seed=503,DEC,3.36907,-5.651,2.7614
M,X0,reduction,rf,random,shift,seed=503,EC,2.59026,-6.0834,2.83122
M,X0,reduction,rf,random,shift,seed=503,PC,2.88574,-5.9623,2.80997
M,X0,reduction,rf,random,shift,seed=503,FEC,2.55635,-6.7369,2.02518
M,X0,reduction,rf,random,shift,seed=503,VC,1.98927,-6.8771,1.76544
M,X0,reduction,rf,random,shift,seed=503,DME,3.72927,0.718,5.75592
M,X0,reduction,rf,random,shift,seed=503,DOL,4.08707,-0.0802,5.53953
M,X0,reduction,rf,random,shift,seed=503,TEGDME,2.86848,-0.1877,4.32283
M,X0,reduction,rf,random,shift,seed=503,EA,2.73655,-6.1601,2.45
M,X0,reduction,rf,random,shift,seed=503,MA,2.73615,-6.2428,2.14332
M,X0,reduction,rf,random,shift,seed=503,GBL,2.57924,-6.2936,2.35793
M,X0,reduction,rf,random,shift,seed=503,SL,2.97769,-3.8526,4.84773
M,X0,reduction,rf,random,shift,seed=503,DMSO,2.77929,-5.3609,2.43169
M,X0,reduction,rf,random,shift,seed=503,AN,3.19638,-5.5003,3.00787
M,X0,reduction,rf,random,shift,seed=503,TMP,2.91314,-1.9055,2.70902
M,X0,reduction,rf,random,shift,seed=503,SN,1.8543,-6.2996,2.4688
M,X0,reduction,gbdt,random,shift,seed=101,DMC,3.46463,-5.8129,3.20834
M,X0,reduction,gbdt,random,shift,seed=101,EMC,3.31697,-5.7346,3.1239
M,X0,reduction,gbdt,random,shift,seed=101,DEC,3.36907,-5.651,2.39831
M,X0,reduction,gbdt,random,shift,seed=101,EC,2.59026,-6.0834,2.8648
M,X0,reduction,gbdt,random,shift,seed=101,PC,2.88574,-5.9623,2.74528
M,X0,reduction,gbdt,random,shift,seed=101,FEC,2.55635,-6.7369,2.12734
M,X0,reduction,gbdt,random,shift,seed=101,VC,1.98927,-6.8771,2.14421
M,X0,reduction,gbdt,random,shift,seed=101,DME,3.72927,0.718,4.77765
M,X0,reduction,gbdt,random,shift,seed=101,DOL,4.08707,-0.0802,4.11826
M,X0,reduction,gbdt,random,shift,seed=101,TEGDME,2.86848,-0.1877,4.04469
M,X0,reduction,gbdt,random,shift,seed=101,EA,2.73655,-6.1601,2.65493
M,X0,reduction,gbdt,random,shift,seed=101,MA,2.73615,-6.2428,2.36918
M,X0,reduction,gbdt,random,shift,seed=101,GBL,2.57924,-6.2936,2.5091
M,X0,reduction,gbdt,random,shift,seed=101,SL,2.97769,-3.8526,4.70346
M,X0,reduction,gbdt,random,shift,seed=101,DMSO,2.77929,-5.3609,3.22352
M,X0,reduction,gbdt,random,shift,seed=101,AN,3.19638,-5.5003,2.84785
M,X0,reduction,gbdt,random,shift,seed=101,TMP,2.91314,-1.9055,1.654
M,X0,reduction,gbdt,random,shift,seed=101,SN,1.8543,-6.2996,2.50126
M,X0,reduction,gbdt,random,shift,seed=211,DMC,3.46463,-5.8129,3.10478
M,X0,reduction,gbdt,random,shift,seed=211,EMC,3.31697,-5.7346,2.94567
M,X0,reduction,gbdt,random,shift,seed=211,DEC,3.36907,-5.651,2.52265
M,X0,reduction,gbdt,random,shift,seed=211,EC,2.59026,-6.0834,3.04458
M,X0,reduction,gbdt,random,shift,seed=211,PC,2.88574,-5.9623,2.80433
M,X0,reduction,gbdt,random,shift,seed=211,FEC,2.55635,-6.7369,2.14903
M,X0,reduction,gbdt,random,shift,seed=211,VC,1.98927,-6.8771,2.11551
M,X0,reduction,gbdt,random,shift,seed=211,DME,3.72927,0.718,5.13374
M,X0,reduction,gbdt,random,shift,seed=211,DOL,4.08707,-0.0802,4.75062
M,X0,reduction,gbdt,random,shift,seed=211,TEGDME,2.86848,-0.1877,4.45245
M,X0,reduction,gbdt,random,shift,seed=211,EA,2.73655,-6.1601,2.76795
M,X0,reduction,gbdt,random,shift,seed=211,MA,2.73615,-6.2428,1.99335
M,X0,reduction,gbdt,random,shift,seed=211,GBL,2.57924,-6.2936,2.62827
M,X0,reduction,gbdt,random,shift,seed=211,SL,2.97769,-3.8526,4.78375
M,X0,reduction,gbdt,random,shift,seed=211,DMSO,2.77929,-5.3609,3.2991
M,X0,reduction,gbdt,random,shift,seed=211,AN,3.19638,-5.5003,2.66813
M,X0,reduction,gbdt,random,shift,seed=211,TMP,2.91314,-1.9055,1.63437
M,X0,reduction,gbdt,random,shift,seed=211,SN,1.8543,-6.2996,2.52218
M,X0,reduction,gbdt,random,shift,seed=307,DMC,3.46463,-5.8129,3.14852
M,X0,reduction,gbdt,random,shift,seed=307,EMC,3.31697,-5.7346,3.30088
M,X0,reduction,gbdt,random,shift,seed=307,DEC,3.36907,-5.651,3.40335
M,X0,reduction,gbdt,random,shift,seed=307,EC,2.59026,-6.0834,2.80019
M,X0,reduction,gbdt,random,shift,seed=307,PC,2.88574,-5.9623,2.9475
M,X0,reduction,gbdt,random,shift,seed=307,FEC,2.55635,-6.7369,2.14404
M,X0,reduction,gbdt,random,shift,seed=307,VC,1.98927,-6.8771,1.60771
M,X0,reduction,gbdt,random,shift,seed=307,DME,3.72927,0.718,4.78324
M,X0,reduction,gbdt,random,shift,seed=307,DOL,4.08707,-0.0802,4.70696
M,X0,reduction,gbdt,random,shift,seed=307,TEGDME,2.86848,-0.1877,3.86605
M,X0,reduction,gbdt,random,shift,seed=307,EA,2.73655,-6.1601,2.72969
M,X0,reduction,gbdt,random,shift,seed=307,MA,2.73615,-6.2428,2.62396
M,X0,reduction,gbdt,random,shift,seed=307,GBL,2.57924,-6.2936,2.40933
M,X0,reduction,gbdt,random,shift,seed=307,SL,2.97769,-3.8526,4.65488
M,X0,reduction,gbdt,random,shift,seed=307,DMSO,2.77929,-5.3609,1.41973
M,X0,reduction,gbdt,random,shift,seed=307,AN,3.19638,-5.5003,2.99302
M,X0,reduction,gbdt,random,shift,seed=307,TMP,2.91314,-1.9055,3.87109
M,X0,reduction,gbdt,random,shift,seed=307,SN,1.8543,-6.2996,2.51654
M,X0,reduction,gbdt,random,shift,seed=401,DMC,3.46463,-5.8129,3.20749
M,X0,reduction,gbdt,random,shift,seed=401,EMC,3.31697,-5.7346,3.54332
M,X0,reduction,gbdt,random,shift,seed=401,DEC,3.36907,-5.651,3.1351
M,X0,reduction,gbdt,random,shift,seed=401,EC,2.59026,-6.0834,2.99137
M,X0,reduction,gbdt,random,shift,seed=401,PC,2.88574,-5.9623,3.01726
M,X0,reduction,gbdt,random,shift,seed=401,FEC,2.55635,-6.7369,2.15703
M,X0,reduction,gbdt,random,shift,seed=401,VC,1.98927,-6.8771,1.66098
M,X0,reduction,gbdt,random,shift,seed=401,DME,3.72927,0.718,4.8398
M,X0,reduction,gbdt,random,shift,seed=401,DOL,4.08707,-0.0802,4.58081
M,X0,reduction,gbdt,random,shift,seed=401,TEGDME,2.86848,-0.1877,4.316
M,X0,reduction,gbdt,random,shift,seed=401,EA,2.73655,-6.1601,2.6172
M,X0,reduction,gbdt,random,shift,seed=401,MA,2.73615,-6.2428,2.27825
M,X0,reduction,gbdt,random,shift,seed=401,GBL,2.57924,-6.2936,2.58519
M,X0,reduction,gbdt,random,shift,seed=401,SL,2.97769,-3.8526,4.78377
M,X0,reduction,gbdt,random,shift,seed=401,DMSO,2.77929,-5.3609,3.30412
M,X0,reduction,gbdt,random,shift,seed=401,AN,3.19638,-5.5003,2.766
M,X0,reduction,gbdt,random,shift,seed=401,TMP,2.91314,-1.9055,2.22934
M,X0,reduction,gbdt,random,shift,seed=401,SN,1.8543,-6.2996,2.58875
M,X0,reduction,gbdt,random,shift,seed=503,DMC,3.46463,-5.8129,3.12051
M,X0,reduction,gbdt,random,shift,seed=503,EMC,3.31697,-5.7346,3.34359
M,X0,reduction,gbdt,random,shift,seed=503,DEC,3.36907,-5.651,2.91283
M,X0,reduction,gbdt,random,shift,seed=503,EC,2.59026,-6.0834,2.80152
M,X0,reduction,gbdt,random,shift,seed=503,PC,2.88574,-5.9623,2.85194
M,X0,reduction,gbdt,random,shift,seed=503,FEC,2.55635,-6.7369,2.08781
M,X0,reduction,gbdt,random,shift,seed=503,VC,1.98927,-6.8771,1.68375
M,X0,reduction,gbdt,random,shift,seed=503,DME,3.72927,0.718,4.82864
M,X0,reduction,gbdt,random,shift,seed=503,DOL,4.08707,-0.0802,4.85743
M,X0,reduction,gbdt,random,shift,seed=503,TEGDME,2.86848,-0.1877,4.21032
M,X0,reduction,gbdt,random,shift,seed=503,EA,2.73655,-6.1601,2.6726
M,X0,reduction,gbdt,random,shift,seed=503,MA,2.73615,-6.2428,2.33762
M,X0,reduction,gbdt,random,shift,seed=503,GBL,2.57924,-6.2936,2.47923
M,X0,reduction,gbdt,random,shift,seed=503,SL,2.97769,-3.8526,4.74098
M,X0,reduction,gbdt,random,shift,seed=503,DMSO,2.77929,-5.3609,2.77678
M,X0,reduction,gbdt,random,shift,seed=503,AN,3.19638,-5.5003,3.03441
M,X0,reduction,gbdt,random,shift,seed=503,TMP,2.91314,-1.9055,1.83307
M,X0,reduction,gbdt,random,shift,seed=503,SN,1.8543,-6.2996,2.59442
M,X0,reduction,constant,group,direct,leave-one-group-out,DMC,3.46463,-5.8129,2.83195
M,X0,reduction,constant,group,direct,leave-one-group-out,EMC,3.31697,-5.7346,2.83195
M,X0,reduction,constant,group,direct,leave-one-group-out,DEC,3.36907,-5.651,2.83195
M,X0,reduction,constant,group,direct,leave-one-group-out,EC,2.59026,-6.0834,2.55635
M,X0,reduction,constant,group,direct,leave-one-group-out,PC,2.88574,-5.9623,2.55635
M,X0,reduction,constant,group,direct,leave-one-group-out,FEC,2.55635,-6.7369,2.48842
M,X0,reduction,constant,group,direct,leave-one-group-out,VC,1.98927,-6.8771,2.55635
M,X0,reduction,constant,group,direct,leave-one-group-out,DME,3.72927,0.718,4.08707
M,X0,reduction,constant,group,direct,leave-one-group-out,DOL,4.08707,-0.0802,3.29888
M,X0,reduction,constant,group,direct,leave-one-group-out,TEGDME,2.86848,-0.1877,4.08707
M,X0,reduction,constant,group,direct,leave-one-group-out,EA,2.73655,-6.1601,2.57924
M,X0,reduction,constant,group,direct,leave-one-group-out,MA,2.73615,-6.2428,2.57924
M,X0,reduction,constant,group,direct,leave-one-group-out,GBL,2.57924,-6.2936,2.73635
M,X0,reduction,constant,group,direct,leave-one-group-out,SL,2.97769,-3.8526,2.92072
M,X0,reduction,constant,group,direct,leave-one-group-out,DMSO,2.77929,-5.3609,2.93239
M,X0,reduction,constant,group,direct,leave-one-group-out,AN,3.19638,-5.5003,2.9737
M,X0,reduction,constant,group,direct,leave-one-group-out,TMP,2.91314,-1.9055,2.92451
M,X0,reduction,constant,group,direct,leave-one-group-out,SN,1.8543,-6.2996,2.9737
M,X0,reduction,ridge,group,direct,leave-one-group-out,DMC,3.46463,-5.8129,2.69913
M,X0,reduction,ridge,group,direct,leave-one-group-out,EMC,3.31697,-5.7346,2.68589
M,X0,reduction,ridge,group,direct,leave-one-group-out,DEC,3.36907,-5.651,2.66865
M,X0,reduction,ridge,group,direct,leave-one-group-out,EC,2.59026,-6.0834,2.62344
M,X0,reduction,ridge,group,direct,leave-one-group-out,PC,2.88574,-5.9623,2.57843
M,X0,reduction,ridge,group,direct,leave-one-group-out,FEC,2.55635,-6.7369,2.93912
M,X0,reduction,ridge,group,direct,leave-one-group-out,VC,1.98927,-6.8771,2.42909
M,X0,reduction,ridge,group,direct,leave-one-group-out,DME,3.72927,0.718,3.40057
M,X0,reduction,ridge,group,direct,leave-one-group-out,DOL,4.08707,-0.0802,3.92061
M,X0,reduction,ridge,group,direct,leave-one-group-out,TEGDME,2.86848,-0.1877,0.951995
M,X0,reduction,ridge,group,direct,leave-one-group-out,EA,2.73655,-6.1601,3.05127
M,X0,reduction,ridge,group,direct,leave-one-group-out,MA,2.73615,-6.2428,3.08336
M,X0,reduction,ridge,group,direct,leave-one-group-out,GBL,2.57924,-6.2936,2.82102
M,X0,reduction,ridge,group,direct,leave-one-group-out,SL,2.97769,-3.8526,2.53765
M,X0,reduction,ridge,group,direct,leave-one-group-out,DMSO,2.77929,-5.3609,2.95539
M,X0,reduction,ridge,group,direct,leave-one-group-out,AN,3.19638,-5.5003,2.8522
M,X0,reduction,ridge,group,direct,leave-one-group-out,TMP,2.91314,-1.9055,3.54119
M,X0,reduction,ridge,group,direct,leave-one-group-out,SN,1.8543,-6.2996,2.06968
M,X0,reduction,krr,group,direct,leave-one-group-out,DMC,3.46463,-5.8129,2.70955
M,X0,reduction,krr,group,direct,leave-one-group-out,EMC,3.31697,-5.7346,2.70241
M,X0,reduction,krr,group,direct,leave-one-group-out,DEC,3.36907,-5.651,2.68825
M,X0,reduction,krr,group,direct,leave-one-group-out,EC,2.59026,-6.0834,2.63718
M,X0,reduction,krr,group,direct,leave-one-group-out,PC,2.88574,-5.9623,2.60034
M,X0,reduction,krr,group,direct,leave-one-group-out,FEC,2.55635,-6.7369,2.71503
M,X0,reduction,krr,group,direct,leave-one-group-out,VC,1.98927,-6.8771,2.47425
M,X0,reduction,krr,group,direct,leave-one-group-out,DME,3.72927,0.718,3.44981
M,X0,reduction,krr,group,direct,leave-one-group-out,DOL,4.08707,-0.0802,3.39876
M,X0,reduction,krr,group,direct,leave-one-group-out,TEGDME,2.86848,-0.1877,1.18272
M,X0,reduction,krr,group,direct,leave-one-group-out,EA,2.73655,-6.1601,2.97391
M,X0,reduction,krr,group,direct,leave-one-group-out,MA,2.73615,-6.2428,2.98113
M,X0,reduction,krr,group,direct,leave-one-group-out,GBL,2.57924,-6.2936,2.79957
M,X0,reduction,krr,group,direct,leave-one-group-out,SL,2.97769,-3.8526,2.76092
M,X0,reduction,krr,group,direct,leave-one-group-out,DMSO,2.77929,-5.3609,3.03295
M,X0,reduction,krr,group,direct,leave-one-group-out,AN,3.19638,-5.5003,2.81645
M,X0,reduction,krr,group,direct,leave-one-group-out,TMP,2.91314,-1.9055,3.43756
M,X0,reduction,krr,group,direct,leave-one-group-out,SN,1.8543,-6.2996,2.15107
M,X0,reduction,gpr,group,direct,leave-one-group-out,DMC,3.46463,-5.8129,2.68884
M,X0,reduction,gpr,group,direct,leave-one-group-out,EMC,3.31697,-5.7346,2.7007
M,X0,reduction,gpr,group,direct,leave-one-group-out,DEC,3.36907,-5.651,2.72898
M,X0,reduction,gpr,group,direct,leave-one-group-out,EC,2.59026,-6.0834,2.58145
M,X0,reduction,gpr,group,direct,leave-one-group-out,PC,2.88574,-5.9623,2.59242
M,X0,reduction,gpr,group,direct,leave-one-group-out,FEC,2.55635,-6.7369,2.95313
M,X0,reduction,gpr,group,direct,leave-one-group-out,VC,1.98927,-6.8771,2.40957
M,X0,reduction,gpr,group,direct,leave-one-group-out,DME,3.72927,0.718,3.32509
M,X0,reduction,gpr,group,direct,leave-one-group-out,DOL,4.08707,-0.0802,3.17573
M,X0,reduction,gpr,group,direct,leave-one-group-out,TEGDME,2.86848,-0.1877,2.87594
M,X0,reduction,gpr,group,direct,leave-one-group-out,EA,2.73655,-6.1601,3.01715
M,X0,reduction,gpr,group,direct,leave-one-group-out,MA,2.73615,-6.2428,3.10169
M,X0,reduction,gpr,group,direct,leave-one-group-out,GBL,2.57924,-6.2936,2.60725
M,X0,reduction,gpr,group,direct,leave-one-group-out,SL,2.97769,-3.8526,3.05424
M,X0,reduction,gpr,group,direct,leave-one-group-out,DMSO,2.77929,-5.3609,2.88836
M,X0,reduction,gpr,group,direct,leave-one-group-out,AN,3.19638,-5.5003,2.7769
M,X0,reduction,gpr,group,direct,leave-one-group-out,TMP,2.91314,-1.9055,3.50847
M,X0,reduction,gpr,group,direct,leave-one-group-out,SN,1.8543,-6.2996,2.50906
M,X0,reduction,rf,group,direct,leave-one-group-out,DMC,3.46463,-5.8129,2.80296
M,X0,reduction,rf,group,direct,leave-one-group-out,EMC,3.31697,-5.7346,2.88797
M,X0,reduction,rf,group,direct,leave-one-group-out,DEC,3.36907,-5.651,2.91235
M,X0,reduction,rf,group,direct,leave-one-group-out,EC,2.59026,-6.0834,2.6709
M,X0,reduction,rf,group,direct,leave-one-group-out,PC,2.88574,-5.9623,2.9218
M,X0,reduction,rf,group,direct,leave-one-group-out,FEC,2.55635,-6.7369,2.41382
M,X0,reduction,rf,group,direct,leave-one-group-out,VC,1.98927,-6.8771,2.48305
M,X0,reduction,rf,group,direct,leave-one-group-out,DME,3.72927,0.718,3.26498
M,X0,reduction,rf,group,direct,leave-one-group-out,DOL,4.08707,-0.0802,3.16427
M,X0,reduction,rf,group,direct,leave-one-group-out,TEGDME,2.86848,-0.1877,2.96275
M,X0,reduction,rf,group,direct,leave-one-group-out,EA,2.73655,-6.1601,2.75835
M,X0,reduction,rf,group,direct,leave-one-group-out,MA,2.73615,-6.2428,2.65818
M,X0,reduction,rf,group,direct,leave-one-group-out,GBL,2.57924,-6.2936,2.4332
M,X0,reduction,rf,group,direct,leave-one-group-out,SL,2.97769,-3.8526,2.91265
M,X0,reduction,rf,group,direct,leave-one-group-out,DMSO,2.77929,-5.3609,3.29235
M,X0,reduction,rf,group,direct,leave-one-group-out,AN,3.19638,-5.5003,2.85515
M,X0,reduction,rf,group,direct,leave-one-group-out,TMP,2.91314,-1.9055,3.34802
M,X0,reduction,rf,group,direct,leave-one-group-out,SN,1.8543,-6.2996,2.60048
M,X0,reduction,gbdt,group,direct,leave-one-group-out,DMC,3.46463,-5.8129,2.87685
M,X0,reduction,gbdt,group,direct,leave-one-group-out,EMC,3.31697,-5.7346,2.90389
M,X0,reduction,gbdt,group,direct,leave-one-group-out,DEC,3.36907,-5.651,2.9212
M,X0,reduction,gbdt,group,direct,leave-one-group-out,EC,2.59026,-6.0834,2.37321
M,X0,reduction,gbdt,group,direct,leave-one-group-out,PC,2.88574,-5.9623,2.93066
M,X0,reduction,gbdt,group,direct,leave-one-group-out,FEC,2.55635,-6.7369,2.26754
M,X0,reduction,gbdt,group,direct,leave-one-group-out,VC,1.98927,-6.8771,2.25584
M,X0,reduction,gbdt,group,direct,leave-one-group-out,DME,3.72927,0.718,3.5016
M,X0,reduction,gbdt,group,direct,leave-one-group-out,DOL,4.08707,-0.0802,3.22055
M,X0,reduction,gbdt,group,direct,leave-one-group-out,TEGDME,2.86848,-0.1877,2.8833
M,X0,reduction,gbdt,group,direct,leave-one-group-out,EA,2.73655,-6.1601,2.86155
M,X0,reduction,gbdt,group,direct,leave-one-group-out,MA,2.73615,-6.2428,2.77903
M,X0,reduction,gbdt,group,direct,leave-one-group-out,GBL,2.57924,-6.2936,2.51409
M,X0,reduction,gbdt,group,direct,leave-one-group-out,SL,2.97769,-3.8526,2.94104
M,X0,reduction,gbdt,group,direct,leave-one-group-out,DMSO,2.77929,-5.3609,3.37122
M,X0,reduction,gbdt,group,direct,leave-one-group-out,AN,3.19638,-5.5003,2.96487
M,X0,reduction,gbdt,group,direct,leave-one-group-out,TMP,2.91314,-1.9055,3.38565
M,X0,reduction,gbdt,group,direct,leave-one-group-out,SN,1.8543,-6.2996,2.42444
M,X0,reduction,constant,group,shift,leave-one-group-out,DMC,3.46463,-5.8129,1.47405
M,X0,reduction,constant,group,shift,leave-one-group-out,EMC,3.31697,-5.7346,1.55235
M,X0,reduction,constant,group,shift,leave-one-group-out,DEC,3.36907,-5.651,1.63595
M,X0,reduction,constant,group,shift,leave-one-group-out,EC,2.59026,-6.0834,3.20985
M,X0,reduction,constant,group,shift,leave-one-group-out,PC,2.88574,-5.9623,3.33095
M,X0,reduction,constant,group,shift,leave-one-group-out,FEC,2.55635,-6.7369,2.05912
M,X0,reduction,constant,group,shift,leave-one-group-out,VC,1.98927,-6.8771,2.41615
M,X0,reduction,constant,group,shift,leave-one-group-out,DME,3.72927,0.718,4.88527
M,X0,reduction,constant,group,shift,leave-one-group-out,DOL,4.08707,-0.0802,2.95353
M,X0,reduction,constant,group,shift,leave-one-group-out,TEGDME,2.86848,-0.1877,3.97957
M,X0,reduction,constant,group,shift,leave-one-group-out,EA,2.73655,-6.1601,2.71274
M,X0,reduction,constant,group,shift,leave-one-group-out,MA,2.73615,-6.2428,2.63004
M,X0,reduction,constant,group,shift,leave-one-group-out,GBL,2.57924,-6.2936,2.6442
M,X0,reduction,constant,group,shift,leave-one-group-out,SL,2.97769,-3.8526,3.78405
M,X0,reduction,constant,group,shift,leave-one-group-out,DMSO,2.77929,-5.3609,2.1987
M,X0,reduction,constant,group,shift,leave-one-group-out,AN,3.19638,-5.5003,1.98737
M,X0,reduction,constant,group,shift,leave-one-group-out,TMP,2.91314,-1.9055,5.84948
M,X0,reduction,constant,group,shift,leave-one-group-out,SN,1.8543,-6.2996,1.18807
M,X0,reduction,ridge,group,shift,leave-one-group-out,DMC,3.46463,-5.8129,2.60534
M,X0,reduction,ridge,group,shift,leave-one-group-out,EMC,3.31697,-5.7346,2.58877
M,X0,reduction,ridge,group,shift,leave-one-group-out,DEC,3.36907,-5.651,2.57829
M,X0,reduction,ridge,group,shift,leave-one-group-out,EC,2.59026,-6.0834,2.44181
M,X0,reduction,ridge,group,shift,leave-one-group-out,PC,2.88574,-5.9623,2.43614
M,X0,reduction,ridge,group,shift,leave-one-group-out,FEC,2.55635,-6.7369,2.9432
M,X0,reduction,ridge,group,shift,leave-one-group-out,VC,1.98927,-6.8771,2.18922
M,X0,reduction,ridge,group,shift,leave-one-group-out,DME,3.72927,0.718,3.36263
M,X0,reduction,ridge,group,shift,leave-one-group-out,DOL,4.08707,-0.0802,4.35607
M,X0,reduction,ridge,group,shift,leave-one-group-out,TEGDME,2.86848,-0.1877,0.540771
M,X0,reduction,ridge,group,shift,leave-one-group-out,EA,2.73655,-6.1601,2.93309
M,X0,reduction,ridge,group,shift,leave-one-group-out,MA,2.73615,-6.2428,2.98477
M,X0,reduction,ridge,group,shift,leave-one-group-out,GBL,2.57924,-6.2936,2.77344
M,X0,reduction,ridge,group,shift,leave-one-group-out,SL,2.97769,-3.8526,2.5863
M,X0,reduction,ridge,group,shift,leave-one-group-out,DMSO,2.77929,-5.3609,2.71895
M,X0,reduction,ridge,group,shift,leave-one-group-out,AN,3.19638,-5.5003,2.8165
M,X0,reduction,ridge,group,shift,leave-one-group-out,TMP,2.91314,-1.9055,4.28404
M,X0,reduction,ridge,group,shift,leave-one-group-out,SN,1.8543,-6.2996,2.17405
M,X0,reduction,krr,group,shift,leave-one-group-out,DMC,3.46463,-5.8129,2.42747
M,X0,reduction,krr,group,shift,leave-one-group-out,EMC,3.31697,-5.7346,2.30894
M,X0,reduction,krr,group,shift,leave-one-group-out,DEC,3.36907,-5.651,2.16346
M,X0,reduction,krr,group,shift,leave-one-group-out,EC,2.59026,-6.0834,2.42454
M,X0,reduction,krr,group,shift,leave-one-group-out,PC,2.88574,-5.9623,2.43749
M,X0,reduction,krr,group,shift,leave-one-group-out,FEC,2.55635,-6.7369,2.4665
M,X0,reduction,krr,group,shift,leave-one-group-out,VC,1.98927,-6.8771,2.06936
M,X0,reduction,krr,group,shift,leave-one-group-out,DME,3.72927,0.718,4.54305
M,X0,reduction,krr,group,shift,leave-one-group-out,DOL,4.08707,-0.0802,4.18843
M,X0,reduction,krr,group,shift,leave-one-group-out,TEGDME,2.86848,-0.1877,1.48575
M,X0,reduction,krr,group,shift,leave-one-group-out,EA,2.73655,-6.1601,3.03204
M,X0,reduction,krr,group,shift,leave-one-group-out,MA,2.73615,-6.2428,3.07298
M,X0,reduction,krr,group,shift,leave-one-group-out,GBL,2.57924,-6.2936,2.62249
M,X0,reduction,krr,group,shift,leave-one-group-out,SL,2.97769,-3.8526,2.77085
M,X0,reduction,krr,group,shift,leave-one-group-out,DMSO,2.77929,-5.3609,2.63514
M,X0,reduction,krr,group,shift,leave-one-group-out,AN,3.19638,-5.5003,2.73673
M,X0,reduction,krr,group,shift,leave-one-group-out,TMP,2.91314,-1.9055,3.78084
M,X0,reduction,krr,group,shift,leave-one-group-out,SN,1.8543,-6.2996,2.12589
M,X0,reduction,gpr,group,shift,leave-one-group-out,DMC,3.46463,-5.8129,2.79109
M,X0,reduction,gpr,group,shift,leave-one-group-out,EMC,3.31697,-5.7346,2.6965
M,X0,reduction,gpr,group,shift,leave-one-group-out,DEC,3.36907,-5.651,2.62116
M,X0,reduction,gpr,group,shift,leave-one-group-out,EC,2.59026,-6.0834,2.61375
M,X0,reduction,gpr,group,shift,leave-one-group-out,PC,2.88574,-5.9623,2.61374
M,X0,reduction,gpr,group,shift,leave-one-group-out,FEC,2.55635,-6.7369,3.33039
M,X0,reduction,gpr,group,shift,leave-one-group-out,VC,1.98927,-6.8771,1.82888
M,X0,reduction,gpr,group,shift,leave-one-group-out,DME,3.72927,0.718,3.43644
M,X0,reduction,gpr,group,shift,leave-one-group-out,DOL,4.08707,-0.0802,4.43516
M,X0,reduction,gpr,group,shift,leave-one-group-out,TEGDME,2.86848,-0.1877,5.77735
M,X0,reduction,gpr,group,shift,leave-one-group-out,EA,2.73655,-6.1601,3.06003
M,X0,reduction,gpr,group,shift,leave-one-group-out,MA,2.73615,-6.2428,3.16489
M,X0,reduction,gpr,group,shift,leave-one-group-out,GBL,2.57924,-6.2936,2.57089
M,X0,reduction,gpr,group,shift,leave-one-group-out,SL,2.97769,-3.8526,3.22912
M,X0,reduction,gpr,group,shift,leave-one-group-out,DMSO,2.77929,-5.3609,2.20434
M,X0,reduction,gpr,group,shift,leave-one-group-out,AN,3.19638,-5.5003,2.22825
M,X0,reduction,gpr,group,shift,leave-one-group-out,TMP,2.91314,-1.9055,3.91573
M,X0,reduction,gpr,group,shift,leave-one-group-out,SN,1.8543,-6.2996,1.62446
M,X0,reduction,rf,group,shift,leave-one-group-out,DMC,3.46463,-5.8129,2.55667
M,X0,reduction,rf,group,shift,leave-one-group-out,EMC,3.31697,-5.7346,2.52459
M,X0,reduction,rf,group,shift,leave-one-group-out,DEC,3.36907,-5.651,2.07748
M,X0,reduction,rf,group,shift,leave-one-group-out,EC,2.59026,-6.0834,2.69699
M,X0,reduction,rf,group,shift,leave-one-group-out,PC,2.88574,-5.9623,2.76654
M,X0,reduction,rf,group,shift,leave-one-group-out,FEC,2.55635,-6.7369,2.04345
M,X0,reduction,rf,group,shift,leave-one-group-out,VC,1.98927,-6.8771,1.85632
M,X0,reduction,rf,group,shift,leave-one-group-out,DME,3.72927,0.718,6.25494
M,X0,reduction,rf,group,shift,leave-one-group-out,DOL,4.08707,-0.0802,5.4987
M,X0,reduction,rf,group,shift,leave-one-group-out,TEGDME,2.86848,-0.1877,4.95721
M,X0,reduction,rf,group,shift,leave-one-group-out,EA,2.73655,-6.1601,2.47243
M,X0,reduction,rf,group,shift,leave-one-group-out,MA,2.73615,-6.2428,2.24796
M,X0,reduction,rf,group,shift,leave-one-group-out,GBL,2.57924,-6.2936,2.4109
M,X0,reduction,rf,group,shift,leave-one-group-out,SL,2.97769,-3.8526,4.91983
M,X0,reduction,rf,group,shift,leave-one-group-out,DMSO,2.77929,-5.3609,2.39945
M,X0,reduction,rf,group,shift,leave-one-group-out,AN,3.19638,-5.5003,3.08089
M,X0,reduction,rf,group,shift,leave-one-group-out,TMP,2.91314,-1.9055,2.5964
M,X0,reduction,rf,group,shift,leave-one-group-out,SN,1.8543,-6.2996,2.46207
M,X0,reduction,gbdt,group,shift,leave-one-group-out,DMC,3.46463,-5.8129,3.11653
M,X0,reduction,gbdt,group,shift,leave-one-group-out,EMC,3.31697,-5.7346,3.2348
M,X0,reduction,gbdt,group,shift,leave-one-group-out,DEC,3.36907,-5.651,2.59379
M,X0,reduction,gbdt,group,shift,leave-one-group-out,EC,2.59026,-6.0834,2.50501
M,X0,reduction,gbdt,group,shift,leave-one-group-out,PC,2.88574,-5.9623,2.56379
M,X0,reduction,gbdt,group,shift,leave-one-group-out,FEC,2.55635,-6.7369,2.09763
M,X0,reduction,gbdt,group,shift,leave-one-group-out,VC,1.98927,-6.8771,2.05374
M,X0,reduction,gbdt,group,shift,leave-one-group-out,DME,3.72927,0.718,5.04747
M,X0,reduction,gbdt,group,shift,leave-one-group-out,DOL,4.08707,-0.0802,4.84845
M,X0,reduction,gbdt,group,shift,leave-one-group-out,TEGDME,2.86848,-0.1877,4.44676
M,X0,reduction,gbdt,group,shift,leave-one-group-out,EA,2.73655,-6.1601,2.6055
M,X0,reduction,gbdt,group,shift,leave-one-group-out,MA,2.73615,-6.2428,2.4502
M,X0,reduction,gbdt,group,shift,leave-one-group-out,GBL,2.57924,-6.2936,2.57246
M,X0,reduction,gbdt,group,shift,leave-one-group-out,SL,2.97769,-3.8526,4.56926
M,X0,reduction,gbdt,group,shift,leave-one-group-out,DMSO,2.77929,-5.3609,2.88412
M,X0,reduction,gbdt,group,shift,leave-one-group-out,AN,3.19638,-5.5003,3.05367
M,X0,reduction,gbdt,group,shift,leave-one-group-out,TMP,2.91314,-1.9055,1.5761
M,X0,reduction,gbdt,group,shift,leave-one-group-out,SN,1.8543,-6.2996,2.56271
M,X0,reduction,constant,lofo,direct,leave-one-family-out,DMC,3.46463,-5.8129,2.83195
M,X0,reduction,constant,lofo,direct,leave-one-family-out,EMC,3.31697,-5.7346,2.83195
M,X0,reduction,constant,lofo,direct,leave-one-family-out,DEC,3.36907,-5.651,2.83195
M,X0,reduction,constant,lofo,direct,leave-one-family-out,EC,2.59026,-6.0834,3.04345
M,X0,reduction,constant,lofo,direct,leave-one-family-out,PC,2.88574,-5.9623,3.04345
M,X0,reduction,constant,lofo,direct,leave-one-family-out,FEC,2.55635,-6.7369,3.04345
M,X0,reduction,constant,lofo,direct,leave-one-family-out,VC,1.98927,-6.8771,3.04345
M,X0,reduction,constant,lofo,direct,leave-one-family-out,DME,3.72927,0.718,2.79634
M,X0,reduction,constant,lofo,direct,leave-one-family-out,DOL,4.08707,-0.0802,2.79634
M,X0,reduction,constant,lofo,direct,leave-one-family-out,TEGDME,2.86848,-0.1877,2.79634
M,X0,reduction,constant,lofo,direct,leave-one-family-out,EA,2.73655,-6.1601,2.97186
M,X0,reduction,constant,lofo,direct,leave-one-family-out,MA,2.73615,-6.2428,2.97186
M,X0,reduction,constant,lofo,direct,leave-one-family-out,GBL,2.57924,-6.2936,2.97186
M,X0,reduction,constant,lofo,direct,leave-one-family-out,SL,2.97769,-3.8526,2.92072
M,X0,reduction,constant,lofo,direct,leave-one-family-out,DMSO,2.77929,-5.3609,2.93239
M,X0,reduction,constant,lofo,direct,leave-one-family-out,AN,3.19638,-5.5003,2.9737
M,X0,reduction,constant,lofo,direct,leave-one-family-out,TMP,2.91314,-1.9055,2.92451
M,X0,reduction,constant,lofo,direct,leave-one-family-out,SN,1.8543,-6.2996,2.9737
M,X0,reduction,ridge,lofo,direct,leave-one-family-out,DMC,3.46463,-5.8129,2.69913
M,X0,reduction,ridge,lofo,direct,leave-one-family-out,EMC,3.31697,-5.7346,2.68589
M,X0,reduction,ridge,lofo,direct,leave-one-family-out,DEC,3.36907,-5.651,2.66865
M,X0,reduction,ridge,lofo,direct,leave-one-family-out,EC,2.59026,-6.0834,2.66488
M,X0,reduction,ridge,lofo,direct,leave-one-family-out,PC,2.88574,-5.9623,2.61666
M,X0,reduction,ridge,lofo,direct,leave-one-family-out,FEC,2.55635,-6.7369,2.79308
M,X0,reduction,ridge,lofo,direct,leave-one-family-out,VC,1.98927,-6.8771,2.45228
M,X0,reduction,ridge,lofo,direct,leave-one-family-out,DME,3.72927,0.718,3.21611
M,X0,reduction,ridge,lofo,direct,leave-one-family-out,DOL,4.08707,-0.0802,3.17193
M,X0,reduction,ridge,lofo,direct,leave-one-family-out,TEGDME,2.86848,-0.1877,3.14881
M,X0,reduction,ridge,lofo,direct,leave-one-family-out,EA,2.73655,-6.1601,3.09552
M,X0,reduction,ridge,lofo,direct,leave-one-family-out,MA,2.73615,-6.2428,3.11915
M,X0,reduction,ridge,lofo,direct,leave-one-family-out,GBL,2.57924,-6.2936,2.9024
M,X0,reduction,ridge,lofo,direct,leave-one-family-out,SL,2.97769,-3.8526,2.53765
M,X0,reduction,ridge,lofo,direct,leave-one-family-out,DMSO,2.77929,-5.3609,2.95539
M,X0,reduction,ridge,lofo,direct,leave-one-family-out,AN,3.19638,-5.5003,2.8522
M,X0,reduction,ridge,lofo,direct,leave-one-family-out,TMP,2.91314,-1.9055,3.54119
M,X0,reduction,ridge,lofo,direct,leave-one-family-out,SN,1.8543,-6.2996,2.06968
M,X0,reduction,krr,lofo,direct,leave-one-family-out,DMC,3.46463,-5.8129,2.75767
M,X0,reduction,krr,lofo,direct,leave-one-family-out,EMC,3.31697,-5.7346,2.75525
M,X0,reduction,krr,lofo,direct,leave-one-family-out,DEC,3.36907,-5.651,2.74399
M,X0,reduction,krr,lofo,direct,leave-one-family-out,EC,2.59026,-6.0834,2.85898
M,X0,reduction,krr,lofo,direct,leave-one-family-out,PC,2.88574,-5.9623,2.85042
M,X0,reduction,krr,lofo,direct,leave-one-family-out,FEC,2.55635,-6.7369,2.84254
M,X0,reduction,krr,lofo,direct,leave-one-family-out,VC,1.98927,-6.8771,2.81286
M,X0,reduction,krr,lofo,direct,leave-one-family-out,DME,3.72927,0.718,3.00033
M,X0,reduction,krr,lofo,direct,leave-one-family-out,DOL,4.08707,-0.0802,3.10792
M,X0,reduction,krr,lofo,direct,leave-one-family-out,TEGDME,2.86848,-0.1877,1.27632
M,X0,reduction,krr,lofo,direct,leave-one-family-out,EA,2.73655,-6.1601,2.99501
M,X0,reduction,krr,lofo,direct,leave-one-family-out,MA,2.73615,-6.2428,3.00204
M,X0,reduction,krr,lofo,direct,leave-one-family-out,GBL,2.57924,-6.2936,2.87874
M,X0,reduction,krr,lofo,direct,leave-one-family-out,SL,2.97769,-3.8526,2.76092
M,X0,reduction,krr,lofo,direct,leave-one-family-out,DMSO,2.77929,-5.3609,3.03295
M,X0,reduction,krr,lofo,direct,leave-one-family-out,AN,3.19638,-5.5003,2.91092
M,X0,reduction,krr,lofo,direct,leave-one-family-out,TMP,2.91314,-1.9055,3.53757
M,X0,reduction,krr,lofo,direct,leave-one-family-out,SN,1.8543,-6.2996,2.84171
M,X0,reduction,gpr,lofo,direct,leave-one-family-out,DMC,3.46463,-5.8129,2.68884
M,X0,reduction,gpr,lofo,direct,leave-one-family-out,EMC,3.31697,-5.7346,2.7007
M,X0,reduction,gpr,lofo,direct,leave-one-family-out,DEC,3.36907,-5.651,2.72898
M,X0,reduction,gpr,lofo,direct,leave-one-family-out,EC,2.59026,-6.0834,2.65526
M,X0,reduction,gpr,lofo,direct,leave-one-family-out,PC,2.88574,-5.9623,2.64549
M,X0,reduction,gpr,lofo,direct,leave-one-family-out,FEC,2.55635,-6.7369,2.87637
M,X0,reduction,gpr,lofo,direct,leave-one-family-out,VC,1.98927,-6.8771,2.46012
M,X0,reduction,gpr,lofo,direct,leave-one-family-out,DME,3.72927,0.718,2.79946
M,X0,reduction,gpr,lofo,direct,leave-one-family-out,DOL,4.08707,-0.0802,2.80655
M,X0,reduction,gpr,lofo,direct,leave-one-family-out,TEGDME,2.86848,-0.1877,2.79634
M,X0,reduction,gpr,lofo,direct,leave-one-family-out,EA,2.73655,-6.1601,3.04565
M,X0,reduction,gpr,lofo,direct,leave-one-family-out,MA,2.73615,-6.2428,3.12736
M,X0,reduction,gpr,lofo,direct,leave-one-family-out,GBL,2.57924,-6.2936,2.73209
M,X0,reduction,gpr,lofo,direct,leave-one-family-out,SL,2.97769,-3.8526,3.05424
M,X0,reduction,gpr,lofo,direct,leave-one-family-out,DMSO,2.77929,-5.3609,2.88836
M,X0,reduction,gpr,lofo,direct,leave-one-family-out,AN,3.19638,-5.5003,2.7769
M,X0,reduction,gpr,lofo,direct,leave-one-family-out,TMP,2.91314,-1.9055,3.50847
M,X0,reduction,gpr,lofo,direct,leave-one-family-out,SN,1.8543,-6.2996,2.50906
M,X0,reduction,rf,lofo,direct,leave-one-family-out,DMC,3.46463,-5.8129,2.78836
M,X0,reduction,rf,lofo,direct,leave-one-family-out,EMC,3.31697,-5.7346,2.89641
M,X0,reduction,rf,lofo,direct,leave-one-family-out,DEC,3.36907,-5.651,2.91916
M,X0,reduction,rf,lofo,direct,leave-one-family-out,EC,2.59026,-6.0834,2.97046
M,X0,reduction,rf,lofo,direct,leave-one-family-out,PC,2.88574,-5.9623,3.04432
M,X0,reduction,rf,lofo,direct,leave-one-family-out,FEC,2.55635,-6.7369,2.77027
M,X0,reduction,rf,lofo,direct,leave-one-family-out,VC,1.98927,-6.8771,2.47329
M,X0,reduction,rf,lofo,direct,leave-one-family-out,DME,3.72927,0.718,2.94891
M,X0,reduction,rf,lofo,direct,leave-one-family-out,DOL,4.08707,-0.0802,2.95093
M,X0,reduction,rf,lofo,direct,leave-one-family-out,TEGDME,2.86848,-0.1877,2.86977
M,X0,reduction,rf,lofo,direct,leave-one-family-out,EA,2.73655,-6.1601,2.68907
M,X0,reduction,rf,lofo,direct,leave-one-family-out,MA,2.73615,-6.2428,2.59641
M,X0,reduction,rf,lofo,direct,leave-one-family-out,GBL,2.57924,-6.2936,2.40432
M,X0,reduction,rf,lofo,direct,leave-one-family-out,SL,2.97769,-3.8526,2.92563
M,X0,reduction,rf,lofo,direct,leave-one-family-out,DMSO,2.77929,-5.3609,3.26953
M,X0,reduction,rf,lofo,direct,leave-one-family-out,AN,3.19638,-5.5003,2.84309
M,X0,reduction,rf,lofo,direct,leave-one-family-out,TMP,2.91314,-1.9055,3.35346
M,X0,reduction,rf,lofo,direct,leave-one-family-out,SN,1.8543,-6.2996,2.62322
M,X0,reduction,gbdt,lofo,direct,leave-one-family-out,DMC,3.46463,-5.8129,2.87673
M,X0,reduction,gbdt,lofo,direct,leave-one-family-out,EMC,3.31697,-5.7346,2.90377
M,X0,reduction,gbdt,lofo,direct,leave-one-family-out,DEC,3.36907,-5.651,2.92098
M,X0,reduction,gbdt,lofo,direct,leave-one-family-out,EC,2.59026,-6.0834,3.12979
M,X0,reduction,gbdt,lofo,direct,leave-one-family-out,PC,2.88574,-5.9623,3.19411
M,X0,reduction,gbdt,lofo,direct,leave-one-family-out,FEC,2.55635,-6.7369,2.95442
M,X0,reduction,gbdt,lofo,direct,leave-one-family-out,VC,1.98927,-6.8771,2.03346
M,X0,reduction,gbdt,lofo,direct,leave-one-family-out,DME,3.72927,0.718,2.9989
M,X0,reduction,gbdt,lofo,direct,leave-one-family-out,DOL,4.08707,-0.0802,3.07617
M,X0,reduction,gbdt,lofo,direct,leave-one-family-out,TEGDME,2.86848,-0.1877,2.93965
M,X0,reduction,gbdt,lofo,direct,leave-one-family-out,EA,2.73655,-6.1601,2.71406
M,X0,reduction,gbdt,lofo,direct,leave-one-family-out,MA,2.73615,-6.2428,2.69081
M,X0,reduction,gbdt,lofo,direct,leave-one-family-out,GBL,2.57924,-6.2936,2.35211
M,X0,reduction,gbdt,lofo,direct,leave-one-family-out,SL,2.97769,-3.8526,2.94693
M,X0,reduction,gbdt,lofo,direct,leave-one-family-out,DMSO,2.77929,-5.3609,3.34934
M,X0,reduction,gbdt,lofo,direct,leave-one-family-out,AN,3.19638,-5.5003,2.96422
M,X0,reduction,gbdt,lofo,direct,leave-one-family-out,TMP,2.91314,-1.9055,3.42253
M,X0,reduction,gbdt,lofo,direct,leave-one-family-out,SN,1.8543,-6.2996,2.42729
M,X0,reduction,constant,lofo,shift,leave-one-family-out,DMC,3.46463,-5.8129,1.47405
M,X0,reduction,constant,lofo,shift,leave-one-family-out,EMC,3.31697,-5.7346,1.55235
M,X0,reduction,constant,lofo,shift,leave-one-family-out,DEC,3.36907,-5.651,1.63595
M,X0,reduction,constant,lofo,shift,leave-one-family-out,EC,2.59026,-6.0834,1.12889
M,X0,reduction,constant,lofo,shift,leave-one-family-out,PC,2.88574,-5.9623,1.24999
M,X0,reduction,constant,lofo,shift,leave-one-family-out,FEC,2.55635,-6.7369,0.475388
M,X0,reduction,constant,lofo,shift,leave-one-family-out,VC,1.98927,-6.8771,0.335188
M,X0,reduction,constant,lofo,shift,leave-one-family-out,DME,3.72927,0.718,9.14591
M,X0,reduction,constant,lofo,shift,leave-one-family-out,DOL,4.08707,-0.0802,8.34771
M,X0,reduction,constant,lofo,shift,leave-one-family-out,TEGDME,2.86848,-0.1877,8.24021
M,X0,reduction,constant,lofo,shift,leave-one-family-out,EA,2.73655,-6.1601,1.16689
M,X0,reduction,constant,lofo,shift,leave-one-family-out,MA,2.73615,-6.2428,1.08419
M,X0,reduction,constant,lofo,shift,leave-one-family-out,GBL,2.57924,-6.2936,1.03339
M,X0,reduction,constant,lofo,shift,leave-one-family-out,SL,2.97769,-3.8526,3.78405
M,X0,reduction,constant,lofo,shift,leave-one-family-out,DMSO,2.77929,-5.3609,2.1987
M,X0,reduction,constant,lofo,shift,leave-one-family-out,AN,3.19638,-5.5003,1.98737
M,X0,reduction,constant,lofo,shift,leave-one-family-out,TMP,2.91314,-1.9055,5.84948
M,X0,reduction,constant,lofo,shift,leave-one-family-out,SN,1.8543,-6.2996,1.18807
M,X0,reduction,ridge,lofo,shift,leave-one-family-out,DMC,3.46463,-5.8129,2.60534
M,X0,reduction,ridge,lofo,shift,leave-one-family-out,EMC,3.31697,-5.7346,2.58877
M,X0,reduction,ridge,lofo,shift,leave-one-family-out,DEC,3.36907,-5.651,2.57829
M,X0,reduction,ridge,lofo,shift,leave-one-family-out,EC,2.59026,-6.0834,2.50823
M,X0,reduction,ridge,lofo,shift,leave-one-family-out,PC,2.88574,-5.9623,2.50055
M,X0,reduction,ridge,lofo,shift,leave-one-family-out,FEC,2.55635,-6.7369,2.72622
M,X0,reduction,ridge,lofo,shift,leave-one-family-out,VC,1.98927,-6.8771,2.16692
M,X0,reduction,ridge,lofo,shift,leave-one-family-out,DME,3.72927,0.718,0.24351
M,X0,reduction,ridge,lofo,shift,leave-one-family-out,DOL,4.08707,-0.0802,1.66389
M,X0,reduction,ridge,lofo,shift,leave-one-family-out,TEGDME,2.86848,-0.1877,-2.39698
M,X0,reduction,ridge,lofo,shift,leave-one-family-out,EA,2.73655,-6.1601,3.0494
M,X0,reduction,ridge,lofo,shift,leave-one-family-out,MA,2.73615,-6.2428,3.05841
M,X0,reduction,ridge,lofo,shift,leave-one-family-out,GBL,2.57924,-6.2936,2.84906
M,X0,reduction,ridge,lofo,shift,leave-one-family-out,SL,2.97769,-3.8526,2.5863
M,X0,reduction,ridge,lofo,shift,leave-one-family-out,DMSO,2.77929,-5.3609,2.71895
M,X0,reduction,ridge,lofo,shift,leave-one-family-out,AN,3.19638,-5.5003,2.8165
M,X0,reduction,ridge,lofo,shift,leave-one-family-out,TMP,2.91314,-1.9055,4.28404
M,X0,reduction,ridge,lofo,shift,leave-one-family-out,SN,1.8543,-6.2996,2.17405
M,X0,reduction,krr,lofo,shift,leave-one-family-out,DMC,3.46463,-5.8129,2.60689
M,X0,reduction,krr,lofo,shift,leave-one-family-out,EMC,3.31697,-5.7346,2.55156
M,X0,reduction,krr,lofo,shift,leave-one-family-out,DEC,3.36907,-5.651,2.50463
M,X0,reduction,krr,lofo,shift,leave-one-family-out,EC,2.59026,-6.0834,2.37579
M,X0,reduction,krr,lofo,shift,leave-one-family-out,PC,2.88574,-5.9623,2.3964
M,X0,reduction,krr,lofo,shift,leave-one-family-out,FEC,2.55635,-6.7369,2.68329
M,X0,reduction,krr,lofo,shift,leave-one-family-out,VC,1.98927,-6.8771,1.84487
M,X0,reduction,krr,lofo,shift,leave-one-family-out,DME,3.72927,0.718,4.50927
M,X0,reduction,krr,lofo,shift,leave-one-family-out,DOL,4.08707,-0.0802,5.1364
M,X0,reduction,krr,lofo,shift,leave-one-family-out,TEGDME,2.86848,-0.1877,0.726958
M,X0,reduction,krr,lofo,shift,leave-one-family-out,EA,2.73655,-6.1601,3.19656
M,X0,reduction,krr,lofo,shift,leave-one-family-out,MA,2.73615,-6.2428,3.23321
M,X0,reduction,krr,lofo,shift,leave-one-family-out,GBL,2.57924,-6.2936,2.91904
M,X0,reduction,krr,lofo,shift,leave-one-family-out,SL,2.97769,-3.8526,3.93731
M,X0,reduction,krr,lofo,shift,leave-one-family-out,DMSO,2.77929,-5.3609,0.838313
M,X0,reduction,krr,lofo,shift,leave-one-family-out,AN,3.19638,-5.5003,2.89234
M,X0,reduction,krr,lofo,shift,leave-one-family-out,TMP,2.91314,-1.9055,4.48847
M,X0,reduction,krr,lofo,shift,leave-one-family-out,SN,1.8543,-6.2996,2.45501
M,X0,reduction,gpr,lofo,shift,leave-one-family-out,DMC,3.46463,-5.8129,2.79109
M,X0,reduction,gpr,lofo,shift,leave-one-family-out,EMC,3.31697,-5.7346,2.6965
M,X0,reduction,gpr,lofo,shift,leave-one-family-out,DEC,3.36907,-5.651,2.62116
M,X0,reduction,gpr,lofo,shift,leave-one-family-out,EC,2.59026,-6.0834,2.75412
M,X0,reduction,gpr,lofo,shift,leave-one-family-out,PC,2.88574,-5.9623,2.74998
M,X0,reduction,gpr,lofo,shift,leave-one-family-out,FEC,2.55635,-6.7369,3.53594
M,X0,reduction,gpr,lofo,shift,leave-one-family-out,VC,1.98927,-6.8771,1.75363
M,X0,reduction,gpr,lofo,shift,leave-one-family-out,DME,3.72927,0.718,5.08969
M,X0,reduction,gpr,lofo,shift,leave-one-family-out,DOL,4.08707,-0.0802,5.81457
M,X0,reduction,gpr,lofo,shift,leave-one-family-out,TEGDME,2.86848,-0.1877,6.98185
M,X0,reduction,gpr,lofo,shift,leave-one-family-out,EA,2.73655,-6.1601,3.13757
M,X0,reduction,gpr,lofo,shift,leave-one-family-out,MA,2.73615,-6.2428,3.20966
M,X0,reduction,gpr,lofo,shift,leave-one-family-out,GBL,2.57924,-6.2936,2.89696
M,X0,reduction,gpr,lofo,shift,leave-one-family-out,SL,2.97769,-3.8526,3.22912
M,X0,reduction,gpr,lofo,shift,leave-one-family-out,DMSO,2.77929,-5.3609,2.20434
M,X0,reduction,gpr,lofo,shift,leave-one-family-out,AN,3.19638,-5.5003,2.22825
M,X0,reduction,gpr,lofo,shift,leave-one-family-out,TMP,2.91314,-1.9055,3.91573
M,X0,reduction,gpr,lofo,shift,leave-one-family-out,SN,1.8543,-6.2996,1.62446
M,X0,reduction,rf,lofo,shift,leave-one-family-out,DMC,3.46463,-5.8129,2.58772
M,X0,reduction,rf,lofo,shift,leave-one-family-out,EMC,3.31697,-5.7346,2.54208
M,X0,reduction,rf,lofo,shift,leave-one-family-out,DEC,3.36907,-5.651,2.15984
M,X0,reduction,rf,lofo,shift,leave-one-family-out,EC,2.59026,-6.0834,2.45333
M,X0,reduction,rf,lofo,shift,leave-one-family-out,PC,2.88574,-5.9623,2.50139
M,X0,reduction,rf,lofo,shift,leave-one-family-out,FEC,2.55635,-6.7369,1.97304
M,X0,reduction,rf,lofo,shift,leave-one-family-out,VC,1.98927,-6.8771,1.68481
M,X0,reduction,rf,lofo,shift,leave-one-family-out,DME,3.72927,0.718,8.1881
M,X0,reduction,rf,lofo,shift,leave-one-family-out,DOL,4.08707,-0.0802,7.50453
M,X0,reduction,rf,lofo,shift,leave-one-family-out,TEGDME,2.86848,-0.1877,5.79424
M,X0,reduction,rf,lofo,shift,leave-one-family-out,EA,2.73655,-6.1601,2.09105
M,X0,reduction,rf,lofo,shift,leave-one-family-out,MA,2.73615,-6.2428,2.10894
M,X0,reduction,rf,lofo,shift,leave-one-family-out,GBL,2.57924,-6.2936,1.97149
M,X0,reduction,rf,lofo,shift,leave-one-family-out,SL,2.97769,-3.8526,4.86226
M,X0,reduction,rf,lofo,shift,leave-one-family-out,DMSO,2.77929,-5.3609,2.57023
M,X0,reduction,rf,lofo,shift,leave-one-family-out,AN,3.19638,-5.5003,3.07018
M,X0,reduction,rf,lofo,shift,leave-one-family-out,TMP,2.91314,-1.9055,2.46921
M,X0,reduction,rf,lofo,shift,leave-one-family-out,SN,1.8543,-6.2996,2.51759
M,X0,reduction,gbdt,lofo,shift,leave-one-family-out,DMC,3.46463,-5.8129,3.11504
M,X0,reduction,gbdt,lofo,shift,leave-one-family-out,EMC,3.31697,-5.7346,3.25324
M,X0,reduction,gbdt,lofo,shift,leave-one-family-out,DEC,3.36907,-5.651,2.91651
M,X0,reduction,gbdt,lofo,shift,leave-one-family-out,EC,2.59026,-6.0834,2.38358
M,X0,reduction,gbdt,lofo,shift,leave-one-family-out,PC,2.88574,-5.9623,2.4785
M,X0,reduction,gbdt,lofo,shift,leave-one-family-out,FEC,2.55635,-6.7369,2.17995
M,X0,reduction,gbdt,lofo,shift,leave-one-family-out,VC,1.98927,-6.8771,1.90461
M,X0,reduction,gbdt,lofo,shift,leave-one-family-out,DME,3.72927,0.718,7.91197
M,X0,reduction,gbdt,lofo,shift,leave-one-family-out,DOL,4.08707,-0.0802,7.29886
M,X0,reduction,gbdt,lofo,shift,leave-one-family-out,TEGDME,2.86848,-0.1877,4.7941
M,X0,reduction,gbdt,lofo,shift,leave-one-family-out,EA,2.73655,-6.1601,2.2491
M,X0,reduction,gbdt,lofo,shift,leave-one-family-out,MA,2.73615,-6.2428,2.36291
M,X0,reduction,gbdt,lofo,shift,leave-one-family-out,GBL,2.57924,-6.2936,2.14132
M,X0,reduction,gbdt,lofo,shift,leave-one-family-out,SL,2.97769,-3.8526,4.62636
M,X0,reduction,gbdt,lofo,shift,leave-one-family-out,DMSO,2.77929,-5.3609,2.81005
M,X0,reduction,gbdt,lofo,shift,leave-one-family-out,AN,3.19638,-5.5003,2.98131
M,X0,reduction,gbdt,lofo,shift,leave-one-family-out,TMP,2.91314,-1.9055,1.47724
M,X0,reduction,gbdt,lofo,shift,leave-one-family-out,SN,1.8543,-6.2996,2.55068
E,X0+P1,oxidation,constant,random,direct,seed=101,DMC,8.1696,10.5799,7.92941
E,X0+P1,oxidation,constant,random,direct,seed=101,EMC,7.99479,10.2016,8.1696
E,X0+P1,oxidation,constant,random,direct,seed=101,DEC,7.86403,9.98433,8.1696
E,X0+P1,oxidation,constant,random,direct,seed=101,EC,8.06066,10.7691,7.89953
E,X0+P1,oxidation,constant,random,direct,seed=101,PC,8.00702,10.5388,7.91741
E,X0+P1,oxidation,constant,random,direct,seed=101,FEC,8.83094,11.3226,7.64277
E,X0+P1,oxidation,constant,random,direct,seed=101,VC,6.86064,9.61883,8.29954
E,X0+P1,oxidation,constant,random,direct,seed=101,DME,6.50598,8.85602,6.30129
E,X0+P1,oxidation,constant,random,direct,seed=101,DOL,6.65213,9.31314,6.50598
E,X0+P1,oxidation,constant,random,direct,seed=101,TEGDME,5.95045,7.59532,6.50598
E,X0+P1,oxidation,constant,random,direct,seed=101,EA,7.72405,10.0028,7.70611
E,X0+P1,oxidation,constant,random,direct,seed=101,MA,7.80119,10.202,7.66754
E,X0+P1,oxidation,constant,random,direct,seed=101,GBL,7.61103,9.95154,7.76262
E,X0+P1,oxidation,constant,random,direct,seed=101,SL,7.43224,9.79305,7.68737
E,X0+P1,oxidation,constant,random,direct,seed=101,DMSO,6.4133,8.81417,7.70926
E,X0+P1,oxidation,constant,random,direct,seed=101,AN,9.23338,12.1404,9.01366
E,X0+P1,oxidation,constant,random,direct,seed=101,TMP,8.13737,10.0568,7.53668
E,X0+P1,oxidation,constant,random,direct,seed=101,SN,9.01366,11.6036,9.23338
E,X0+P1,oxidation,constant,random,direct,seed=211,DMC,8.1696,10.5799,7.92941
E,X0+P1,oxidation,constant,random,direct,seed=211,EMC,7.99479,10.2016,8.1696
E,X0+P1,oxidation,constant,random,direct,seed=211,DEC,7.86403,9.98433,8.1696
E,X0+P1,oxidation,constant,random,direct,seed=211,EC,8.06066,10.7691,7.89953
E,X0+P1,oxidation,constant,random,direct,seed=211,PC,8.00702,10.5388,7.91741
E,X0+P1,oxidation,constant,random,direct,seed=211,FEC,8.83094,11.3226,7.64277
E,X0+P1,oxidation,constant,random,direct,seed=211,VC,6.86064,9.61883,8.29954
E,X0+P1,oxidation,constant,random,direct,seed=211,DME,6.50598,8.85602,6.65213
E,X0+P1,oxidation,constant,random,direct,seed=211,DOL,6.65213,9.31314,6.22821
E,X0+P1,oxidation,constant,random,direct,seed=211,TEGDME,5.95045,7.59532,6.65213
E,X0+P1,oxidation,constant,random,direct,seed=211,EA,7.72405,10.0028,7.70611
E,X0+P1,oxidation,constant,random,direct,seed=211,MA,7.80119,10.202,7.66754
E,X0+P1,oxidation,constant,random,direct,seed=211,GBL,7.61103,9.95154,7.76262
E,X0+P1,oxidation,constant,random,direct,seed=211,SL,7.43224,9.79305,7.49748
E,X0+P1,oxidation,constant,random,direct,seed=211,DMSO,6.4133,8.81417,7.74874
E,X0+P1,oxidation,constant,random,direct,seed=211,AN,9.23338,12.1404,9.01366
E,X0+P1,oxidation,constant,random,direct,seed=211,TMP,8.13737,10.0568,7.61672
E,X0+P1,oxidation,constant,random,direct,seed=211,SN,9.01366,11.6036,9.23338
E,X0+P1,oxidation,constant,random,direct,seed=307,DMC,8.1696,10.5799,7.92941
E,X0+P1,oxidation,constant,random,direct,seed=307,EMC,7.99479,10.2016,8.01681
E,X0+P1,oxidation,constant,random,direct,seed=307,DEC,7.86403,9.98433,8.0822
E,X0+P1,oxidation,constant,random,direct,seed=307,EC,8.06066,10.7691,7.43383
E,X0+P1,oxidation,constant,random,direct,seed=307,PC,8.00702,10.5388,7.91741
E,X0+P1,oxidation,constant,random,direct,seed=307,FEC,8.83094,11.3226,7.43383
E,X0+P1,oxidation,constant,random,direct,seed=307,VC,6.86064,9.61883,8.29954
E,X0+P1,oxidation,constant,random,direct,seed=307,DME,6.50598,8.85602,6.30129
E,X0+P1,oxidation,constant,random,direct,seed=307,DOL,6.65213,9.31314,6.22821
E,X0+P1,oxidation,constant,random,direct,seed=307,TEGDME,5.95045,7.59532,6.57906
E,X0+P1,oxidation,constant,random,direct,seed=307,EA,7.72405,10.0028,7.80119
E,X0+P1,oxidation,constant,random,direct,seed=307,MA,7.80119,10.202,7.66754
E,X0+P1,oxidation,constant,random,direct,seed=307,GBL,7.61103,9.95154,7.80119
E,X0+P1,oxidation,constant,random,direct,seed=307,SL,7.43224,9.79305,7.76401
E,X0+P1,oxidation,constant,random,direct,seed=307,DMSO,6.4133,8.81417,7.84047
E,X0+P1,oxidation,constant,random,direct,seed=307,AN,9.23338,12.1404,9.01366
E,X0+P1,oxidation,constant,random,direct,seed=307,TMP,8.13737,10.0568,7.84047
E,X0+P1,oxidation,constant,random,direct,seed=307,SN,9.01366,11.6036,9.23338
E,X0+P1,oxidation,constant,random,direct,seed=401,DMC,8.1696,10.5799,7.92941
E,X0+P1,oxidation,constant,random,direct,seed=401,EMC,7.99479,10.2016,8.1696
E,X0+P1,oxidation,constant,random,direct,seed=401,DEC,7.86403,9.98433,8.1696
E,X0+P1,oxidation,constant,random,direct,seed=401,EC,8.06066,10.7691,7.89953
E,X0+P1,oxidation,constant,random,direct,seed=401,PC,8.00702,10.5388,7.91741
E,X0+P1,oxidation,constant,random,direct,seed=401,FEC,8.83094,11.3226,7.64277
E,X0+P1,oxidation,constant,random,direct,seed=401,VC,6.86064,9.61883,8.29954
E,X0+P1,oxidation,constant,random,direct,seed=401,DME,6.50598,8.85602,6.30129
E,X0+P1,oxidation,constant,random,direct,seed=401,DOL,6.65213,9.31314,6.50598
E,X0+P1,oxidation,constant,random,direct,seed=401,TEGDME,5.95045,7.59532,6.50598
E,X0+P1,oxidation,constant,random,direct,seed=401,EA,7.72405,10.0028,7.61103
E,X0+P1,oxidation,constant,random,direct,seed=401,MA,7.80119,10.202,7.61103
E,X0+P1,oxidation,constant,random,direct,seed=401,GBL,7.61103,9.95154,7.76262
E,X0+P1,oxidation,constant,random,direct,seed=401,SL,7.43224,9.79305,7.6726
E,X0+P1,oxidation,constant,random,direct,seed=401,DMSO,6.4133,8.81417,7.6726
E,X0+P1,oxidation,constant,random,direct,seed=401,AN,9.23338,12.1404,9.01366
E,X0+P1,oxidation,constant,random,direct,seed=401,TMP,8.13737,10.0568,7.73387
E,X0+P1,oxidation,constant,random,direct,seed=401,SN,9.01366,11.6036,9.23338
E,X0+P1,oxidation,constant,random,direct,seed=503,DMC,8.1696,10.5799,7.92941
E,X0+P1,oxidation,constant,random,direct,seed=503,EMC,7.99479,10.2016,8.1696
E,X0+P1,oxidation,constant,random,direct,seed=503,DEC,7.86403,9.98433,8.1696
E,X0+P1,oxidation,constant,random,direct,seed=503,EC,8.06066,10.7691,7.89953
E,X0+P1,oxidation,constant,random,direct,seed=503,PC,8.00702,10.5388,7.91741
E,X0+P1,oxidation,constant,random,direct,seed=503,FEC,8.83094,11.3226,7.64277
E,X0+P1,oxidation,constant,random,direct,seed=503,VC,6.86064,9.61883,8.29954
E,X0+P1,oxidation,constant,random,direct,seed=503,DME,6.50598,8.85602,6.30129
E,X0+P1,oxidation,constant,random,direct,seed=503,DOL,6.65213,9.31314,6.50598
E,X0+P1,oxidation,constant,random,direct,seed=503,TEGDME,5.95045,7.59532,6.50598
E,X0+P1,oxidation,constant,random,direct,seed=503,EA,7.72405,10.0028,7.61103
E,X0+P1,oxidation,constant,random,direct,seed=503,MA,7.80119,10.202,7.61103
E,X0+P1,oxidation,constant,random,direct,seed=503,GBL,7.61103,9.95154,7.76262
E,X0+P1,oxidation,constant,random,direct,seed=503,SL,7.43224,9.79305,7.65253
E,X0+P1,oxidation,constant,random,direct,seed=503,DMSO,6.4133,8.81417,7.71309
E,X0+P1,oxidation,constant,random,direct,seed=503,AN,9.23338,12.1404,9.01366
E,X0+P1,oxidation,constant,random,direct,seed=503,TMP,8.13737,10.0568,7.53672
E,X0+P1,oxidation,constant,random,direct,seed=503,SN,9.01366,11.6036,9.23338
E,X0+P1,oxidation,ridge,random,direct,seed=101,DMC,8.1696,10.5799,8.2231
E,X0+P1,oxidation,ridge,random,direct,seed=101,EMC,7.99479,10.2016,8.0018
E,X0+P1,oxidation,ridge,random,direct,seed=101,DEC,7.86403,9.98433,7.92623
E,X0+P1,oxidation,ridge,random,direct,seed=101,EC,8.06066,10.7691,8.17778
E,X0+P1,oxidation,ridge,random,direct,seed=101,PC,8.00702,10.5388,7.9387
E,X0+P1,oxidation,ridge,random,direct,seed=101,FEC,8.83094,11.3226,8.81832
E,X0+P1,oxidation,ridge,random,direct,seed=101,VC,6.86064,9.61883,7.88744
E,X0+P1,oxidation,ridge,random,direct,seed=101,DME,6.50598,8.85602,5.98681
E,X0+P1,oxidation,ridge,random,direct,seed=101,DOL,6.65213,9.31314,6.79753
E,X0+P1,oxidation,ridge,random,direct,seed=101,TEGDME,5.95045,7.59532,6.31399
E,X0+P1,oxidation,ridge,random,direct,seed=101,EA,7.72405,10.0028,7.7799
E,X0+P1,oxidation,ridge,random,direct,seed=101,MA,7.80119,10.202,7.78823
E,X0+P1,oxidation,ridge,random,direct,seed=101,GBL,7.61103,9.95154,7.37241
E,X0+P1,oxidation,ridge,random,direct,seed=101,SL,7.43224,9.79305,7.72353
E,X0+P1,oxidation,ridge,random,direct,seed=101,DMSO,6.4133,8.81417,6.45029
E,X0+P1,oxidation,ridge,random,direct,seed=101,AN,9.23338,12.1404,8.48188
E,X0+P1,oxidation,ridge,random,direct,seed=101,TMP,8.13737,10.0568,8.00326
E,X0+P1,oxidation,ridge,random,direct,seed=101,SN,9.01366,11.6036,8.90938
E,X0+P1,oxidation,ridge,random,direct,seed=211,DMC,8.1696,10.5799,8.06719
E,X0+P1,oxidation,ridge,random,direct,seed=211,EMC,7.99479,10.2016,7.99285
E,X0+P1,oxidation,ridge,random,direct,seed=211,DEC,7.86403,9.98433,7.90854
E,X0+P1,oxidation,ridge,random,direct,seed=211,EC,8.06066,10.7691,8.17192
E,X0+P1,oxidation,ridge,random,direct,seed=211,PC,8.00702,10.5388,7.92004
E,X0+P1,oxidation,ridge,random,direct,seed=211,FEC,8.83094,11.3226,8.99584
E,X0+P1,oxidation,ridge,random,direct,seed=211,VC,6.86064,9.61883,7.34642
E,X0+P1,oxidation,ridge,random,direct,seed=211,DME,6.50598,8.85602,6.51828
E,X0+P1,oxidation,ridge,random,direct,seed=211,DOL,6.65213,9.31314,6.79234
E,X0+P1,oxidation,ridge,random,direct,seed=211,TEGDME,5.95045,7.59532,6.81181
E,X0+P1,oxidation,ridge,random,direct,seed=211,EA,7.72405,10.0028,7.82577
E,X0+P1,oxidation,ridge,random,direct,seed=211,MA,7.80119,10.202,7.80667
E,X0+P1,oxidation,ridge,random,direct,seed=211,GBL,7.61103,9.95154,7.35792
E,X0+P1,oxidation,ridge,random,direct,seed=211,SL,7.43224,9.79305,7.5106
E,X0+P1,oxidation,ridge,random,direct,seed=211,DMSO,6.4133,8.81417,6.44841
E,X0+P1,oxidation,ridge,random,direct,seed=211,AN,9.23338,12.1404,9.2228
E,X0+P1,oxidation,ridge,random,direct,seed=211,TMP,8.13737,10.0568,7.66065
E,X0+P1,oxidation,ridge,random,direct,seed=211,SN,9.01366,11.6036,9.1979
E,X0+P1,oxidation,ridge,random,direct,seed=307,DMC,8.1696,10.5799,8.2331
E,X0+P1,oxidation,ridge,random,direct,seed=307,EMC,7.99479,10.2016,7.92638
E,X0+P1,oxidation,ridge,random,direct,seed=307,DEC,7.86403,9.98433,7.92677
E,X0+P1,oxidation,ridge,random,direct,seed=307,EC,8.06066,10.7691,8.13032
E,X0+P1,oxidation,ridge,random,direct,seed=307,PC,8.00702,10.5388,7.96141
E,X0+P1,oxidation,ridge,random,direct,seed=307,FEC,8.83094,11.3226,8.99638
E,X0+P1,oxidation,ridge,random,direct,seed=307,VC,6.86064,9.61883,7.67956
E,X0+P1,oxidation,ridge,random,direct,seed=307,DME,6.50598,8.85602,6.05095
E,X0+P1,oxidation,ridge,random,direct,seed=307,DOL,6.65213,9.31314,7.0667
E,X0+P1,oxidation,ridge,random,direct,seed=307,TEGDME,5.95045,7.59532,5.42949
E,X0+P1,oxidation,ridge,random,direct,seed=307,EA,7.72405,10.0028,7.72008
E,X0+P1,oxidation,ridge,random,direct,seed=307,MA,7.80119,10.202,7.82601
E,X0+P1,oxidation,ridge,random,direct,seed=307,GBL,7.61103,9.95154,7.38295
E,X0+P1,oxidation,ridge,random,direct,seed=307,SL,7.43224,9.79305,7.78382
E,X0+P1,oxidation,ridge,random,direct,seed=307,DMSO,6.4133,8.81417,6.72546
E,X0+P1,oxidation,ridge,random,direct,seed=307,AN,9.23338,12.1404,8.73352
E,X0+P1,oxidation,ridge,random,direct,seed=307,TMP,8.13737,10.0568,7.34957
E,X0+P1,oxidation,ridge,random,direct,seed=307,SN,9.01366,11.6036,8.98057
E,X0+P1,oxidation,ridge,random,direct,seed=401,DMC,8.1696,10.5799,8.11796
E,X0+P1,oxidation,ridge,random,direct,seed=401,EMC,7.99479,10.2016,8.01399
E,X0+P1,oxidation,ridge,random,direct,seed=401,DEC,7.86403,9.98433,7.93265
E,X0+P1,oxidation,ridge,random,direct,seed=401,EC,8.06066,10.7691,8.21517
E,X0+P1,oxidation,ridge,random,direct,seed=401,PC,8.00702,10.5388,7.97136
E,X0+P1,oxidation,ridge,random,direct,seed=401,FEC,8.83094,11.3226,8.92073
E,X0+P1,oxidation,ridge,random,direct,seed=401,VC,6.86064,9.61883,7.2663
E,X0+P1,oxidation,ridge,random,direct,seed=401,DME,6.50598,8.85602,6.59392
E,X0+P1,oxidation,ridge,random,direct,seed=401,DOL,6.65213,9.31314,6.94627
E,X0+P1,oxidation,ridge,random,direct,seed=401,TEGDME,5.95045,7.59532,6.67393
E,X0+P1,oxidation,ridge,random,direct,seed=401,EA,7.72405,10.0028,7.8708
E,X0+P1,oxidation,ridge,random,direct,seed=401,MA,7.80119,10.202,7.93265
E,X0+P1,oxidation,ridge,random,direct,seed=401,GBL,7.61103,9.95154,7.36039
E,X0+P1,oxidation,ridge,random,direct,seed=401,SL,7.43224,9.79305,7.71139
E,X0+P1,oxidation,ridge,random,direct,seed=401,DMSO,6.4133,8.81417,6.65427
E,X0+P1,oxidation,ridge,random,direct,seed=401,AN,9.23338,12.1404,9.30323
E,X0+P1,oxidation,ridge,random,direct,seed=401,TMP,8.13737,10.0568,7.91979
E,X0+P1,oxidation,ridge,random,direct,seed=401,SN,9.01366,11.6036,8.96539
E,X0+P1,oxidation,ridge,random,direct,seed=503,DMC,8.1696,10.5799,8.18265
E,X0+P1,oxidation,ridge,random,direct,seed=503,EMC,7.99479,10.2016,8.01061
E,X0+P1,oxidation,ridge,random,direct,seed=503,DEC,7.86403,9.98433,7.92936
E,X0+P1,oxidation,ridge,random,direct,seed=503,EC,8.06066,10.7691,8.10564
E,X0+P1,oxidation,ridge,random,direct,seed=503,PC,8.00702,10.5388,7.95034
E,X0+P1,oxidation,ridge,random,direct,seed=503,FEC,8.83094,11.3226,8.84035
E,X0+P1,oxidation,ridge,random,direct,seed=503,VC,6.86064,9.61883,7.72968
E,X0+P1,oxidation,ridge,random,direct,seed=503,DME,6.50598,8.85602,6.06969
E,X0+P1,oxidation,ridge,random,direct,seed=503,DOL,6.65213,9.31314,6.61466
E,X0+P1,oxidation,ridge,random,direct,seed=503,TEGDME,5.95045,7.59532,6.05916
E,X0+P1,oxidation,ridge,random,direct,seed=503,EA,7.72405,10.0028,7.73059
E,X0+P1,oxidation,ridge,random,direct,seed=503,MA,7.80119,10.202,7.79948
E,X0+P1,oxidation,ridge,random,direct,seed=503,GBL,7.61103,9.95154,7.35899
E,X0+P1,oxidation,ridge,random,direct,seed=503,SL,7.43224,9.79305,7.44651
E,X0+P1,oxidation,ridge,random,direct,seed=503,DMSO,6.4133,8.81417,6.55521
E,X0+P1,oxidation,ridge,random,direct,seed=503,AN,9.23338,12.1404,8.47935
E,X0+P1,oxidation,ridge,random,direct,seed=503,TMP,8.13737,10.0568,7.561
E,X0+P1,oxidation,ridge,random,direct,seed=503,SN,9.01366,11.6036,8.74399
E,X0+P1,oxidation,krr,random,direct,seed=101,DMC,8.1696,10.5799,8.16399
E,X0+P1,oxidation,krr,random,direct,seed=101,EMC,7.99479,10.2016,8.04226
E,X0+P1,oxidation,krr,random,direct,seed=101,DEC,7.86403,9.98433,7.96112
E,X0+P1,oxidation,krr,random,direct,seed=101,EC,8.06066,10.7691,8.1038
E,X0+P1,oxidation,krr,random,direct,seed=101,PC,8.00702,10.5388,7.96557
E,X0+P1,oxidation,krr,random,direct,seed=101,FEC,8.83094,11.3226,8.3935
E,X0+P1,oxidation,krr,random,direct,seed=101,VC,6.86064,9.61883,8.00119
E,X0+P1,oxidation,krr,random,direct,seed=101,DME,6.50598,8.85602,7.01157
E,X0+P1,oxidation,krr,random,direct,seed=101,DOL,6.65213,9.31314,6.68084
E,X0+P1,oxidation,krr,random,direct,seed=101,TEGDME,5.95045,7.59532,5.81735
E,X0+P1,oxidation,krr,random,direct,seed=101,EA,7.72405,10.0028,7.74554
E,X0+P1,oxidation,krr,random,direct,seed=101,MA,7.80119,10.202,7.76752
E,X0+P1,oxidation,krr,random,direct,seed=101,GBL,7.61103,9.95154,7.37084
E,X0+P1,oxidation,krr,random,direct,seed=101,SL,7.43224,9.79305,7.37573
E,X0+P1,oxidation,krr,random,direct,seed=101,DMSO,6.4133,8.81417,6.60779
E,X0+P1,oxidation,krr,random,direct,seed=101,AN,9.23338,12.1404,8.18822
E,X0+P1,oxidation,krr,random,direct,seed=101,TMP,8.13737,10.0568,7.66237
E,X0+P1,oxidation,krr,random,direct,seed=101,SN,9.01366,11.6036,8.16522
E,X0+P1,oxidation,krr,random,direct,seed=211,DMC,8.1696,10.5799,8.05724
E,X0+P1,oxidation,krr,random,direct,seed=211,EMC,7.99479,10.2016,8.06291
E,X0+P1,oxidation,krr,random,direct,seed=211,DEC,7.86403,9.98433,7.94901
E,X0+P1,oxidation,krr,random,direct,seed=211,EC,8.06066,10.7691,8.14092
E,X0+P1,oxidation,krr,random,direct,seed=211,PC,8.00702,10.5388,7.89912
E,X0+P1,oxidation,krr,random,direct,seed=211,FEC,8.83094,11.3226,8.40308
E,X0+P1,oxidation,krr,random,direct,seed=211,VC,6.86064,9.61883,7.88377
E,X0+P1,oxidation,krr,random,direct,seed=211,DME,6.50598,8.85602,6.98719
E,X0+P1,oxidation,krr,random,direct,seed=211,DOL,6.65213,9.31314,6.70967
E,X0+P1,oxidation,krr,random,direct,seed=211,TEGDME,5.95045,7.59532,6.15554
E,X0+P1,oxidation,krr,random,direct,seed=211,EA,7.72405,10.0028,7.79875
E,X0+P1,oxidation,krr,random,direct,seed=211,MA,7.80119,10.202,7.71176
E,X0+P1,oxidation,krr,random,direct,seed=211,GBL,7.61103,9.95154,7.26075
E,X0+P1,oxidation,krr,random,direct,seed=211,SL,7.43224,9.79305,7.28138
E,X0+P1,oxidation,krr,random,direct,seed=211,DMSO,6.4133,8.81417,6.56938
E,X0+P1,oxidation,krr,random,direct,seed=211,AN,9.23338,12.1404,8.32699
E,X0+P1,oxidation,krr,random,direct,seed=211,TMP,8.13737,10.0568,7.53023
E,X0+P1,oxidation,krr,random,direct,seed=211,SN,9.01366,11.6036,8.32055
E,X0+P1,oxidation,krr,random,direct,seed=307,DMC,8.1696,10.5799,8.15902
E,X0+P1,oxidation,krr,random,direct,seed=307,EMC,7.99479,10.2016,7.93548
E,X0+P1,oxidation,krr,random,direct,seed=307,DEC,7.86403,9.98433,7.87463
E,X0+P1,oxidation,krr,random,direct,seed=307,EC,8.06066,10.7691,8.05922
E,X0+P1,oxidation,krr,random,direct,seed=307,PC,8.00702,10.5388,7.97991
E,X0+P1,oxidation,krr,random,direct,seed=307,FEC,8.83094,11.3226,8.61198
E,X0+P1,oxidation,krr,random,direct,seed=307,VC,6.86064,9.61883,8.10283
E,X0+P1,oxidation,krr,random,direct,seed=307,DME,6.50598,8.85602,6.95748
E,X0+P1,oxidation,krr,random,direct,seed=307,DOL,6.65213,9.31314,6.65817
E,X0+P1,oxidation,krr,random,direct,seed=307,TEGDME,5.95045,7.59532,4.11303
E,X0+P1,oxidation,krr,random,direct,seed=307,EA,7.72405,10.0028,7.62238
E,X0+P1,oxidation,krr,random,direct,seed=307,MA,7.80119,10.202,7.78246
E,X0+P1,oxidation,krr,random,direct,seed=307,GBL,7.61103,9.95154,7.2197
E,X0+P1,oxidation,krr,random,direct,seed=307,SL,7.43224,9.79305,7.31138
E,X0+P1,oxidation,krr,random,direct,seed=307,DMSO,6.4133,8.81417,6.73159
E,X0+P1,oxidation,krr,random,direct,seed=307,AN,9.23338,12.1404,8.11512
E,X0+P1,oxidation,krr,random,direct,seed=307,TMP,8.13737,10.0568,7.20512
E,X0+P1,oxidation,krr,random,direct,seed=307,SN,9.01366,11.6036,8.81828
E,X0+P1,oxidation,krr,random,direct,seed=401,DMC,8.1696,10.5799,8.24903
E,X0+P1,oxidation,krr,random,direct,seed=401,EMC,7.99479,10.2016,7.90161
E,X0+P1,oxidation,krr,random,direct,seed=401,DEC,7.86403,9.98433,7.78105
E,X0+P1,oxidation,krr,random,direct,seed=401,EC,8.06066,10.7691,8.07659
E,X0+P1,oxidation,krr,random,direct,seed=401,PC,8.00702,10.5388,7.85252
E,X0+P1,oxidation,krr,random,direct,seed=401,FEC,8.83094,11.3226,8.52042
E,X0+P1,oxidation,krr,random,direct,seed=401,VC,6.86064,9.61883,7.4944
E,X0+P1,oxidation,krr,random,direct,seed=401,DME,6.50598,8.85602,6.93459
E,X0+P1,oxidation,krr,random,direct,seed=401,DOL,6.65213,9.31314,6.80497
E,X0+P1,oxidation,krr,random,direct,seed=401,TEGDME,5.95045,7.59532,6.14481
E,X0+P1,oxidation,krr,random,direct,seed=401,EA,7.72405,10.0028,7.61642
E,X0+P1,oxidation,krr,random,direct,seed=401,MA,7.80119,10.202,7.68542
E,X0+P1,oxidation,krr,random,direct,seed=401,GBL,7.61103,9.95154,7.20929
E,X0+P1,oxidation,krr,random,direct,seed=401,SL,7.43224,9.79305,7.35483
E,X0+P1,oxidation,krr,random,direct,seed=401,DMSO,6.4133,8.81417,6.7609
E,X0+P1,oxidation,krr,random,direct,seed=401,AN,9.23338,12.1404,8.64149
E,X0+P1,oxidation,krr,random,direct,seed=401,TMP,8.13737,10.0568,7.87712
E,X0+P1,oxidation,krr,random,direct,seed=401,SN,9.01366,11.6036,8.16564
E,X0+P1,oxidation,krr,random,direct,seed=503,DMC,8.1696,10.5799,8.25211
E,X0+P1,oxidation,krr,random,direct,seed=503,EMC,7.99479,10.2016,7.80544
E,X0+P1,oxidation,krr,random,direct,seed=503,DEC,7.86403,9.98433,7.71428
E,X0+P1,oxidation,krr,random,direct,seed=503,EC,8.06066,10.7691,8.0853
E,X0+P1,oxidation,krr,random,direct,seed=503,PC,8.00702,10.5388,7.85529
E,X0+P1,oxidation,krr,random,direct,seed=503,FEC,8.83094,11.3226,8.60975
E,X0+P1,oxidation,krr,random,direct,seed=503,VC,6.86064,9.61883,8.05555
E,X0+P1,oxidation,krr,random,direct,seed=503,DME,6.50598,8.85602,6.34851
E,X0+P1,oxidation,krr,random,direct,seed=503,DOL,6.65213,9.31314,6.50908
E,X0+P1,oxidation,krr,random,direct,seed=503,TEGDME,5.95045,7.59532,5.56782
E,X0+P1,oxidation,krr,random,direct,seed=503,EA,7.72405,10.0028,7.71315
E,X0+P1,oxidation,krr,random,direct,seed=503,MA,7.80119,10.202,7.84342
E,X0+P1,oxidation,krr,random,direct,seed=503,GBL,7.61103,9.95154,7.25239
E,X0+P1,oxidation,krr,random,direct,seed=503,SL,7.43224,9.79305,7.25305
E,X0+P1,oxidation,krr,random,direct,seed=503,DMSO,6.4133,8.81417,7.50441
E,X0+P1,oxidation,krr,random,direct,seed=503,AN,9.23338,12.1404,8.16553
E,X0+P1,oxidation,krr,random,direct,seed=503,TMP,8.13737,10.0568,7.47324
E,X0+P1,oxidation,krr,random,direct,seed=503,SN,9.01366,11.6036,8.53366
E,X0+P1,oxidation,gpr,random,direct,seed=101,DMC,8.1696,10.5799,8.25637
E,X0+P1,oxidation,gpr,random,direct,seed=101,EMC,7.99479,10.2016,7.97316
E,X0+P1,oxidation,gpr,random,direct,seed=101,DEC,7.86403,9.98433,7.87549
E,X0+P1,oxidation,gpr,random,direct,seed=101,EC,8.06066,10.7691,8.10552
E,X0+P1,oxidation,gpr,random,direct,seed=101,PC,8.00702,10.5388,7.94872
E,X0+P1,oxidation,gpr,random,direct,seed=101,FEC,8.83094,11.3226,8.72525
E,X0+P1,oxidation,gpr,random,direct,seed=101,VC,6.86064,9.61883,8.04727
E,X0+P1,oxidation,gpr,random,direct,seed=101,DME,6.50598,8.85602,6.46999
E,X0+P1,oxidation,gpr,random,direct,seed=101,DOL,6.65213,9.31314,6.9417
E,X0+P1,oxidation,gpr,random,direct,seed=101,TEGDME,5.95045,7.59532,7.12148
E,X0+P1,oxidation,gpr,random,direct,seed=101,EA,7.72405,10.0028,7.74754
E,X0+P1,oxidation,gpr,random,direct,seed=101,MA,7.80119,10.202,7.77192
E,X0+P1,oxidation,gpr,random,direct,seed=101,GBL,7.61103,9.95154,7.31813
E,X0+P1,oxidation,gpr,random,direct,seed=101,SL,7.43224,9.79305,7.54319
E,X0+P1,oxidation,gpr,random,direct,seed=101,DMSO,6.4133,8.81417,6.96298
E,X0+P1,oxidation,gpr,random,direct,seed=101,AN,9.23338,12.1404,8.03089
E,X0+P1,oxidation,gpr,random,direct,seed=101,TMP,8.13737,10.0568,7.70958
E,X0+P1,oxidation,gpr,random,direct,seed=101,SN,9.01366,11.6036,8.49375
E,X0+P1,oxidation,gpr,random,direct,seed=211,DMC,8.1696,10.5799,8.21224
E,X0+P1,oxidation,gpr,random,direct,seed=211,EMC,7.99479,10.2016,7.99063
E,X0+P1,oxidation,gpr,random,direct,seed=211,DEC,7.86403,9.98433,7.88535
E,X0+P1,oxidation,gpr,random,direct,seed=211,EC,8.06066,10.7691,8.16812
E,X0+P1,oxidation,gpr,random,direct,seed=211,PC,8.00702,10.5388,7.91057
E,X0+P1,oxidation,gpr,random,direct,seed=211,FEC,8.83094,11.3226,8.60416
E,X0+P1,oxidation,gpr,random,direct,seed=211,VC,6.86064,9.61883,7.35486
E,X0+P1,oxidation,gpr,random,direct,seed=211,DME,6.50598,8.85602,6.71603
E,X0+P1,oxidation,gpr,random,direct,seed=211,DOL,6.65213,9.31314,6.95037
E,X0+P1,oxidation,gpr,random,direct,seed=211,TEGDME,5.95045,7.59532,7.77728
E,X0+P1,oxidation,gpr,random,direct,seed=211,EA,7.72405,10.0028,7.75104
E,X0+P1,oxidation,gpr,random,direct,seed=211,MA,7.80119,10.202,7.7836
E,X0+P1,oxidation,gpr,random,direct,seed=211,GBL,7.61103,9.95154,7.34261
E,X0+P1,oxidation,gpr,random,direct,seed=211,SL,7.43224,9.79305,7.61034
E,X0+P1,oxidation,gpr,random,direct,seed=211,DMSO,6.4133,8.81417,6.47571
E,X0+P1,oxidation,gpr,random,direct,seed=211,AN,9.23338,12.1404,8.96794
E,X0+P1,oxidation,gpr,random,direct,seed=211,TMP,8.13737,10.0568,7.43581
E,X0+P1,oxidation,gpr,random,direct,seed=211,SN,9.01366,11.6036,8.69663
E,X0+P1,oxidation,gpr,random,direct,seed=307,DMC,8.1696,10.5799,8.04361
E,X0+P1,oxidation,gpr,random,direct,seed=307,EMC,7.99479,10.2016,7.93116
E,X0+P1,oxidation,gpr,random,direct,seed=307,DEC,7.86403,9.98433,7.90957
E,X0+P1,oxidation,gpr,random,direct,seed=307,EC,8.06066,10.7691,8.1445
E,X0+P1,oxidation,gpr,random,direct,seed=307,PC,8.00702,10.5388,7.92937
E,X0+P1,oxidation,gpr,random,direct,seed=307,FEC,8.83094,11.3226,9.04711
E,X0+P1,oxidation,gpr,random,direct,seed=307,VC,6.86064,9.61883,8.0968
E,X0+P1,oxidation,gpr,random,direct,seed=307,DME,6.50598,8.85602,6.13272
E,X0+P1,oxidation,gpr,random,direct,seed=307,DOL,6.65213,9.31314,6.75474
E,X0+P1,oxidation,gpr,random,direct,seed=307,TEGDME,5.95045,7.59532,7.35932
E,X0+P1,oxidation,gpr,random,direct,seed=307,EA,7.72405,10.0028,7.71546
E,X0+P1,oxidation,gpr,random,direct,seed=307,MA,7.80119,10.202,7.8276
E,X0+P1,oxidation,gpr,random,direct,seed=307,GBL,7.61103,9.95154,7.36935
E,X0+P1,oxidation,gpr,random,direct,seed=307,SL,7.43224,9.79305,7.73485
E,X0+P1,oxidation,gpr,random,direct,seed=307,DMSO,6.4133,8.81417,6.78522
E,X0+P1,oxidation,gpr,random,direct,seed=307,AN,9.23338,12.1404,7.8946
E,X0+P1,oxidation,gpr,random,direct,seed=307,TMP,8.13737,10.0568,7.40481
E,X0+P1,oxidation,gpr,random,direct,seed=307,SN,9.01366,11.6036,8.50055
E,X0+P1,oxidation,gpr,random,direct,seed=401,DMC,8.1696,10.5799,8.23605
E,X0+P1,oxidation,gpr,random,direct,seed=401,EMC,7.99479,10.2016,8.01883
E,X0+P1,oxidation,gpr,random,direct,seed=401,DEC,7.86403,9.98433,7.93348
E,X0+P1,oxidation,gpr,random,direct,seed=401,EC,8.06066,10.7691,8.14654
E,X0+P1,oxidation,gpr,random,direct,seed=401,PC,8.00702,10.5388,7.9848
E,X0+P1,oxidation,gpr,random,direct,seed=401,FEC,8.83094,11.3226,8.57662
E,X0+P1,oxidation,gpr,random,direct,seed=401,VC,6.86064,9.61883,7.54403
E,X0+P1,oxidation,gpr,random,direct,seed=401,DME,6.50598,8.85602,6.72901
E,X0+P1,oxidation,gpr,random,direct,seed=401,DOL,6.65213,9.31314,6.80458
E,X0+P1,oxidation,gpr,random,direct,seed=401,TEGDME,5.95045,7.59532,7.61601
E,X0+P1,oxidation,gpr,random,direct,seed=401,EA,7.72405,10.0028,7.7648
E,X0+P1,oxidation,gpr,random,direct,seed=401,MA,7.80119,10.202,7.83291
E,X0+P1,oxidation,gpr,random,direct,seed=401,GBL,7.61103,9.95154,7.28105
E,X0+P1,oxidation,gpr,random,direct,seed=401,SL,7.43224,9.79305,7.67495
E,X0+P1,oxidation,gpr,random,direct,seed=401,DMSO,6.4133,8.81417,6.87465
E,X0+P1,oxidation,gpr,random,direct,seed=401,AN,9.23338,12.1404,9.0703
E,X0+P1,oxidation,gpr,random,direct,seed=401,TMP,8.13737,10.0568,7.85264
E,X0+P1,oxidation,gpr,random,direct,seed=401,SN,9.01366,11.6036,8.39438
E,X0+P1,oxidation,gpr,random,direct,seed=503,DMC,8.1696,10.5799,8.21222
E,X0+P1,oxidation,gpr,random,direct,seed=503,EMC,7.99479,10.2016,7.97408
E,X0+P1,oxidation,gpr,random,direct,seed=503,DEC,7.86403,9.98433,7.87615
E,X0+P1,oxidation,gpr,random,direct,seed=503,EC,8.06066,10.7691,8.08892
E,X0+P1,oxidation,gpr,random,direct,seed=503,PC,8.00702,10.5388,7.96443
E,X0+P1,oxidation,gpr,random,direct,seed=503,FEC,8.83094,11.3226,8.82226
E,X0+P1,oxidation,gpr,random,direct,seed=503,VC,6.86064,9.61883,7.78232
E,X0+P1,oxidation,gpr,random,direct,seed=503,DME,6.50598,8.85602,6.39826
E,X0+P1,oxidation,gpr,random,direct,seed=503,DOL,6.65213,9.31314,6.57266
E,X0+P1,oxidation,gpr,random,direct,seed=503,TEGDME,5.95045,7.59532,5.96221
E,X0+P1,oxidation,gpr,random,direct,seed=503,EA,7.72405,10.0028,7.70028
E,X0+P1,oxidation,gpr,random,direct,seed=503,MA,7.80119,10.202,7.78356
E,X0+P1,oxidation,gpr,random,direct,seed=503,GBL,7.61103,9.95154,7.3182
E,X0+P1,oxidation,gpr,random,direct,seed=503,SL,7.43224,9.79305,7.61157
E,X0+P1,oxidation,gpr,random,direct,seed=503,DMSO,6.4133,8.81417,6.99652
E,X0+P1,oxidation,gpr,random,direct,seed=503,AN,9.23338,12.1404,8.40261
E,X0+P1,oxidation,gpr,random,direct,seed=503,TMP,8.13737,10.0568,7.52006
E,X0+P1,oxidation,gpr,random,direct,seed=503,SN,9.01366,11.6036,8.38887
E,X0+P1,oxidation,rf,random,direct,seed=101,DMC,8.1696,10.5799,7.99623
E,X0+P1,oxidation,rf,random,direct,seed=101,EMC,7.99479,10.2016,8.05416
E,X0+P1,oxidation,rf,random,direct,seed=101,DEC,7.86403,9.98433,7.95455
E,X0+P1,oxidation,rf,random,direct,seed=101,EC,8.06066,10.7691,8.12378
E,X0+P1,oxidation,rf,random,direct,seed=101,PC,8.00702,10.5388,8.10715
E,X0+P1,oxidation,rf,random,direct,seed=101,FEC,8.83094,11.3226,8.48605
E,X0+P1,oxidation,rf,random,direct,seed=101,VC,6.86064,9.61883,8.17375
E,X0+P1,oxidation,rf,random,direct,seed=101,DME,6.50598,8.85602,6.64616
E,X0+P1,oxidation,rf,random,direct,seed=101,DOL,6.65213,9.31314,6.80441
E,X0+P1,oxidation,rf,random,direct,seed=101,TEGDME,5.95045,7.59532,6.96432
E,X0+P1,oxidation,rf,random,direct,seed=101,EA,7.72405,10.0028,7.76407
E,X0+P1,oxidation,rf,random,direct,seed=101,MA,7.80119,10.202,7.8661
E,X0+P1,oxidation,rf,random,direct,seed=101,GBL,7.61103,9.95154,7.85841
E,X0+P1,oxidation,rf,random,direct,seed=101,SL,7.43224,9.79305,7.56207
E,X0+P1,oxidation,rf,random,direct,seed=101,DMSO,6.4133,8.81417,6.82323
E,X0+P1,oxidation,rf,random,direct,seed=101,AN,9.23338,12.1404,8.00348
E,X0+P1,oxidation,rf,random,direct,seed=101,TMP,8.13737,10.0568,7.74258
E,X0+P1,oxidation,rf,random,direct,seed=101,SN,9.01366,11.6036,8.49736
E,X0+P1,oxidation,rf,random,direct,seed=211,DMC,8.1696,10.5799,8.02953
E,X0+P1,oxidation,rf,random,direct,seed=211,EMC,7.99479,10.2016,8.09837
E,X0+P1,oxidation,rf,random,direct,seed=211,DEC,7.86403,9.98433,7.98118
E,X0+P1,oxidation,rf,random,direct,seed=211,EC,8.06066,10.7691,8.13741
E,X0+P1,oxidation,rf,random,direct,seed=211,PC,8.00702,10.5388,8.10606
E,X0+P1,oxidation,rf,random,direct,seed=211,FEC,8.83094,11.3226,8.29089
E,X0+P1,oxidation,rf,random,direct,seed=211,VC,6.86064,9.61883,7.84049
E,X0+P1,oxidation,rf,random,direct,seed=211,DME,6.50598,8.85602,6.94533
E,X0+P1,oxidation,rf,random,direct,seed=211,DOL,6.65213,9.31314,6.71892
E,X0+P1,oxidation,rf,random,direct,seed=211,TEGDME,5.95045,7.59532,7.13562
E,X0+P1,oxidation,rf,random,direct,seed=211,EA,7.72405,10.0028,7.78259
E,X0+P1,oxidation,rf,random,direct,seed=211,MA,7.80119,10.202,7.94058
E,X0+P1,oxidation,rf,random,direct,seed=211,GBL,7.61103,9.95154,7.89646
E,X0+P1,oxidation,rf,random,direct,seed=211,SL,7.43224,9.79305,7.55238
E,X0+P1,oxidation,rf,random,direct,seed=211,DMSO,6.4133,8.81417,6.88342
E,X0+P1,oxidation,rf,random,direct,seed=211,AN,9.23338,12.1404,7.99712
E,X0+P1,oxidation,rf,random,direct,seed=211,TMP,8.13737,10.0568,7.52723
E,X0+P1,oxidation,rf,random,direct,seed=211,SN,9.01366,11.6036,8.46296
E,X0+P1,oxidation,rf,random,direct,seed=307,DMC,8.1696,10.5799,8.00006
E,X0+P1,oxidation,rf,random,direct,seed=307,EMC,7.99479,10.2016,7.90843
E,X0+P1,oxidation,rf,random,direct,seed=307,DEC,7.86403,9.98433,8.03189
E,X0+P1,oxidation,rf,random,direct,seed=307,EC,8.06066,10.7691,8.11614
E,X0+P1,oxidation,rf,random,direct,seed=307,PC,8.00702,10.5388,8.09621
E,X0+P1,oxidation,rf,random,direct,seed=307,FEC,8.83094,11.3226,8.50999
E,X0+P1,oxidation,rf,random,direct,seed=307,VC,6.86064,9.61883,8.4285
E,X0+P1,oxidation,rf,random,direct,seed=307,DME,6.50598,8.85602,6.66021
E,X0+P1,oxidation,rf,random,direct,seed=307,DOL,6.65213,9.31314,6.84666
E,X0+P1,oxidation,rf,random,direct,seed=307,TEGDME,5.95045,7.59532,6.92032
E,X0+P1,oxidation,rf,random,direct,seed=307,EA,7.72405,10.0028,7.99255
E,X0+P1,oxidation,rf,random,direct,seed=307,MA,7.80119,10.202,7.88026
E,X0+P1,oxidation,rf,random,direct,seed=307,GBL,7.61103,9.95154,8.06489
E,X0+P1,oxidation,rf,random,direct,seed=307,SL,7.43224,9.79305,7.57056
E,X0+P1,oxidation,rf,random,direct,seed=307,DMSO,6.4133,8.81417,7.06899
E,X0+P1,oxidation,rf,random,direct,seed=307,AN,9.23338,12.1404,7.8979
E,X0+P1,oxidation,rf,random,direct,seed=307,TMP,8.13737,10.0568,7.69793
E,X0+P1,oxidation,rf,random,direct,seed=307,SN,9.01366,11.6036,8.41396
E,X0+P1,oxidation,rf,random,direct,seed=401,DMC,8.1696,10.5799,8.01477
E,X0+P1,oxidation,rf,random,direct,seed=401,EMC,7.99479,10.2016,8.13337
E,X0+P1,oxidation,rf,random,direct,seed=401,DEC,7.86403,9.98433,8.07059
E,X0+P1,oxidation,rf,random,direct,seed=401,EC,8.06066,10.7691,8.2237
E,X0+P1,oxidation,rf,random,direct,seed=401,PC,8.00702,10.5388,8.12148
E,X0+P1,oxidation,rf,random,direct,seed=401,FEC,8.83094,11.3226,8.4949
E,X0+P1,oxidation,rf,random,direct,seed=401,VC,6.86064,9.61883,7.9763
E,X0+P1,oxidation,rf,random,direct,seed=401,DME,6.50598,8.85602,6.67522
E,X0+P1,oxidation,rf,random,direct,seed=401,DOL,6.65213,9.31314,6.91934
E,X0+P1,oxidation,rf,random,direct,seed=401,TEGDME,5.95045,7.59532,7.19045
E,X0+P1,oxidation,rf,random,direct,seed=401,EA,7.72405,10.0028,7.71944
E,X0+P1,oxidation,rf,random,direct,seed=401,MA,7.80119,10.202,7.86373
E,X0+P1,oxidation,rf,random,direct,seed=401,GBL,7.61103,9.95154,7.86045
E,X0+P1,oxidation,rf,random,direct,seed=401,SL,7.43224,9.79305,7.5788
E,X0+P1,oxidation,rf,random,direct,seed=401,DMSO,6.4133,8.81417,7.06249
E,X0+P1,oxidation,rf,random,direct,seed=401,AN,9.23338,12.1404,7.90599
E,X0+P1,oxidation,rf,random,direct,seed=401,TMP,8.13737,10.0568,7.6613
E,X0+P1,oxidation,rf,random,direct,seed=401,SN,9.01366,11.6036,8.52776
E,X0+P1,oxidation,rf,random,direct,seed=503,DMC,8.1696,10.5799,8.05121
E,X0+P1,oxidation,rf,random,direct,seed=503,EMC,7.99479,10.2016,8.10354
E,X0+P1,oxidation,rf,random,direct,seed=503,DEC,7.86403,9.98433,7.99703
E,X0+P1,oxidation,rf,random,direct,seed=503,EC,8.06066,10.7691,8.15642
E,X0+P1,oxidation,rf,random,direct,seed=503,PC,8.00702,10.5388,8.13695
E,X0+P1,oxidation,rf,random,direct,seed=503,FEC,8.83094,11.3226,8.52031
E,X0+P1,oxidation,rf,random,direct,seed=503,VC,6.86064,9.61883,8.24818
E,X0+P1,oxidation,rf,random,direct,seed=503,DME,6.50598,8.85602,6.65978
E,X0+P1,oxidation,rf,random,direct,seed=503,DOL,6.65213,9.31314,6.84201
E,X0+P1,oxidation,rf,random,direct,seed=503,TEGDME,5.95045,7.59532,6.95816
E,X0+P1,oxidation,rf,random,direct,seed=503,EA,7.72405,10.0028,7.83
E,X0+P1,oxidation,rf,random,direct,seed=503,MA,7.80119,10.202,7.99225
E,X0+P1,oxidation,rf,random,direct,seed=503,GBL,7.61103,9.95154,7.7602
E,X0+P1,oxidation,rf,random,direct,seed=503,SL,7.43224,9.79305,7.51196
E,X0+P1,oxidation,rf,random,direct,seed=503,DMSO,6.4133,8.81417,6.86383
E,X0+P1,oxidation,rf,random,direct,seed=503,AN,9.23338,12.1404,7.91932
E,X0+P1,oxidation,rf,random,direct,seed=503,TMP,8.13737,10.0568,7.73971
E,X0+P1,oxidation,rf,random,direct,seed=503,SN,9.01366,11.6036,8.42183
E,X0+P1,oxidation,gbdt,random,direct,seed=101,DMC,8.1696,10.5799,8.02925
E,X0+P1,oxidation,gbdt,random,direct,seed=101,EMC,7.99479,10.2016,8.07291
E,X0+P1,oxidation,gbdt,random,direct,seed=101,DEC,7.86403,9.98433,7.9722
E,X0+P1,oxidation,gbdt,random,direct,seed=101,EC,8.06066,10.7691,8.11857
E,X0+P1,oxidation,gbdt,random,direct,seed=101,PC,8.00702,10.5388,8.06712
E,X0+P1,oxidation,gbdt,random,direct,seed=101,FEC,8.83094,11.3226,8.99986
E,X0+P1,oxidation,gbdt,random,direct,seed=101,VC,6.86064,9.61883,8.01166
E,X0+P1,oxidation,gbdt,random,direct,seed=101,DME,6.50598,8.85602,6.5455
E,X0+P1,oxidation,gbdt,random,direct,seed=101,DOL,6.65213,9.31314,6.59473
E,X0+P1,oxidation,gbdt,random,direct,seed=101,TEGDME,5.95045,7.59532,6.67285
E,X0+P1,oxidation,gbdt,random,direct,seed=101,EA,7.72405,10.0028,7.77544
E,X0+P1,oxidation,gbdt,random,direct,seed=101,MA,7.80119,10.202,7.84381
E,X0+P1,oxidation,gbdt,random,direct,seed=101,GBL,7.61103,9.95154,7.72514
E,X0+P1,oxidation,gbdt,random,direct,seed=101,SL,7.43224,9.79305,7.62731
E,X0+P1,oxidation,gbdt,random,direct,seed=101,DMSO,6.4133,8.81417,6.48322
E,X0+P1,oxidation,gbdt,random,direct,seed=101,AN,9.23338,12.1404,8.01834
E,X0+P1,oxidation,gbdt,random,direct,seed=101,TMP,8.13737,10.0568,7.87198
E,X0+P1,oxidation,gbdt,random,direct,seed=101,SN,9.01366,11.6036,8.77185
E,X0+P1,oxidation,gbdt,random,direct,seed=211,DMC,8.1696,10.5799,8.0084
E,X0+P1,oxidation,gbdt,random,direct,seed=211,EMC,7.99479,10.2016,8.0651
E,X0+P1,oxidation,gbdt,random,direct,seed=211,DEC,7.86403,9.98433,7.96309
E,X0+P1,oxidation,gbdt,random,direct,seed=211,EC,8.06066,10.7691,8.135
E,X0+P1,oxidation,gbdt,random,direct,seed=211,PC,8.00702,10.5388,8.06607
E,X0+P1,oxidation,gbdt,random,direct,seed=211,FEC,8.83094,11.3226,8.3258
E,X0+P1,oxidation,gbdt,random,direct,seed=211,VC,6.86064,9.61883,7.74214
E,X0+P1,oxidation,gbdt,random,direct,seed=211,DME,6.50598,8.85602,6.86532
E,X0+P1,oxidation,gbdt,random,direct,seed=211,DOL,6.65213,9.31314,6.59134
E,X0+P1,oxidation,gbdt,random,direct,seed=211,TEGDME,5.95045,7.59532,6.93879
E,X0+P1,oxidation,gbdt,random,direct,seed=211,EA,7.72405,10.0028,7.83109
E,X0+P1,oxidation,gbdt,random,direct,seed=211,MA,7.80119,10.202,7.96806
E,X0+P1,oxidation,gbdt,random,direct,seed=211,GBL,7.61103,9.95154,7.71758
E,X0+P1,oxidation,gbdt,random,direct,seed=211,SL,7.43224,9.79305,7.53631
E,X0+P1,oxidation,gbdt,random,direct,seed=211,DMSO,6.4133,8.81417,6.67717
E,X0+P1,oxidation,gbdt,random,direct,seed=211,AN,9.23338,12.1404,8.15844
E,X0+P1,oxidation,gbdt,random,direct,seed=211,TMP,8.13737,10.0568,7.88195
E,X0+P1,oxidation,gbdt,random,direct,seed=211,SN,9.01366,11.6036,8.8866
E,X0+P1,oxidation,gbdt,random,direct,seed=307,DMC,8.1696,10.5799,7.99637
E,X0+P1,oxidation,gbdt,random,direct,seed=307,EMC,7.99479,10.2016,7.86712
E,X0+P1,oxidation,gbdt,random,direct,seed=307,DEC,7.86403,9.98433,7.74483
E,X0+P1,oxidation,gbdt,random,direct,seed=307,EC,8.06066,10.7691,8.1691
E,X0+P1,oxidation,gbdt,random,direct,seed=307,PC,8.00702,10.5388,8.04624
E,X0+P1,oxidation,gbdt,random,direct,seed=307,FEC,8.83094,11.3226,9.00756
E,X0+P1,oxidation,gbdt,random,direct,seed=307,VC,6.86064,9.61883,7.91073
E,X0+P1,oxidation,gbdt,random,direct,seed=307,DME,6.50598,8.85602,6.49649
E,X0+P1,oxidation,gbdt,random,direct,seed=307,DOL,6.65213,9.31314,6.52948
E,X0+P1,oxidation,gbdt,random,direct,seed=307,TEGDME,5.95045,7.59532,6.62072
E,X0+P1,oxidation,gbdt,random,direct,seed=307,EA,7.72405,10.0028,7.788
E,X0+P1,oxidation,gbdt,random,direct,seed=307,MA,7.80119,10.202,8.16258
E,X0+P1,oxidation,gbdt,random,direct,seed=307,GBL,7.61103,9.95154,7.79831
E,X0+P1,oxidation,gbdt,random,direct,seed=307,SL,7.43224,9.79305,7.62287
E,X0+P1,oxidation,gbdt,random,direct,seed=307,DMSO,6.4133,8.81417,6.69782
E,X0+P1,oxidation,gbdt,random,direct,seed=307,AN,9.23338,12.1404,8.14402
E,X0+P1,oxidation,gbdt,random,direct,seed=307,TMP,8.13737,10.0568,7.82915
E,X0+P1,oxidation,gbdt,random,direct,seed=307,SN,9.01366,11.6036,8.85489
E,X0+P1,oxidation,gbdt,random,direct,seed=401,DMC,8.1696,10.5799,7.99251
E,X0+P1,oxidation,gbdt,random,direct,seed=401,EMC,7.99479,10.2016,8.13059
E,X0+P1,oxidation,gbdt,random,direct,seed=401,DEC,7.86403,9.98433,8.00054
E,X0+P1,oxidation,gbdt,random,direct,seed=401,EC,8.06066,10.7691,8.25789
E,X0+P1,oxidation,gbdt,random,direct,seed=401,PC,8.00702,10.5388,8.08363
E,X0+P1,oxidation,gbdt,random,direct,seed=401,FEC,8.83094,11.3226,8.98006
E,X0+P1,oxidation,gbdt,random,direct,seed=401,VC,6.86064,9.61883,7.72144
E,X0+P1,oxidation,gbdt,random,direct,seed=401,DME,6.50598,8.85602,6.52224
E,X0+P1,oxidation,gbdt,random,direct,seed=401,DOL,6.65213,9.31314,6.47324
E,X0+P1,oxidation,gbdt,random,direct,seed=401,TEGDME,5.95045,7.59532,6.76577
E,X0+P1,oxidation,gbdt,random,direct,seed=401,EA,7.72405,10.0028,7.77792
E,X0+P1,oxidation,gbdt,random,direct,seed=401,MA,7.80119,10.202,7.89236
E,X0+P1,oxidation,gbdt,random,direct,seed=401,GBL,7.61103,9.95154,7.72308
E,X0+P1,oxidation,gbdt,random,direct,seed=401,SL,7.43224,9.79305,7.74572
E,X0+P1,oxidation,gbdt,random,direct,seed=401,DMSO,6.4133,8.81417,6.5363
E,X0+P1,oxidation,gbdt,random,direct,seed=401,AN,9.23338,12.1404,8.18993
E,X0+P1,oxidation,gbdt,random,direct,seed=401,TMP,8.13737,10.0568,7.86456
E,X0+P1,oxidation,gbdt,random,direct,seed=401,SN,9.01366,11.6036,8.78222
E,X0+P1,oxidation,gbdt,random,direct,seed=503,DMC,8.1696,10.5799,7.99689
E,X0+P1,oxidation,gbdt,random,direct,seed=503,EMC,7.99479,10.2016,8.13086
E,X0+P1,oxidation,gbdt,random,direct,seed=503,DEC,7.86403,9.98433,7.96954
E,X0+P1,oxidation,gbdt,random,direct,seed=503,EC,8.06066,10.7691,8.15349
E,X0+P1,oxidation,gbdt,random,direct,seed=503,PC,8.00702,10.5388,8.08116
E,X0+P1,oxidation,gbdt,random,direct,seed=503,FEC,8.83094,11.3226,8.9752
E,X0+P1,oxidation,gbdt,random,direct,seed=503,VC,6.86064,9.61883,7.99767
E,X0+P1,oxidation,gbdt,random,direct,seed=503,DME,6.50598,8.85602,6.48133
E,X0+P1,oxidation,gbdt,random,direct,seed=503,DOL,6.65213,9.31314,6.56739
E,X0+P1,oxidation,gbdt,random,direct,seed=503,TEGDME,5.95045,7.59532,6.82017
E,X0+P1,oxidation,gbdt,random,direct,seed=503,EA,7.72405,10.0028,7.95479
E,X0+P1,oxidation,gbdt,random,direct,seed=503,MA,7.80119,10.202,8.26035
E,X0+P1,oxidation,gbdt,random,direct,seed=503,GBL,7.61103,9.95154,7.69103
E,X0+P1,oxidation,gbdt,random,direct,seed=503,SL,7.43224,9.79305,7.54867
E,X0+P1,oxidation,gbdt,random,direct,seed=503,DMSO,6.4133,8.81417,6.59282
E,X0+P1,oxidation,gbdt,random,direct,seed=503,AN,9.23338,12.1404,8.15685
E,X0+P1,oxidation,gbdt,random,direct,seed=503,TMP,8.13737,10.0568,7.91129
E,X0+P1,oxidation,gbdt,random,direct,seed=503,SN,9.01366,11.6036,8.81657
E,X0+P1,oxidation,constant,random,shift,seed=101,DMC,8.1696,10.5799,8.41633
E,X0+P1,oxidation,constant,random,shift,seed=101,EMC,7.99479,10.2016,7.79131
E,X0+P1,oxidation,constant,random,shift,seed=101,DEC,7.86403,9.98433,7.57405
E,X0+P1,oxidation,constant,random,shift,seed=101,EC,8.06066,10.7691,8.17523
E,X0+P1,oxidation,constant,random,shift,seed=101,PC,8.00702,10.5388,7.88606
E,X0+P1,oxidation,constant,random,shift,seed=101,FEC,8.83094,11.3226,8.65645
E,X0+P1,oxidation,constant,random,shift,seed=101,VC,6.86064,9.61883,7.04152
E,X0+P1,oxidation,constant,random,shift,seed=101,DME,6.50598,8.85602,6.70307
E,X0+P1,oxidation,constant,random,shift,seed=101,DOL,6.65213,9.31314,6.96311
E,X0+P1,oxidation,constant,random,shift,seed=101,TEGDME,5.95045,7.59532,5.24529
E,X0+P1,oxidation,constant,random,shift,seed=101,EA,7.72405,10.0028,7.63216
E,X0+P1,oxidation,constant,random,shift,seed=101,MA,7.80119,10.202,7.89239
E,X0+P1,oxidation,constant,random,shift,seed=101,GBL,7.61103,9.95154,7.61172
E,X0+P1,oxidation,constant,random,shift,seed=101,SL,7.43224,9.79305,7.40766
E,X0+P1,oxidation,constant,random,shift,seed=101,DMSO,6.4133,8.81417,6.41093
E,X0+P1,oxidation,constant,random,shift,seed=101,AN,9.23338,12.1404,9.55046
E,X0+P1,oxidation,constant,random,shift,seed=101,TMP,8.13737,10.0568,7.63396
E,X0+P1,oxidation,constant,random,shift,seed=101,SN,9.01366,11.6036,8.69658
E,X0+P1,oxidation,constant,random,shift,seed=211,DMC,8.1696,10.5799,8.41633
E,X0+P1,oxidation,constant,random,shift,seed=211,EMC,7.99479,10.2016,7.79131
E,X0+P1,oxidation,constant,random,shift,seed=211,DEC,7.86403,9.98433,7.57405
E,X0+P1,oxidation,constant,random,shift,seed=211,EC,8.06066,10.7691,8.17523
E,X0+P1,oxidation,constant,random,shift,seed=211,PC,8.00702,10.5388,7.88606
E,X0+P1,oxidation,constant,random,shift,seed=211,FEC,8.83094,11.3226,8.65645
E,X0+P1,oxidation,constant,random,shift,seed=211,VC,6.86064,9.61883,7.04152
E,X0+P1,oxidation,constant,random,shift,seed=211,DME,6.50598,8.85602,6.195
E,X0+P1,oxidation,constant,random,shift,seed=211,DOL,6.65213,9.31314,7.31569
E,X0+P1,oxidation,constant,random,shift,seed=211,TEGDME,5.95045,7.59532,4.93431
E,X0+P1,oxidation,constant,random,shift,seed=211,EA,7.72405,10.0028,7.63216
E,X0+P1,oxidation,constant,random,shift,seed=211,MA,7.80119,10.202,7.89239
E,X0+P1,oxidation,constant,random,shift,seed=211,GBL,7.61103,9.95154,7.61172
E,X0+P1,oxidation,constant,random,shift,seed=211,SL,7.43224,9.79305,7.44153
E,X0+P1,oxidation,constant,random,shift,seed=211,DMSO,6.4133,8.81417,6.42693
E,X0+P1,oxidation,constant,random,shift,seed=211,AN,9.23338,12.1404,9.55046
E,X0+P1,oxidation,constant,random,shift,seed=211,TMP,8.13737,10.0568,7.6692
E,X0+P1,oxidation,constant,random,shift,seed=211,SN,9.01366,11.6036,8.69658
E,X0+P1,oxidation,constant,random,shift,seed=307,DMC,8.1696,10.5799,8.41633
E,X0+P1,oxidation,constant,random,shift,seed=307,EMC,7.99479,10.2016,7.9363
E,X0+P1,oxidation,constant,random,shift,seed=307,DEC,7.86403,9.98433,7.67579
E,X0+P1,oxidation,constant,random,shift,seed=307,EC,8.06066,10.7691,8.12412
E,X0+P1,oxidation,constant,random,shift,seed=307,PC,8.00702,10.5388,7.88606
E,X0+P1,oxidation,constant,random,shift,seed=307,FEC,8.83094,11.3226,8.6776
E,X0+P1,oxidation,constant,random,shift,seed=307,VC,6.86064,9.61883,7.04152
E,X0+P1,oxidation,constant,random,shift,seed=307,DME,6.50598,8.85602,6.70307
E,X0+P1,oxidation,constant,random,shift,seed=307,DOL,6.65213,9.31314,7.31569
E,X0+P1,oxidation,constant,random,shift,seed=307,TEGDME,5.95045,7.59532,5.0898
E,X0+P1,oxidation,constant,random,shift,seed=307,EA,7.72405,10.0028,7.60199
E,X0+P1,oxidation,constant,random,shift,seed=307,MA,7.80119,10.202,7.89239
E,X0+P1,oxidation,constant,random,shift,seed=307,GBL,7.61103,9.95154,7.55069
E,X0+P1,oxidation,constant,random,shift,seed=307,SL,7.43224,9.79305,7.37634
E,X0+P1,oxidation,constant,random,shift,seed=307,DMSO,6.4133,8.81417,6.32061
E,X0+P1,oxidation,constant,random,shift,seed=307,AN,9.23338,12.1404,9.55046
E,X0+P1,oxidation,constant,random,shift,seed=307,TMP,8.13737,10.0568,7.56326
E,X0+P1,oxidation,constant,random,shift,seed=307,SN,9.01366,11.6036,8.69658
E,X0+P1,oxidation,constant,random,shift,seed=401,DMC,8.1696,10.5799,8.41633
E,X0+P1,oxidation,constant,random,shift,seed=401,EMC,7.99479,10.2016,7.79131
E,X0+P1,oxidation,constant,random,shift,seed=401,DEC,7.86403,9.98433,7.57405
E,X0+P1,oxidation,constant,random,shift,seed=401,EC,8.06066,10.7691,8.17523
E,X0+P1,oxidation,constant,random,shift,seed=401,PC,8.00702,10.5388,7.88606
E,X0+P1,oxidation,constant,random,shift,seed=401,FEC,8.83094,11.3226,8.65645
E,X0+P1,oxidation,constant,random,shift,seed=401,VC,6.86064,9.61883,7.04152
E,X0+P1,oxidation,constant,random,shift,seed=401,DME,6.50598,8.85602,6.70307
E,X0+P1,oxidation,constant,random,shift,seed=401,DOL,6.65213,9.31314,6.96311
E,X0+P1,oxidation,constant,random,shift,seed=401,TEGDME,5.95045,7.59532,5.24529
E,X0+P1,oxidation,constant,random,shift,seed=401,EA,7.72405,10.0028,7.66234
E,X0+P1,oxidation,constant,random,shift,seed=401,MA,7.80119,10.202,7.86153
E,X0+P1,oxidation,constant,random,shift,seed=401,GBL,7.61103,9.95154,7.61172
E,X0+P1,oxidation,constant,random,shift,seed=401,SL,7.43224,9.79305,7.40604
E,X0+P1,oxidation,constant,random,shift,seed=401,DMSO,6.4133,8.81417,6.42716
E,X0+P1,oxidation,constant,random,shift,seed=401,AN,9.23338,12.1404,9.55046
E,X0+P1,oxidation,constant,random,shift,seed=401,TMP,8.13737,10.0568,7.62536
E,X0+P1,oxidation,constant,random,shift,seed=401,SN,9.01366,11.6036,8.69658
E,X0+P1,oxidation,constant,random,shift,seed=503,DMC,8.1696,10.5799,8.41633
E,X0+P1,oxidation,constant,random,shift,seed=503,EMC,7.99479,10.2016,7.79131
E,X0+P1,oxidation,constant,random,shift,seed=503,DEC,7.86403,9.98433,7.57405
E,X0+P1,oxidation,constant,random,shift,seed=503,EC,8.06066,10.7691,8.17523
E,X0+P1,oxidation,constant,random,shift,seed=503,PC,8.00702,10.5388,7.88606
E,X0+P1,oxidation,constant,random,shift,seed=503,FEC,8.83094,11.3226,8.65645
E,X0+P1,oxidation,constant,random,shift,seed=503,VC,6.86064,9.61883,7.04152
E,X0+P1,oxidation,constant,random,shift,seed=503,DME,6.50598,8.85602,6.70307
E,X0+P1,oxidation,constant,random,shift,seed=503,DOL,6.65213,9.31314,6.96311
E,X0+P1,oxidation,constant,random,shift,seed=503,TEGDME,5.95045,7.59532,5.24529
E,X0+P1,oxidation,constant,random,shift,seed=503,EA,7.72405,10.0028,7.66234
E,X0+P1,oxidation,constant,random,shift,seed=503,MA,7.80119,10.202,7.86153
E,X0+P1,oxidation,constant,random,shift,seed=503,GBL,7.61103,9.95154,7.61172
E,X0+P1,oxidation,constant,random,shift,seed=503,SL,7.43224,9.79305,7.39084
E,X0+P1,oxidation,constant,random,shift,seed=503,DMSO,6.4133,8.81417,6.39831
E,X0+P1,oxidation,constant,random,shift,seed=503,AN,9.23338,12.1404,9.55046
E,X0+P1,oxidation,constant,random,shift,seed=503,TMP,8.13737,10.0568,7.66589
E,X0+P1,oxidation,constant,random,shift,seed=503,SN,9.01366,11.6036,8.69658
E,X0+P1,oxidation,ridge,random,shift,seed=101,DMC,8.1696,10.5799,8.22507
E,X0+P1,oxidation,ridge,random,shift,seed=101,EMC,7.99479,10.2016,7.88678
E,X0+P1,oxidation,ridge,random,shift,seed=101,DEC,7.86403,9.98433,7.73729
E,X0+P1,oxidation,ridge,random,shift,seed=101,EC,8.06066,10.7691,8.20737
E,X0+P1,oxidation,ridge,random,shift,seed=101,PC,8.00702,10.5388,8.0146
E,X0+P1,oxidation,ridge,random,shift,seed=101,FEC,8.83094,11.3226,8.82378
E,X0+P1,oxidation,ridge,random,shift,seed=101,VC,6.86064,9.61883,7.16377
E,X0+P1,oxidation,ridge,random,shift,seed=101,DME,6.50598,8.85602,6.52149
E,X0+P1,oxidation,ridge,random,shift,seed=101,DOL,6.65213,9.31314,6.77449
E,X0+P1,oxidation,ridge,random,shift,seed=101,TEGDME,5.95045,7.59532,6.59476
E,X0+P1,oxidation,ridge,random,shift,seed=101,EA,7.72405,10.0028,7.6805
E,X0+P1,oxidation,ridge,random,shift,seed=101,MA,7.80119,10.202,7.79444
E,X0+P1,oxidation,ridge,random,shift,seed=101,GBL,7.61103,9.95154,7.36868
E,X0+P1,oxidation,ridge,random,shift,seed=101,SL,7.43224,9.79305,7.35138
E,X0+P1,oxidation,ridge,random,shift,seed=101,DMSO,6.4133,8.81417,6.31672
E,X0+P1,oxidation,ridge,random,shift,seed=101,AN,9.23338,12.1404,9.49587
E,X0+P1,oxidation,ridge,random,shift,seed=101,TMP,8.13737,10.0568,8.01706
E,X0+P1,oxidation,ridge,random,shift,seed=101,SN,9.01366,11.6036,9.11801
E,X0+P1,oxidation,ridge,random,shift,seed=211,DMC,8.1696,10.5799,8.12316
E,X0+P1,oxidation,ridge,random,shift,seed=211,EMC,7.99479,10.2016,7.90337
E,X0+P1,oxidation,ridge,random,shift,seed=211,DEC,7.86403,9.98433,7.74814
E,X0+P1,oxidation,ridge,random,shift,seed=211,EC,8.06066,10.7691,8.20918
E,X0+P1,oxidation,ridge,random,shift,seed=211,PC,8.00702,10.5388,7.92676
E,X0+P1,oxidation,ridge,random,shift,seed=211,FEC,8.83094,11.3226,8.76246
E,X0+P1,oxidation,ridge,random,shift,seed=211,VC,6.86064,9.61883,7.21407
E,X0+P1,oxidation,ridge,random,shift,seed=211,DME,6.50598,8.85602,6.6226
E,X0+P1,oxidation,ridge,random,shift,seed=211,DOL,6.65213,9.31314,6.95764
E,X0+P1,oxidation,ridge,random,shift,seed=211,TEGDME,5.95045,7.59532,6.97821
E,X0+P1,oxidation,ridge,random,shift,seed=211,EA,7.72405,10.0028,7.72364
E,X0+P1,oxidation,ridge,random,shift,seed=211,MA,7.80119,10.202,7.78181
E,X0+P1,oxidation,ridge,random,shift,seed=211,GBL,7.61103,9.95154,7.35913
E,X0+P1,oxidation,ridge,random,shift,seed=211,SL,7.43224,9.79305,7.33781
E,X0+P1,oxidation,ridge,random,shift,seed=211,DMSO,6.4133,8.81417,6.44552
E,X0+P1,oxidation,ridge,random,shift,seed=211,AN,9.23338,12.1404,9.52756
E,X0+P1,oxidation,ridge,random,shift,seed=211,TMP,8.13737,10.0568,7.87565
E,X0+P1,oxidation,ridge,random,shift,seed=211,SN,9.01366,11.6036,9.14588
E,X0+P1,oxidation,ridge,random,shift,seed=307,DMC,8.1696,10.5799,8.31271
E,X0+P1,oxidation,ridge,random,shift,seed=307,EMC,7.99479,10.2016,7.92545
E,X0+P1,oxidation,ridge,random,shift,seed=307,DEC,7.86403,9.98433,7.9134
E,X0+P1,oxidation,ridge,random,shift,seed=307,EC,8.06066,10.7691,8.13084
E,X0+P1,oxidation,ridge,random,shift,seed=307,PC,8.00702,10.5388,8.04078
E,X0+P1,oxidation,ridge,random,shift,seed=307,FEC,8.83094,11.3226,8.99864
E,X0+P1,oxidation,ridge,random,shift,seed=307,VC,6.86064,9.61883,7.15028
E,X0+P1,oxidation,ridge,random,shift,seed=307,DME,6.50598,8.85602,6.02433
E,X0+P1,oxidation,ridge,random,shift,seed=307,DOL,6.65213,9.31314,6.9888
E,X0+P1,oxidation,ridge,random,shift,seed=307,TEGDME,5.95045,7.59532,6.47548
E,X0+P1,oxidation,ridge,random,shift,seed=307,EA,7.72405,10.0028,7.72791
E,X0+P1,oxidation,ridge,random,shift,seed=307,MA,7.80119,10.202,7.74735
E,X0+P1,oxidation,ridge,random,shift,seed=307,GBL,7.61103,9.95154,7.39283
E,X0+P1,oxidation,ridge,random,shift,seed=307,SL,7.43224,9.79305,7.79159
E,X0+P1,oxidation,ridge,random,shift,seed=307,DMSO,6.4133,8.81417,6.44711
E,X0+P1,oxidation,ridge,random,shift,seed=307,AN,9.23338,12.1404,9.52146
E,X0+P1,oxidation,ridge,random,shift,seed=307,TMP,8.13737,10.0568,7.87782
E,X0+P1,oxidation,ridge,random,shift,seed=307,SN,9.01366,11.6036,9.12043
E,X0+P1,oxidation,ridge,random,shift,seed=401,DMC,8.1696,10.5799,8.24562
E,X0+P1,oxidation,ridge,random,shift,seed=401,EMC,7.99479,10.2016,7.88563
E,X0+P1,oxidation,ridge,random,shift,seed=401,DEC,7.86403,9.98433,7.73628
E,X0+P1,oxidation,ridge,random,shift,seed=401,EC,8.06066,10.7691,8.22366
E,X0+P1,oxidation,ridge,random,shift,seed=401,PC,8.00702,10.5388,8.00412
E,X0+P1,oxidation,ridge,random,shift,seed=401,FEC,8.83094,11.3226,8.75705
E,X0+P1,oxidation,ridge,random,shift,seed=401,VC,6.86064,9.61883,7.17394
E,X0+P1,oxidation,ridge,random,shift,seed=401,DME,6.50598,8.85602,6.48767
E,X0+P1,oxidation,ridge,random,shift,seed=401,DOL,6.65213,9.31314,6.83143
E,X0+P1,oxidation,ridge,random,shift,seed=401,TEGDME,5.95045,7.59532,6.70783
E,X0+P1,oxidation,ridge,random,shift,seed=401,EA,7.72405,10.0028,7.63159
E,X0+P1,oxidation,ridge,random,shift,seed=401,MA,7.80119,10.202,7.76418
E,X0+P1,oxidation,ridge,random,shift,seed=401,GBL,7.61103,9.95154,7.40756
E,X0+P1,oxidation,ridge,random,shift,seed=401,SL,7.43224,9.79305,7.30766
E,X0+P1,oxidation,ridge,random,shift,seed=401,DMSO,6.4133,8.81417,6.32348
E,X0+P1,oxidation,ridge,random,shift,seed=401,AN,9.23338,12.1404,9.52712
E,X0+P1,oxidation,ridge,random,shift,seed=401,TMP,8.13737,10.0568,7.94975
E,X0+P1,oxidation,ridge,random,shift,seed=401,SN,9.01366,11.6036,9.10978
E,X0+P1,oxidation,ridge,random,shift,seed=503,DMC,8.1696,10.5799,8.22363
E,X0+P1,oxidation,ridge,random,shift,seed=503,EMC,7.99479,10.2016,7.88441
E,X0+P1,oxidation,ridge,random,shift,seed=503,DEC,7.86403,9.98433,7.73607
E,X0+P1,oxidation,ridge,random,shift,seed=503,EC,8.06066,10.7691,8.19627
E,X0+P1,oxidation,ridge,random,shift,seed=503,PC,8.00702,10.5388,8.00601
E,X0+P1,oxidation,ridge,random,shift,seed=503,FEC,8.83094,11.3226,8.78303
E,X0+P1,oxidation,ridge,random,shift,seed=503,VC,6.86064,9.61883,7.16909
E,X0+P1,oxidation,ridge,random,shift,seed=503,DME,6.50598,8.85602,6.51895
E,X0+P1,oxidation,ridge,random,shift,seed=503,DOL,6.65213,9.31314,6.62254
E,X0+P1,oxidation,ridge,random,shift,seed=503,TEGDME,5.95045,7.59532,6.34712
E,X0+P1,oxidation,ridge,random,shift,seed=503,EA,7.72405,10.0028,7.60107
E,X0+P1,oxidation,ridge,random,shift,seed=503,MA,7.80119,10.202,7.73463
E,X0+P1,oxidation,ridge,random,shift,seed=503,GBL,7.61103,9.95154,7.39115
E,X0+P1,oxidation,ridge,random,shift,seed=503,SL,7.43224,9.79305,7.32662
E,X0+P1,oxidation,ridge,random,shift,seed=503,DMSO,6.4133,8.81417,6.32802
E,X0+P1,oxidation,ridge,random,shift,seed=503,AN,9.23338,12.1404,9.4956
E,X0+P1,oxidation,ridge,random,shift,seed=503,TMP,8.13737,10.0568,7.84782
E,X0+P1,oxidation,ridge,random,shift,seed=503,SN,9.01366,11.6036,9.07037
E,X0+P1,oxidation,krr,random,shift,seed=101,DMC,8.1696,10.5799,8.23158
E,X0+P1,oxidation,krr,random,shift,seed=101,EMC,7.99479,10.2016,7.83448
E,X0+P1,oxidation,krr,random,shift,seed=101,DEC,7.86403,9.98433,7.65829
E,X0+P1,oxidation,krr,random,shift,seed=101,EC,8.06066,10.7691,8.27752
E,X0+P1,oxidation,krr,random,shift,seed=101,PC,8.00702,10.5388,8.08629
E,X0+P1,oxidation,krr,random,shift,seed=101,FEC,8.83094,11.3226,8.73963
E,X0+P1,oxidation,krr,random,shift,seed=101,VC,6.86064,9.61883,7.21689
E,X0+P1,oxidation,krr,random,shift,seed=101,DME,6.50598,8.85602,6.38328
E,X0+P1,oxidation,krr,random,shift,seed=101,DOL,6.65213,9.31314,6.94149
E,X0+P1,oxidation,krr,random,shift,seed=101,TEGDME,5.95045,7.59532,6.30205
E,X0+P1,oxidation,krr,random,shift,seed=101,EA,7.72405,10.0028,7.58058
E,X0+P1,oxidation,krr,random,shift,seed=101,MA,7.80119,10.202,7.80581
E,X0+P1,oxidation,krr,random,shift,seed=101,GBL,7.61103,9.95154,7.36212
E,X0+P1,oxidation,krr,random,shift,seed=101,SL,7.43224,9.79305,7.40843
E,X0+P1,oxidation,krr,random,shift,seed=101,DMSO,6.4133,8.81417,6.35708
E,X0+P1,oxidation,krr,random,shift,seed=101,AN,9.23338,12.1404,9.65485
E,X0+P1,oxidation,krr,random,shift,seed=101,TMP,8.13737,10.0568,7.90366
E,X0+P1,oxidation,krr,random,shift,seed=101,SN,9.01366,11.6036,8.9841
E,X0+P1,oxidation,krr,random,shift,seed=211,DMC,8.1696,10.5799,8.13514
E,X0+P1,oxidation,krr,random,shift,seed=211,EMC,7.99479,10.2016,7.88158
E,X0+P1,oxidation,krr,random,shift,seed=211,DEC,7.86403,9.98433,7.71738
E,X0+P1,oxidation,krr,random,shift,seed=211,EC,8.06066,10.7691,8.22935
E,X0+P1,oxidation,krr,random,shift,seed=211,PC,8.00702,10.5388,8.05785
E,X0+P1,oxidation,krr,random,shift,seed=211,FEC,8.83094,11.3226,8.86915
E,X0+P1,oxidation,krr,random,shift,seed=211,VC,6.86064,9.61883,7.17739
E,X0+P1,oxidation,krr,random,shift,seed=211,DME,6.50598,8.85602,6.61373
E,X0+P1,oxidation,krr,random,shift,seed=211,DOL,6.65213,9.31314,6.99446
E,X0+P1,oxidation,krr,random,shift,seed=211,TEGDME,5.95045,7.59532,6.98979
E,X0+P1,oxidation,krr,random,shift,seed=211,EA,7.72405,10.0028,7.66337
E,X0+P1,oxidation,krr,random,shift,seed=211,MA,7.80119,10.202,7.78893
E,X0+P1,oxidation,krr,random,shift,seed=211,GBL,7.61103,9.95154,7.43059
E,X0+P1,oxidation,krr,random,shift,seed=211,SL,7.43224,9.79305,7.38451
E,X0+P1,oxidation,krr,random,shift,seed=211,DMSO,6.4133,8.81417,6.34583
E,X0+P1,oxidation,krr,random,shift,seed=211,AN,9.23338,12.1404,9.65211
E,X0+P1,oxidation,krr,random,shift,seed=211,TMP,8.13737,10.0568,7.84351
E,X0+P1,oxidation,krr,random,shift,seed=211,SN,9.01366,11.6036,9.07485
E,X0+P1,oxidation,krr,random,shift,seed=307,DMC,8.1696,10.5799,8.28748
E,X0+P1,oxidation,krr,random,shift,seed=307,EMC,7.99479,10.2016,7.91322
E,X0+P1,oxidation,krr,random,shift,seed=307,DEC,7.86403,9.98433,7.64986
E,X0+P1,oxidation,krr,random,shift,seed=307,EC,8.06066,10.7691,8.19585
E,X0+P1,oxidation,krr,random,shift,seed=307,PC,8.00702,10.5388,8.08621
E,X0+P1,oxidation,krr,random,shift,seed=307,FEC,8.83094,11.3226,8.79527
E,X0+P1,oxidation,krr,random,shift,seed=307,VC,6.86064,9.61883,7.21462
E,X0+P1,oxidation,krr,random,shift,seed=307,DME,6.50598,8.85602,6.55985
E,X0+P1,oxidation,krr,random,shift,seed=307,DOL,6.65213,9.31314,7.06269
E,X0+P1,oxidation,krr,random,shift,seed=307,TEGDME,5.95045,7.59532,6.69095
E,X0+P1,oxidation,krr,random,shift,seed=307,EA,7.72405,10.0028,7.5694
E,X0+P1,oxidation,krr,random,shift,seed=307,MA,7.80119,10.202,7.75962
E,X0+P1,oxidation,krr,random,shift,seed=307,GBL,7.61103,9.95154,7.37586
E,X0+P1,oxidation,krr,random,shift,seed=307,SL,7.43224,9.79305,7.40643
E,X0+P1,oxidation,krr,random,shift,seed=307,DMSO,6.4133,8.81417,6.4528
E,X0+P1,oxidation,krr,random,shift,seed=307,AN,9.23338,12.1404,9.70314
E,X0+P1,oxidation,krr,random,shift,seed=307,TMP,8.13737,10.0568,7.93118
E,X0+P1,oxidation,krr,random,shift,seed=307,SN,9.01366,11.6036,9.1754
E,X0+P1,oxidation,krr,random,shift,seed=401,DMC,8.1696,10.5799,8.20702
E,X0+P1,oxidation,krr,random,shift,seed=401,EMC,7.99479,10.2016,7.8397
E,X0+P1,oxidation,krr,random,shift,seed=401,DEC,7.86403,9.98433,7.66348
E,X0+P1,oxidation,krr,random,shift,seed=401,EC,8.06066,10.7691,8.3147
E,X0+P1,oxidation,krr,random,shift,seed=401,PC,8.00702,10.5388,8.06935
E,X0+P1,oxidation,krr,random,shift,seed=401,FEC,8.83094,11.3226,8.84599
E,X0+P1,oxidation,krr,random,shift,seed=401,VC,6.86064,9.61883,7.17668
E,X0+P1,oxidation,krr,random,shift,seed=401,DME,6.50598,8.85602,6.52261
E,X0+P1,oxidation,krr,random,shift,seed=401,DOL,6.65213,9.31314,6.81563
E,X0+P1,oxidation,krr,random,shift,seed=401,TEGDME,5.95045,7.59532,6.779
E,X0+P1,oxidation,krr,random,shift,seed=401,EA,7.72405,10.0028,7.61949
E,X0+P1,oxidation,krr,random,shift,seed=401,MA,7.80119,10.202,7.78662
E,X0+P1,oxidation,krr,random,shift,seed=401,GBL,7.61103,9.95154,7.43838
E,X0+P1,oxidation,krr,random,shift,seed=401,SL,7.43224,9.79305,7.36063
E,X0+P1,oxidation,krr,random,shift,seed=401,DMSO,6.4133,8.81417,6.37123
E,X0+P1,oxidation,krr,random,shift,seed=401,AN,9.23338,12.1404,9.65581
E,X0+P1,oxidation,krr,random,shift,seed=401,TMP,8.13737,10.0568,7.8051
E,X0+P1,oxidation,krr,random,shift,seed=401,SN,9.01366,11.6036,9.16213
E,X0+P1,oxidation,krr,random,shift,seed=503,DMC,8.1696,10.5799,8.18873
E,X0+P1,oxidation,krr,random,shift,seed=503,EMC,7.99479,10.2016,7.82822
E,X0+P1,oxidation,krr,random,shift,seed=503,DEC,7.86403,9.98433,7.65297
E,X0+P1,oxidation,krr,random,shift,seed=503,EC,8.06066,10.7691,8.10895
E,X0+P1,oxidation,krr,random,shift,seed=503,PC,8.00702,10.5388,8.05824
E,X0+P1,oxidation,krr,random,shift,seed=503,FEC,8.83094,11.3226,8.91859
E,X0+P1,oxidation,krr,random,shift,seed=503,VC,6.86064,9.61883,7.21799
E,X0+P1,oxidation,krr,random,shift,seed=503,DME,6.50598,8.85602,6.58455
E,X0+P1,oxidation,krr,random,shift,seed=503,DOL,6.65213,9.31314,6.9827
E,X0+P1,oxidation,krr,random,shift,seed=503,TEGDME,5.95045,7.59532,6.06324
E,X0+P1,oxidation,krr,random,shift,seed=503,EA,7.72405,10.0028,7.57016
E,X0+P1,oxidation,krr,random,shift,seed=503,MA,7.80119,10.202,7.73214
E,X0+P1,oxidation,krr,random,shift,seed=503,GBL,7.61103,9.95154,7.52105
E,X0+P1,oxidation,krr,random,shift,seed=503,SL,7.43224,9.79305,7.35619
E,X0+P1,oxidation,krr,random,shift,seed=503,DMSO,6.4133,8.81417,6.35388
E,X0+P1,oxidation,krr,random,shift,seed=503,AN,9.23338,12.1404,9.65936
E,X0+P1,oxidation,krr,random,shift,seed=503,TMP,8.13737,10.0568,7.75524
E,X0+P1,oxidation,krr,random,shift,seed=503,SN,9.01366,11.6036,8.84961
E,X0+P1,oxidation,gpr,random,shift,seed=101,DMC,8.1696,10.5799,8.26524
E,X0+P1,oxidation,gpr,random,shift,seed=101,EMC,7.99479,10.2016,7.93714
E,X0+P1,oxidation,gpr,random,shift,seed=101,DEC,7.86403,9.98433,7.8324
E,X0+P1,oxidation,gpr,random,shift,seed=101,EC,8.06066,10.7691,8.13918
E,X0+P1,oxidation,gpr,random,shift,seed=101,PC,8.00702,10.5388,7.96468
E,X0+P1,oxidation,gpr,random,shift,seed=101,FEC,8.83094,11.3226,8.67782
E,X0+P1,oxidation,gpr,random,shift,seed=101,VC,6.86064,9.61883,7.14761
E,X0+P1,oxidation,gpr,random,shift,seed=101,DME,6.50598,8.85602,6.36269
E,X0+P1,oxidation,gpr,random,shift,seed=101,DOL,6.65213,9.31314,6.88088
E,X0+P1,oxidation,gpr,random,shift,seed=101,TEGDME,5.95045,7.59532,5.16987
E,X0+P1,oxidation,gpr,random,shift,seed=101,EA,7.72405,10.0028,7.77859
E,X0+P1,oxidation,gpr,random,shift,seed=101,MA,7.80119,10.202,7.797
E,X0+P1,oxidation,gpr,random,shift,seed=101,GBL,7.61103,9.95154,7.35108
E,X0+P1,oxidation,gpr,random,shift,seed=101,SL,7.43224,9.79305,7.53409
E,X0+P1,oxidation,gpr,random,shift,seed=101,DMSO,6.4133,8.81417,6.55743
E,X0+P1,oxidation,gpr,random,shift,seed=101,AN,9.23338,12.1404,9.423
E,X0+P1,oxidation,gpr,random,shift,seed=101,TMP,8.13737,10.0568,7.97449
E,X0+P1,oxidation,gpr,random,shift,seed=101,SN,9.01366,11.6036,8.81131
E,X0+P1,oxidation,gpr,random,shift,seed=211,DMC,8.1696,10.5799,8.20573
E,X0+P1,oxidation,gpr,random,shift,seed=211,EMC,7.99479,10.2016,7.94902
E,X0+P1,oxidation,gpr,random,shift,seed=211,DEC,7.86403,9.98433,7.84334
E,X0+P1,oxidation,gpr,random,shift,seed=211,EC,8.06066,10.7691,8.14005
E,X0+P1,oxidation,gpr,random,shift,seed=211,PC,8.00702,10.5388,7.94884
E,X0+P1,oxidation,gpr,random,shift,seed=211,FEC,8.83094,11.3226,8.65153
E,X0+P1,oxidation,gpr,random,shift,seed=211,VC,6.86064,9.61883,7.17627
E,X0+P1,oxidation,gpr,random,shift,seed=211,DME,6.50598,8.85602,6.41725
E,X0+P1,oxidation,gpr,random,shift,seed=211,DOL,6.65213,9.31314,6.89254
E,X0+P1,oxidation,gpr,random,shift,seed=211,TEGDME,5.95045,7.59532,5.13865
E,X0+P1,oxidation,gpr,random,shift,seed=211,EA,7.72405,10.0028,7.76423
E,X0+P1,oxidation,gpr,random,shift,seed=211,MA,7.80119,10.202,7.79497
E,X0+P1,oxidation,gpr,random,shift,seed=211,GBL,7.61103,9.95154,7.37884
E,X0+P1,oxidation,gpr,random,shift,seed=211,SL,7.43224,9.79305,7.55532
E,X0+P1,oxidation,gpr,random,shift,seed=211,DMSO,6.4133,8.81417,6.48765
E,X0+P1,oxidation,gpr,random,shift,seed=211,AN,9.23338,12.1404,9.61414
E,X0+P1,oxidation,gpr,random,shift,seed=211,TMP,8.13737,10.0568,7.94147
E,X0+P1,oxidation,gpr,random,shift,seed=211,SN,9.01366,11.6036,8.97463
E,X0+P1,oxidation,gpr,random,shift,seed=307,DMC,8.1696,10.5799,8.25731
E,X0+P1,oxidation,gpr,random,shift,seed=307,EMC,7.99479,10.2016,7.97314
E,X0+P1,oxidation,gpr,random,shift,seed=307,DEC,7.86403,9.98433,7.92983
E,X0+P1,oxidation,gpr,random,shift,seed=307,EC,8.06066,10.7691,8.07738
E,X0+P1,oxidation,gpr,random,shift,seed=307,PC,8.00702,10.5388,7.95106
E,X0+P1,oxidation,gpr,random,shift,seed=307,FEC,8.83094,11.3226,8.69726
E,X0+P1,oxidation,gpr,random,shift,seed=307,VC,6.86064,9.61883,7.1173
E,X0+P1,oxidation,gpr,random,shift,seed=307,DME,6.50598,8.85602,6.34799
E,X0+P1,oxidation,gpr,random,shift,seed=307,DOL,6.65213,9.31314,6.91241
E,X0+P1,oxidation,gpr,random,shift,seed=307,TEGDME,5.95045,7.59532,5.10177
E,X0+P1,oxidation,gpr,random,shift,seed=307,EA,7.72405,10.0028,7.67593
E,X0+P1,oxidation,gpr,random,shift,seed=307,MA,7.80119,10.202,7.77948
E,X0+P1,oxidation,gpr,random,shift,seed=307,GBL,7.61103,9.95154,7.35272
E,X0+P1,oxidation,gpr,random,shift,seed=307,SL,7.43224,9.79305,7.55817
E,X0+P1,oxidation,gpr,random,shift,seed=307,DMSO,6.4133,8.81417,6.43149
E,X0+P1,oxidation,gpr,random,shift,seed=307,AN,9.23338,12.1404,9.52227
E,X0+P1,oxidation,gpr,random,shift,seed=307,TMP,8.13737,10.0568,7.7404
E,X0+P1,oxidation,gpr,random,shift,seed=307,SN,9.01366,11.6036,8.83593
E,X0+P1,oxidation,gpr,random,shift,seed=401,DMC,8.1696,10.5799,8.2597
E,X0+P1,oxidation,gpr,random,shift,seed=401,EMC,7.99479,10.2016,7.95975
E,X0+P1,oxidation,gpr,random,shift,seed=401,DEC,7.86403,9.98433,7.86626
E,X0+P1,oxidation,gpr,random,shift,seed=401,EC,8.06066,10.7691,8.16463
E,X0+P1,oxidation,gpr,random,shift,seed=401,PC,8.00702,10.5388,7.94349
E,X0+P1,oxidation,gpr,random,shift,seed=401,FEC,8.83094,11.3226,8.63152
E,X0+P1,oxidation,gpr,random,shift,seed=401,VC,6.86064,9.61883,7.1419
E,X0+P1,oxidation,gpr,random,shift,seed=401,DME,6.50598,8.85602,6.47307
E,X0+P1,oxidation,gpr,random,shift,seed=401,DOL,6.65213,9.31314,6.83125
E,X0+P1,oxidation,gpr,random,shift,seed=401,TEGDME,5.95045,7.59532,5.2084
E,X0+P1,oxidation,gpr,random,shift,seed=401,EA,7.72405,10.0028,7.67822
E,X0+P1,oxidation,gpr,random,shift,seed=401,MA,7.80119,10.202,7.77917
E,X0+P1,oxidation,gpr,random,shift,seed=401,GBL,7.61103,9.95154,7.38653
E,X0+P1,oxidation,gpr,random,shift,seed=401,SL,7.43224,9.79305,7.60512
E,X0+P1,oxidation,gpr,random,shift,seed=401,DMSO,6.4133,8.81417,6.56091
E,X0+P1,oxidation,gpr,random,shift,seed=401,AN,9.23338,12.1404,9.62119
E,X0+P1,oxidation,gpr,random,shift,seed=401,TMP,8.13737,10.0568,8.00227
E,X0+P1,oxidation,gpr,random,shift,seed=401,SN,9.01366,11.6036,8.809
E,X0+P1,oxidation,gpr,random,shift,seed=503,DMC,8.1696,10.5799,8.25329
E,X0+P1,oxidation,gpr,random,shift,seed=503,EMC,7.99479,10.2016,7.93811
E,X0+P1,oxidation,gpr,random,shift,seed=503,DEC,7.86403,9.98433,7.83271
E,X0+P1,oxidation,gpr,random,shift,seed=503,EC,8.06066,10.7691,8.11928
E,X0+P1,oxidation,gpr,random,shift,seed=503,PC,8.00702,10.5388,7.92819
E,X0+P1,oxidation,gpr,random,shift,seed=503,FEC,8.83094,11.3226,8.71313
E,X0+P1,oxidation,gpr,random,shift,seed=503,VC,6.86064,9.61883,7.15786
E,X0+P1,oxidation,gpr,random,shift,seed=503,DME,6.50598,8.85602,6.37199
E,X0+P1,oxidation,gpr,random,shift,seed=503,DOL,6.65213,9.31314,6.7842
E,X0+P1,oxidation,gpr,random,shift,seed=503,TEGDME,5.95045,7.59532,5.2024
E,X0+P1,oxidation,gpr,random,shift,seed=503,EA,7.72405,10.0028,7.67339
E,X0+P1,oxidation,gpr,random,shift,seed=503,MA,7.80119,10.202,7.7377
E,X0+P1,oxidation,gpr,random,shift,seed=503,GBL,7.61103,9.95154,7.39964
E,X0+P1,oxidation,gpr,random,shift,seed=503,SL,7.43224,9.79305,7.58601
E,X0+P1,oxidation,gpr,random,shift,seed=503,DMSO,6.4133,8.81417,6.57114
E,X0+P1,oxidation,gpr,random,shift,seed=503,AN,9.23338,12.1404,9.39995
E,X0+P1,oxidation,gpr,random,shift,seed=503,TMP,8.13737,10.0568,7.96274
E,X0+P1,oxidation,gpr,random,shift,seed=503,SN,9.01366,11.6036,8.79335
E,X0+P1,oxidation,rf,random,shift,seed=101,DMC,8.1696,10.5799,8.13699
E,X0+P1,oxidation,rf,random,shift,seed=101,EMC,7.99479,10.2016,7.7988
E,X0+P1,oxidation,rf,random,shift,seed=101,DEC,7.86403,9.98433,7.65382
E,X0+P1,oxidation,rf,random,shift,seed=101,EC,8.06066,10.7691,8.24607
E,X0+P1,oxidation,rf,random,shift,seed=101,PC,8.00702,10.5388,8.0718
E,X0+P1,oxidation,rf,random,shift,seed=101,FEC,8.83094,11.3226,8.72123
E,X0+P1,oxidation,rf,random,shift,seed=101,VC,6.86064,9.61883,7.1164
E,X0+P1,oxidation,rf,random,shift,seed=101,DME,6.50598,8.85602,6.68228
E,X0+P1,oxidation,rf,random,shift,seed=101,DOL,6.65213,9.31314,6.79702
E,X0+P1,oxidation,rf,random,shift,seed=101,TEGDME,5.95045,7.59532,5.48384
E,X0+P1,oxidation,rf,random,shift,seed=101,EA,7.72405,10.0028,7.65042
E,X0+P1,oxidation,rf,random,shift,seed=101,MA,7.80119,10.202,7.70558
E,X0+P1,oxidation,rf,random,shift,seed=101,GBL,7.61103,9.95154,7.45086
E,X0+P1,oxidation,rf,random,shift,seed=101,SL,7.43224,9.79305,7.47771
E,X0+P1,oxidation,rf,random,shift,seed=101,DMSO,6.4133,8.81417,6.3844
E,X0+P1,oxidation,rf,random,shift,seed=101,AN,9.23338,12.1404,9.58722
E,X0+P1,oxidation,rf,random,shift,seed=101,TMP,8.13737,10.0568,7.90107
E,X0+P1,oxidation,rf,random,shift,seed=101,SN,9.01366,11.6036,9.22718
E,X0+P1,oxidation,rf,random,shift,seed=211,DMC,8.1696,10.5799,8.23053
E,X0+P1,oxidation,rf,random,shift,seed=211,EMC,7.99479,10.2016,7.81874
E,X0+P1,oxidation,rf,random,shift,seed=211,DEC,7.86403,9.98433,7.67147
E,X0+P1,oxidation,rf,random,shift,seed=211,EC,8.06066,10.7691,8.24906
E,X0+P1,oxidation,rf,random,shift,seed=211,PC,8.00702,10.5388,8.1349
E,X0+P1,oxidation,rf,random,shift,seed=211,FEC,8.83094,11.3226,8.8071
E,X0+P1,oxidation,rf,random,shift,seed=211,VC,6.86064,9.61883,7.16433
E,X0+P1,oxidation,rf,random,shift,seed=211,DME,6.50598,8.85602,6.54407
E,X0+P1,oxidation,rf,random,shift,seed=211,DOL,6.65213,9.31314,6.84317
E,X0+P1,oxidation,rf,random,shift,seed=211,TEGDME,5.95045,7.59532,5.41019
E,X0+P1,oxidation,rf,random,shift,seed=211,EA,7.72405,10.0028,7.63474
E,X0+P1,oxidation,rf,random,shift,seed=211,MA,7.80119,10.202,7.66476
E,X0+P1,oxidation,rf,random,shift,seed=211,GBL,7.61103,9.95154,7.44084
E,X0+P1,oxidation,rf,random,shift,seed=211,SL,7.43224,9.79305,7.49734
E,X0+P1,oxidation,rf,random,shift,seed=211,DMSO,6.4133,8.81417,6.34485
E,X0+P1,oxidation,rf,random,shift,seed=211,AN,9.23338,12.1404,9.58557
E,X0+P1,oxidation,rf,random,shift,seed=211,TMP,8.13737,10.0568,7.89371
E,X0+P1,oxidation,rf,random,shift,seed=211,SN,9.01366,11.6036,9.19362
E,X0+P1,oxidation,rf,random,shift,seed=307,DMC,8.1696,10.5799,8.17827
E,X0+P1,oxidation,rf,random,shift,seed=307,EMC,7.99479,10.2016,7.85798
E,X0+P1,oxidation,rf,random,shift,seed=307,DEC,7.86403,9.98433,7.79058
E,X0+P1,oxidation,rf,random,shift,seed=307,EC,8.06066,10.7691,8.22035
E,X0+P1,oxidation,rf,random,shift,seed=307,PC,8.00702,10.5388,8.17936
E,X0+P1,oxidation,rf,random,shift,seed=307,FEC,8.83094,11.3226,8.80636
E,X0+P1,oxidation,rf,random,shift,seed=307,VC,6.86064,9.61883,7.19649
E,X0+P1,oxidation,rf,random,shift,seed=307,DME,6.50598,8.85602,6.60022
E,X0+P1,oxidation,rf,random,shift,seed=307,DOL,6.65213,9.31314,7.06449
E,X0+P1,oxidation,rf,random,shift,seed=307,TEGDME,5.95045,7.59532,5.29706
E,X0+P1,oxidation,rf,random,shift,seed=307,EA,7.72405,10.0028,7.60774
E,X0+P1,oxidation,rf,random,shift,seed=307,MA,7.80119,10.202,7.51374
E,X0+P1,oxidation,rf,random,shift,seed=307,GBL,7.61103,9.95154,7.48096
E,X0+P1,oxidation,rf,random,shift,seed=307,SL,7.43224,9.79305,7.42228
E,X0+P1,oxidation,rf,random,shift,seed=307,DMSO,6.4133,8.81417,6.38741
E,X0+P1,oxidation,rf,random,shift,seed=307,AN,9.23338,12.1404,9.68112
E,X0+P1,oxidation,rf,random,shift,seed=307,TMP,8.13737,10.0568,7.79729
E,X0+P1,oxidation,rf,random,shift,seed=307,SN,9.01366,11.6036,9.26423
E,X0+P1,oxidation,rf,random,shift,seed=401,DMC,8.1696,10.5799,8.15622
E,X0+P1,oxidation,rf,random,shift,seed=401,EMC,7.99479,10.2016,7.84107
E,X0+P1,oxidation,rf,random,shift,seed=401,DEC,7.86403,9.98433,7.70918
E,X0+P1,oxidation,rf,random,shift,seed=401,EC,8.06066,10.7691,8.20671
E,X0+P1,oxidation,rf,random,shift,seed=401,PC,8.00702,10.5388,8.09201
E,X0+P1,oxidation,rf,random,shift,seed=401,FEC,8.83094,11.3226,8.78975
E,X0+P1,oxidation,rf,random,shift,seed=401,VC,6.86064,9.61883,7.19252
E,X0+P1,oxidation,rf,random,shift,seed=401,DME,6.50598,8.85602,6.66692
E,X0+P1,oxidation,rf,random,shift,seed=401,DOL,6.65213,9.31314,6.9601
E,X0+P1,oxidation,rf,random,shift,seed=401,TEGDME,5.95045,7.59532,5.52847
E,X0+P1,oxidation,rf,random,shift,seed=401,EA,7.72405,10.0028,7.6251
E,X0+P1,oxidation,rf,random,shift,seed=401,MA,7.80119,10.202,7.66938
E,X0+P1,oxidation,rf,random,shift,seed=401,GBL,7.61103,9.95154,7.46436
E,X0+P1,oxidation,rf,random,shift,seed=401,SL,7.43224,9.79305,7.47755
E,X0+P1,oxidation,rf,random,shift,seed=401,DMSO,6.4133,8.81417,6.39416
E,X0+P1,oxidation,rf,random,shift,seed=401,AN,9.23338,12.1404,9.6039
E,X0+P1,oxidation,rf,random,shift,seed=401,TMP,8.13737,10.0568,7.92065
E,X0+P1,oxidation,rf,random,shift,seed=401,SN,9.01366,11.6036,9.22919
E,X0+P1,oxidation,rf,random,shift,seed=503,DMC,8.1696,10.5799,8.1896
E,X0+P1,oxidation,rf,random,shift,seed=503,EMC,7.99479,10.2016,7.81681
E,X0+P1,oxidation,rf,random,shift,seed=503,DEC,7.86403,9.98433,7.68983
E,X0+P1,oxidation,rf,random,shift,seed=503,EC,8.06066,10.7691,8.24054
E,X0+P1,oxidation,rf,random,shift,seed=503,PC,8.00702,10.5388,8.09011
E,X0+P1,oxidation,rf,random,shift,seed=503,FEC,8.83094,11.3226,8.69829
E,X0+P1,oxidation,rf,random,shift,seed=503,VC,6.86064,9.61883,7.16518
E,X0+P1,oxidation,rf,random,shift,seed=503,DME,6.50598,8.85602,6.61045
E,X0+P1,oxidation,rf,random,shift,seed=503,DOL,6.65213,9.31314,6.82313
E,X0+P1,oxidation,rf,random,shift,seed=503,TEGDME,5.95045,7.59532,5.49687
E,X0+P1,oxidation,rf,random,shift,seed=503,EA,7.72405,10.0028,7.64147
E,X0+P1,oxidation,rf,random,shift,seed=503,MA,7.80119,10.202,7.58944
E,X0+P1,oxidation,rf,random,shift,seed=503,GBL,7.61103,9.95154,7.44596
E,X0+P1,oxidation,rf,random,shift,seed=503,SL,7.43224,9.79305,7.51549
E,X0+P1,oxidation,rf,random,shift,seed=503,DMSO,6.4133,8.81417,6.40241
E,X0+P1,oxidation,rf,random,shift,seed=503,AN,9.23338,12.1404,9.61682
E,X0+P1,oxidation,rf,random,shift,seed=503,TMP,8.13737,10.0568,7.93112
E,X0+P1,oxidation,rf,random,shift,seed=503,SN,9.01366,11.6036,9.24878
E,X0+P1,oxidation,gbdt,random,shift,seed=101,DMC,8.1696,10.5799,8.16612
E,X0+P1,oxidation,gbdt,random,shift,seed=101,EMC,7.99479,10.2016,7.86277
E,X0+P1,oxidation,gbdt,random,shift,seed=101,DEC,7.86403,9.98433,7.76732
E,X0+P1,oxidation,gbdt,random,shift,seed=101,EC,8.06066,10.7691,8.26348
E,X0+P1,oxidation,gbdt,random,shift,seed=101,PC,8.00702,10.5388,8.06454
E,X0+P1,oxidation,gbdt,random,shift,seed=101,FEC,8.83094,11.3226,8.63891
E,X0+P1,oxidation,gbdt,random,shift,seed=101,VC,6.86064,9.61883,7.04374
E,X0+P1,oxidation,gbdt,random,shift,seed=101,DME,6.50598,8.85602,6.77805
E,X0+P1,oxidation,gbdt,random,shift,seed=101,DOL,6.65213,9.31314,6.78942
E,X0+P1,oxidation,gbdt,random,shift,seed=101,TEGDME,5.95045,7.59532,5.57877
E,X0+P1,oxidation,gbdt,random,shift,seed=101,EA,7.72405,10.0028,7.69989
E,X0+P1,oxidation,gbdt,random,shift,seed=101,MA,7.80119,10.202,7.66773
E,X0+P1,oxidation,gbdt,random,shift,seed=101,GBL,7.61103,9.95154,7.47742
E,X0+P1,oxidation,gbdt,random,shift,seed=101,SL,7.43224,9.79305,7.54725
E,X0+P1,oxidation,gbdt,random,shift,seed=101,DMSO,6.4133,8.81417,6.35252
E,X0+P1,oxidation,gbdt,random,shift,seed=101,AN,9.23338,12.1404,9.53169
E,X0+P1,oxidation,gbdt,random,shift,seed=101,TMP,8.13737,10.0568,8.00574
E,X0+P1,oxidation,gbdt,random,shift,seed=101,SN,9.01366,11.6036,9.18407
E,X0+P1,oxidation,gbdt,random,shift,seed=211,DMC,8.1696,10.5799,8.23323
E,X0+P1,oxidation,gbdt,random,shift,seed=211,EMC,7.99479,10.2016,7.85733
E,X0+P1,oxidation,gbdt,random,shift,seed=211,DEC,7.86403,9.98433,7.72748
E,X0+P1,oxidation,gbdt,random,shift,seed=211,EC,8.06066,10.7691,8.27002
E,X0+P1,oxidation,gbdt,random,shift,seed=211,PC,8.00702,10.5388,8.16327
E,X0+P1,oxidation,gbdt,random,shift,seed=211,FEC,8.83094,11.3226,8.86366
E,X0+P1,oxidation,gbdt,random,shift,seed=211,VC,6.86064,9.61883,7.34311
E,X0+P1,oxidation,gbdt,random,shift,seed=211,DME,6.50598,8.85602,6.57155
E,X0+P1,oxidation,gbdt,random,shift,seed=211,DOL,6.65213,9.31314,6.67812
E,X0+P1,oxidation,gbdt,random,shift,seed=211,TEGDME,5.95045,7.59532,5.42188
E,X0+P1,oxidation,gbdt,random,shift,seed=211,EA,7.72405,10.0028,7.64841
E,X0+P1,oxidation,gbdt,random,shift,seed=211,MA,7.80119,10.202,7.60166
E,X0+P1,oxidation,gbdt,random,shift,seed=211,GBL,7.61103,9.95154,7.38397
E,X0+P1,oxidation,gbdt,random,shift,seed=211,SL,7.43224,9.79305,7.61455
E,X0+P1,oxidation,gbdt,random,shift,seed=211,DMSO,6.4133,8.81417,6.19565
E,X0+P1,oxidation,gbdt,random,shift,seed=211,AN,9.23338,12.1404,9.55031
E,X0+P1,oxidation,gbdt,random,shift,seed=211,TMP,8.13737,10.0568,8.17941
E,X0+P1,oxidation,gbdt,random,shift,seed=211,SN,9.01366,11.6036,9.25883
E,X0+P1,oxidation,gbdt,random,shift,seed=307,DMC,8.1696,10.5799,8.17459
E,X0+P1,oxidation,gbdt,random,shift,seed=307,EMC,7.99479,10.2016,7.92679
E,X0+P1,oxidation,gbdt,random,shift,seed=307,DEC,7.86403,9.98433,7.83933
E,X0+P1,oxidation,gbdt,random,shift,seed=307,EC,8.06066,10.7691,8.22735
E,X0+P1,oxidation,gbdt,random,shift,seed=307,PC,8.00702,10.5388,8.16896
E,X0+P1,oxidation,gbdt,random,shift,seed=307,FEC,8.83094,11.3226,8.78218
E,X0+P1,oxidation,gbdt,random,shift,seed=307,VC,6.86064,9.61883,7.14958
E,X0+P1,oxidation,gbdt,random,shift,seed=307,DME,6.50598,8.85602,6.83648
E,X0+P1,oxidation,gbdt,random,shift,seed=307,DOL,6.65213,9.31314,6.93334
E,X0+P1,oxidation,gbdt,random,shift,seed=307,TEGDME,5.95045,7.59532,5.41554
E,X0+P1,oxidation,gbdt,random,shift,seed=307,EA,7.72405,10.0028,7.59821
E,X0+P1,oxidation,gbdt,random,shift,seed=307,MA,7.80119,10.202,7.50049
E,X0+P1,oxidation,gbdt,random,shift,seed=307,GBL,7.61103,9.95154,7.43335
E,X0+P1,oxidation,gbdt,random,shift,seed=307,SL,7.43224,9.79305,7.49109
E,X0+P1,oxidation,gbdt,random,shift,seed=307,DMSO,6.4133,8.81417,6.44437
E,X0+P1,oxidation,gbdt,random,shift,seed=307,AN,9.23338,12.1404,9.50298
E,X0+P1,oxidation,gbdt,random,shift,seed=307,TMP,8.13737,10.0568,7.90841
E,X0+P1,oxidation,gbdt,random,shift,seed=307,SN,9.01366,11.6036,9.3844
E,X0+P1,oxidation,gbdt,random,shift,seed=401,DMC,8.1696,10.5799,8.08682
E,X0+P1,oxidation,gbdt,random,shift,seed=401,EMC,7.99479,10.2016,7.83671
E,X0+P1,oxidation,gbdt,random,shift,seed=401,DEC,7.86403,9.98433,7.76273
E,X0+P1,oxidation,gbdt,random,shift,seed=401,EC,8.06066,10.7691,8.0629
E,X0+P1,oxidation,gbdt,random,shift,seed=401,PC,8.00702,10.5388,8.08427
E,X0+P1,oxidation,gbdt,random,shift,seed=401,FEC,8.83094,11.3226,8.74816
E,X0+P1,oxidation,gbdt,random,shift,seed=401,VC,6.86064,9.61883,7.25937
E,X0+P1,oxidation,gbdt,random,shift,seed=401,DME,6.50598,8.85602,6.67099
E,X0+P1,oxidation,gbdt,random,shift,seed=401,DOL,6.65213,9.31314,6.99034
E,X0+P1,oxidation,gbdt,random,shift,seed=401,TEGDME,5.95045,7.59532,5.61667
E,X0+P1,oxidation,gbdt,random,shift,seed=401,EA,7.72405,10.0028,7.65983
E,X0+P1,oxidation,gbdt,random,shift,seed=401,MA,7.80119,10.202,7.60177
E,X0+P1,oxidation,gbdt,random,shift,seed=401,GBL,7.61103,9.95154,7.48163
E,X0+P1,oxidation,gbdt,random,shift,seed=401,SL,7.43224,9.79305,7.59719
E,X0+P1,oxidation,gbdt,random,shift,seed=401,DMSO,6.4133,8.81417,6.41812
E,X0+P1,oxidation,gbdt,random,shift,seed=401,AN,9.23338,12.1404,9.54067
E,X0+P1,oxidation,gbdt,random,shift,seed=401,TMP,8.13737,10.0568,8.05355
E,X0+P1,oxidation,gbdt,random,shift,seed=401,SN,9.01366,11.6036,9.30913
E,X0+P1,oxidation,gbdt,random,shift,seed=503,DMC,8.1696,10.5799,8.09527
E,X0+P1,oxidation,gbdt,random,shift,seed=503,EMC,7.99479,10.2016,7.84367
E,X0+P1,oxidation,gbdt,random,shift,seed=503,DEC,7.86403,9.98433,7.75391
E,X0+P1,oxidation,gbdt,random,shift,seed=503,EC,8.06066,10.7691,8.26
E,X0+P1,oxidation,gbdt,random,shift,seed=503,PC,8.00702,10.5388,8.12433
E,X0+P1,oxidation,gbdt,random,shift,seed=503,FEC,8.83094,11.3226,8.62139
E,X0+P1,oxidation,gbdt,random,shift,seed=503,VC,6.86064,9.61883,7.19885
E,X0+P1,oxidation,gbdt,random,shift,seed=503,DME,6.50598,8.85602,6.73628
E,X0+P1,oxidation,gbdt,random,shift,seed=503,DOL,6.65213,9.31314,6.81959
E,X0+P1,oxidation,gbdt,random,shift,seed=503,TEGDME,5.95045,7.59532,5.66274
E,X0+P1,oxidation,gbdt,random,shift,seed=503,EA,7.72405,10.0028,7.64908
E,X0+P1,oxidation,gbdt,random,shift,seed=503,MA,7.80119,10.202,7.55611
E,X0+P1,oxidation,gbdt,random,shift,seed=503,GBL,7.61103,9.95154,7.45628
E,X0+P1,oxidation,gbdt,random,shift,seed=503,SL,7.43224,9.79305,7.7061
E,X0+P1,oxidation,gbdt,random,shift,seed=503,DMSO,6.4133,8.81417,6.4425
E,X0+P1,oxidation,gbdt,random,shift,seed=503,AN,9.23338,12.1404,9.61653
E,X0+P1,oxidation,gbdt,random,shift,seed=503,TMP,8.13737,10.0568,8.00448
E,X0+P1,oxidation,gbdt,random,shift,seed=503,SN,9.01366,11.6036,9.19824
E,X0+P1,oxidation,constant,group,direct,leave-one-group-out,DMC,8.1696,10.5799,7.6156
E,X0+P1,oxidation,constant,group,direct,leave-one-group-out,EMC,7.99479,10.2016,7.6156
E,X0+P1,oxidation,constant,group,direct,leave-one-group-out,DEC,7.86403,9.98433,7.6156
E,X0+P1,oxidation,constant,group,direct,leave-one-group-out,EC,8.06066,10.7691,8.83094
E,X0+P1,oxidation,constant,group,direct,leave-one-group-out,PC,8.00702,10.5388,8.83094
E,X0+P1,oxidation,constant,group,direct,leave-one-group-out,FEC,8.83094,11.3226,7.64277
E,X0+P1,oxidation,constant,group,direct,leave-one-group-out,VC,6.86064,9.61883,8.83094
E,X0+P1,oxidation,constant,group,direct,leave-one-group-out,DME,6.50598,8.85602,6.65213
E,X0+P1,oxidation,constant,group,direct,leave-one-group-out,DOL,6.65213,9.31314,6.22821
E,X0+P1,oxidation,constant,group,direct,leave-one-group-out,TEGDME,5.95045,7.59532,6.65213
E,X0+P1,oxidation,constant,group,direct,leave-one-group-out,EA,7.72405,10.0028,7.61103
E,X0+P1,oxidation,constant,group,direct,leave-one-group-out,MA,7.80119,10.202,7.61103
E,X0+P1,oxidation,constant,group,direct,leave-one-group-out,GBL,7.61103,9.95154,7.76262
E,X0+P1,oxidation,constant,group,direct,leave-one-group-out,SL,7.43224,9.79305,7.6959
E,X0+P1,oxidation,constant,group,direct,leave-one-group-out,DMSO,6.4133,8.81417,7.75583
E,X0+P1,oxidation,constant,group,direct,leave-one-group-out,AN,9.23338,12.1404,7.50096
E,X0+P1,oxidation,constant,group,direct,leave-one-group-out,TMP,8.13737,10.0568,7.65442
E,X0+P1,oxidation,constant,group,direct,leave-one-group-out,SN,9.01366,11.6036,7.50096
E,X0+P1,oxidation,ridge,group,direct,leave-one-group-out,DMC,8.1696,10.5799,8.38546
E,X0+P1,oxidation,ridge,group,direct,leave-one-group-out,EMC,7.99479,10.2016,8.17545
E,X0+P1,oxidation,ridge,group,direct,leave-one-group-out,DEC,7.86403,9.98433,8.09652
E,X0+P1,oxidation,ridge,group,direct,leave-one-group-out,EC,8.06066,10.7691,8.61759
E,X0+P1,oxidation,ridge,group,direct,leave-one-group-out,PC,8.00702,10.5388,8.33194
E,X0+P1,oxidation,ridge,group,direct,leave-one-group-out,FEC,8.83094,11.3226,9.00464
E,X0+P1,oxidation,ridge,group,direct,leave-one-group-out,VC,6.86064,9.61883,7.35587
E,X0+P1,oxidation,ridge,group,direct,leave-one-group-out,DME,6.50598,8.85602,6.47965
E,X0+P1,oxidation,ridge,group,direct,leave-one-group-out,DOL,6.65213,9.31314,6.84361
E,X0+P1,oxidation,ridge,group,direct,leave-one-group-out,TEGDME,5.95045,7.59532,6.46757
E,X0+P1,oxidation,ridge,group,direct,leave-one-group-out,EA,7.72405,10.0028,7.842
E,X0+P1,oxidation,ridge,group,direct,leave-one-group-out,MA,7.80119,10.202,7.90428
E,X0+P1,oxidation,ridge,group,direct,leave-one-group-out,GBL,7.61103,9.95154,7.36221
E,X0+P1,oxidation,ridge,group,direct,leave-one-group-out,SL,7.43224,9.79305,7.50899
E,X0+P1,oxidation,ridge,group,direct,leave-one-group-out,DMSO,6.4133,8.81417,6.50372
E,X0+P1,oxidation,ridge,group,direct,leave-one-group-out,AN,9.23338,12.1404,9.16896
E,X0+P1,oxidation,ridge,group,direct,leave-one-group-out,TMP,8.13737,10.0568,7.68537
E,X0+P1,oxidation,ridge,group,direct,leave-one-group-out,SN,9.01366,11.6036,8.91491
E,X0+P1,oxidation,krr,group,direct,leave-one-group-out,DMC,8.1696,10.5799,8.39941
E,X0+P1,oxidation,krr,group,direct,leave-one-group-out,EMC,7.99479,10.2016,8.19532
E,X0+P1,oxidation,krr,group,direct,leave-one-group-out,DEC,7.86403,9.98433,8.11777
E,X0+P1,oxidation,krr,group,direct,leave-one-group-out,EC,8.06066,10.7691,8.55234
E,X0+P1,oxidation,krr,group,direct,leave-one-group-out,PC,8.00702,10.5388,8.31073
E,X0+P1,oxidation,krr,group,direct,leave-one-group-out,FEC,8.83094,11.3226,8.70613
E,X0+P1,oxidation,krr,group,direct,leave-one-group-out,VC,6.86064,9.61883,7.93864
E,X0+P1,oxidation,krr,group,direct,leave-one-group-out,DME,6.50598,8.85602,6.85941
E,X0+P1,oxidation,krr,group,direct,leave-one-group-out,DOL,6.65213,9.31314,6.67808
E,X0+P1,oxidation,krr,group,direct,leave-one-group-out,TEGDME,5.95045,7.59532,5.84797
E,X0+P1,oxidation,krr,group,direct,leave-one-group-out,EA,7.72405,10.0028,7.81554
E,X0+P1,oxidation,krr,group,direct,leave-one-group-out,MA,7.80119,10.202,7.87435
E,X0+P1,oxidation,krr,group,direct,leave-one-group-out,GBL,7.61103,9.95154,7.25993
E,X0+P1,oxidation,krr,group,direct,leave-one-group-out,SL,7.43224,9.79305,7.43641
E,X0+P1,oxidation,krr,group,direct,leave-one-group-out,DMSO,6.4133,8.81417,6.60865
E,X0+P1,oxidation,krr,group,direct,leave-one-group-out,AN,9.23338,12.1404,8.69548
E,X0+P1,oxidation,krr,group,direct,leave-one-group-out,TMP,8.13737,10.0568,7.62666
E,X0+P1,oxidation,krr,group,direct,leave-one-group-out,SN,9.01366,11.6036,8.50098
E,X0+P1,oxidation,gpr,group,direct,leave-one-group-out,DMC,8.1696,10.5799,8.31239
E,X0+P1,oxidation,gpr,group,direct,leave-one-group-out,EMC,7.99479,10.2016,8.11395
E,X0+P1,oxidation,gpr,group,direct,leave-one-group-out,DEC,7.86403,9.98433,8.01576
E,X0+P1,oxidation,gpr,group,direct,leave-one-group-out,EC,8.06066,10.7691,8.47692
E,X0+P1,oxidation,gpr,group,direct,leave-one-group-out,PC,8.00702,10.5388,8.22263
E,X0+P1,oxidation,gpr,group,direct,leave-one-group-out,FEC,8.83094,11.3226,8.7092
E,X0+P1,oxidation,gpr,group,direct,leave-one-group-out,VC,6.86064,9.61883,7.42613
E,X0+P1,oxidation,gpr,group,direct,leave-one-group-out,DME,6.50598,8.85602,6.42989
E,X0+P1,oxidation,gpr,group,direct,leave-one-group-out,DOL,6.65213,9.31314,6.95139
E,X0+P1,oxidation,gpr,group,direct,leave-one-group-out,TEGDME,5.95045,7.59532,6.7287
E,X0+P1,oxidation,gpr,group,direct,leave-one-group-out,EA,7.72405,10.0028,7.80544
E,X0+P1,oxidation,gpr,group,direct,leave-one-group-out,MA,7.80119,10.202,7.88006
E,X0+P1,oxidation,gpr,group,direct,leave-one-group-out,GBL,7.61103,9.95154,7.36732
E,X0+P1,oxidation,gpr,group,direct,leave-one-group-out,SL,7.43224,9.79305,7.6708
E,X0+P1,oxidation,gpr,group,direct,leave-one-group-out,DMSO,6.4133,8.81417,6.79659
E,X0+P1,oxidation,gpr,group,direct,leave-one-group-out,AN,9.23338,12.1404,8.76904
E,X0+P1,oxidation,gpr,group,direct,leave-one-group-out,TMP,8.13737,10.0568,7.60114
E,X0+P1,oxidation,gpr,group,direct,leave-one-group-out,SN,9.01366,11.6036,8.27619
E,X0+P1,oxidation,rf,group,direct,leave-one-group-out,DMC,8.1696,10.5799,8.06722
E,X0+P1,oxidation,rf,group,direct,leave-one-group-out,EMC,7.99479,10.2016,8.04775
E,X0+P1,oxidation,rf,group,direct,leave-one-group-out,DEC,7.86403,9.98433,7.95189
E,X0+P1,oxidation,rf,group,direct,leave-one-group-out,EC,8.06066,10.7691,8.30676
E,X0+P1,oxidation,rf,group,direct,leave-one-group-out,PC,8.00702,10.5388,8.08531
E,X0+P1,oxidation,rf,group,direct,leave-one-group-out,FEC,8.83094,11.3226,8.49522
E,X0+P1,oxidation,rf,group,direct,leave-one-group-out,VC,6.86064,9.61883,7.96284
E,X0+P1,oxidation,rf,group,direct,leave-one-group-out,DME,6.50598,8.85602,6.97837
E,X0+P1,oxidation,rf,group,direct,leave-one-group-out,DOL,6.65213,9.31314,6.74364
E,X0+P1,oxidation,rf,group,direct,leave-one-group-out,TEGDME,5.95045,7.59532,7.15892
E,X0+P1,oxidation,rf,group,direct,leave-one-group-out,EA,7.72405,10.0028,7.83664
E,X0+P1,oxidation,rf,group,direct,leave-one-group-out,MA,7.80119,10.202,7.98021
E,X0+P1,oxidation,rf,group,direct,leave-one-group-out,GBL,7.61103,9.95154,7.88725
E,X0+P1,oxidation,rf,group,direct,leave-one-group-out,SL,7.43224,9.79305,7.55494
E,X0+P1,oxidation,rf,group,direct,leave-one-group-out,DMSO,6.4133,8.81417,6.85806
E,X0+P1,oxidation,rf,group,direct,leave-one-group-out,AN,9.23338,12.1404,7.79796
E,X0+P1,oxidation,rf,group,direct,leave-one-group-out,TMP,8.13737,10.0568,7.76163
E,X0+P1,oxidation,rf,group,direct,leave-one-group-out,SN,9.01366,11.6036,8.05656
E,X0+P1,oxidation,gbdt,group,direct,leave-one-group-out,DMC,8.1696,10.5799,8.12333
E,X0+P1,oxidation,gbdt,group,direct,leave-one-group-out,EMC,7.99479,10.2016,8.13164
E,X0+P1,oxidation,gbdt,group,direct,leave-one-group-out,DEC,7.86403,9.98433,7.9966
E,X0+P1,oxidation,gbdt,group,direct,leave-one-group-out,EC,8.06066,10.7691,8.37921
E,X0+P1,oxidation,gbdt,group,direct,leave-one-group-out,PC,8.00702,10.5388,8.37129
E,X0+P1,oxidation,gbdt,group,direct,leave-one-group-out,FEC,8.83094,11.3226,8.97055
E,X0+P1,oxidation,gbdt,group,direct,leave-one-group-out,VC,6.86064,9.61883,7.88461
E,X0+P1,oxidation,gbdt,group,direct,leave-one-group-out,DME,6.50598,8.85602,6.94455
E,X0+P1,oxidation,gbdt,group,direct,leave-one-group-out,DOL,6.65213,9.31314,6.67179
E,X0+P1,oxidation,gbdt,group,direct,leave-one-group-out,TEGDME,5.95045,7.59532,6.94613
E,X0+P1,oxidation,gbdt,group,direct,leave-one-group-out,EA,7.72405,10.0028,7.90114
E,X0+P1,oxidation,gbdt,group,direct,leave-one-group-out,MA,7.80119,10.202,8.19875
E,X0+P1,oxidation,gbdt,group,direct,leave-one-group-out,GBL,7.61103,9.95154,7.7047
E,X0+P1,oxidation,gbdt,group,direct,leave-one-group-out,SL,7.43224,9.79305,7.61716
E,X0+P1,oxidation,gbdt,group,direct,leave-one-group-out,DMSO,6.4133,8.81417,6.63692
E,X0+P1,oxidation,gbdt,group,direct,leave-one-group-out,AN,9.23338,12.1404,7.93485
E,X0+P1,oxidation,gbdt,group,direct,leave-one-group-out,TMP,8.13737,10.0568,7.85862
E,X0+P1,oxidation,gbdt,group,direct,leave-one-group-out,SN,9.01366,11.6036,8.31435
E,X0+P1,oxidation,constant,group,shift,leave-one-group-out,DMC,8.1696,10.5799,8.15692
E,X0+P1,oxidation,constant,group,shift,leave-one-group-out,EMC,7.99479,10.2016,7.77863
E,X0+P1,oxidation,constant,group,shift,leave-one-group-out,DEC,7.86403,9.98433,7.56137
E,X0+P1,oxidation,constant,group,shift,leave-one-group-out,EC,8.06066,10.7691,8.27746
E,X0+P1,oxidation,constant,group,shift,leave-one-group-out,PC,8.00702,10.5388,8.04717
E,X0+P1,oxidation,constant,group,shift,leave-one-group-out,FEC,8.83094,11.3226,8.65645
E,X0+P1,oxidation,constant,group,shift,leave-one-group-out,VC,6.86064,9.61883,7.12717
E,X0+P1,oxidation,constant,group,shift,leave-one-group-out,DME,6.50598,8.85602,6.195
E,X0+P1,oxidation,constant,group,shift,leave-one-group-out,DOL,6.65213,9.31314,7.31569
E,X0+P1,oxidation,constant,group,shift,leave-one-group-out,TEGDME,5.95045,7.59532,4.93431
E,X0+P1,oxidation,constant,group,shift,leave-one-group-out,EA,7.72405,10.0028,7.66234
E,X0+P1,oxidation,constant,group,shift,leave-one-group-out,MA,7.80119,10.202,7.86153
E,X0+P1,oxidation,constant,group,shift,leave-one-group-out,GBL,7.61103,9.95154,7.61172
E,X0+P1,oxidation,constant,group,shift,leave-one-group-out,SL,7.43224,9.79305,7.3977
E,X0+P1,oxidation,constant,group,shift,leave-one-group-out,DMSO,6.4133,8.81417,6.42118
E,X0+P1,oxidation,constant,group,shift,leave-one-group-out,AN,9.23338,12.1404,9.79139
E,X0+P1,oxidation,constant,group,shift,leave-one-group-out,TMP,8.13737,10.0568,7.6355
E,X0+P1,oxidation,constant,group,shift,leave-one-group-out,SN,9.01366,11.6036,9.25459
E,X0+P1,oxidation,ridge,group,shift,leave-one-group-out,DMC,8.1696,10.5799,8.19017
E,X0+P1,oxidation,ridge,group,shift,leave-one-group-out,EMC,7.99479,10.2016,7.8953
E,X0+P1,oxidation,ridge,group,shift,leave-one-group-out,DEC,7.86403,9.98433,7.74815
E,X0+P1,oxidation,ridge,group,shift,leave-one-group-out,EC,8.06066,10.7691,8.30933
E,X0+P1,oxidation,ridge,group,shift,leave-one-group-out,PC,8.00702,10.5388,8.12747
E,X0+P1,oxidation,ridge,group,shift,leave-one-group-out,FEC,8.83094,11.3226,8.76654
E,X0+P1,oxidation,ridge,group,shift,leave-one-group-out,VC,6.86064,9.61883,7.26482
E,X0+P1,oxidation,ridge,group,shift,leave-one-group-out,DME,6.50598,8.85602,6.61595
E,X0+P1,oxidation,ridge,group,shift,leave-one-group-out,DOL,6.65213,9.31314,6.94409
E,X0+P1,oxidation,ridge,group,shift,leave-one-group-out,TEGDME,5.95045,7.59532,6.88795
E,X0+P1,oxidation,ridge,group,shift,leave-one-group-out,EA,7.72405,10.0028,7.58069
E,X0+P1,oxidation,ridge,group,shift,leave-one-group-out,MA,7.80119,10.202,7.71515
E,X0+P1,oxidation,ridge,group,shift,leave-one-group-out,GBL,7.61103,9.95154,7.38429
E,X0+P1,oxidation,ridge,group,shift,leave-one-group-out,SL,7.43224,9.79305,7.33139
E,X0+P1,oxidation,ridge,group,shift,leave-one-group-out,DMSO,6.4133,8.81417,6.3232
E,X0+P1,oxidation,ridge,group,shift,leave-one-group-out,AN,9.23338,12.1404,9.58216
E,X0+P1,oxidation,ridge,group,shift,leave-one-group-out,TMP,8.13737,10.0568,7.8161
E,X0+P1,oxidation,ridge,group,shift,leave-one-group-out,SN,9.01366,11.6036,9.20013
E,X0+P1,oxidation,krr,group,shift,leave-one-group-out,DMC,8.1696,10.5799,8.17574
E,X0+P1,oxidation,krr,group,shift,leave-one-group-out,EMC,7.99479,10.2016,7.865
E,X0+P1,oxidation,krr,group,shift,leave-one-group-out,DEC,7.86403,9.98433,7.708
E,X0+P1,oxidation,krr,group,shift,leave-one-group-out,EC,8.06066,10.7691,8.31994
E,X0+P1,oxidation,krr,group,shift,leave-one-group-out,PC,8.00702,10.5388,8.12977
E,X0+P1,oxidation,krr,group,shift,leave-one-group-out,FEC,8.83094,11.3226,8.84625
E,X0+P1,oxidation,krr,group,shift,leave-one-group-out,VC,6.86064,9.61883,7.26436
E,X0+P1,oxidation,krr,group,shift,leave-one-group-out,DME,6.50598,8.85602,6.62608
E,X0+P1,oxidation,krr,group,shift,leave-one-group-out,DOL,6.65213,9.31314,7.00937
E,X0+P1,oxidation,krr,group,shift,leave-one-group-out,TEGDME,5.95045,7.59532,6.84192
E,X0+P1,oxidation,krr,group,shift,leave-one-group-out,EA,7.72405,10.0028,7.5672
E,X0+P1,oxidation,krr,group,shift,leave-one-group-out,MA,7.80119,10.202,7.72629
E,X0+P1,oxidation,krr,group,shift,leave-one-group-out,GBL,7.61103,9.95154,7.34246
E,X0+P1,oxidation,krr,group,shift,leave-one-group-out,SL,7.43224,9.79305,7.42846
E,X0+P1,oxidation,krr,group,shift,leave-one-group-out,DMSO,6.4133,8.81417,6.57864
E,X0+P1,oxidation,krr,group,shift,leave-one-group-out,AN,9.23338,12.1404,9.67532
E,X0+P1,oxidation,krr,group,shift,leave-one-group-out,TMP,8.13737,10.0568,7.82131
E,X0+P1,oxidation,krr,group,shift,leave-one-group-out,SN,9.01366,11.6036,9.22146
E,X0+P1,oxidation,gpr,group,shift,leave-one-group-out,DMC,8.1696,10.5799,8.24683
E,X0+P1,oxidation,gpr,group,shift,leave-one-group-out,EMC,7.99479,10.2016,8.01355
E,X0+P1,oxidation,gpr,group,shift,leave-one-group-out,DEC,7.86403,9.98433,7.90731
E,X0+P1,oxidation,gpr,group,shift,leave-one-group-out,EC,8.06066,10.7691,8.31108
E,X0+P1,oxidation,gpr,group,shift,leave-one-group-out,PC,8.00702,10.5388,8.12927
E,X0+P1,oxidation,gpr,group,shift,leave-one-group-out,FEC,8.83094,11.3226,8.67056
E,X0+P1,oxidation,gpr,group,shift,leave-one-group-out,VC,6.86064,9.61883,7.34279
E,X0+P1,oxidation,gpr,group,shift,leave-one-group-out,DME,6.50598,8.85602,6.40523
E,X0+P1,oxidation,gpr,group,shift,leave-one-group-out,DOL,6.65213,9.31314,6.88057
E,X0+P1,oxidation,gpr,group,shift,leave-one-group-out,TEGDME,5.95045,7.59532,5.15294
E,X0+P1,oxidation,gpr,group,shift,leave-one-group-out,EA,7.72405,10.0028,7.6554
E,X0+P1,oxidation,gpr,group,shift,leave-one-group-out,MA,7.80119,10.202,7.7149
E,X0+P1,oxidation,gpr,group,shift,leave-one-group-out,GBL,7.61103,9.95154,7.37236
E,X0+P1,oxidation,gpr,group,shift,leave-one-group-out,SL,7.43224,9.79305,7.56653
E,X0+P1,oxidation,gpr,group,shift,leave-one-group-out,DMSO,6.4133,8.81417,6.54727
E,X0+P1,oxidation,gpr,group,shift,leave-one-group-out,AN,9.23338,12.1404,9.58539
E,X0+P1,oxidation,gpr,group,shift,leave-one-group-out,TMP,8.13737,10.0568,7.94018
E,X0+P1,oxidation,gpr,group,shift,leave-one-group-out,SN,9.01366,11.6036,8.93331
E,X0+P1,oxidation,rf,group,shift,leave-one-group-out,DMC,8.1696,10.5799,8.09721
E,X0+P1,oxidation,rf,group,shift,leave-one-group-out,EMC,7.99479,10.2016,7.79865
E,X0+P1,oxidation,rf,group,shift,leave-one-group-out,DEC,7.86403,9.98433,7.68099
E,X0+P1,oxidation,rf,group,shift,leave-one-group-out,EC,8.06066,10.7691,8.36141
E,X0+P1,oxidation,rf,group,shift,leave-one-group-out,PC,8.00702,10.5388,8.18767
E,X0+P1,oxidation,rf,group,shift,leave-one-group-out,FEC,8.83094,11.3226,8.7493
E,X0+P1,oxidation,rf,group,shift,leave-one-group-out,VC,6.86064,9.61883,7.20188
E,X0+P1,oxidation,rf,group,shift,leave-one-group-out,DME,6.50598,8.85602,6.62201
E,X0+P1,oxidation,rf,group,shift,leave-one-group-out,DOL,6.65213,9.31314,6.77786
E,X0+P1,oxidation,rf,group,shift,leave-one-group-out,TEGDME,5.95045,7.59532,5.51449
E,X0+P1,oxidation,rf,group,shift,leave-one-group-out,EA,7.72405,10.0028,7.63758
E,X0+P1,oxidation,rf,group,shift,leave-one-group-out,MA,7.80119,10.202,7.54943
E,X0+P1,oxidation,rf,group,shift,leave-one-group-out,GBL,7.61103,9.95154,7.47472
E,X0+P1,oxidation,rf,group,shift,leave-one-group-out,SL,7.43224,9.79305,7.5177
E,X0+P1,oxidation,rf,group,shift,leave-one-group-out,DMSO,6.4133,8.81417,6.39962
E,X0+P1,oxidation,rf,group,shift,leave-one-group-out,AN,9.23338,12.1404,9.61609
E,X0+P1,oxidation,rf,group,shift,leave-one-group-out,TMP,8.13737,10.0568,7.91603
E,X0+P1,oxidation,rf,group,shift,leave-one-group-out,SN,9.01366,11.6036,9.23236
E,X0+P1,oxidation,gbdt,group,shift,leave-one-group-out,DMC,8.1696,10.5799,8.10938
E,X0+P1,oxidation,gbdt,group,shift,leave-one-group-out,EMC,7.99479,10.2016,7.82347
E,X0+P1,oxidation,gbdt,group,shift,leave-one-group-out,DEC,7.86403,9.98433,7.76235
E,X0+P1,oxidation,gbdt,group,shift,leave-one-group-out,EC,8.06066,10.7691,8.34928
E,X0+P1,oxidation,gbdt,group,shift,leave-one-group-out,PC,8.00702,10.5388,8.19496
E,X0+P1,oxidation,gbdt,group,shift,leave-one-group-out,FEC,8.83094,11.3226,8.67424
E,X0+P1,oxidation,gbdt,group,shift,leave-one-group-out,VC,6.86064,9.61883,7.25057
E,X0+P1,oxidation,gbdt,group,shift,leave-one-group-out,DME,6.50598,8.85602,6.70363
E,X0+P1,oxidation,gbdt,group,shift,leave-one-group-out,DOL,6.65213,9.31314,6.80871
E,X0+P1,oxidation,gbdt,group,shift,leave-one-group-out,TEGDME,5.95045,7.59532,5.60604
E,X0+P1,oxidation,gbdt,group,shift,leave-one-group-out,EA,7.72405,10.0028,7.69492
E,X0+P1,oxidation,gbdt,group,shift,leave-one-group-out,MA,7.80119,10.202,7.62169
E,X0+P1,oxidation,gbdt,group,shift,leave-one-group-out,GBL,7.61103,9.95154,7.48572
E,X0+P1,oxidation,gbdt,group,shift,leave-one-group-out,SL,7.43224,9.79305,7.56251
E,X0+P1,oxidation,gbdt,group,shift,leave-one-group-out,DMSO,6.4133,8.81417,6.41789
E,X0+P1,oxidation,gbdt,group,shift,leave-one-group-out,AN,9.23338,12.1404,9.65032
E,X0+P1,oxidation,gbdt,group,shift,leave-one-group-out,TMP,8.13737,10.0568,7.96875
E,X0+P1,oxidation,gbdt,group,shift,leave-one-group-out,SN,9.01366,11.6036,9.24622
E,X0+P1,oxidation,constant,lofo,direct,leave-one-family-out,DMC,8.1696,10.5799,7.6156
E,X0+P1,oxidation,constant,lofo,direct,leave-one-family-out,EMC,7.99479,10.2016,7.6156
E,X0+P1,oxidation,constant,lofo,direct,leave-one-family-out,DEC,7.86403,9.98433,7.6156
E,X0+P1,oxidation,constant,lofo,direct,leave-one-family-out,EC,8.06066,10.7691,7.60737
E,X0+P1,oxidation,constant,lofo,direct,leave-one-family-out,PC,8.00702,10.5388,7.60737
E,X0+P1,oxidation,constant,lofo,direct,leave-one-family-out,FEC,8.83094,11.3226,7.60737
E,X0+P1,oxidation,constant,lofo,direct,leave-one-family-out,VC,6.86064,9.61883,7.60737
E,X0+P1,oxidation,constant,lofo,direct,leave-one-family-out,DME,6.50598,8.85602,7.94359
E,X0+P1,oxidation,constant,lofo,direct,leave-one-family-out,DOL,6.65213,9.31314,7.94359
E,X0+P1,oxidation,constant,lofo,direct,leave-one-family-out,TEGDME,5.95045,7.59532,7.94359
E,X0+P1,oxidation,constant,lofo,direct,leave-one-family-out,EA,7.72405,10.0028,7.67508
E,X0+P1,oxidation,constant,lofo,direct,leave-one-family-out,MA,7.80119,10.202,7.67508
E,X0+P1,oxidation,constant,lofo,direct,leave-one-family-out,GBL,7.61103,9.95154,7.67508
E,X0+P1,oxidation,constant,lofo,direct,leave-one-family-out,SL,7.43224,9.79305,7.6959
E,X0+P1,oxidation,constant,lofo,direct,leave-one-family-out,DMSO,6.4133,8.81417,7.75583
E,X0+P1,oxidation,constant,lofo,direct,leave-one-family-out,AN,9.23338,12.1404,7.50096
E,X0+P1,oxidation,constant,lofo,direct,leave-one-family-out,TMP,8.13737,10.0568,7.65442
E,X0+P1,oxidation,constant,lofo,direct,leave-one-family-out,SN,9.01366,11.6036,7.50096
E,X0+P1,oxidation,ridge,lofo,direct,leave-one-family-out,DMC,8.1696,10.5799,8.38546
E,X0+P1,oxidation,ridge,lofo,direct,leave-one-family-out,EMC,7.99479,10.2016,8.17545
E,X0+P1,oxidation,ridge,lofo,direct,leave-one-family-out,DEC,7.86403,9.98433,8.09652
E,X0+P1,oxidation,ridge,lofo,direct,leave-one-family-out,EC,8.06066,10.7691,8.61933
E,X0+P1,oxidation,ridge,lofo,direct,leave-one-family-out,PC,8.00702,10.5388,8.33225
E,X0+P1,oxidation,ridge,lofo,direct,leave-one-family-out,FEC,8.83094,11.3226,9.52735
E,X0+P1,oxidation,ridge,lofo,direct,leave-one-family-out,VC,6.86064,9.61883,7.35714
E,X0+P1,oxidation,ridge,lofo,direct,leave-one-family-out,DME,6.50598,8.85602,7.19405
E,X0+P1,oxidation,ridge,lofo,direct,leave-one-family-out,DOL,6.65213,9.31314,7.23449
E,X0+P1,oxidation,ridge,lofo,direct,leave-one-family-out,TEGDME,5.95045,7.59532,6.79411
E,X0+P1,oxidation,ridge,lofo,direct,leave-one-family-out,EA,7.72405,10.0028,7.6973
E,X0+P1,oxidation,ridge,lofo,direct,leave-one-family-out,MA,7.80119,10.202,7.7798
E,X0+P1,oxidation,ridge,lofo,direct,leave-one-family-out,GBL,7.61103,9.95154,7.34979
E,X0+P1,oxidation,ridge,lofo,direct,leave-one-family-out,SL,7.43224,9.79305,7.50899
E,X0+P1,oxidation,ridge,lofo,direct,leave-one-family-out,DMSO,6.4133,8.81417,6.50372
E,X0+P1,oxidation,ridge,lofo,direct,leave-one-family-out,AN,9.23338,12.1404,9.16896
E,X0+P1,oxidation,ridge,lofo,direct,leave-one-family-out,TMP,8.13737,10.0568,7.68537
E,X0+P1,oxidation,ridge,lofo,direct,leave-one-family-out,SN,9.01366,11.6036,8.91491
E,X0+P1,oxidation,krr,lofo,direct,leave-one-family-out,DMC,8.1696,10.5799,8.39941
E,X0+P1,oxidation,krr,lofo,direct,leave-one-family-out,EMC,7.99479,10.2016,8.19532
E,X0+P1,oxidation,krr,lofo,direct,leave-one-family-out,DEC,7.86403,9.98433,8.11777
E,X0+P1,oxidation,krr,lofo,direct,leave-one-family-out,EC,8.06066,10.7691,8.61072
E,X0+P1,oxidation,krr,lofo,direct,leave-one-family-out,PC,8.00702,10.5388,8.3597
E,X0+P1,oxidation,krr,lofo,direct,leave-one-family-out,FEC,8.83094,11.3226,9.09667
E,X0+P1,oxidation,krr,lofo,direct,leave-one-family-out,VC,6.86064,9.61883,7.78213
E,X0+P1,oxidation,krr,lofo,direct,leave-one-family-out,DME,6.50598,8.85602,7.30957
E,X0+P1,oxidation,krr,lofo,direct,leave-one-family-out,DOL,6.65213,9.31314,7.2296
E,X0+P1,oxidation,krr,lofo,direct,leave-one-family-out,TEGDME,5.95045,7.59532,5.57104
E,X0+P1,oxidation,krr,lofo,direct,leave-one-family-out,EA,7.72405,10.0028,7.56573
E,X0+P1,oxidation,krr,lofo,direct,leave-one-family-out,MA,7.80119,10.202,7.66556
E,X0+P1,oxidation,krr,lofo,direct,leave-one-family-out,GBL,7.61103,9.95154,7.18033
E,X0+P1,oxidation,krr,lofo,direct,leave-one-family-out,SL,7.43224,9.79305,7.67302
E,X0+P1,oxidation,krr,lofo,direct,leave-one-family-out,DMSO,6.4133,8.81417,6.4287
E,X0+P1,oxidation,krr,lofo,direct,leave-one-family-out,AN,9.23338,12.1404,7.83063
E,X0+P1,oxidation,krr,lofo,direct,leave-one-family-out,TMP,8.13737,10.0568,7.62666
E,X0+P1,oxidation,krr,lofo,direct,leave-one-family-out,SN,9.01366,11.6036,7.96271
E,X0+P1,oxidation,gpr,lofo,direct,leave-one-family-out,DMC,8.1696,10.5799,8.31239
E,X0+P1,oxidation,gpr,lofo,direct,leave-one-family-out,EMC,7.99479,10.2016,8.11395
E,X0+P1,oxidation,gpr,lofo,direct,leave-one-family-out,DEC,7.86403,9.98433,8.01576
E,X0+P1,oxidation,gpr,lofo,direct,leave-one-family-out,EC,8.06066,10.7691,8.52526
E,X0+P1,oxidation,gpr,lofo,direct,leave-one-family-out,PC,8.00702,10.5388,8.26609
E,X0+P1,oxidation,gpr,lofo,direct,leave-one-family-out,FEC,8.83094,11.3226,9.32967
E,X0+P1,oxidation,gpr,lofo,direct,leave-one-family-out,VC,6.86064,9.61883,7.3987
E,X0+P1,oxidation,gpr,lofo,direct,leave-one-family-out,DME,6.50598,8.85602,6.97837
E,X0+P1,oxidation,gpr,lofo,direct,leave-one-family-out,DOL,6.65213,9.31314,7.23096
E,X0+P1,oxidation,gpr,lofo,direct,leave-one-family-out,TEGDME,5.95045,7.59532,6.61917
E,X0+P1,oxidation,gpr,lofo,direct,leave-one-family-out,EA,7.72405,10.0028,7.58883
E,X0+P1,oxidation,gpr,lofo,direct,leave-one-family-out,MA,7.80119,10.202,7.67471
E,X0+P1,oxidation,gpr,lofo,direct,leave-one-family-out,GBL,7.61103,9.95154,7.22512
E,X0+P1,oxidation,gpr,lofo,direct,leave-one-family-out,SL,7.43224,9.79305,7.6708
E,X0+P1,oxidation,gpr,lofo,direct,leave-one-family-out,DMSO,6.4133,8.81417,6.79659
E,X0+P1,oxidation,gpr,lofo,direct,leave-one-family-out,AN,9.23338,12.1404,8.76904
E,X0+P1,oxidation,gpr,lofo,direct,leave-one-family-out,TMP,8.13737,10.0568,7.60114
E,X0+P1,oxidation,gpr,lofo,direct,leave-one-family-out,SN,9.01366,11.6036,8.27619
E,X0+P1,oxidation,rf,lofo,direct,leave-one-family-out,DMC,8.1696,10.5799,8.08868
E,X0+P1,oxidation,rf,lofo,direct,leave-one-family-out,EMC,7.99479,10.2016,8.04523
E,X0+P1,oxidation,rf,lofo,direct,leave-one-family-out,DEC,7.86403,9.98433,7.92273
E,X0+P1,oxidation,rf,lofo,direct,leave-one-family-out,EC,8.06066,10.7691,8.02109
E,X0+P1,oxidation,rf,lofo,direct,leave-one-family-out,PC,8.00702,10.5388,8.02582
E,X0+P1,oxidation,rf,lofo,direct,leave-one-family-out,FEC,8.83094,11.3226,8.45312
E,X0+P1,oxidation,rf,lofo,direct,leave-one-family-out,VC,6.86064,9.61883,7.91357
E,X0+P1,oxidation,rf,lofo,direct,leave-one-family-out,DME,6.50598,8.85602,7.31316
E,X0+P1,oxidation,rf,lofo,direct,leave-one-family-out,DOL,6.65213,9.31314,7.26118
E,X0+P1,oxidation,rf,lofo,direct,leave-one-family-out,TEGDME,5.95045,7.59532,7.34118
E,X0+P1,oxidation,rf,lofo,direct,leave-one-family-out,EA,7.72405,10.0028,7.88527
E,X0+P1,oxidation,rf,lofo,direct,leave-one-family-out,MA,7.80119,10.202,8.0905
E,X0+P1,oxidation,rf,lofo,direct,leave-one-family-out,GBL,7.61103,9.95154,7.95418
E,X0+P1,oxidation,rf,lofo,direct,leave-one-family-out,SL,7.43224,9.79305,7.54823
E,X0+P1,oxidation,rf,lofo,direct,leave-one-family-out,DMSO,6.4133,8.81417,6.87258
E,X0+P1,oxidation,rf,lofo,direct,leave-one-family-out,AN,9.23338,12.1404,7.85633
E,X0+P1,oxidation,rf,lofo,direct,leave-one-family-out,TMP,8.13737,10.0568,7.7211
E,X0+P1,oxidation,rf,lofo,direct,leave-one-family-out,SN,9.01366,11.6036,8.15654
E,X0+P1,oxidation,gbdt,lofo,direct,leave-one-family-out,DMC,8.1696,10.5799,8.13466
E,X0+P1,oxidation,gbdt,lofo,direct,leave-one-family-out,EMC,7.99479,10.2016,8.14297
E,X0+P1,oxidation,gbdt,lofo,direct,leave-one-family-out,DEC,7.86403,9.98433,7.99111
E,X0+P1,oxidation,gbdt,lofo,direct,leave-one-family-out,EC,8.06066,10.7691,8.34817
E,X0+P1,oxidation,gbdt,lofo,direct,leave-one-family-out,PC,8.00702,10.5388,8.34974
E,X0+P1,oxidation,gbdt,lofo,direct,leave-one-family-out,FEC,8.83094,11.3226,8.96405
E,X0+P1,oxidation,gbdt,lofo,direct,leave-one-family-out,VC,6.86064,9.61883,7.81783
E,X0+P1,oxidation,gbdt,lofo,direct,leave-one-family-out,DME,6.50598,8.85602,7.04845
E,X0+P1,oxidation,gbdt,lofo,direct,leave-one-family-out,DOL,6.65213,9.31314,6.88392
E,X0+P1,oxidation,gbdt,lofo,direct,leave-one-family-out,TEGDME,5.95045,7.59532,7.07622
E,X0+P1,oxidation,gbdt,lofo,direct,leave-one-family-out,EA,7.72405,10.0028,7.93237
E,X0+P1,oxidation,gbdt,lofo,direct,leave-one-family-out,MA,7.80119,10.202,8.22877
E,X0+P1,oxidation,gbdt,lofo,direct,leave-one-family-out,GBL,7.61103,9.95154,7.9514
E,X0+P1,oxidation,gbdt,lofo,direct,leave-one-family-out,SL,7.43224,9.79305,7.61428
E,X0+P1,oxidation,gbdt,lofo,direct,leave-one-family-out,DMSO,6.4133,8.81417,6.57662
E,X0+P1,oxidation,gbdt,lofo,direct,leave-one-family-out,AN,9.23338,12.1404,7.93167
E,X0+P1,oxidation,gbdt,lofo,direct,leave-one-family-out,TMP,8.13737,10.0568,7.85402
E,X0+P1,oxidation,gbdt,lofo,direct,leave-one-family-out,SN,9.01366,11.6036,8.30312
E,X0+P1,oxidation,constant,lofo,shift,leave-one-family-out,DMC,8.1696,10.5799,8.15692
E,X0+P1,oxidation,constant,lofo,shift,leave-one-family-out,EMC,7.99479,10.2016,7.77863
E,X0+P1,oxidation,constant,lofo,shift,leave-one-family-out,DEC,7.86403,9.98433,7.56137
E,X0+P1,oxidation,constant,lofo,shift,leave-one-family-out,EC,8.06066,10.7691,8.44115
E,X0+P1,oxidation,constant,lofo,shift,leave-one-family-out,PC,8.00702,10.5388,8.21086
E,X0+P1,oxidation,constant,lofo,shift,leave-one-family-out,FEC,8.83094,11.3226,8.99463
E,X0+P1,oxidation,constant,lofo,shift,leave-one-family-out,VC,6.86064,9.61883,7.29086
E,X0+P1,oxidation,constant,lofo,shift,leave-one-family-out,DME,6.50598,8.85602,6.42763
E,X0+P1,oxidation,constant,lofo,shift,leave-one-family-out,DOL,6.65213,9.31314,6.88475
E,X0+P1,oxidation,constant,lofo,shift,leave-one-family-out,TEGDME,5.95045,7.59532,5.16693
E,X0+P1,oxidation,constant,lofo,shift,leave-one-family-out,EA,7.72405,10.0028,7.59874
E,X0+P1,oxidation,constant,lofo,shift,leave-one-family-out,MA,7.80119,10.202,7.79794
E,X0+P1,oxidation,constant,lofo,shift,leave-one-family-out,GBL,7.61103,9.95154,7.54743
E,X0+P1,oxidation,constant,lofo,shift,leave-one-family-out,SL,7.43224,9.79305,7.3977
E,X0+P1,oxidation,constant,lofo,shift,leave-one-family-out,DMSO,6.4133,8.81417,6.42118
E,X0+P1,oxidation,constant,lofo,shift,leave-one-family-out,AN,9.23338,12.1404,9.79139
E,X0+P1,oxidation,constant,lofo,shift,leave-one-family-out,TMP,8.13737,10.0568,7.6355
E,X0+P1,oxidation,constant,lofo,shift,leave-one-family-out,SN,9.01366,11.6036,9.25459
E,X0+P1,oxidation,ridge,lofo,shift,leave-one-family-out,DMC,8.1696,10.5799,8.19017
E,X0+P1,oxidation,ridge,lofo,shift,leave-one-family-out,EMC,7.99479,10.2016,7.8953
E,X0+P1,oxidation,ridge,lofo,shift,leave-one-family-out,DEC,7.86403,9.98433,7.74815
E,X0+P1,oxidation,ridge,lofo,shift,leave-one-family-out,EC,8.06066,10.7691,8.6145
E,X0+P1,oxidation,ridge,lofo,shift,leave-one-family-out,PC,8.00702,10.5388,8.3313
E,X0+P1,oxidation,ridge,lofo,shift,leave-one-family-out,FEC,8.83094,11.3226,9.51764
E,X0+P1,oxidation,ridge,lofo,shift,leave-one-family-out,VC,6.86064,9.61883,7.34905
E,X0+P1,oxidation,ridge,lofo,shift,leave-one-family-out,DME,6.50598,8.85602,6.79832
E,X0+P1,oxidation,ridge,lofo,shift,leave-one-family-out,DOL,6.65213,9.31314,6.95173
E,X0+P1,oxidation,ridge,lofo,shift,leave-one-family-out,TEGDME,5.95045,7.59532,6.7859
E,X0+P1,oxidation,ridge,lofo,shift,leave-one-family-out,EA,7.72405,10.0028,7.70206
E,X0+P1,oxidation,ridge,lofo,shift,leave-one-family-out,MA,7.80119,10.202,7.7881
E,X0+P1,oxidation,ridge,lofo,shift,leave-one-family-out,GBL,7.61103,9.95154,7.35432
E,X0+P1,oxidation,ridge,lofo,shift,leave-one-family-out,SL,7.43224,9.79305,7.33139
E,X0+P1,oxidation,ridge,lofo,shift,leave-one-family-out,DMSO,6.4133,8.81417,6.3232
E,X0+P1,oxidation,ridge,lofo,shift,leave-one-family-out,AN,9.23338,12.1404,9.58216
E,X0+P1,oxidation,ridge,lofo,shift,leave-one-family-out,TMP,8.13737,10.0568,7.8161
E,X0+P1,oxidation,ridge,lofo,shift,leave-one-family-out,SN,9.01366,11.6036,9.20013
E,X0+P1,oxidation,krr,lofo,shift,leave-one-family-out,DMC,8.1696,10.5799,8.16553
E,X0+P1,oxidation,krr,lofo,shift,leave-one-family-out,EMC,7.99479,10.2016,7.83178
E,X0+P1,oxidation,krr,lofo,shift,leave-one-family-out,DEC,7.86403,9.98433,7.65719
E,X0+P1,oxidation,krr,lofo,shift,leave-one-family-out,EC,8.06066,10.7691,8.39542
E,X0+P1,oxidation,krr,lofo,shift,leave-one-family-out,PC,8.00702,10.5388,8.20682
E,X0+P1,oxidation,krr,lofo,shift,leave-one-family-out,FEC,8.83094,11.3226,9.07016
E,X0+P1,oxidation,krr,lofo,shift,leave-one-family-out,VC,6.86064,9.61883,7.33434
E,X0+P1,oxidation,krr,lofo,shift,leave-one-family-out,DME,6.50598,8.85602,6.67532
E,X0+P1,oxidation,krr,lofo,shift,leave-one-family-out,DOL,6.65213,9.31314,6.87703
E,X0+P1,oxidation,krr,lofo,shift,leave-one-family-out,TEGDME,5.95045,7.59532,6.79796
E,X0+P1,oxidation,krr,lofo,shift,leave-one-family-out,EA,7.72405,10.0028,7.54641
E,X0+P1,oxidation,krr,lofo,shift,leave-one-family-out,MA,7.80119,10.202,7.68971
E,X0+P1,oxidation,krr,lofo,shift,leave-one-family-out,GBL,7.61103,9.95154,7.35353
E,X0+P1,oxidation,krr,lofo,shift,leave-one-family-out,SL,7.43224,9.79305,7.36297
E,X0+P1,oxidation,krr,lofo,shift,leave-one-family-out,DMSO,6.4133,8.81417,6.36635
E,X0+P1,oxidation,krr,lofo,shift,leave-one-family-out,AN,9.23338,12.1404,9.64317
E,X0+P1,oxidation,krr,lofo,shift,leave-one-family-out,TMP,8.13737,10.0568,7.80658
E,X0+P1,oxidation,krr,lofo,shift,leave-one-family-out,SN,9.01366,11.6036,9.21992
E,X0+P1,oxidation,gpr,lofo,shift,leave-one-family-out,DMC,8.1696,10.5799,8.24683
E,X0+P1,oxidation,gpr,lofo,shift,leave-one-family-out,EMC,7.99479,10.2016,8.01355
E,X0+P1,oxidation,gpr,lofo,shift,leave-one-family-out,DEC,7.86403,9.98433,7.90731
E,X0+P1,oxidation,gpr,lofo,shift,leave-one-family-out,EC,8.06066,10.7691,8.31576
E,X0+P1,oxidation,gpr,lofo,shift,leave-one-family-out,PC,8.00702,10.5388,8.13284
E,X0+P1,oxidation,gpr,lofo,shift,leave-one-family-out,FEC,8.83094,11.3226,8.89869
E,X0+P1,oxidation,gpr,lofo,shift,leave-one-family-out,VC,6.86064,9.61883,7.34984
E,X0+P1,oxidation,gpr,lofo,shift,leave-one-family-out,DME,6.50598,8.85602,6.51169
E,X0+P1,oxidation,gpr,lofo,shift,leave-one-family-out,DOL,6.65213,9.31314,6.86367
E,X0+P1,oxidation,gpr,lofo,shift,leave-one-family-out,TEGDME,5.95045,7.59532,5.16816
E,X0+P1,oxidation,gpr,lofo,shift,leave-one-family-out,EA,7.72405,10.0028,7.61428
E,X0+P1,oxidation,gpr,lofo,shift,leave-one-family-out,MA,7.80119,10.202,7.66663
E,X0+P1,oxidation,gpr,lofo,shift,leave-one-family-out,GBL,7.61103,9.95154,7.3116
E,X0+P1,oxidation,gpr,lofo,shift,leave-one-family-out,SL,7.43224,9.79305,7.56653
E,X0+P1,oxidation,gpr,lofo,shift,leave-one-family-out,DMSO,6.4133,8.81417,6.54727
E,X0+P1,oxidation,gpr,lofo,shift,leave-one-family-out,AN,9.23338,12.1404,9.58539
E,X0+P1,oxidation,gpr,lofo,shift,leave-one-family-out,TMP,8.13737,10.0568,7.94018
E,X0+P1,oxidation,gpr,lofo,shift,leave-one-family-out,SN,9.01366,11.6036,8.93331
E,X0+P1,oxidation,rf,lofo,shift,leave-one-family-out,DMC,8.1696,10.5799,8.09317
E,X0+P1,oxidation,rf,lofo,shift,leave-one-family-out,EMC,7.99479,10.2016,7.77289
E,X0+P1,oxidation,rf,lofo,shift,leave-one-family-out,DEC,7.86403,9.98433,7.64768
E,X0+P1,oxidation,rf,lofo,shift,leave-one-family-out,EC,8.06066,10.7691,8.38805
E,X0+P1,oxidation,rf,lofo,shift,leave-one-family-out,PC,8.00702,10.5388,8.21348
E,X0+P1,oxidation,rf,lofo,shift,leave-one-family-out,FEC,8.83094,11.3226,8.91559
E,X0+P1,oxidation,rf,lofo,shift,leave-one-family-out,VC,6.86064,9.61883,7.22727
E,X0+P1,oxidation,rf,lofo,shift,leave-one-family-out,DME,6.50598,8.85602,6.66057
E,X0+P1,oxidation,rf,lofo,shift,leave-one-family-out,DOL,6.65213,9.31314,6.78632
E,X0+P1,oxidation,rf,lofo,shift,leave-one-family-out,TEGDME,5.95045,7.59532,5.52813
E,X0+P1,oxidation,rf,lofo,shift,leave-one-family-out,EA,7.72405,10.0028,7.57759
E,X0+P1,oxidation,rf,lofo,shift,leave-one-family-out,MA,7.80119,10.202,7.54495
E,X0+P1,oxidation,rf,lofo,shift,leave-one-family-out,GBL,7.61103,9.95154,7.4371
E,X0+P1,oxidation,rf,lofo,shift,leave-one-family-out,SL,7.43224,9.79305,7.4966
E,X0+P1,oxidation,rf,lofo,shift,leave-one-family-out,DMSO,6.4133,8.81417,6.41677
E,X0+P1,oxidation,rf,lofo,shift,leave-one-family-out,AN,9.23338,12.1404,9.6086
E,X0+P1,oxidation,rf,lofo,shift,leave-one-family-out,TMP,8.13737,10.0568,7.89257
E,X0+P1,oxidation,rf,lofo,shift,leave-one-family-out,SN,9.01366,11.6036,9.24255
E,X0+P1,oxidation,gbdt,lofo,shift,leave-one-family-out,DMC,8.1696,10.5799,8.117
E,X0+P1,oxidation,gbdt,lofo,shift,leave-one-family-out,EMC,7.99479,10.2016,7.83793
E,X0+P1,oxidation,gbdt,lofo,shift,leave-one-family-out,DEC,7.86403,9.98433,7.80688
E,X0+P1,oxidation,gbdt,lofo,shift,leave-one-family-out,EC,8.06066,10.7691,8.36813
E,X0+P1,oxidation,gbdt,lofo,shift,leave-one-family-out,PC,8.00702,10.5388,8.20458
E,X0+P1,oxidation,gbdt,lofo,shift,leave-one-family-out,FEC,8.83094,11.3226,8.85113
E,X0+P1,oxidation,gbdt,lofo,shift,leave-one-family-out,VC,6.86064,9.61883,7.33266
E,X0+P1,oxidation,gbdt,lofo,shift,leave-one-family-out,DME,6.50598,8.85602,6.72463
E,X0+P1,oxidation,gbdt,lofo,shift,leave-one-family-out,DOL,6.65213,9.31314,6.80271
E,X0+P1,oxidation,gbdt,lofo,shift,leave-one-family-out,TEGDME,5.95045,7.59532,5.61813
E,X0+P1,oxidation,gbdt,lofo,shift,leave-one-family-out,EA,7.72405,10.0028,7.59162
E,X0+P1,oxidation,gbdt,lofo,shift,leave-one-family-out,MA,7.80119,10.202,7.56351
E,X0+P1,oxidation,gbdt,lofo,shift,leave-one-family-out,GBL,7.61103,9.95154,7.44405
E,X0+P1,oxidation,gbdt,lofo,shift,leave-one-family-out,SL,7.43224,9.79305,7.55448
E,X0+P1,oxidation,gbdt,lofo,shift,leave-one-family-out,DMSO,6.4133,8.81417,6.41905
E,X0+P1,oxidation,gbdt,lofo,shift,leave-one-family-out,AN,9.23338,12.1404,9.64756
E,X0+P1,oxidation,gbdt,lofo,shift,leave-one-family-out,TMP,8.13737,10.0568,8.06715
E,X0+P1,oxidation,gbdt,lofo,shift,leave-one-family-out,SN,9.01366,11.6036,9.27958
E,X0+P1,reduction,constant,random,direct,seed=101,DMC,1.14007,3.46463,0.786706
E,X0+P1,reduction,constant,random,direct,seed=101,EMC,0.73216,3.31697,1.14007
E,X0+P1,reduction,constant,random,direct,seed=101,DEC,0.841253,3.36907,1.14007
E,X0+P1,reduction,constant,random,direct,seed=101,EC,0.58829,2.59026,0.389745
E,X0+P1,reduction,constant,random,direct,seed=101,PC,0.714626,2.88574,0.347633
E,X0+P1,reduction,constant,random,direct,seed=101,FEC,0.551192,2.55635,0.402111
E,X0+P1,reduction,constant,random,direct,seed=101,VC,-0.096584,1.98927,0.618036
E,X0+P1,reduction,constant,random,direct,seed=101,DME,1.49988,3.72927,1.45544
E,X0+P1,reduction,constant,random,direct,seed=101,DOL,1.41839,4.08707,1.49988
E,X0+P1,reduction,constant,random,direct,seed=101,TEGDME,1.49248,2.86848,1.49988
E,X0+P1,reduction,constant,random,direct,seed=101,EA,0.427682,2.73655,0.364398
E,X0+P1,reduction,constant,random,direct,seed=101,MA,0.402125,2.73615,0.377176
E,X0+P1,reduction,constant,random,direct,seed=101,GBL,0.32667,2.57924,0.414903
E,X0+P1,reduction,constant,random,direct,seed=101,SL,1.18965,2.97769,0.729631
E,X0+P1,reduction,constant,random,direct,seed=101,DMSO,0.751794,2.77929,0.757176
E,X0+P1,reduction,constant,random,direct,seed=101,AN,0.642537,3.19638,-0.120035
E,X0+P1,reduction,constant,random,direct,seed=101,TMP,1.01178,2.91314,0.748875
E,X0+P1,reduction,constant,random,direct,seed=101,SN,-0.120035,1.8543,0.642537
E,X0+P1,reduction,constant,random,direct,seed=211,DMC,1.14007,3.46463,0.786706
E,X0+P1,reduction,constant,random,direct,seed=211,EMC,0.73216,3.31697,1.14007
E,X0+P1,reduction,constant,random,direct,seed=211,DEC,0.841253,3.36907,1.14007
E,X0+P1,reduction,constant,random,direct,seed=211,EC,0.58829,2.59026,0.389745
E,X0+P1,reduction,constant,random,direct,seed=211,PC,0.714626,2.88574,0.347633
E,X0+P1,reduction,constant,random,direct,seed=211,FEC,0.551192,2.55635,0.402111
E,X0+P1,reduction,constant,random,direct,seed=211,VC,-0.096584,1.98927,0.618036
E,X0+P1,reduction,constant,random,direct,seed=211,DME,1.49988,3.72927,1.41839
E,X0+P1,reduction,constant,random,direct,seed=211,DOL,1.41839,4.08707,1.49618
E,X0+P1,reduction,constant,random,direct,seed=211,TEGDME,1.49248,2.86848,1.41839
E,X0+P1,reduction,constant,random,direct,seed=211,EA,0.427682,2.73655,0.364398
E,X0+P1,reduction,constant,random,direct,seed=211,MA,0.402125,2.73615,0.377176
E,X0+P1,reduction,constant,random,direct,seed=211,GBL,0.32667,2.57924,0.414903
E,X0+P1,reduction,constant,random,direct,seed=211,SL,1.18965,2.97769,0.766319
E,X0+P1,reduction,constant,random,direct,seed=211,DMSO,0.751794,2.77929,0.781392
E,X0+P1,reduction,constant,random,direct,seed=211,AN,0.642537,3.19638,-0.120035
E,X0+P1,reduction,constant,random,direct,seed=211,TMP,1.01178,2.91314,0.84792
E,X0+P1,reduction,constant,random,direct,seed=211,SN,-0.120035,1.8543,0.642537
E,X0+P1,reduction,constant,random,direct,seed=307,DMC,1.14007,3.46463,0.786706
E,X0+P1,reduction,constant,random,direct,seed=307,EMC,0.73216,3.31697,0.990663
E,X0+P1,reduction,constant,random,direct,seed=307,DEC,0.841253,3.36907,0.936117
E,X0+P1,reduction,constant,random,direct,seed=307,EC,0.58829,2.59026,0.309021
E,X0+P1,reduction,constant,random,direct,seed=307,PC,0.714626,2.88574,0.347633
E,X0+P1,reduction,constant,random,direct,seed=307,FEC,0.551192,2.55635,0.309021
E,X0+P1,reduction,constant,random,direct,seed=307,VC,-0.096584,1.98927,0.618036
E,X0+P1,reduction,constant,random,direct,seed=307,DME,1.49988,3.72927,1.45544
E,X0+P1,reduction,constant,random,direct,seed=307,DOL,1.41839,4.08707,1.49618
E,X0+P1,reduction,constant,random,direct,seed=307,TEGDME,1.49248,2.86848,1.45914
E,X0+P1,reduction,constant,random,direct,seed=307,EA,0.427682,2.73655,0.402125
E,X0+P1,reduction,constant,random,direct,seed=307,MA,0.402125,2.73615,0.377176
E,X0+P1,reduction,constant,random,direct,seed=307,GBL,0.32667,2.57924,0.402125
E,X0+P1,reduction,constant,random,direct,seed=307,SL,1.18965,2.97769,0.665545
E,X0+P1,reduction,constant,random,direct,seed=307,DMSO,0.751794,2.77929,0.680411
E,X0+P1,reduction,constant,random,direct,seed=307,AN,0.642537,3.19638,-0.120035
E,X0+P1,reduction,constant,random,direct,seed=307,TMP,1.01178,2.91314,0.680411
E,X0+P1,reduction,constant,random,direct,seed=307,SN,-0.120035,1.8543,0.642537
E,X0+P1,reduction,constant,random,direct,seed=401,DMC,1.14007,3.46463,0.786706
E,X0+P1,reduction,constant,random,direct,seed=401,EMC,0.73216,3.31697,1.14007
E,X0+P1,reduction,constant,random,direct,seed=401,DEC,0.841253,3.36907,1.14007
E,X0+P1,reduction,constant,random,direct,seed=401,EC,0.58829,2.59026,0.389745
E,X0+P1,reduction,constant,random,direct,seed=401,PC,0.714626,2.88574,0.347633
E,X0+P1,reduction,constant,random,direct,seed=401,FEC,0.551192,2.55635,0.402111
E,X0+P1,reduction,constant,random,direct,seed=401,VC,-0.096584,1.98927,0.618036
E,X0+P1,reduction,constant,random,direct,seed=401,DME,1.49988,3.72927,1.45544
E,X0+P1,reduction,constant,random,direct,seed=401,DOL,1.41839,4.08707,1.49988
E,X0+P1,reduction,constant,random,direct,seed=401,TEGDME,1.49248,2.86848,1.49988
E,X0+P1,reduction,constant,random,direct,seed=401,EA,0.427682,2.73655,0.32667
E,X0+P1,reduction,constant,random,direct,seed=401,MA,0.402125,2.73615,0.32667
E,X0+P1,reduction,constant,random,direct,seed=401,GBL,0.32667,2.57924,0.414903
E,X0+P1,reduction,constant,random,direct,seed=401,SL,1.18965,2.97769,0.705804
E,X0+P1,reduction,constant,random,direct,seed=401,DMSO,0.751794,2.77929,0.705804
E,X0+P1,reduction,constant,random,direct,seed=401,AN,0.642537,3.19638,-0.120035
E,X0+P1,reduction,constant,random,direct,seed=401,TMP,1.01178,2.91314,0.711709
E,X0+P1,reduction,constant,random,direct,seed=401,SN,-0.120035,1.8543,0.642537
E,X0+P1,reduction,constant,random,direct,seed=503,DMC,1.14007,3.46463,0.786706
E,X0+P1,reduction,constant,random,direct,seed=503,EMC,0.73216,3.31697,1.14007
E,X0+P1,reduction,constant,random,direct,seed=503,DEC,0.841253,3.36907,1.14007
E,X0+P1,reduction,constant,random,direct,seed=503,EC,0.58829,2.59026,0.389745
E,X0+P1,reduction,constant,random,direct,seed=503,PC,0.714626,2.88574,0.347633
E,X0+P1,reduction,constant,random,direct,seed=503,FEC,0.551192,2.55635,0.402111
E,X0+P1,reduction,constant,random,direct,seed=503,VC,-0.096584,1.98927,0.618036
E,X0+P1,reduction,constant,random,direct,seed=503,DME,1.49988,3.72927,1.45544
E,X0+P1,reduction,constant,random,direct,seed=503,DOL,1.41839,4.08707,1.49988
E,X0+P1,reduction,constant,random,direct,seed=503,TEGDME,1.49248,2.86848,1.49988
E,X0+P1,reduction,constant,random,direct,seed=503,EA,0.427682,2.73655,0.32667
E,X0+P1,reduction,constant,random,direct,seed=503,MA,0.402125,2.73615,0.32667
E,X0+P1,reduction,constant,random,direct,seed=503,GBL,0.32667,2.57924,0.414903
E,X0+P1,reduction,constant,random,direct,seed=503,SL,1.18965,2.97769,0.739603
E,X0+P1,reduction,constant,random,direct,seed=503,DMSO,0.751794,2.77929,0.748152
E,X0+P1,reduction,constant,random,direct,seed=503,AN,0.642537,3.19638,-0.120035
E,X0+P1,reduction,constant,random,direct,seed=503,TMP,1.01178,2.91314,0.802262
E,X0+P1,reduction,constant,random,direct,seed=503,SN,-0.120035,1.8543,0.642537
E,X0+P1,reduction,ridge,random,direct,seed=101,DMC,1.14007,3.46463,0.760674
E,X0+P1,reduction,ridge,random,direct,seed=101,EMC,0.73216,3.31697,1.00067
E,X0+P1,reduction,ridge,random,direct,seed=101,DEC,0.841253,3.36907,1.13674
E,X0+P1,reduction,ridge,random,direct,seed=101,EC,0.58829,2.59026,0.410161
E,X0+P1,reduction,ridge,random,direct,seed=101,PC,0.714626,2.88574,0.850138
E,X0+P1,reduction,ridge,random,direct,seed=101,FEC,0.551192,2.55635,0.684764
E,X0+P1,reduction,ridge,random,direct,seed=101,VC,-0.096584,1.98927,0.318089
E,X0+P1,reduction,ridge,random,direct,seed=101,DME,1.49988,3.72927,1.50023
E,X0+P1,reduction,ridge,random,direct,seed=101,DOL,1.41839,4.08707,1.73788
E,X0+P1,reduction,ridge,random,direct,seed=101,TEGDME,1.49248,2.86848,-0.0433955
E,X0+P1,reduction,ridge,random,direct,seed=101,EA,0.427682,2.73655,0.375496
E,X0+P1,reduction,ridge,random,direct,seed=101,MA,0.402125,2.73615,0.502657
E,X0+P1,reduction,ridge,random,direct,seed=101,GBL,0.32667,2.57924,0.380773
E,X0+P1,reduction,ridge,random,direct,seed=101,SL,1.18965,2.97769,0.78563
E,X0+P1,reduction,ridge,random,direct,seed=101,DMSO,0.751794,2.77929,0.530944
E,X0+P1,reduction,ridge,random,direct,seed=101,AN,0.642537,3.19638,0.45472
E,X0+P1,reduction,ridge,random,direct,seed=101,TMP,1.01178,2.91314,1.56213
E,X0+P1,reduction,ridge,random,direct,seed=101,SN,-0.120035,1.8543,0.138464
E,X0+P1,reduction,ridge,random,direct,seed=211,DMC,1.14007,3.46463,0.814696
E,X0+P1,reduction,ridge,random,direct,seed=211,EMC,0.73216,3.31697,1.04652
E,X0+P1,reduction,ridge,random,direct,seed=211,DEC,0.841253,3.36907,1.17878
E,X0+P1,reduction,ridge,random,direct,seed=211,EC,0.58829,2.59026,0.304915
E,X0+P1,reduction,ridge,random,direct,seed=211,PC,0.714626,2.88574,0.753025
E,X0+P1,reduction,ridge,random,direct,seed=211,FEC,0.551192,2.55635,0.0643956
E,X0+P1,reduction,ridge,random,direct,seed=211,VC,-0.096584,1.98927,0.3948
E,X0+P1,reduction,ridge,random,direct,seed=211,DME,1.49988,3.72927,1.41842
E,X0+P1,reduction,ridge,random,direct,seed=211,DOL,1.41839,4.08707,1.64284
E,X0+P1,reduction,ridge,random,direct,seed=211,TEGDME,1.49248,2.86848,0.59223
E,X0+P1,reduction,ridge,random,direct,seed=211,EA,0.427682,2.73655,0.425575
E,X0+P1,reduction,ridge,random,direct,seed=211,MA,0.402125,2.73615,0.492517
E,X0+P1,reduction,ridge,random,direct,seed=211,GBL,0.32667,2.57924,0.488985
E,X0+P1,reduction,ridge,random,direct,seed=211,SL,1.18965,2.97769,0.66433
E,X0+P1,reduction,ridge,random,direct,seed=211,DMSO,0.751794,2.77929,0.511155
E,X0+P1,reduction,ridge,random,direct,seed=211,AN,0.642537,3.19638,1.28846
E,X0+P1,reduction,ridge,random,direct,seed=211,TMP,1.01178,2.91314,1.2329
E,X0+P1,reduction,ridge,random,direct,seed=211,SN,-0.120035,1.8543,0.462203
E,X0+P1,reduction,ridge,random,direct,seed=307,DMC,1.14007,3.46463,0.712348
E,X0+P1,reduction,ridge,random,direct,seed=307,EMC,0.73216,3.31697,0.85697
E,X0+P1,reduction,ridge,random,direct,seed=307,DEC,0.841253,3.36907,0.955626
E,X0+P1,reduction,ridge,random,direct,seed=307,EC,0.58829,2.59026,0.407758
E,X0+P1,reduction,ridge,random,direct,seed=307,PC,0.714626,2.88574,0.665157
E,X0+P1,reduction,ridge,random,direct,seed=307,FEC,0.551192,2.55635,0.349938
E,X0+P1,reduction,ridge,random,direct,seed=307,VC,-0.096584,1.98927,0.281503
E,X0+P1,reduction,ridge,random,direct,seed=307,DME,1.49988,3.72927,1.53475
E,X0+P1,reduction,ridge,random,direct,seed=307,DOL,1.41839,4.08707,1.5748
E,X0+P1,reduction,ridge,random,direct,seed=307,TEGDME,1.49248,2.86848,1.31018
E,X0+P1,reduction,ridge,random,direct,seed=307,EA,0.427682,2.73655,0.540509
E,X0+P1,reduction,ridge,random,direct,seed=307,MA,0.402125,2.73615,0.511183
E,X0+P1,reduction,ridge,random,direct,seed=307,GBL,0.32667,2.57924,0.462688
E,X0+P1,reduction,ridge,random,direct,seed=307,SL,1.18965,2.97769,0.766589
E,X0+P1,reduction,ridge,random,direct,seed=307,DMSO,0.751794,2.77929,0.536838
E,X0+P1,reduction,ridge,random,direct,seed=307,AN,0.642537,3.19638,0.424931
E,X0+P1,reduction,ridge,random,direct,seed=307,TMP,1.01178,2.91314,1.16401
E,X0+P1,reduction,ridge,random,direct,seed=307,SN,-0.120035,1.8543,0.215111
E,X0+P1,reduction,ridge,random,direct,seed=401,DMC,1.14007,3.46463,0.771451
E,X0+P1,reduction,ridge,random,direct,seed=401,EMC,0.73216,3.31697,1.04589
E,X0+P1,reduction,ridge,random,direct,seed=401,DEC,0.841253,3.36907,1.18946
E,X0+P1,reduction,ridge,random,direct,seed=401,EC,0.58829,2.59026,0.393936
E,X0+P1,reduction,ridge,random,direct,seed=401,PC,0.714626,2.88574,0.970977
E,X0+P1,reduction,ridge,random,direct,seed=401,FEC,0.551192,2.55635,0.665875
E,X0+P1,reduction,ridge,random,direct,seed=401,VC,-0.096584,1.98927,0.11582
E,X0+P1,reduction,ridge,random,direct,seed=401,DME,1.49988,3.72927,1.4739
E,X0+P1,reduction,ridge,random,direct,seed=401,DOL,1.41839,4.08707,1.88332
E,X0+P1,reduction,ridge,random,direct,seed=401,TEGDME,1.49248,2.86848,0.0947756
E,X0+P1,reduction,ridge,random,direct,seed=401,EA,0.427682,2.73655,0.548866
E,X0+P1,reduction,ridge,random,direct,seed=401,MA,0.402125,2.73615,0.462281
E,X0+P1,reduction,ridge,random,direct,seed=401,GBL,0.32667,2.57924,0.540013
E,X0+P1,reduction,ridge,random,direct,seed=401,SL,1.18965,2.97769,0.609187
E,X0+P1,reduction,ridge,random,direct,seed=401,DMSO,0.751794,2.77929,0.285681
E,X0+P1,reduction,ridge,random,direct,seed=401,AN,0.642537,3.19638,0.56847
E,X0+P1,reduction,ridge,random,direct,seed=401,TMP,1.01178,2.91314,1.01703
E,X0+P1,reduction,ridge,random,direct,seed=401,SN,-0.120035,1.8543,-0.109688
E,X0+P1,reduction,ridge,random,direct,seed=503,DMC,1.14007,3.46463,0.752482
E,X0+P1,reduction,ridge,random,direct,seed=503,EMC,0.73216,3.31697,1.07099
E,X0+P1,reduction,ridge,random,direct,seed=503,DEC,0.841253,3.36907,1.22483
E,X0+P1,reduction,ridge,random,direct,seed=503,EC,0.58829,2.59026,0.434735
E,X0+P1,reduction,ridge,random,direct,seed=503,PC,0.714626,2.88574,1.01137
E,X0+P1,reduction,ridge,random,direct,seed=503,FEC,0.551192,2.55635,0.505021
E,X0+P1,reduction,ridge,random,direct,seed=503,VC,-0.096584,1.98927,0.364296
E,X0+P1,reduction,ridge,random,direct,seed=503,DME,1.49988,3.72927,1.35461
E,X0+P1,reduction,ridge,random,direct,seed=503,DOL,1.41839,4.08707,1.87701
E,X0+P1,reduction,ridge,random,direct,seed=503,TEGDME,1.49248,2.86848,0.224266
E,X0+P1,reduction,ridge,random,direct,seed=503,EA,0.427682,2.73655,0.560241
E,X0+P1,reduction,ridge,random,direct,seed=503,MA,0.402125,2.73615,0.48566
E,X0+P1,reduction,ridge,random,direct,seed=503,GBL,0.32667,2.57924,0.447965
E,X0+P1,reduction,ridge,random,direct,seed=503,SL,1.18965,2.97769,0.785254
E,X0+P1,reduction,ridge,random,direct,seed=503,DMSO,0.751794,2.77929,0.538841
E,X0+P1,reduction,ridge,random,direct,seed=503,AN,0.642537,3.19638,0.432622
E,X0+P1,reduction,ridge,random,direct,seed=503,TMP,1.01178,2.91314,1.07519
E,X0+P1,reduction,ridge,random,direct,seed=503,SN,-0.120035,1.8543,0.18172
E,X0+P1,reduction,krr,random,direct,seed=101,DMC,1.14007,3.46463,0.642988
E,X0+P1,reduction,krr,random,direct,seed=101,EMC,0.73216,3.31697,0.945688
E,X0+P1,reduction,krr,random,direct,seed=101,DEC,0.841253,3.36907,1.05991
E,X0+P1,reduction,krr,random,direct,seed=101,EC,0.58829,2.59026,0.443115
E,X0+P1,reduction,krr,random,direct,seed=101,PC,0.714626,2.88574,0.782056
E,X0+P1,reduction,krr,random,direct,seed=101,FEC,0.551192,2.55635,0.498807
E,X0+P1,reduction,krr,random,direct,seed=101,VC,-0.096584,1.98927,0.445198
E,X0+P1,reduction,krr,random,direct,seed=101,DME,1.49988,3.72927,1.44236
E,X0+P1,reduction,krr,random,direct,seed=101,DOL,1.41839,4.08707,1.80537
E,X0+P1,reduction,krr,random,direct,seed=101,TEGDME,1.49248,2.86848,0.148689
E,X0+P1,reduction,krr,random,direct,seed=101,EA,0.427682,2.73655,0.412698
E,X0+P1,reduction,krr,random,direct,seed=101,MA,0.402125,2.73615,0.602492
E,X0+P1,reduction,krr,random,direct,seed=101,GBL,0.32667,2.57924,0.587023
E,X0+P1,reduction,krr,random,direct,seed=101,SL,1.18965,2.97769,0.777824
E,X0+P1,reduction,krr,random,direct,seed=101,DMSO,0.751794,2.77929,0.491846
E,X0+P1,reduction,krr,random,direct,seed=101,AN,0.642537,3.19638,0.523607
E,X0+P1,reduction,krr,random,direct,seed=101,TMP,1.01178,2.91314,0.83294
E,X0+P1,reduction,krr,random,direct,seed=101,SN,-0.120035,1.8543,0.173522
E,X0+P1,reduction,krr,random,direct,seed=211,DMC,1.14007,3.46463,0.667382
E,X0+P1,reduction,krr,random,direct,seed=211,EMC,0.73216,3.31697,0.905832
E,X0+P1,reduction,krr,random,direct,seed=211,DEC,0.841253,3.36907,0.994417
E,X0+P1,reduction,krr,random,direct,seed=211,EC,0.58829,2.59026,0.437843
E,X0+P1,reduction,krr,random,direct,seed=211,PC,0.714626,2.88574,0.613917
E,X0+P1,reduction,krr,random,direct,seed=211,FEC,0.551192,2.55635,0.598559
E,X0+P1,reduction,krr,random,direct,seed=211,VC,-0.096584,1.98927,0.42527
E,X0+P1,reduction,krr,random,direct,seed=211,DME,1.49988,3.72927,1.08048
E,X0+P1,reduction,krr,random,direct,seed=211,DOL,1.41839,4.08707,1.58034
E,X0+P1,reduction,krr,random,direct,seed=211,TEGDME,1.49248,2.86848,0.914831
E,X0+P1,reduction,krr,random,direct,seed=211,EA,0.427682,2.73655,0.609848
E,X0+P1,reduction,krr,random,direct,seed=211,MA,0.402125,2.73615,0.683354
E,X0+P1,reduction,krr,random,direct,seed=211,GBL,0.32667,2.57924,0.564007
E,X0+P1,reduction,krr,random,direct,seed=211,SL,1.18965,2.97769,0.733441
E,X0+P1,reduction,krr,random,direct,seed=211,DMSO,0.751794,2.77929,0.677382
E,X0+P1,reduction,krr,random,direct,seed=211,AN,0.642537,3.19638,0.630127
E,X0+P1,reduction,krr,random,direct,seed=211,TMP,1.01178,2.91314,1.32174
E,X0+P1,reduction,krr,random,direct,seed=211,SN,-0.120035,1.8543,0.424817
E,X0+P1,reduction,krr,random,direct,seed=307,DMC,1.14007,3.46463,0.694454
E,X0+P1,reduction,krr,random,direct,seed=307,EMC,0.73216,3.31697,0.757359
E,X0+P1,reduction,krr,random,direct,seed=307,DEC,0.841253,3.36907,0.863174
E,X0+P1,reduction,krr,random,direct,seed=307,EC,0.58829,2.59026,0.429215
E,X0+P1,reduction,krr,random,direct,seed=307,PC,0.714626,2.88574,0.625831
E,X0+P1,reduction,krr,random,direct,seed=307,FEC,0.551192,2.55635,0.274788
E,X0+P1,reduction,krr,random,direct,seed=307,VC,-0.096584,1.98927,0.306623
E,X0+P1,reduction,krr,random,direct,seed=307,DME,1.49988,3.72927,1.2909
E,X0+P1,reduction,krr,random,direct,seed=307,DOL,1.41839,4.08707,1.48598
E,X0+P1,reduction,krr,random,direct,seed=307,TEGDME,1.49248,2.86848,0.941288
E,X0+P1,reduction,krr,random,direct,seed=307,EA,0.427682,2.73655,0.382251
E,X0+P1,reduction,krr,random,direct,seed=307,MA,0.402125,2.73615,0.622541
E,X0+P1,reduction,krr,random,direct,seed=307,GBL,0.32667,2.57924,0.376751
E,X0+P1,reduction,krr,random,direct,seed=307,SL,1.18965,2.97769,0.719373
E,X0+P1,reduction,krr,random,direct,seed=307,DMSO,0.751794,2.77929,0.692121
E,X0+P1,reduction,krr,random,direct,seed=307,AN,0.642537,3.19638,0.408204
E,X0+P1,reduction,krr,random,direct,seed=307,TMP,1.01178,2.91314,0.918625
E,X0+P1,reduction,krr,random,direct,seed=307,SN,-0.120035,1.8543,0.357428
E,X0+P1,reduction,krr,random,direct,seed=401,DMC,1.14007,3.46463,0.76259
E,X0+P1,reduction,krr,random,direct,seed=401,EMC,0.73216,3.31697,0.881245
E,X0+P1,reduction,krr,random,direct,seed=401,DEC,0.841253,3.36907,0.964733
E,X0+P1,reduction,krr,random,direct,seed=401,EC,0.58829,2.59026,0.394029
E,X0+P1,reduction,krr,random,direct,seed=401,PC,0.714626,2.88574,0.660929
E,X0+P1,reduction,krr,random,direct,seed=401,FEC,0.551192,2.55635,0.625766
E,X0+P1,reduction,krr,random,direct,seed=401,VC,-0.096584,1.98927,0.15631
E,X0+P1,reduction,krr,random,direct,seed=401,DME,1.49988,3.72927,1.36694
E,X0+P1,reduction,krr,random,direct,seed=401,DOL,1.41839,4.08707,1.83507
E,X0+P1,reduction,krr,random,direct,seed=401,TEGDME,1.49248,2.86848,0.429564
E,X0+P1,reduction,krr,random,direct,seed=401,EA,0.427682,2.73655,0.512476
E,X0+P1,reduction,krr,random,direct,seed=401,MA,0.402125,2.73615,0.443506
E,X0+P1,reduction,krr,random,direct,seed=401,GBL,0.32667,2.57924,0.561493
E,X0+P1,reduction,krr,random,direct,seed=401,SL,1.18965,2.97769,0.686876
E,X0+P1,reduction,krr,random,direct,seed=401,DMSO,0.751794,2.77929,0.337757
E,X0+P1,reduction,krr,random,direct,seed=401,AN,0.642537,3.19638,0.625898
E,X0+P1,reduction,krr,random,direct,seed=401,TMP,1.01178,2.91314,1.03107
E,X0+P1,reduction,krr,random,direct,seed=401,SN,-0.120035,1.8543,0.212085
E,X0+P1,reduction,krr,random,direct,seed=503,DMC,1.14007,3.46463,0.74788
E,X0+P1,reduction,krr,random,direct,seed=503,EMC,0.73216,3.31697,0.824541
E,X0+P1,reduction,krr,random,direct,seed=503,DEC,0.841253,3.36907,0.885619
E,X0+P1,reduction,krr,random,direct,seed=503,EC,0.58829,2.59026,0.519538
E,X0+P1,reduction,krr,random,direct,seed=503,PC,0.714626,2.88574,0.586605
E,X0+P1,reduction,krr,random,direct,seed=503,FEC,0.551192,2.55635,0.495402
E,X0+P1,reduction,krr,random,direct,seed=503,VC,-0.096584,1.98927,0.353241
E,X0+P1,reduction,krr,random,direct,seed=503,DME,1.49988,3.72927,1.36515
E,X0+P1,reduction,krr,random,direct,seed=503,DOL,1.41839,4.08707,1.66846
E,X0+P1,reduction,krr,random,direct,seed=503,TEGDME,1.49248,2.86848,0.842224
E,X0+P1,reduction,krr,random,direct,seed=503,EA,0.427682,2.73655,0.565076
E,X0+P1,reduction,krr,random,direct,seed=503,MA,0.402125,2.73615,0.496349
E,X0+P1,reduction,krr,random,direct,seed=503,GBL,0.32667,2.57924,0.544686
E,X0+P1,reduction,krr,random,direct,seed=503,SL,1.18965,2.97769,0.781304
E,X0+P1,reduction,krr,random,direct,seed=503,DMSO,0.751794,2.77929,0.636759
E,X0+P1,reduction,krr,random,direct,seed=503,AN,0.642537,3.19638,0.417907
E,X0+P1,reduction,krr,random,direct,seed=503,TMP,1.01178,2.91314,1.07255
E,X0+P1,reduction,krr,random,direct,seed=503,SN,-0.120035,1.8543,0.335883
E,X0+P1,reduction,gpr,random,direct,seed=101,DMC,1.14007,3.46463,0.716626
E,X0+P1,reduction,gpr,random,direct,seed=101,EMC,0.73216,3.31697,1.0522
E,X0+P1,reduction,gpr,random,direct,seed=101,DEC,0.841253,3.36907,1.09152
E,X0+P1,reduction,gpr,random,direct,seed=101,EC,0.58829,2.59026,0.427464
E,X0+P1,reduction,gpr,random,direct,seed=101,PC,0.714626,2.88574,0.70024
E,X0+P1,reduction,gpr,random,direct,seed=101,FEC,0.551192,2.55635,0.634405
E,X0+P1,reduction,gpr,random,direct,seed=101,VC,-0.096584,1.98927,0.321405
E,X0+P1,reduction,gpr,random,direct,seed=101,DME,1.49988,3.72927,1.29167
E,X0+P1,reduction,gpr,random,direct,seed=101,DOL,1.41839,4.08707,1.55194
E,X0+P1,reduction,gpr,random,direct,seed=101,TEGDME,1.49248,2.86848,0.69189
E,X0+P1,reduction,gpr,random,direct,seed=101,EA,0.427682,2.73655,0.490378
E,X0+P1,reduction,gpr,random,direct,seed=101,MA,0.402125,2.73615,0.505154
E,X0+P1,reduction,gpr,random,direct,seed=101,GBL,0.32667,2.57924,0.559567
E,X0+P1,reduction,gpr,random,direct,seed=101,SL,1.18965,2.97769,0.76094
E,X0+P1,reduction,gpr,random,direct,seed=101,DMSO,0.751794,2.77929,0.444378
E,X0+P1,reduction,gpr,random,direct,seed=101,AN,0.642537,3.19638,0.573264
E,X0+P1,reduction,gpr,random,direct,seed=101,TMP,1.01178,2.91314,1.20716
E,X0+P1,reduction,gpr,random,direct,seed=101,SN,-0.120035,1.8543,0.129981
E,X0+P1,reduction,gpr,random,direct,seed=211,DMC,1.14007,3.46463,0.727634
E,X0+P1,reduction,gpr,random,direct,seed=211,EMC,0.73216,3.31697,1.03926
E,X0+P1,reduction,gpr,random,direct,seed=211,DEC,0.841253,3.36907,1.08673
E,X0+P1,reduction,gpr,random,direct,seed=211,EC,0.58829,2.59026,0.402838
E,X0+P1,reduction,gpr,random,direct,seed=211,PC,0.714626,2.88574,0.727542
E,X0+P1,reduction,gpr,random,direct,seed=211,FEC,0.551192,2.55635,0.667718
E,X0+P1,reduction,gpr,random,direct,seed=211,VC,-0.096584,1.98927,0.434235
E,X0+P1,reduction,gpr,random,direct,seed=211,DME,1.49988,3.72927,1.31365
E,X0+P1,reduction,gpr,random,direct,seed=211,DOL,1.41839,4.08707,1.56399
E,X0+P1,reduction,gpr,random,direct,seed=211,TEGDME,1.49248,2.86848,0.643087
E,X0+P1,reduction,gpr,random,direct,seed=211,EA,0.427682,2.73655,0.444102
E,X0+P1,reduction,gpr,random,direct,seed=211,MA,0.402125,2.73615,0.531869
E,X0+P1,reduction,gpr,random,direct,seed=211,GBL,0.32667,2.57924,0.519785
E,X0+P1,reduction,gpr,random,direct,seed=211,SL,1.18965,2.97769,0.67104
E,X0+P1,reduction,gpr,random,direct,seed=211,DMSO,0.751794,2.77929,0.59387
E,X0+P1,reduction,gpr,random,direct,seed=211,AN,0.642537,3.19638,0.885494
E,X0+P1,reduction,gpr,random,direct,seed=211,TMP,1.01178,2.91314,1.19659
E,X0+P1,reduction,gpr,random,direct,seed=211,SN,-0.120035,1.8543,0.458957
E,X0+P1,reduction,gpr,random,direct,seed=307,DMC,1.14007,3.46463,0.711432
E,X0+P1,reduction,gpr,random,direct,seed=307,EMC,0.73216,3.31697,0.957505
E,X0+P1,reduction,gpr,random,direct,seed=307,DEC,0.841253,3.36907,0.882179
E,X0+P1,reduction,gpr,random,direct,seed=307,EC,0.58829,2.59026,0.452735
E,X0+P1,reduction,gpr,random,direct,seed=307,PC,0.714626,2.88574,0.638659
E,X0+P1,reduction,gpr,random,direct,seed=307,FEC,0.551192,2.55635,0.460798
E,X0+P1,reduction,gpr,random,direct,seed=307,VC,-0.096584,1.98927,0.232935
E,X0+P1,reduction,gpr,random,direct,seed=307,DME,1.49988,3.72927,1.33924
E,X0+P1,reduction,gpr,random,direct,seed=307,DOL,1.41839,4.08707,1.35095
E,X0+P1,reduction,gpr,random,direct,seed=307,TEGDME,1.49248,2.86848,0.673488
E,X0+P1,reduction,gpr,random,direct,seed=307,EA,0.427682,2.73655,0.560035
E,X0+P1,reduction,gpr,random,direct,seed=307,MA,0.402125,2.73615,0.529905
E,X0+P1,reduction,gpr,random,direct,seed=307,GBL,0.32667,2.57924,0.543163
E,X0+P1,reduction,gpr,random,direct,seed=307,SL,1.18965,2.97769,0.758063
E,X0+P1,reduction,gpr,random,direct,seed=307,DMSO,0.751794,2.77929,0.34487
E,X0+P1,reduction,gpr,random,direct,seed=307,AN,0.642537,3.19638,0.6171
E,X0+P1,reduction,gpr,random,direct,seed=307,TMP,1.01178,2.91314,0.952329
E,X0+P1,reduction,gpr,random,direct,seed=307,SN,-0.120035,1.8543,0.254951
E,X0+P1,reduction,gpr,random,direct,seed=401,DMC,1.14007,3.46463,0.765489
E,X0+P1,reduction,gpr,random,direct,seed=401,EMC,0.73216,3.31697,1.03894
E,X0+P1,reduction,gpr,random,direct,seed=401,DEC,0.841253,3.36907,1.05972
E,X0+P1,reduction,gpr,random,direct,seed=401,EC,0.58829,2.59026,0.426522
E,X0+P1,reduction,gpr,random,direct,seed=401,PC,0.714626,2.88574,0.840792
E,X0+P1,reduction,gpr,random,direct,seed=401,FEC,0.551192,2.55635,0.716936
E,X0+P1,reduction,gpr,random,direct,seed=401,VC,-0.096584,1.98927,0.187176
E,X0+P1,reduction,gpr,random,direct,seed=401,DME,1.49988,3.72927,1.30865
E,X0+P1,reduction,gpr,random,direct,seed=401,DOL,1.41839,4.08707,1.61884
E,X0+P1,reduction,gpr,random,direct,seed=401,TEGDME,1.49248,2.86848,0.732449
E,X0+P1,reduction,gpr,random,direct,seed=401,EA,0.427682,2.73655,0.587424
E,X0+P1,reduction,gpr,random,direct,seed=401,MA,0.402125,2.73615,0.547604
E,X0+P1,reduction,gpr,random,direct,seed=401,GBL,0.32667,2.57924,0.514571
E,X0+P1,reduction,gpr,random,direct,seed=401,SL,1.18965,2.97769,0.62438
E,X0+P1,reduction,gpr,random,direct,seed=401,DMSO,0.751794,2.77929,0.32914
E,X0+P1,reduction,gpr,random,direct,seed=401,AN,0.642537,3.19638,0.691705
E,X0+P1,reduction,gpr,random,direct,seed=401,TMP,1.01178,2.91314,1.09788
E,X0+P1,reduction,gpr,random,direct,seed=401,SN,-0.120035,1.8543,0.176194
E,X0+P1,reduction,gpr,random,direct,seed=503,DMC,1.14007,3.46463,0.717251
E,X0+P1,reduction,gpr,random,direct,seed=503,EMC,0.73216,3.31697,1.04855
E,X0+P1,reduction,gpr,random,direct,seed=503,DEC,0.841253,3.36907,1.0866
E,X0+P1,reduction,gpr,random,direct,seed=503,EC,0.58829,2.59026,0.455931
E,X0+P1,reduction,gpr,random,direct,seed=503,PC,0.714626,2.88574,0.855723
E,X0+P1,reduction,gpr,random,direct,seed=503,FEC,0.551192,2.55635,0.568461
E,X0+P1,reduction,gpr,random,direct,seed=503,VC,-0.096584,1.98927,0.225032
E,X0+P1,reduction,gpr,random,direct,seed=503,DME,1.49988,3.72927,1.33283
E,X0+P1,reduction,gpr,random,direct,seed=503,DOL,1.41839,4.08707,1.75016
E,X0+P1,reduction,gpr,random,direct,seed=503,TEGDME,1.49248,2.86848,0.725299
E,X0+P1,reduction,gpr,random,direct,seed=503,EA,0.427682,2.73655,0.48094
E,X0+P1,reduction,gpr,random,direct,seed=503,MA,0.402125,2.73615,0.422705
E,X0+P1,reduction,gpr,random,direct,seed=503,GBL,0.32667,2.57924,0.481438
E,X0+P1,reduction,gpr,random,direct,seed=503,SL,1.18965,2.97769,0.722059
E,X0+P1,reduction,gpr,random,direct,seed=503,DMSO,0.751794,2.77929,0.394483
E,X0+P1,reduction,gpr,random,direct,seed=503,AN,0.642537,3.19638,0.657196
E,X0+P1,reduction,gpr,random,direct,seed=503,TMP,1.01178,2.91314,1.10476
E,X0+P1,reduction,gpr,random,direct,seed=503,SN,-0.120035,1.8543,0.178009
E,X0+P1,reduction,rf,random,direct,seed=101,DMC,1.14007,3.46463,0.703293
E,X0+P1,reduction,rf,random,direct,seed=101,EMC,0.73216,3.31697,0.804611
E,X0+P1,reduction,rf,random,direct,seed=101,DEC,0.841253,3.36907,0.81048
E,X0+P1,reduction,rf,random,direct,seed=101,EC,0.58829,2.59026,0.619053
E,X0+P1,reduction,rf,random,direct,seed=101,PC,0.714626,2.88574,0.816454
E,X0+P1,reduction,rf,random,direct,seed=101,FEC,0.551192,2.55635,0.289202
E,X0+P1,reduction,rf,random,direct,seed=101,VC,-0.096584,1.98927,0.308647
E,X0+P1,reduction,rf,random,direct,seed=101,DME,1.49988,3.72927,1.22921
E,X0+P1,reduction,rf,random,direct,seed=101,DOL,1.41839,4.08707,1.18278
E,X0+P1,reduction,rf,random,direct,seed=101,TEGDME,1.49248,2.86848,1.09724
E,X0+P1,reduction,rf,random,direct,seed=101,EA,0.427682,2.73655,0.528782
E,X0+P1,reduction,rf,random,direct,seed=101,MA,0.402125,2.73615,0.423023
E,X0+P1,reduction,rf,random,direct,seed=101,GBL,0.32667,2.57924,0.325628
E,X0+P1,reduction,rf,random,direct,seed=101,SL,1.18965,2.97769,0.813675
E,X0+P1,reduction,rf,random,direct,seed=101,DMSO,0.751794,2.77929,0.572107
E,X0+P1,reduction,rf,random,direct,seed=101,AN,0.642537,3.19638,0.683935
E,X0+P1,reduction,rf,random,direct,seed=101,TMP,1.01178,2.91314,1.25063
E,X0+P1,reduction,rf,random,direct,seed=101,SN,-0.120035,1.8543,0.30151
E,X0+P1,reduction,rf,random,direct,seed=211,DMC,1.14007,3.46463,0.731709
E,X0+P1,reduction,rf,random,direct,seed=211,EMC,0.73216,3.31697,0.874784
E,X0+P1,reduction,rf,random,direct,seed=211,DEC,0.841253,3.36907,0.906998
E,X0+P1,reduction,rf,random,direct,seed=211,EC,0.58829,2.59026,0.555554
E,X0+P1,reduction,rf,random,direct,seed=211,PC,0.714626,2.88574,0.765602
E,X0+P1,reduction,rf,random,direct,seed=211,FEC,0.551192,2.55635,0.295243
E,X0+P1,reduction,rf,random,direct,seed=211,VC,-0.096584,1.98927,0.501099
E,X0+P1,reduction,rf,random,direct,seed=211,DME,1.49988,3.72927,1.15296
E,X0+P1,reduction,rf,random,direct,seed=211,DOL,1.41839,4.08707,1.21122
E,X0+P1,reduction,rf,random,direct,seed=211,TEGDME,1.49248,2.86848,1.04387
E,X0+P1,reduction,rf,random,direct,seed=211,EA,0.427682,2.73655,0.55001
E,X0+P1,reduction,rf,random,direct,seed=211,MA,0.402125,2.73615,0.37739
E,X0+P1,reduction,rf,random,direct,seed=211,GBL,0.32667,2.57924,0.385551
E,X0+P1,reduction,rf,random,direct,seed=211,SL,1.18965,2.97769,0.834867
E,X0+P1,reduction,rf,random,direct,seed=211,DMSO,0.751794,2.77929,0.620676
E,X0+P1,reduction,rf,random,direct,seed=211,AN,0.642537,3.19638,0.745029
E,X0+P1,reduction,rf,random,direct,seed=211,TMP,1.01178,2.91314,1.21437
E,X0+P1,reduction,rf,random,direct,seed=211,SN,-0.120035,1.8543,0.478319
E,X0+P1,reduction,rf,random,direct,seed=307,DMC,1.14007,3.46463,0.712662
E,X0+P1,reduction,rf,random,direct,seed=307,EMC,0.73216,3.31697,0.847997
E,X0+P1,reduction,rf,random,direct,seed=307,DEC,0.841253,3.36907,0.828662
E,X0+P1,reduction,rf,random,direct,seed=307,EC,0.58829,2.59026,0.609621
E,X0+P1,reduction,rf,random,direct,seed=307,PC,0.714626,2.88574,0.828204
E,X0+P1,reduction,rf,random,direct,seed=307,FEC,0.551192,2.55635,0.421639
E,X0+P1,reduction,rf,random,direct,seed=307,VC,-0.096584,1.98927,0.314469
E,X0+P1,reduction,rf,random,direct,seed=307,DME,1.49988,3.72927,1.15697
E,X0+P1,reduction,rf,random,direct,seed=307,DOL,1.41839,4.08707,1.19052
E,X0+P1,reduction,rf,random,direct,seed=307,TEGDME,1.49248,2.86848,1.00503
E,X0+P1,reduction,rf,random,direct,seed=307,EA,0.427682,2.73655,0.408393
E,X0+P1,reduction,rf,random,direct,seed=307,MA,0.402125,2.73615,0.472646
E,X0+P1,reduction,rf,random,direct,seed=307,GBL,0.32667,2.57924,0.291775
E,X0+P1,reduction,rf,random,direct,seed=307,SL,1.18965,2.97769,0.813208
E,X0+P1,reduction,rf,random,direct,seed=307,DMSO,0.751794,2.77929,0.619067
E,X0+P1,reduction,rf,random,direct,seed=307,AN,0.642537,3.19638,0.534353
E,X0+P1,reduction,rf,random,direct,seed=307,TMP,1.01178,2.91314,0.887353
E,X0+P1,reduction,rf,random,direct,seed=307,SN,-0.120035,1.8543,0.299958
E,X0+P1,reduction,rf,random,direct,seed=401,DMC,1.14007,3.46463,0.682718
E,X0+P1,reduction,rf,random,direct,seed=401,EMC,0.73216,3.31697,0.88009
E,X0+P1,reduction,rf,random,direct,seed=401,DEC,0.841253,3.36907,0.907528
E,X0+P1,reduction,rf,random,direct,seed=401,EC,0.58829,2.59026,0.589726
E,X0+P1,reduction,rf,random,direct,seed=401,PC,0.714626,2.88574,0.845924
E,X0+P1,reduction,rf,random,direct,seed=401,FEC,0.551192,2.55635,0.394782
E,X0+P1,reduction,rf,random,direct,seed=401,VC,-0.096584,1.98927,0.247971
E,X0+P1,reduction,rf,random,direct,seed=401,DME,1.49988,3.72927,1.31202
E,X0+P1,reduction,rf,random,direct,seed=401,DOL,1.41839,4.08707,1.23958
E,X0+P1,reduction,rf,random,direct,seed=401,TEGDME,1.49248,2.86848,1.05737
E,X0+P1,reduction,rf,random,direct,seed=401,EA,0.427682,2.73655,0.567332
E,X0+P1,reduction,rf,random,direct,seed=401,MA,0.402125,2.73615,0.508794
E,X0+P1,reduction,rf,random,direct,seed=401,GBL,0.32667,2.57924,0.452974
E,X0+P1,reduction,rf,random,direct,seed=401,SL,1.18965,2.97769,0.713598
E,X0+P1,reduction,rf,random,direct,seed=401,DMSO,0.751794,2.77929,0.584113
E,X0+P1,reduction,rf,random,direct,seed=401,AN,0.642537,3.19638,0.734375
E,X0+P1,reduction,rf,random,direct,seed=401,TMP,1.01178,2.91314,1.15051
E,X0+P1,reduction,rf,random,direct,seed=401,SN,-0.120035,1.8543,0.310351
E,X0+P1,reduction,rf,random,direct,seed=503,DMC,1.14007,3.46463,0.736515
E,X0+P1,reduction,rf,random,direct,seed=503,EMC,0.73216,3.31697,0.81614
E,X0+P1,reduction,rf,random,direct,seed=503,DEC,0.841253,3.36907,0.834993
E,X0+P1,reduction,rf,random,direct,seed=503,EC,0.58829,2.59026,0.612872
E,X0+P1,reduction,rf,random,direct,seed=503,PC,0.714626,2.88574,0.801142
E,X0+P1,reduction,rf,random,direct,seed=503,FEC,0.551192,2.55635,0.358295
E,X0+P1,reduction,rf,random,direct,seed=503,VC,-0.096584,1.98927,0.300988
E,X0+P1,reduction,rf,random,direct,seed=503,DME,1.49988,3.72927,1.2502
E,X0+P1,reduction,rf,random,direct,seed=503,DOL,1.41839,4.08707,1.19168
E,X0+P1,reduction,rf,random,direct,seed=503,TEGDME,1.49248,2.86848,1.05411
E,X0+P1,reduction,rf,random,direct,seed=503,EA,0.427682,2.73655,0.595406
E,X0+P1,reduction,rf,random,direct,seed=503,MA,0.402125,2.73615,0.502119
E,X0+P1,reduction,rf,random,direct,seed=503,GBL,0.32667,2.57924,0.321214
E,X0+P1,reduction,rf,random,direct,seed=503,SL,1.18965,2.97769,0.710498
E,X0+P1,reduction,rf,random,direct,seed=503,DMSO,0.751794,2.77929,0.511629
E,X0+P1,reduction,rf,random,direct,seed=503,AN,0.642537,3.19638,0.751907
E,X0+P1,reduction,rf,random,direct,seed=503,TMP,1.01178,2.91314,1.24006
E,X0+P1,reduction,rf,random,direct,seed=503,SN,-0.120035,1.8543,0.292575
E,X0+P1,reduction,gbdt,random,direct,seed=101,DMC,1.14007,3.46463,0.73671
E,X0+P1,reduction,gbdt,random,direct,seed=101,EMC,0.73216,3.31697,0.870638
E,X0+P1,reduction,gbdt,random,direct,seed=101,DEC,0.841253,3.36907,0.87509
E,X0+P1,reduction,gbdt,random,direct,seed=101,EC,0.58829,2.59026,0.722239
E,X0+P1,reduction,gbdt,random,direct,seed=101,PC,0.714626,2.88574,0.771901
E,X0+P1,reduction,gbdt,random,direct,seed=101,FEC,0.551192,2.55635,0.20992
E,X0+P1,reduction,gbdt,random,direct,seed=101,VC,-0.096584,1.98927,0.220245
E,X0+P1,reduction,gbdt,random,direct,seed=101,DME,1.49988,3.72927,1.42225
E,X0+P1,reduction,gbdt,random,direct,seed=101,DOL,1.41839,4.08707,1.31686
E,X0+P1,reduction,gbdt,random,direct,seed=101,TEGDME,1.49248,2.86848,1.19249
E,X0+P1,reduction,gbdt,random,direct,seed=101,EA,0.427682,2.73655,0.514916
E,X0+P1,reduction,gbdt,random,direct,seed=101,MA,0.402125,2.73615,0.294508
E,X0+P1,reduction,gbdt,random,direct,seed=101,GBL,0.32667,2.57924,0.161264
E,X0+P1,reduction,gbdt,random,direct,seed=101,SL,1.18965,2.97769,1.03501
E,X0+P1,reduction,gbdt,random,direct,seed=101,DMSO,0.751794,2.77929,0.851747
E,X0+P1,reduction,gbdt,random,direct,seed=101,AN,0.642537,3.19638,0.712038
E,X0+P1,reduction,gbdt,random,direct,seed=101,TMP,1.01178,2.91314,1.41429
E,X0+P1,reduction,gbdt,random,direct,seed=101,SN,-0.120035,1.8543,0.218917
E,X0+P1,reduction,gbdt,random,direct,seed=211,DMC,1.14007,3.46463,0.714719
E,X0+P1,reduction,gbdt,random,direct,seed=211,EMC,0.73216,3.31697,0.916391
E,X0+P1,reduction,gbdt,random,direct,seed=211,DEC,0.841253,3.36907,0.931902
E,X0+P1,reduction,gbdt,random,direct,seed=211,EC,0.58829,2.59026,0.618637
E,X0+P1,reduction,gbdt,random,direct,seed=211,PC,0.714626,2.88574,0.840128
E,X0+P1,reduction,gbdt,random,direct,seed=211,FEC,0.551192,2.55635,0.385359
E,X0+P1,reduction,gbdt,random,direct,seed=211,VC,-0.096584,1.98927,0.372565
E,X0+P1,reduction,gbdt,random,direct,seed=211,DME,1.49988,3.72927,1.36662
E,X0+P1,reduction,gbdt,random,direct,seed=211,DOL,1.41839,4.08707,1.44558
E,X0+P1,reduction,gbdt,random,direct,seed=211,TEGDME,1.49248,2.86848,1.19718
E,X0+P1,reduction,gbdt,random,direct,seed=211,EA,0.427682,2.73655,0.480893
E,X0+P1,reduction,gbdt,random,direct,seed=211,MA,0.402125,2.73615,0.316774
E,X0+P1,reduction,gbdt,random,direct,seed=211,GBL,0.32667,2.57924,0.361757
E,X0+P1,reduction,gbdt,random,direct,seed=211,SL,1.18965,2.97769,1.05488
E,X0+P1,reduction,gbdt,random,direct,seed=211,DMSO,0.751794,2.77929,0.603948
E,X0+P1,reduction,gbdt,random,direct,seed=211,AN,0.642537,3.19638,0.740225
E,X0+P1,reduction,gbdt,random,direct,seed=211,TMP,1.01178,2.91314,1.38784
E,X0+P1,reduction,gbdt,random,direct,seed=211,SN,-0.120035,1.8543,0.4266
E,X0+P1,reduction,gbdt,random,direct,seed=307,DMC,1.14007,3.46463,0.714534
E,X0+P1,reduction,gbdt,random,direct,seed=307,EMC,0.73216,3.31697,0.841551
E,X0+P1,reduction,gbdt,random,direct,seed=307,DEC,0.841253,3.36907,0.720246
E,X0+P1,reduction,gbdt,random,direct,seed=307,EC,0.58829,2.59026,0.602086
E,X0+P1,reduction,gbdt,random,direct,seed=307,PC,0.714626,2.88574,0.897854
E,X0+P1,reduction,gbdt,random,direct,seed=307,FEC,0.551192,2.55635,0.452717
E,X0+P1,reduction,gbdt,random,direct,seed=307,VC,-0.096584,1.98927,0.120514
E,X0+P1,reduction,gbdt,random,direct,seed=307,DME,1.49988,3.72927,1.41821
E,X0+P1,reduction,gbdt,random,direct,seed=307,DOL,1.41839,4.08707,1.33456
E,X0+P1,reduction,gbdt,random,direct,seed=307,TEGDME,1.49248,2.86848,1.0021
E,X0+P1,reduction,gbdt,random,direct,seed=307,EA,0.427682,2.73655,0.361565
E,X0+P1,reduction,gbdt,random,direct,seed=307,MA,0.402125,2.73615,0.409197
E,X0+P1,reduction,gbdt,random,direct,seed=307,GBL,0.32667,2.57924,0.222735
E,X0+P1,reduction,gbdt,random,direct,seed=307,SL,1.18965,2.97769,1.01385
E,X0+P1,reduction,gbdt,random,direct,seed=307,DMSO,0.751794,2.77929,0.569433
E,X0+P1,reduction,gbdt,random,direct,seed=307,AN,0.642537,3.19638,0.631883
E,X0+P1,reduction,gbdt,random,direct,seed=307,TMP,1.01178,2.91314,0.901327
E,X0+P1,reduction,gbdt,random,direct,seed=307,SN,-0.120035,1.8543,0.219566
E,X0+P1,reduction,gbdt,random,direct,seed=401,DMC,1.14007,3.46463,0.731308
E,X0+P1,reduction,gbdt,random,direct,seed=401,EMC,0.73216,3.31697,0.971603
E,X0+P1,reduction,gbdt,random,direct,seed=401,DEC,0.841253,3.36907,1.01312
E,X0+P1,reduction,gbdt,random,direct,seed=401,EC,0.58829,2.59026,0.580709
E,X0+P1,reduction,gbdt,random,direct,seed=401,PC,0.714626,2.88574,0.854191
E,X0+P1,reduction,gbdt,random,direct,seed=401,FEC,0.551192,2.55635,0.363373
E,X0+P1,reduction,gbdt,random,direct,seed=401,VC,-0.096584,1.98927,0.0913402
E,X0+P1,reduction,gbdt,random,direct,seed=401,DME,1.49988,3.72927,1.44943
E,X0+P1,reduction,gbdt,random,direct,seed=401,DOL,1.41839,4.08707,1.36132
E,X0+P1,reduction,gbdt,random,direct,seed=401,TEGDME,1.49248,2.86848,1.14066
E,X0+P1,reduction,gbdt,random,direct,seed=401,EA,0.427682,2.73655,0.393356
E,X0+P1,reduction,gbdt,random,direct,seed=401,MA,0.402125,2.73615,0.289731
E,X0+P1,reduction,gbdt,random,direct,seed=401,GBL,0.32667,2.57924,0.354579
E,X0+P1,reduction,gbdt,random,direct,seed=401,SL,1.18965,2.97769,0.881817
E,X0+P1,reduction,gbdt,random,direct,seed=401,DMSO,0.751794,2.77929,0.567347
E,X0+P1,reduction,gbdt,random,direct,seed=401,AN,0.642537,3.19638,0.733323
E,X0+P1,reduction,gbdt,random,direct,seed=401,TMP,1.01178,2.91314,1.41692
E,X0+P1,reduction,gbdt,random,direct,seed=401,SN,-0.120035,1.8543,0.227442
E,X0+P1,reduction,gbdt,random,direct,seed=503,DMC,1.14007,3.46463,0.766849
E,X0+P1,reduction,gbdt,random,direct,seed=503,EMC,0.73216,3.31697,0.89924
E,X0+P1,reduction,gbdt,random,direct,seed=503,DEC,0.841253,3.36907,0.918798
E,X0+P1,reduction,gbdt,random,direct,seed=503,EC,0.58829,2.59026,0.593796
E,X0+P1,reduction,gbdt,random,direct,seed=503,PC,0.714626,2.88574,0.907601
E,X0+P1,reduction,gbdt,random,direct,seed=503,FEC,0.551192,2.55635,0.362768
E,X0+P1,reduction,gbdt,random,direct,seed=503,VC,-0.096584,1.98927,0.0363762
E,X0+P1,reduction,gbdt,random,direct,seed=503,DME,1.49988,3.72927,1.41727
E,X0+P1,reduction,gbdt,random,direct,seed=503,DOL,1.41839,4.08707,1.33652
E,X0+P1,reduction,gbdt,random,direct,seed=503,TEGDME,1.49248,2.86848,1.17928
E,X0+P1,reduction,gbdt,random,direct,seed=503,EA,0.427682,2.73655,0.662963
E,X0+P1,reduction,gbdt,random,direct,seed=503,MA,0.402125,2.73615,0.562005
E,X0+P1,reduction,gbdt,random,direct,seed=503,GBL,0.32667,2.57924,0.227197
E,X0+P1,reduction,gbdt,random,direct,seed=503,SL,1.18965,2.97769,0.776587
E,X0+P1,reduction,gbdt,random,direct,seed=503,DMSO,0.751794,2.77929,0.611565
E,X0+P1,reduction,gbdt,random,direct,seed=503,AN,0.642537,3.19638,0.74462
E,X0+P1,reduction,gbdt,random,direct,seed=503,TMP,1.01178,2.91314,1.41356
E,X0+P1,reduction,gbdt,random,direct,seed=503,SN,-0.120035,1.8543,0.149104
E,X0+P1,reduction,constant,random,shift,seed=101,DMC,1.14007,3.46463,0.90832
E,X0+P1,reduction,constant,random,shift,seed=101,EMC,0.73216,3.31697,0.992412
E,X0+P1,reduction,constant,random,shift,seed=101,DEC,0.841253,3.36907,1.04451
E,X0+P1,reduction,constant,random,shift,seed=101,EC,0.58829,2.59026,0.502879
E,X0+P1,reduction,constant,random,shift,seed=101,PC,0.714626,2.88574,0.854744
E,X0+P1,reduction,constant,random,shift,seed=101,FEC,0.551192,2.55635,0.470041
E,X0+P1,reduction,constant,random,shift,seed=101,VC,-0.096584,1.98927,-0.0701403
E,X0+P1,reduction,constant,random,shift,seed=101,DME,1.49988,3.72927,1.70693
E,X0+P1,reduction,constant,random,shift,seed=101,DOL,1.41839,4.08707,1.85769
E,X0+P1,reduction,constant,random,shift,seed=101,TEGDME,1.49248,2.86848,0.639089
E,X0+P1,reduction,constant,random,shift,seed=101,EA,0.427682,2.73655,0.443253
E,X0+P1,reduction,constant,random,shift,seed=101,MA,0.402125,2.73615,0.455433
E,X0+P1,reduction,constant,random,shift,seed=101,GBL,0.32667,2.57924,0.25779
E,X0+P1,reduction,constant,random,shift,seed=101,SL,1.18965,2.97769,0.769412
E,X0+P1,reduction,constant,random,shift,seed=101,DMSO,0.751794,2.77929,0.638303
E,X0+P1,reduction,constant,random,shift,seed=101,AN,0.642537,3.19638,1.22204
E,X0+P1,reduction,constant,random,shift,seed=101,TMP,1.01178,2.91314,0.725118
E,X0+P1,reduction,constant,random,shift,seed=101,SN,-0.120035,1.8543,-0.699536
E,X0+P1,reduction,constant,random,shift,seed=211,DMC,1.14007,3.46463,0.90832
E,X0+P1,reduction,constant,random,shift,seed=211,EMC,0.73216,3.31697,0.992412
E,X0+P1,reduction,constant,random,shift,seed=211,DEC,0.841253,3.36907,1.04451
E,X0+P1,reduction,constant,random,shift,seed=211,EC,0.58829,2.59026,0.502879
E,X0+P1,reduction,constant,random,shift,seed=211,PC,0.714626,2.88574,0.854744
E,X0+P1,reduction,constant,random,shift,seed=211,FEC,0.551192,2.55635,0.470041
E,X0+P1,reduction,constant,random,shift,seed=211,VC,-0.096584,1.98927,-0.0701403
E,X0+P1,reduction,constant,random,shift,seed=211,DME,1.49988,3.72927,1.06059
E,X0+P1,reduction,constant,random,shift,seed=211,DOL,1.41839,4.08707,2.28438
E,X0+P1,reduction,constant,random,shift,seed=211,TEGDME,1.49248,2.86848,0.199796
E,X0+P1,reduction,constant,random,shift,seed=211,EA,0.427682,2.73655,0.443253
E,X0+P1,reduction,constant,random,shift,seed=211,MA,0.402125,2.73615,0.455433
E,X0+P1,reduction,constant,random,shift,seed=211,GBL,0.32667,2.57924,0.25779
E,X0+P1,reduction,constant,random,shift,seed=211,SL,1.18965,2.97769,0.803771
E,X0+P1,reduction,constant,random,shift,seed=211,DMSO,0.751794,2.77929,0.601642
E,X0+P1,reduction,constant,random,shift,seed=211,AN,0.642537,3.19638,1.22204
E,X0+P1,reduction,constant,random,shift,seed=211,TMP,1.01178,2.91314,0.702846
E,X0+P1,reduction,constant,random,shift,seed=211,SN,-0.120035,1.8543,-0.699536
E,X0+P1,reduction,constant,random,shift,seed=307,DMC,1.14007,3.46463,0.90832
E,X0+P1,reduction,constant,random,shift,seed=307,EMC,0.73216,3.31697,0.890785
E,X0+P1,reduction,constant,random,shift,seed=307,DEC,0.841253,3.36907,0.914381
E,X0+P1,reduction,constant,random,shift,seed=307,EC,0.58829,2.59026,0.461771
E,X0+P1,reduction,constant,random,shift,seed=307,PC,0.714626,2.88574,0.854744
E,X0+P1,reduction,constant,random,shift,seed=307,FEC,0.551192,2.55635,0.427868
E,X0+P1,reduction,constant,random,shift,seed=307,VC,-0.096584,1.98927,-0.0701403
E,X0+P1,reduction,constant,random,shift,seed=307,DME,1.49988,3.72927,1.70693
E,X0+P1,reduction,constant,random,shift,seed=307,DOL,1.41839,4.08707,2.28438
E,X0+P1,reduction,constant,random,shift,seed=307,TEGDME,1.49248,2.86848,0.419442
E,X0+P1,reduction,constant,random,shift,seed=307,EA,0.427682,2.73655,0.402524
E,X0+P1,reduction,constant,random,shift,seed=307,MA,0.402125,2.73615,0.455433
E,X0+P1,reduction,constant,random,shift,seed=307,GBL,0.32667,2.57924,0.245211
E,X0+P1,reduction,constant,random,shift,seed=307,SL,1.18965,2.97769,0.806311
E,X0+P1,reduction,constant,random,shift,seed=307,DMSO,0.751794,2.77929,0.548844
E,X0+P1,reduction,constant,random,shift,seed=307,AN,0.642537,3.19638,1.22204
E,X0+P1,reduction,constant,random,shift,seed=307,TMP,1.01178,2.91314,0.68269
E,X0+P1,reduction,constant,random,shift,seed=307,SN,-0.120035,1.8543,-0.699536
E,X0+P1,reduction,constant,random,shift,seed=401,DMC,1.14007,3.46463,0.90832
E,X0+P1,reduction,constant,random,shift,seed=401,EMC,0.73216,3.31697,0.992412
E,X0+P1,reduction,constant,random,shift,seed=401,DEC,0.841253,3.36907,1.04451
E,X0+P1,reduction,constant,random,shift,seed=401,EC,0.58829,2.59026,0.502879
E,X0+P1,reduction,constant,random,shift,seed=401,PC,0.714626,2.88574,0.854744
E,X0+P1,reduction,constant,random,shift,seed=401,FEC,0.551192,2.55635,0.470041
E,X0+P1,reduction,constant,random,shift,seed=401,VC,-0.096584,1.98927,-0.0701403
E,X0+P1,reduction,constant,random,shift,seed=401,DME,1.49988,3.72927,1.70693
E,X0+P1,reduction,constant,random,shift,seed=401,DOL,1.41839,4.08707,1.85769
E,X0+P1,reduction,constant,random,shift,seed=401,TEGDME,1.49248,2.86848,0.639089
E,X0+P1,reduction,constant,random,shift,seed=401,EA,0.427682,2.73655,0.483983
E,X0+P1,reduction,constant,random,shift,seed=401,MA,0.402125,2.73615,0.483584
E,X0+P1,reduction,constant,random,shift,seed=401,GBL,0.32667,2.57924,0.25779
E,X0+P1,reduction,constant,random,shift,seed=401,SL,1.18965,2.97769,0.765499
E,X0+P1,reduction,constant,random,shift,seed=401,DMSO,0.751794,2.77929,0.567101
E,X0+P1,reduction,constant,random,shift,seed=401,AN,0.642537,3.19638,1.22204
E,X0+P1,reduction,constant,random,shift,seed=401,TMP,1.01178,2.91314,0.730963
E,X0+P1,reduction,constant,random,shift,seed=401,SN,-0.120035,1.8543,-0.699536
E,X0+P1,reduction,constant,random,shift,seed=503,DMC,1.14007,3.46463,0.90832
E,X0+P1,reduction,constant,random,shift,seed=503,EMC,0.73216,3.31697,0.992412
E,X0+P1,reduction,constant,random,shift,seed=503,DEC,0.841253,3.36907,1.04451
E,X0+P1,reduction,constant,random,shift,seed=503,EC,0.58829,2.59026,0.502879
E,X0+P1,reduction,constant,random,shift,seed=503,PC,0.714626,2.88574,0.854744
E,X0+P1,reduction,constant,random,shift,seed=503,FEC,0.551192,2.55635,0.470041
E,X0+P1,reduction,constant,random,shift,seed=503,VC,-0.096584,1.98927,-0.0701403
E,X0+P1,reduction,constant,random,shift,seed=503,DME,1.49988,3.72927,1.70693
E,X0+P1,reduction,constant,random,shift,seed=503,DOL,1.41839,4.08707,1.85769
E,X0+P1,reduction,constant,random,shift,seed=503,TEGDME,1.49248,2.86848,0.639089
E,X0+P1,reduction,constant,random,shift,seed=503,EA,0.427682,2.73655,0.483983
E,X0+P1,reduction,constant,random,shift,seed=503,MA,0.402125,2.73615,0.483584
E,X0+P1,reduction,constant,random,shift,seed=503,GBL,0.32667,2.57924,0.25779
E,X0+P1,reduction,constant,random,shift,seed=503,SL,1.18965,2.97769,0.809088
E,X0+P1,reduction,constant,random,shift,seed=503,DMSO,0.751794,2.77929,0.650385
E,X0+P1,reduction,constant,random,shift,seed=503,AN,0.642537,3.19638,1.22204
E,X0+P1,reduction,constant,random,shift,seed=503,TMP,1.01178,2.91314,0.697253
E,X0+P1,reduction,constant,random,shift,seed=503,SN,-0.120035,1.8543,-0.699536
E,X0+P1,reduction,ridge,random,shift,seed=101,DMC,1.14007,3.46463,0.761364
E,X0+P1,reduction,ridge,random,shift,seed=101,EMC,0.73216,3.31697,1.08767
E,X0+P1,reduction,ridge,random,shift,seed=101,DEC,0.841253,3.36907,1.21908
E,X0+P1,reduction,ridge,random,shift,seed=101,EC,0.58829,2.59026,0.448893
E,X0+P1,reduction,ridge,random,shift,seed=101,PC,0.714626,2.88574,0.858936
E,X0+P1,reduction,ridge,random,shift,seed=101,FEC,0.551192,2.55635,0.685148
E,X0+P1,reduction,ridge,random,shift,seed=101,VC,-0.096584,1.98927,0.042924
E,X0+P1,reduction,ridge,random,shift,seed=101,DME,1.49988,3.72927,1.4904
E,X0+P1,reduction,ridge,random,shift,seed=101,DOL,1.41839,4.08707,1.73366
E,X0+P1,reduction,ridge,random,shift,seed=101,TEGDME,1.49248,2.86848,0.248373
E,X0+P1,reduction,ridge,random,shift,seed=101,EA,0.427682,2.73655,0.356725
E,X0+P1,reduction,ridge,random,shift,seed=101,MA,0.402125,2.73615,0.387687
E,X0+P1,reduction,ridge,random,shift,seed=101,GBL,0.32667,2.57924,0.380612
E,X0+P1,reduction,ridge,random,shift,seed=101,SL,1.18965,2.97769,0.896001
E,X0+P1,reduction,ridge,random,shift,seed=101,DMSO,0.751794,2.77929,0.443737
E,X0+P1,reduction,ridge,random,shift,seed=101,AN,0.642537,3.19638,0.658567
E,X0+P1,reduction,ridge,random,shift,seed=101,TMP,1.01178,2.91314,1.55838
E,X0+P1,reduction,ridge,random,shift,seed=101,SN,-0.120035,1.8543,-0.116907
E,X0+P1,reduction,ridge,random,shift,seed=211,DMC,1.14007,3.46463,0.835404
E,X0+P1,reduction,ridge,random,shift,seed=211,EMC,0.73216,3.31697,1.06546
E,X0+P1,reduction,ridge,random,shift,seed=211,DEC,0.841253,3.36907,1.20061
E,X0+P1,reduction,ridge,random,shift,seed=211,EC,0.58829,2.59026,0.292692
E,X0+P1,reduction,ridge,random,shift,seed=211,PC,0.714626,2.88574,0.864404
E,X0+P1,reduction,ridge,random,shift,seed=211,FEC,0.551192,2.55635,0.0497939
E,X0+P1,reduction,ridge,random,shift,seed=211,VC,-0.096584,1.98927,0.198466
E,X0+P1,reduction,ridge,random,shift,seed=211,DME,1.49988,3.72927,1.44107
E,X0+P1,reduction,ridge,random,shift,seed=211,DOL,1.41839,4.08707,1.64464
E,X0+P1,reduction,ridge,random,shift,seed=211,TEGDME,1.49248,2.86848,0.748717
E,X0+P1,reduction,ridge,random,shift,seed=211,EA,0.427682,2.73655,0.406913
E,X0+P1,reduction,ridge,random,shift,seed=211,MA,0.402125,2.73615,0.488203
E,X0+P1,reduction,ridge,random,shift,seed=211,GBL,0.32667,2.57924,0.40326
E,X0+P1,reduction,ridge,random,shift,seed=211,SL,1.18965,2.97769,0.667208
E,X0+P1,reduction,ridge,random,shift,seed=211,DMSO,0.751794,2.77929,0.435494
E,X0+P1,reduction,ridge,random,shift,seed=211,AN,0.642537,3.19638,1.30632
E,X0+P1,reduction,ridge,random,shift,seed=211,TMP,1.01178,2.91314,0.947778
E,X0+P1,reduction,ridge,random,shift,seed=211,SN,-0.120035,1.8543,0.162486
E,X0+P1,reduction,ridge,random,shift,seed=307,DMC,1.14007,3.46463,0.88469
E,X0+P1,reduction,ridge,random,shift,seed=307,EMC,0.73216,3.31697,1.0384
E,X0+P1,reduction,ridge,random,shift,seed=307,DEC,0.841253,3.36907,1.0969
E,X0+P1,reduction,ridge,random,shift,seed=307,EC,0.58829,2.59026,0.354909
E,X0+P1,reduction,ridge,random,shift,seed=307,PC,0.714626,2.88574,0.83228
E,X0+P1,reduction,ridge,random,shift,seed=307,FEC,0.551192,2.55635,0.170154
E,X0+P1,reduction,ridge,random,shift,seed=307,VC,-0.096584,1.98927,0.0751941
E,X0+P1,reduction,ridge,random,shift,seed=307,DME,1.49988,3.72927,1.49925
E,X0+P1,reduction,ridge,random,shift,seed=307,DOL,1.41839,4.08707,1.69516
E,X0+P1,reduction,ridge,random,shift,seed=307,TEGDME,1.49248,2.86848,0.960148
E,X0+P1,reduction,ridge,random,shift,seed=307,EA,0.427682,2.73655,0.457328
E,X0+P1,reduction,ridge,random,shift,seed=307,MA,0.402125,2.73615,0.363296
E,X0+P1,reduction,ridge,random,shift,seed=307,GBL,0.32667,2.57924,0.359824
E,X0+P1,reduction,ridge,random,shift,seed=307,SL,1.18965,2.97769,0.909245
E,X0+P1,reduction,ridge,random,shift,seed=307,DMSO,0.751794,2.77929,0.451978
E,X0+P1,reduction,ridge,random,shift,seed=307,AN,0.642537,3.19638,0.634681
E,X0+P1,reduction,ridge,random,shift,seed=307,TMP,1.01178,2.91314,0.754994
E,X0+P1,reduction,ridge,random,shift,seed=307,SN,-0.120035,1.8543,0.00119949
E,X0+P1,reduction,ridge,random,shift,seed=401,DMC,1.14007,3.46463,0.807432
E,X0+P1,reduction,ridge,random,shift,seed=401,EMC,0.73216,3.31697,1.06574
E,X0+P1,reduction,ridge,random,shift,seed=401,DEC,0.841253,3.36907,1.21559
E,X0+P1,reduction,ridge,random,shift,seed=401,EC,0.58829,2.59026,0.390158
E,X0+P1,reduction,ridge,random,shift,seed=401,PC,0.714626,2.88574,0.975421
E,X0+P1,reduction,ridge,random,shift,seed=401,FEC,0.551192,2.55635,0.554661
E,X0+P1,reduction,ridge,random,shift,seed=401,VC,-0.096584,1.98927,0.146285
E,X0+P1,reduction,ridge,random,shift,seed=401,DME,1.49988,3.72927,1.44884
E,X0+P1,reduction,ridge,random,shift,seed=401,DOL,1.41839,4.08707,1.86025
E,X0+P1,reduction,ridge,random,shift,seed=401,TEGDME,1.49248,2.86848,0.30386
E,X0+P1,reduction,ridge,random,shift,seed=401,EA,0.427682,2.73655,0.469192
E,X0+P1,reduction,ridge,random,shift,seed=401,MA,0.402125,2.73615,0.375801
E,X0+P1,reduction,ridge,random,shift,seed=401,GBL,0.32667,2.57924,0.476605
E,X0+P1,reduction,ridge,random,shift,seed=401,SL,1.18965,2.97769,0.689689
E,X0+P1,reduction,ridge,random,shift,seed=401,DMSO,0.751794,2.77929,0.367799
E,X0+P1,reduction,ridge,random,shift,seed=401,AN,0.642537,3.19638,0.67577
E,X0+P1,reduction,ridge,random,shift,seed=401,TMP,1.01178,2.91314,0.753361
E,X0+P1,reduction,ridge,random,shift,seed=401,SN,-0.120035,1.8543,-0.103727
E,X0+P1,reduction,ridge,random,shift,seed=503,DMC,1.14007,3.46463,0.822542
E,X0+P1,reduction,ridge,random,shift,seed=503,EMC,0.73216,3.31697,1.07832
E,X0+P1,reduction,ridge,random,shift,seed=503,DEC,0.841253,3.36907,1.23208
E,X0+P1,reduction,ridge,random,shift,seed=503,EC,0.58829,2.59026,0.376261
E,X0+P1,reduction,ridge,random,shift,seed=503,PC,0.714626,2.88574,1.0223
E,X0+P1,reduction,ridge,random,shift,seed=503,FEC,0.551192,2.55635,0.37071
E,X0+P1,reduction,ridge,random,shift,seed=503,VC,-0.096584,1.98927,0.0357526
E,X0+P1,reduction,ridge,random,shift,seed=503,DME,1.49988,3.72927,1.4882
E,X0+P1,reduction,ridge,random,shift,seed=503,DOL,1.41839,4.08707,1.81624
E,X0+P1,reduction,ridge,random,shift,seed=503,TEGDME,1.49248,2.86848,0.466144
E,X0+P1,reduction,ridge,random,shift,seed=503,EA,0.427682,2.73655,0.452245
E,X0+P1,reduction,ridge,random,shift,seed=503,MA,0.402125,2.73615,0.368888
E,X0+P1,reduction,ridge,random,shift,seed=503,GBL,0.32667,2.57924,0.391379
E,X0+P1,reduction,ridge,random,shift,seed=503,SL,1.18965,2.97769,0.943494
E,X0+P1,reduction,ridge,random,shift,seed=503,DMSO,0.751794,2.77929,0.553693
E,X0+P1,reduction,ridge,random,shift,seed=503,AN,0.642537,3.19638,0.677639
E,X0+P1,reduction,ridge,random,shift,seed=503,TMP,1.01178,2.91314,0.773758
E,X0+P1,reduction,ridge,random,shift,seed=503,SN,-0.120035,1.8543,-0.0996081
E,X0+P1,reduction,krr,random,shift,seed=101,DMC,1.14007,3.46463,0.766012
E,X0+P1,reduction,krr,random,shift,seed=101,EMC,0.73216,3.31697,1.06834
E,X0+P1,reduction,krr,random,shift,seed=101,DEC,0.841253,3.36907,1.2191
E,X0+P1,reduction,krr,random,shift,seed=101,EC,0.58829,2.59026,0.362432
E,X0+P1,reduction,krr,random,shift,seed=101,PC,0.714626,2.88574,0.764626
E,X0+P1,reduction,krr,random,shift,seed=101,FEC,0.551192,2.55635,0.342706
E,X0+P1,reduction,krr,random,shift,seed=101,VC,-0.096584,1.98927,-0.0308665
E,X0+P1,reduction,krr,random,shift,seed=101,DME,1.49988,3.72927,1.45024
E,X0+P1,reduction,krr,random,shift,seed=101,DOL,1.41839,4.08707,1.95387
E,X0+P1,reduction,krr,random,shift,seed=101,TEGDME,1.49248,2.86848,1.26303
E,X0+P1,reduction,krr,random,shift,seed=101,EA,0.427682,2.73655,0.559527
E,X0+P1,reduction,krr,random,shift,seed=101,MA,0.402125,2.73615,0.4382
E,X0+P1,reduction,krr,random,shift,seed=101,GBL,0.32667,2.57924,0.513746
E,X0+P1,reduction,krr,random,shift,seed=101,SL,1.18965,2.97769,0.841261
E,X0+P1,reduction,krr,random,shift,seed=101,DMSO,0.751794,2.77929,0.590961
E,X0+P1,reduction,krr,random,shift,seed=101,AN,0.642537,3.19638,0.809994
E,X0+P1,reduction,krr,random,shift,seed=101,TMP,1.01178,2.91314,0.621458
E,X0+P1,reduction,krr,random,shift,seed=101,SN,-0.120035,1.8543,-0.198358
E,X0+P1,reduction,krr,random,shift,seed=211,DMC,1.14007,3.46463,0.893977
E,X0+P1,reduction,krr,random,shift,seed=211,EMC,0.73216,3.31697,1.12662
E,X0+P1,reduction,krr,random,shift,seed=211,DEC,0.841253,3.36907,1.23453
E,X0+P1,reduction,krr,random,shift,seed=211,EC,0.58829,2.59026,0.459248
E,X0+P1,reduction,krr,random,shift,seed=211,PC,0.714626,2.88574,0.877222
E,X0+P1,reduction,krr,random,shift,seed=211,FEC,0.551192,2.55635,0.363413
E,X0+P1,reduction,krr,random,shift,seed=211,VC,-0.096584,1.98927,0.147679
E,X0+P1,reduction,krr,random,shift,seed=211,DME,1.49988,3.72927,1.46498
E,X0+P1,reduction,krr,random,shift,seed=211,DOL,1.41839,4.08707,1.86731
E,X0+P1,reduction,krr,random,shift,seed=211,TEGDME,1.49248,2.86848,2.25524
E,X0+P1,reduction,krr,random,shift,seed=211,EA,0.427682,2.73655,0.397768
E,X0+P1,reduction,krr,random,shift,seed=211,MA,0.402125,2.73615,0.41519
E,X0+P1,reduction,krr,random,shift,seed=211,GBL,0.32667,2.57924,0.401216
E,X0+P1,reduction,krr,random,shift,seed=211,SL,1.18965,2.97769,0.857806
E,X0+P1,reduction,krr,random,shift,seed=211,DMSO,0.751794,2.77929,0.486823
E,X0+P1,reduction,krr,random,shift,seed=211,AN,0.642537,3.19638,0.7954
E,X0+P1,reduction,krr,random,shift,seed=211,TMP,1.01178,2.91314,0.870705
E,X0+P1,reduction,krr,random,shift,seed=211,SN,-0.120035,1.8543,0.0708024
E,X0+P1,reduction,krr,random,shift,seed=307,DMC,1.14007,3.46463,0.945267
E,X0+P1,reduction,krr,random,shift,seed=307,EMC,0.73216,3.31697,1.06113
E,X0+P1,reduction,krr,random,shift,seed=307,DEC,0.841253,3.36907,1.15121
E,X0+P1,reduction,krr,random,shift,seed=307,EC,0.58829,2.59026,0.408423
E,X0+P1,reduction,krr,random,shift,seed=307,PC,0.714626,2.88574,0.751141
E,X0+P1,reduction,krr,random,shift,seed=307,FEC,0.551192,2.55635,0.347602
E,X0+P1,reduction,krr,random,shift,seed=307,VC,-0.096584,1.98927,0.042934
E,X0+P1,reduction,krr,random,shift,seed=307,DME,1.49988,3.72927,1.45287
E,X0+P1,reduction,krr,random,shift,seed=307,DOL,1.41839,4.08707,1.77231
E,X0+P1,reduction,krr,random,shift,seed=307,TEGDME,1.49248,2.86848,1.47158
E,X0+P1,reduction,krr,random,shift,seed=307,EA,0.427682,2.73655,0.487416
E,X0+P1,reduction,krr,random,shift,seed=307,MA,0.402125,2.73615,0.458846
E,X0+P1,reduction,krr,random,shift,seed=307,GBL,0.32667,2.57924,0.405884
E,X0+P1,reduction,krr,random,shift,seed=307,SL,1.18965,2.97769,0.854049
E,X0+P1,reduction,krr,random,shift,seed=307,DMSO,0.751794,2.77929,0.49616
E,X0+P1,reduction,krr,random,shift,seed=307,AN,0.642537,3.19638,0.742155
E,X0+P1,reduction,krr,random,shift,seed=307,TMP,1.01178,2.91314,0.811536
E,X0+P1,reduction,krr,random,shift,seed=307,SN,-0.120035,1.8543,-0.248854
E,X0+P1,reduction,krr,random,shift,seed=401,DMC,1.14007,3.46463,0.852506
E,X0+P1,reduction,krr,random,shift,seed=401,EMC,0.73216,3.31697,1.06495
E,X0+P1,reduction,krr,random,shift,seed=401,DEC,0.841253,3.36907,1.21718
E,X0+P1,reduction,krr,random,shift,seed=401,EC,0.58829,2.59026,0.384294
E,X0+P1,reduction,krr,random,shift,seed=401,PC,0.714626,2.88574,0.94226
E,X0+P1,reduction,krr,random,shift,seed=401,FEC,0.551192,2.55635,0.490714
E,X0+P1,reduction,krr,random,shift,seed=401,VC,-0.096584,1.98927,0.0459501
E,X0+P1,reduction,krr,random,shift,seed=401,DME,1.49988,3.72927,1.44434
E,X0+P1,reduction,krr,random,shift,seed=401,DOL,1.41839,4.08707,1.83848
E,X0+P1,reduction,krr,random,shift,seed=401,TEGDME,1.49248,2.86848,1.37384
E,X0+P1,reduction,krr,random,shift,seed=401,EA,0.427682,2.73655,0.417191
E,X0+P1,reduction,krr,random,shift,seed=401,MA,0.402125,2.73615,0.35748
E,X0+P1,reduction,krr,random,shift,seed=401,GBL,0.32667,2.57924,0.443618
E,X0+P1,reduction,krr,random,shift,seed=401,SL,1.18965,2.97769,0.782515
E,X0+P1,reduction,krr,random,shift,seed=401,DMSO,0.751794,2.77929,0.45152
E,X0+P1,reduction,krr,random,shift,seed=401,AN,0.642537,3.19638,0.728455
E,X0+P1,reduction,krr,random,shift,seed=401,TMP,1.01178,2.91314,0.767215
E,X0+P1,reduction,krr,random,shift,seed=401,SN,-0.120035,1.8543,-0.0614692
E,X0+P1,reduction,krr,random,shift,seed=503,DMC,1.14007,3.46463,1.0681
E,X0+P1,reduction,krr,random,shift,seed=503,EMC,0.73216,3.31697,1.11877
E,X0+P1,reduction,krr,random,shift,seed=503,DEC,0.841253,3.36907,1.23233
E,X0+P1,reduction,krr,random,shift,seed=503,EC,0.58829,2.59026,0.39775
E,X0+P1,reduction,krr,random,shift,seed=503,PC,0.714626,2.88574,0.831931
E,X0+P1,reduction,krr,random,shift,seed=503,FEC,0.551192,2.55635,0.398493
E,X0+P1,reduction,krr,random,shift,seed=503,VC,-0.096584,1.98927,-0.0171396
E,X0+P1,reduction,krr,random,shift,seed=503,DME,1.49988,3.72927,1.48467
E,X0+P1,reduction,krr,random,shift,seed=503,DOL,1.41839,4.08707,1.85562
E,X0+P1,reduction,krr,random,shift,seed=503,TEGDME,1.49248,2.86848,1.4093
E,X0+P1,reduction,krr,random,shift,seed=503,EA,0.427682,2.73655,0.471033
E,X0+P1,reduction,krr,random,shift,seed=503,MA,0.402125,2.73615,0.41233
E,X0+P1,reduction,krr,random,shift,seed=503,GBL,0.32667,2.57924,0.463173
E,X0+P1,reduction,krr,random,shift,seed=503,SL,1.18965,2.97769,0.864466
E,X0+P1,reduction,krr,random,shift,seed=503,DMSO,0.751794,2.77929,0.458056
E,X0+P1,reduction,krr,random,shift,seed=503,AN,0.642537,3.19638,0.796154
E,X0+P1,reduction,krr,random,shift,seed=503,TMP,1.01178,2.91314,0.778359
E,X0+P1,reduction,krr,random,shift,seed=503,SN,-0.120035,1.8543,-0.290292
E,X0+P1,reduction,gpr,random,shift,seed=101,DMC,1.14007,3.46463,0.752162
E,X0+P1,reduction,gpr,random,shift,seed=101,EMC,0.73216,3.31697,1.08365
E,X0+P1,reduction,gpr,random,shift,seed=101,DEC,0.841253,3.36907,1.24219
E,X0+P1,reduction,gpr,random,shift,seed=101,EC,0.58829,2.59026,0.404744
E,X0+P1,reduction,gpr,random,shift,seed=101,PC,0.714626,2.88574,0.869221
E,X0+P1,reduction,gpr,random,shift,seed=101,FEC,0.551192,2.55635,0.335436
E,X0+P1,reduction,gpr,random,shift,seed=101,VC,-0.096584,1.98927,-0.113609
E,X0+P1,reduction,gpr,random,shift,seed=101,DME,1.49988,3.72927,1.31851
E,X0+P1,reduction,gpr,random,shift,seed=101,DOL,1.41839,4.08707,1.90026
E,X0+P1,reduction,gpr,random,shift,seed=101,TEGDME,1.49248,2.86848,0.683391
E,X0+P1,reduction,gpr,random,shift,seed=101,EA,0.427682,2.73655,0.392471
E,X0+P1,reduction,gpr,random,shift,seed=101,MA,0.402125,2.73615,0.484723
E,X0+P1,reduction,gpr,random,shift,seed=101,GBL,0.32667,2.57924,0.520519
E,X0+P1,reduction,gpr,random,shift,seed=101,SL,1.18965,2.97769,0.731701
E,X0+P1,reduction,gpr,random,shift,seed=101,DMSO,0.751794,2.77929,0.491102
E,X0+P1,reduction,gpr,random,shift,seed=101,AN,0.642537,3.19638,1.05405
E,X0+P1,reduction,gpr,random,shift,seed=101,TMP,1.01178,2.91314,0.668578
E,X0+P1,reduction,gpr,random,shift,seed=101,SN,-0.120035,1.8543,-0.271783
E,X0+P1,reduction,gpr,random,shift,seed=211,DMC,1.14007,3.46463,1.04891
E,X0+P1,reduction,gpr,random,shift,seed=211,EMC,0.73216,3.31697,1.0764
E,X0+P1,reduction,gpr,random,shift,seed=211,DEC,0.841253,3.36907,1.21929
E,X0+P1,reduction,gpr,random,shift,seed=211,EC,0.58829,2.59026,0.402928
E,X0+P1,reduction,gpr,random,shift,seed=211,PC,0.714626,2.88574,0.894387
E,X0+P1,reduction,gpr,random,shift,seed=211,FEC,0.551192,2.55635,0.499025
E,X0+P1,reduction,gpr,random,shift,seed=211,VC,-0.096584,1.98927,-0.156591
E,X0+P1,reduction,gpr,random,shift,seed=211,DME,1.49988,3.72927,1.50063
E,X0+P1,reduction,gpr,random,shift,seed=211,DOL,1.41839,4.08707,1.74736
E,X0+P1,reduction,gpr,random,shift,seed=211,TEGDME,1.49248,2.86848,0.662973
E,X0+P1,reduction,gpr,random,shift,seed=211,EA,0.427682,2.73655,0.396985
E,X0+P1,reduction,gpr,random,shift,seed=211,MA,0.402125,2.73615,0.479811
E,X0+P1,reduction,gpr,random,shift,seed=211,GBL,0.32667,2.57924,0.523252
E,X0+P1,reduction,gpr,random,shift,seed=211,SL,1.18965,2.97769,0.717545
E,X0+P1,reduction,gpr,random,shift,seed=211,DMSO,0.751794,2.77929,0.594501
E,X0+P1,reduction,gpr,random,shift,seed=211,AN,0.642537,3.19638,1.11502
E,X0+P1,reduction,gpr,random,shift,seed=211,TMP,1.01178,2.91314,0.683439
E,X0+P1,reduction,gpr,random,shift,seed=211,SN,-0.120035,1.8543,-0.343082
E,X0+P1,reduction,gpr,random,shift,seed=307,DMC,1.14007,3.46463,0.919112
E,X0+P1,reduction,gpr,random,shift,seed=307,EMC,0.73216,3.31697,0.904942
E,X0+P1,reduction,gpr,random,shift,seed=307,DEC,0.841253,3.36907,1.089
E,X0+P1,reduction,gpr,random,shift,seed=307,EC,0.58829,2.59026,0.41078
E,X0+P1,reduction,gpr,random,shift,seed=307,PC,0.714626,2.88574,0.877587
E,X0+P1,reduction,gpr,random,shift,seed=307,FEC,0.551192,2.55635,0.366684
E,X0+P1,reduction,gpr,random,shift,seed=307,VC,-0.096584,1.98927,-0.0425977
E,X0+P1,reduction,gpr,random,shift,seed=307,DME,1.49988,3.72927,1.42125
E,X0+P1,reduction,gpr,random,shift,seed=307,DOL,1.41839,4.08707,1.942
E,X0+P1,reduction,gpr,random,shift,seed=307,TEGDME,1.49248,2.86848,0.638033
E,X0+P1,reduction,gpr,random,shift,seed=307,EA,0.427682,2.73655,0.415403
E,X0+P1,reduction,gpr,random,shift,seed=307,MA,0.402125,2.73615,0.44884
E,X0+P1,reduction,gpr,random,shift,seed=307,GBL,0.32667,2.57924,0.472506
E,X0+P1,reduction,gpr,random,shift,seed=307,SL,1.18965,2.97769,0.869871
E,X0+P1,reduction,gpr,random,shift,seed=307,DMSO,0.751794,2.77929,0.46059
E,X0+P1,reduction,gpr,random,shift,seed=307,AN,0.642537,3.19638,1.03747
E,X0+P1,reduction,gpr,random,shift,seed=307,TMP,1.01178,2.91314,0.582595
E,X0+P1,reduction,gpr,random,shift,seed=307,SN,-0.120035,1.8543,-0.314665
E,X0+P1,reduction,gpr,random,shift,seed=401,DMC,1.14007,3.46463,0.779273
E,X0+P1,reduction,gpr,random,shift,seed=401,EMC,0.73216,3.31697,1.07855
E,X0+P1,reduction,gpr,random,shift,seed=401,DEC,0.841253,3.36907,1.24095
E,X0+P1,reduction,gpr,random,shift,seed=401,EC,0.58829,2.59026,0.413354
E,X0+P1,reduction,gpr,random,shift,seed=401,PC,0.714626,2.88574,0.907046
E,X0+P1,reduction,gpr,random,shift,seed=401,FEC,0.551192,2.55635,0.602279
E,X0+P1,reduction,gpr,random,shift,seed=401,VC,-0.096584,1.98927,-0.132369
E,X0+P1,reduction,gpr,random,shift,seed=401,DME,1.49988,3.72927,1.31237
E,X0+P1,reduction,gpr,random,shift,seed=401,DOL,1.41839,4.08707,1.88731
E,X0+P1,reduction,gpr,random,shift,seed=401,TEGDME,1.49248,2.86848,0.669455
E,X0+P1,reduction,gpr,random,shift,seed=401,EA,0.427682,2.73655,0.51404
E,X0+P1,reduction,gpr,random,shift,seed=401,MA,0.402125,2.73615,0.552227
E,X0+P1,reduction,gpr,random,shift,seed=401,GBL,0.32667,2.57924,0.531915
E,X0+P1,reduction,gpr,random,shift,seed=401,SL,1.18965,2.97769,0.633912
E,X0+P1,reduction,gpr,random,shift,seed=401,DMSO,0.751794,2.77929,0.58516
E,X0+P1,reduction,gpr,random,shift,seed=401,AN,0.642537,3.19638,1.06059
E,X0+P1,reduction,gpr,random,shift,seed=401,TMP,1.01178,2.91314,0.641639
E,X0+P1,reduction,gpr,random,shift,seed=401,SN,-0.120035,1.8543,-0.191627
E,X0+P1,reduction,gpr,random,shift,seed=503,DMC,1.14007,3.46463,0.814913
E,X0+P1,reduction,gpr,random,shift,seed=503,EMC,0.73216,3.31697,1.09783
E,X0+P1,reduction,gpr,random,shift,seed=503,DEC,0.841253,3.36907,1.26394
E,X0+P1,reduction,gpr,random,shift,seed=503,EC,0.58829,2.59026,0.383203
E,X0+P1,reduction,gpr,random,shift,seed=503,PC,0.714626,2.88574,0.951245
E,X0+P1,reduction,gpr,random,shift,seed=503,FEC,0.551192,2.55635,0.428346
E,X0+P1,reduction,gpr,random,shift,seed=503,VC,-0.096584,1.98927,-0.114858
E,X0+P1,reduction,gpr,random,shift,seed=503,DME,1.49988,3.72927,1.50741
E,X0+P1,reduction,gpr,random,shift,seed=503,DOL,1.41839,4.08707,1.88683
E,X0+P1,reduction,gpr,random,shift,seed=503,TEGDME,1.49248,2.86848,0.667515
E,X0+P1,reduction,gpr,random,shift,seed=503,EA,0.427682,2.73655,0.367237
E,X0+P1,reduction,gpr,random,shift,seed=503,MA,0.402125,2.73615,0.321618
E,X0+P1,reduction,gpr,random,shift,seed=503,GBL,0.32667,2.57924,0.465019
E,X0+P1,reduction,gpr,random,shift,seed=503,SL,1.18965,2.97769,0.738836
E,X0+P1,reduction,gpr,random,shift,seed=503,DMSO,0.751794,2.77929,0.424464
E,X0+P1,reduction,gpr,random,shift,seed=503,AN,0.642537,3.19638,1.03462
E,X0+P1,reduction,gpr,random,shift,seed=503,TMP,1.01178,2.91314,0.593374
E,X0+P1,reduction,gpr,random,shift,seed=503,SN,-0.120035,1.8543,-0.341392
E,X0+P1,reduction,rf,random,shift,seed=101,DMC,1.14007,3.46463,0.959823
E,X0+P1,reduction,rf,random,shift,seed=101,EMC,0.73216,3.31697,1.18361
E,X0+P1,reduction,rf,random,shift,seed=101,DEC,0.841253,3.36907,1.34276
E,X0+P1,reduction,rf,random,shift,seed=101,EC,0.58829,2.59026,0.424568
E,X0+P1,reduction,rf,random,shift,seed=101,PC,0.714626,2.88574,0.889148
E,X0+P1,reduction,rf,random,shift,seed=101,FEC,0.551192,2.55635,0.4758
E,X0+P1,reduction,rf,random,shift,seed=101,VC,-0.096584,1.98927,-0.0992841
E,X0+P1,reduction,rf,random,shift,seed=101,DME,1.49988,3.72927,1.2857
E,X0+P1,reduction,rf,random,shift,seed=101,DOL,1.41839,4.08707,1.77858
E,X0+P1,reduction,rf,random,shift,seed=101,TEGDME,1.49248,2.86848,0.810143
E,X0+P1,reduction,rf,random,shift,seed=101,EA,0.427682,2.73655,0.507641
E,X0+P1,reduction,rf,random,shift,seed=101,MA,0.402125,2.73615,0.557841
E,X0+P1,reduction,rf,random,shift,seed=101,GBL,0.32667,2.57924,0.523196
E,X0+P1,reduction,rf,random,shift,seed=101,SL,1.18965,2.97769,0.87503
E,X0+P1,reduction,rf,random,shift,seed=101,DMSO,0.751794,2.77929,0.463587
E,X0+P1,reduction,rf,random,shift,seed=101,AN,0.642537,3.19638,0.94392
E,X0+P1,reduction,rf,random,shift,seed=101,TMP,1.01178,2.91314,0.780095
E,X0+P1,reduction,rf,random,shift,seed=101,SN,-0.120035,1.8543,-0.239912
E,X0+P1,reduction,rf,random,shift,seed=211,DMC,1.14007,3.46463,0.962727
E,X0+P1,reduction,rf,random,shift,seed=211,EMC,0.73216,3.31697,1.13072
E,X0+P1,reduction,rf,random,shift,seed=211,DEC,0.841253,3.36907,1.33558
E,X0+P1,reduction,rf,random,shift,seed=211,EC,0.58829,2.59026,0.430032
E,X0+P1,reduction,rf,random,shift,seed=211,PC,0.714626,2.88574,0.803779
E,X0+P1,reduction,rf,random,shift,seed=211,FEC,0.551192,2.55635,0.403699
E,X0+P1,reduction,rf,random,shift,seed=211,VC,-0.096584,1.98927,-0.135897
E,X0+P1,reduction,rf,random,shift,seed=211,DME,1.49988,3.72927,1.22319
E,X0+P1,reduction,rf,random,shift,seed=211,DOL,1.41839,4.08707,1.86255
E,X0+P1,reduction,rf,random,shift,seed=211,TEGDME,1.49248,2.86848,0.788292
E,X0+P1,reduction,rf,random,shift,seed=211,EA,0.427682,2.73655,0.513058
E,X0+P1,reduction,rf,random,shift,seed=211,MA,0.402125,2.73615,0.549572
E,X0+P1,reduction,rf,random,shift,seed=211,GBL,0.32667,2.57924,0.456164
E,X0+P1,reduction,rf,random,shift,seed=211,SL,1.18965,2.97769,0.78035
E,X0+P1,reduction,rf,random,shift,seed=211,DMSO,0.751794,2.77929,0.570549
E,X0+P1,reduction,rf,random,shift,seed=211,AN,0.642537,3.19638,0.899065
E,X0+P1,reduction,rf,random,shift,seed=211,TMP,1.01178,2.91314,0.840885
E,X0+P1,reduction,rf,random,shift,seed=211,SN,-0.120035,1.8543,-0.264319
E,X0+P1,reduction,rf,random,shift,seed=307,DMC,1.14007,3.46463,1.0418
E,X0+P1,reduction,rf,random,shift,seed=307,EMC,0.73216,3.31697,0.955959
E,X0+P1,reduction,rf,random,shift,seed=307,DEC,0.841253,3.36907,0.916919
E,X0+P1,reduction,rf,random,shift,seed=307,EC,0.58829,2.59026,0.444062
E,X0+P1,reduction,rf,random,shift,seed=307,PC,0.714626,2.88574,0.829151
E,X0+P1,reduction,rf,random,shift,seed=307,FEC,0.551192,2.55635,0.408981
E,X0+P1,reduction,rf,random,shift,seed=307,VC,-0.096584,1.98927,-0.125044
E,X0+P1,reduction,rf,random,shift,seed=307,DME,1.49988,3.72927,1.30131
E,X0+P1,reduction,rf,random,shift,seed=307,DOL,1.41839,4.08707,1.83477
E,X0+P1,reduction,rf,random,shift,seed=307,TEGDME,1.49248,2.86848,0.505396
E,X0+P1,reduction,rf,random,shift,seed=307,EA,0.427682,2.73655,0.557549
E,X0+P1,reduction,rf,random,shift,seed=307,MA,0.402125,2.73615,0.505711
E,X0+P1,reduction,rf,random,shift,seed=307,GBL,0.32667,2.57924,0.486659
E,X0+P1,reduction,rf,random,shift,seed=307,SL,1.18965,2.97769,0.834248
E,X0+P1,reduction,rf,random,shift,seed=307,DMSO,0.751794,2.77929,0.433722
E,X0+P1,reduction,rf,random,shift,seed=307,AN,0.642537,3.19638,1.04923
E,X0+P1,reduction,rf,random,shift,seed=307,TMP,1.01178,2.91314,0.488234
E,X0+P1,reduction,rf,random,shift,seed=307,SN,-0.120035,1.8543,-0.251195
E,X0+P1,reduction,rf,random,shift,seed=401,DMC,1.14007,3.46463,0.984266
E,X0+P1,reduction,rf,random,shift,seed=401,EMC,0.73216,3.31697,1.17344
E,X0+P1,reduction,rf,random,shift,seed=401,DEC,0.841253,3.36907,1.33879
E,X0+P1,reduction,rf,random,shift,seed=401,EC,0.58829,2.59026,0.460508
E,X0+P1,reduction,rf,random,shift,seed=401,PC,0.714626,2.88574,0.875101
E,X0+P1,reduction,rf,random,shift,seed=401,FEC,0.551192,2.55635,0.410665
E,X0+P1,reduction,rf,random,shift,seed=401,VC,-0.096584,1.98927,-0.124254
E,X0+P1,reduction,rf,random,shift,seed=401,DME,1.49988,3.72927,1.28906
E,X0+P1,reduction,rf,random,shift,seed=401,DOL,1.41839,4.08707,1.80043
E,X0+P1,reduction,rf,random,shift,seed=401,TEGDME,1.49248,2.86848,0.809277
E,X0+P1,reduction,rf,random,shift,seed=401,EA,0.427682,2.73655,0.583897
E,X0+P1,reduction,rf,random,shift,seed=401,MA,0.402125,2.73615,0.615839
E,X0+P1,reduction,rf,random,shift,seed=401,GBL,0.32667,2.57924,0.541302
E,X0+P1,reduction,rf,random,shift,seed=401,SL,1.18965,2.97769,0.741327
E,X0+P1,reduction,rf,random,shift,seed=401,DMSO,0.751794,2.77929,0.536615
E,X0+P1,reduction,rf,random,shift,seed=401,AN,0.642537,3.19638,0.865049
E,X0+P1,reduction,rf,random,shift,seed=401,TMP,1.01178,2.91314,0.794561
E,X0+P1,reduction,rf,random,shift,seed=401,SN,-0.120035,1.8543,-0.24972
E,X0+P1,reduction,rf,random,shift,seed=503,DMC,1.14007,3.46463,0.958009
E,X0+P1,reduction,rf,random,shift,seed=503,EMC,0.73216,3.31697,1.17635
E,X0+P1,reduction,rf,random,shift,seed=503,DEC,0.841253,3.36907,1.32077
E,X0+P1,reduction,rf,random,shift,seed=503,EC,0.58829,2.59026,0.436871
E,X0+P1,reduction,rf,random,shift,seed=503,PC,0.714626,2.88574,0.881028
E,X0+P1,reduction,rf,random,shift,seed=503,FEC,0.551192,2.55635,0.455497
E,X0+P1,reduction,rf,random,shift,seed=503,VC,-0.096584,1.98927,-0.122483
E,X0+P1,reduction,rf,random,shift,seed=503,DME,1.49988,3.72927,1.37664
E,X0+P1,reduction,rf,random,shift,seed=503,DOL,1.41839,4.08707,1.80591
E,X0+P1,reduction,rf,random,shift,seed=503,TEGDME,1.49248,2.86848,0.792748
E,X0+P1,reduction,rf,random,shift,seed=503,EA,0.427682,2.73655,0.603573
E,X0+P1,reduction,rf,random,shift,seed=503,MA,0.402125,2.73615,0.623997
E,X0+P1,reduction,rf,random,shift,seed=503,GBL,0.32667,2.57924,0.488564
E,X0+P1,reduction,rf,random,shift,seed=503,SL,1.18965,2.97769,0.856958
E,X0+P1,reduction,rf,random,shift,seed=503,DMSO,0.751794,2.77929,0.50752
E,X0+P1,reduction,rf,random,shift,seed=503,AN,0.642537,3.19638,0.894281
E,X0+P1,reduction,rf,random,shift,seed=503,TMP,1.01178,2.91314,0.84749
E,X0+P1,reduction,rf,random,shift,seed=503,SN,-0.120035,1.8543,-0.283723
E,X0+P1,reduction,gbdt,random,shift,seed=101,DMC,1.14007,3.46463,0.876443
E,X0+P1,reduction,gbdt,random,shift,seed=101,EMC,0.73216,3.31697,1.18371
E,X0+P1,reduction,gbdt,random,shift,seed=101,DEC,0.841253,3.36907,1.43066
E,X0+P1,reduction,gbdt,random,shift,seed=101,EC,0.58829,2.59026,0.420477
E,X0+P1,reduction,gbdt,random,shift,seed=101,PC,0.714626,2.88574,0.95299
E,X0+P1,reduction,gbdt,random,shift,seed=101,FEC,0.551192,2.55635,0.489145
E,X0+P1,reduction,gbdt,random,shift,seed=101,VC,-0.096584,1.98927,-0.199658
E,X0+P1,reduction,gbdt,random,shift,seed=101,DME,1.49988,3.72927,1.28398
E,X0+P1,reduction,gbdt,random,shift,seed=101,DOL,1.41839,4.08707,1.87354
E,X0+P1,reduction,gbdt,random,shift,seed=101,TEGDME,1.49248,2.86848,0.968282
E,X0+P1,reduction,gbdt,random,shift,seed=101,EA,0.427682,2.73655,0.470695
E,X0+P1,reduction,gbdt,random,shift,seed=101,MA,0.402125,2.73615,0.354752
E,X0+P1,reduction,gbdt,random,shift,seed=101,GBL,0.32667,2.57924,0.504313
E,X0+P1,reduction,gbdt,random,shift,seed=101,SL,1.18965,2.97769,0.940578
E,X0+P1,reduction,gbdt,random,shift,seed=101,DMSO,0.751794,2.77929,0.484362
E,X0+P1,reduction,gbdt,random,shift,seed=101,AN,0.642537,3.19638,0.895767
E,X0+P1,reduction,gbdt,random,shift,seed=101,TMP,1.01178,2.91314,1.10659
E,X0+P1,reduction,gbdt,random,shift,seed=101,SN,-0.120035,1.8543,-0.200798
E,X0+P1,reduction,gbdt,random,shift,seed=211,DMC,1.14007,3.46463,0.874569
E,X0+P1,reduction,gbdt,random,shift,seed=211,EMC,0.73216,3.31697,1.10526
E,X0+P1,reduction,gbdt,random,shift,seed=211,DEC,0.841253,3.36907,1.39493
E,X0+P1,reduction,gbdt,random,shift,seed=211,EC,0.58829,2.59026,0.39009
E,X0+P1,reduction,gbdt,random,shift,seed=211,PC,0.714626,2.88574,0.841995
E,X0+P1,reduction,gbdt,random,shift,seed=211,FEC,0.551192,2.55635,0.457864
E,X0+P1,reduction,gbdt,random,shift,seed=211,VC,-0.096584,1.98927,-0.164801
E,X0+P1,reduction,gbdt,random,shift,seed=211,DME,1.49988,3.72927,1.15692
E,X0+P1,reduction,gbdt,random,shift,seed=211,DOL,1.41839,4.08707,1.85087
E,X0+P1,reduction,gbdt,random,shift,seed=211,TEGDME,1.49248,2.86848,1.02625
E,X0+P1,reduction,gbdt,random,shift,seed=211,EA,0.427682,2.73655,0.474451
E,X0+P1,reduction,gbdt,random,shift,seed=211,MA,0.402125,2.73615,0.384824
E,X0+P1,reduction,gbdt,random,shift,seed=211,GBL,0.32667,2.57924,0.454467
E,X0+P1,reduction,gbdt,random,shift,seed=211,SL,1.18965,2.97769,0.892749
E,X0+P1,reduction,gbdt,random,shift,seed=211,DMSO,0.751794,2.77929,0.501981
E,X0+P1,reduction,gbdt,random,shift,seed=211,AN,0.642537,3.19638,0.90239
E,X0+P1,reduction,gbdt,random,shift,seed=211,TMP,1.01178,2.91314,1.01708
E,X0+P1,reduction,gbdt,random,shift,seed=211,SN,-0.120035,1.8543,-0.291782
E,X0+P1,reduction,gbdt,random,shift,seed=307,DMC,1.14007,3.46463,0.971191
E,X0+P1,reduction,gbdt,random,shift,seed=307,EMC,0.73216,3.31697,0.975385
E,X0+P1,reduction,gbdt,random,shift,seed=307,DEC,0.841253,3.36907,0.879639
E,X0+P1,reduction,gbdt,random,shift,seed=307,EC,0.58829,2.59026,0.48609
E,X0+P1,reduction,gbdt,random,shift,seed=307,PC,0.714626,2.88574,0.888219
E,X0+P1,reduction,gbdt,random,shift,seed=307,FEC,0.551192,2.55635,0.422339
E,X0+P1,reduction,gbdt,random,shift,seed=307,VC,-0.096584,1.98927,-0.196227
E,X0+P1,reduction,gbdt,random,shift,seed=307,DME,1.49988,3.72927,1.16365
E,X0+P1,reduction,gbdt,random,shift,seed=307,DOL,1.41839,4.08707,1.84085
E,X0+P1,reduction,gbdt,random,shift,seed=307,TEGDME,1.49248,2.86848,0.523997
E,X0+P1,reduction,gbdt,random,shift,seed=307,EA,0.427682,2.73655,0.472741
E,X0+P1,reduction,gbdt,random,shift,seed=307,MA,0.402125,2.73615,0.377622
E,X0+P1,reduction,gbdt,random,shift,seed=307,GBL,0.32667,2.57924,0.499878
E,X0+P1,reduction,gbdt,random,shift,seed=307,SL,1.18965,2.97769,0.920938
E,X0+P1,reduction,gbdt,random,shift,seed=307,DMSO,0.751794,2.77929,0.479158
E,X0+P1,reduction,gbdt,random,shift,seed=307,AN,0.642537,3.19638,1.15496
E,X0+P1,reduction,gbdt,random,shift,seed=307,TMP,1.01178,2.91314,0.450669
E,X0+P1,reduction,gbdt,random,shift,seed=307,SN,-0.120035,1.8543,-0.270632
E,X0+P1,reduction,gbdt,random,shift,seed=401,DMC,1.14007,3.46463,0.880574
E,X0+P1,reduction,gbdt,random,shift,seed=401,EMC,0.73216,3.31697,1.10465
E,X0+P1,reduction,gbdt,random,shift,seed=401,DEC,0.841253,3.36907,1.34214
E,X0+P1,reduction,gbdt,random,shift,seed=401,EC,0.58829,2.59026,0.557129
E,X0+P1,reduction,gbdt,random,shift,seed=401,PC,0.714626,2.88574,0.956234
E,X0+P1,reduction,gbdt,random,shift,seed=401,FEC,0.551192,2.55635,0.352182
E,X0+P1,reduction,gbdt,random,shift,seed=401,VC,-0.096584,1.98927,-0.0693154
E,X0+P1,reduction,gbdt,random,shift,seed=401,DME,1.49988,3.72927,1.239
E,X0+P1,reduction,gbdt,random,shift,seed=401,DOL,1.41839,4.08707,1.85713
E,X0+P1,reduction,gbdt,random,shift,seed=401,TEGDME,1.49248,2.86848,0.970563
E,X0+P1,reduction,gbdt,random,shift,seed=401,EA,0.427682,2.73655,0.511463
E,X0+P1,reduction,gbdt,random,shift,seed=401,MA,0.402125,2.73615,0.490594
E,X0+P1,reduction,gbdt,random,shift,seed=401,GBL,0.32667,2.57924,0.510706
E,X0+P1,reduction,gbdt,random,shift,seed=401,SL,1.18965,2.97769,0.921628
E,X0+P1,reduction,gbdt,random,shift,seed=401,DMSO,0.751794,2.77929,0.459302
E,X0+P1,reduction,gbdt,random,shift,seed=401,AN,0.642537,3.19638,0.838657
E,X0+P1,reduction,gbdt,random,shift,seed=401,TMP,1.01178,2.91314,1.28853
E,X0+P1,reduction,gbdt,random,shift,seed=401,SN,-0.120035,1.8543,-0.192176
E,X0+P1,reduction,gbdt,random,shift,seed=503,DMC,1.14007,3.46463,0.88266
E,X0+P1,reduction,gbdt,random,shift,seed=503,EMC,0.73216,3.31697,1.08841
E,X0+P1,reduction,gbdt,random,shift,seed=503,DEC,0.841253,3.36907,1.37396
E,X0+P1,reduction,gbdt,random,shift,seed=503,EC,0.58829,2.59026,0.464304
E,X0+P1,reduction,gbdt,random,shift,seed=503,PC,0.714626,2.88574,0.897933
E,X0+P1,reduction,gbdt,random,shift,seed=503,FEC,0.551192,2.55635,0.465164
E,X0+P1,reduction,gbdt,random,shift,seed=503,VC,-0.096584,1.98927,-0.167453
E,X0+P1,reduction,gbdt,random,shift,seed=503,DME,1.49988,3.72927,1.12451
E,X0+P1,reduction,gbdt,random,shift,seed=503,DOL,1.41839,4.08707,1.82972
E,X0+P1,reduction,gbdt,random,shift,seed=503,TEGDME,1.49248,2.86848,0.941999
E,X0+P1,reduction,gbdt,random,shift,seed=503,EA,0.427682,2.73655,0.510836
E,X0+P1,reduction,gbdt,random,shift,seed=503,MA,0.402125,2.73615,0.509735
E,X0+P1,reduction,gbdt,random,shift,seed=503,GBL,0.32667,2.57924,0.547776
E,X0+P1,reduction,gbdt,random,shift,seed=503,SL,1.18965,2.97769,0.788542
E,X0+P1,reduction,gbdt,random,shift,seed=503,DMSO,0.751794,2.77929,0.47549
E,X0+P1,reduction,gbdt,random,shift,seed=503,AN,0.642537,3.19638,0.900554
E,X0+P1,reduction,gbdt,random,shift,seed=503,TMP,1.01178,2.91314,1.11686
E,X0+P1,reduction,gbdt,random,shift,seed=503,SN,-0.120035,1.8543,-0.287647
E,X0+P1,reduction,constant,group,direct,leave-one-group-out,DMC,1.14007,3.46463,0.720032
E,X0+P1,reduction,constant,group,direct,leave-one-group-out,EMC,0.73216,3.31697,0.720032
E,X0+P1,reduction,constant,group,direct,leave-one-group-out,DEC,0.841253,3.36907,0.720032
E,X0+P1,reduction,constant,group,direct,leave-one-group-out,EC,0.58829,2.59026,0.551192
E,X0+P1,reduction,constant,group,direct,leave-one-group-out,PC,0.714626,2.88574,0.551192
E,X0+P1,reduction,constant,group,direct,leave-one-group-out,FEC,0.551192,2.55635,0.402111
E,X0+P1,reduction,constant,group,direct,leave-one-group-out,VC,-0.096584,1.98927,0.551192
E,X0+P1,reduction,constant,group,direct,leave-one-group-out,DME,1.49988,3.72927,1.41839
E,X0+P1,reduction,constant,group,direct,leave-one-group-out,DOL,1.41839,4.08707,1.49618
E,X0+P1,reduction,constant,group,direct,leave-one-group-out,TEGDME,1.49248,2.86848,1.41839
E,X0+P1,reduction,constant,group,direct,leave-one-group-out,EA,0.427682,2.73655,0.32667
E,X0+P1,reduction,constant,group,direct,leave-one-group-out,MA,0.402125,2.73615,0.32667
E,X0+P1,reduction,constant,group,direct,leave-one-group-out,GBL,0.32667,2.57924,0.414903
E,X0+P1,reduction,constant,group,direct,leave-one-group-out,SL,1.18965,2.97769,0.72496
E,X0+P1,reduction,constant,group,direct,leave-one-group-out,DMSO,0.751794,2.77929,0.750716
E,X0+P1,reduction,constant,group,direct,leave-one-group-out,AN,0.642537,3.19638,0.811966
E,X0+P1,reduction,constant,group,direct,leave-one-group-out,TMP,1.01178,2.91314,0.735423
E,X0+P1,reduction,constant,group,direct,leave-one-group-out,SN,-0.120035,1.8543,0.811966
E,X0+P1,reduction,ridge,group,direct,leave-one-group-out,DMC,1.14007,3.46463,0.763045
E,X0+P1,reduction,ridge,group,direct,leave-one-group-out,EMC,0.73216,3.31697,0.763513
E,X0+P1,reduction,ridge,group,direct,leave-one-group-out,DEC,0.841253,3.36907,0.893687
E,X0+P1,reduction,ridge,group,direct,leave-one-group-out,EC,0.58829,2.59026,0.495436
E,X0+P1,reduction,ridge,group,direct,leave-one-group-out,PC,0.714626,2.88574,0.645397
E,X0+P1,reduction,ridge,group,direct,leave-one-group-out,FEC,0.551192,2.55635,0.428273
E,X0+P1,reduction,ridge,group,direct,leave-one-group-out,VC,-0.096584,1.98927,0.276454
E,X0+P1,reduction,ridge,group,direct,leave-one-group-out,DME,1.49988,3.72927,1.10544
E,X0+P1,reduction,ridge,group,direct,leave-one-group-out,DOL,1.41839,4.08707,1.65297
E,X0+P1,reduction,ridge,group,direct,leave-one-group-out,TEGDME,1.49248,2.86848,-0.339108
E,X0+P1,reduction,ridge,group,direct,leave-one-group-out,EA,0.427682,2.73655,0.576985
E,X0+P1,reduction,ridge,group,direct,leave-one-group-out,MA,0.402125,2.73615,0.497724
E,X0+P1,reduction,ridge,group,direct,leave-one-group-out,GBL,0.32667,2.57924,0.495772
E,X0+P1,reduction,ridge,group,direct,leave-one-group-out,SL,1.18965,2.97769,0.755699
E,X0+P1,reduction,ridge,group,direct,leave-one-group-out,DMSO,0.751794,2.77929,0.471898
E,X0+P1,reduction,ridge,group,direct,leave-one-group-out,AN,0.642537,3.19638,2.56406
E,X0+P1,reduction,ridge,group,direct,leave-one-group-out,TMP,1.01178,2.91314,1.6354
E,X0+P1,reduction,ridge,group,direct,leave-one-group-out,SN,-0.120035,1.8543,1.07827
E,X0+P1,reduction,krr,group,direct,leave-one-group-out,DMC,1.14007,3.46463,0.691853
E,X0+P1,reduction,krr,group,direct,leave-one-group-out,EMC,0.73216,3.31697,0.726735
E,X0+P1,reduction,krr,group,direct,leave-one-group-out,DEC,0.841253,3.36907,0.798211
E,X0+P1,reduction,krr,group,direct,leave-one-group-out,EC,0.58829,2.59026,0.489752
E,X0+P1,reduction,krr,group,direct,leave-one-group-out,PC,0.714626,2.88574,0.647295
E,X0+P1,reduction,krr,group,direct,leave-one-group-out,FEC,0.551192,2.55635,0.444335
E,X0+P1,reduction,krr,group,direct,leave-one-group-out,VC,-0.096584,1.98927,0.260831
E,X0+P1,reduction,krr,group,direct,leave-one-group-out,DME,1.49988,3.72927,1.26754
E,X0+P1,reduction,krr,group,direct,leave-one-group-out,DOL,1.41839,4.08707,1.65433
E,X0+P1,reduction,krr,group,direct,leave-one-group-out,TEGDME,1.49248,2.86848,0.839603
E,X0+P1,reduction,krr,group,direct,leave-one-group-out,EA,0.427682,2.73655,0.571867
E,X0+P1,reduction,krr,group,direct,leave-one-group-out,MA,0.402125,2.73615,0.495889
E,X0+P1,reduction,krr,group,direct,leave-one-group-out,GBL,0.32667,2.57924,0.627286
E,X0+P1,reduction,krr,group,direct,leave-one-group-out,SL,1.18965,2.97769,0.728945
E,X0+P1,reduction,krr,group,direct,leave-one-group-out,DMSO,0.751794,2.77929,0.521549
E,X0+P1,reduction,krr,group,direct,leave-one-group-out,AN,0.642537,3.19638,1.24713
E,X0+P1,reduction,krr,group,direct,leave-one-group-out,TMP,1.01178,2.91314,1.04209
E,X0+P1,reduction,krr,group,direct,leave-one-group-out,SN,-0.120035,1.8543,0.335181
E,X0+P1,reduction,gpr,group,direct,leave-one-group-out,DMC,1.14007,3.46463,0.682498
E,X0+P1,reduction,gpr,group,direct,leave-one-group-out,EMC,0.73216,3.31697,0.681072
E,X0+P1,reduction,gpr,group,direct,leave-one-group-out,DEC,0.841253,3.36907,0.776497
E,X0+P1,reduction,gpr,group,direct,leave-one-group-out,EC,0.58829,2.59026,0.459619
E,X0+P1,reduction,gpr,group,direct,leave-one-group-out,PC,0.714626,2.88574,0.636825
E,X0+P1,reduction,gpr,group,direct,leave-one-group-out,FEC,0.551192,2.55635,0.590911
E,X0+P1,reduction,gpr,group,direct,leave-one-group-out,VC,-0.096584,1.98927,0.224501
E,X0+P1,reduction,gpr,group,direct,leave-one-group-out,DME,1.49988,3.72927,1.18805
E,X0+P1,reduction,gpr,group,direct,leave-one-group-out,DOL,1.41839,4.08707,1.54812
E,X0+P1,reduction,gpr,group,direct,leave-one-group-out,TEGDME,1.49248,2.86848,0.667539
E,X0+P1,reduction,gpr,group,direct,leave-one-group-out,EA,0.427682,2.73655,0.576103
E,X0+P1,reduction,gpr,group,direct,leave-one-group-out,MA,0.402125,2.73615,0.532745
E,X0+P1,reduction,gpr,group,direct,leave-one-group-out,GBL,0.32667,2.57924,0.522498
E,X0+P1,reduction,gpr,group,direct,leave-one-group-out,SL,1.18965,2.97769,0.740594
E,X0+P1,reduction,gpr,group,direct,leave-one-group-out,DMSO,0.751794,2.77929,0.527446
E,X0+P1,reduction,gpr,group,direct,leave-one-group-out,AN,0.642537,3.19638,0.908854
E,X0+P1,reduction,gpr,group,direct,leave-one-group-out,TMP,1.01178,2.91314,1.12783
E,X0+P1,reduction,gpr,group,direct,leave-one-group-out,SN,-0.120035,1.8543,0.302488
E,X0+P1,reduction,rf,group,direct,leave-one-group-out,DMC,1.14007,3.46463,0.695526
E,X0+P1,reduction,rf,group,direct,leave-one-group-out,EMC,0.73216,3.31697,0.677671
E,X0+P1,reduction,rf,group,direct,leave-one-group-out,DEC,0.841253,3.36907,0.713412
E,X0+P1,reduction,rf,group,direct,leave-one-group-out,EC,0.58829,2.59026,0.705006
E,X0+P1,reduction,rf,group,direct,leave-one-group-out,PC,0.714626,2.88574,0.873712
E,X0+P1,reduction,rf,group,direct,leave-one-group-out,FEC,0.551192,2.55635,0.374185
E,X0+P1,reduction,rf,group,direct,leave-one-group-out,VC,-0.096584,1.98927,0.257271
E,X0+P1,reduction,rf,group,direct,leave-one-group-out,DME,1.49988,3.72927,1.16217
E,X0+P1,reduction,rf,group,direct,leave-one-group-out,DOL,1.41839,4.08707,1.24828
E,X0+P1,reduction,rf,group,direct,leave-one-group-out,TEGDME,1.49248,2.86848,0.992463
E,X0+P1,reduction,rf,group,direct,leave-one-group-out,EA,0.427682,2.73655,0.586835
E,X0+P1,reduction,rf,group,direct,leave-one-group-out,MA,0.402125,2.73615,0.517986
E,X0+P1,reduction,rf,group,direct,leave-one-group-out,GBL,0.32667,2.57924,0.426453
E,X0+P1,reduction,rf,group,direct,leave-one-group-out,SL,1.18965,2.97769,0.82035
E,X0+P1,reduction,rf,group,direct,leave-one-group-out,DMSO,0.751794,2.77929,0.578984
E,X0+P1,reduction,rf,group,direct,leave-one-group-out,AN,0.642537,3.19638,0.774949
E,X0+P1,reduction,rf,group,direct,leave-one-group-out,TMP,1.01178,2.91314,1.15258
E,X0+P1,reduction,rf,group,direct,leave-one-group-out,SN,-0.120035,1.8543,0.319703
E,X0+P1,reduction,gbdt,group,direct,leave-one-group-out,DMC,1.14007,3.46463,0.683749
E,X0+P1,reduction,gbdt,group,direct,leave-one-group-out,EMC,0.73216,3.31697,0.687499
E,X0+P1,reduction,gbdt,group,direct,leave-one-group-out,DEC,0.841253,3.36907,0.687265
E,X0+P1,reduction,gbdt,group,direct,leave-one-group-out,EC,0.58829,2.59026,0.851643
E,X0+P1,reduction,gbdt,group,direct,leave-one-group-out,PC,0.714626,2.88574,1.04475
E,X0+P1,reduction,gbdt,group,direct,leave-one-group-out,FEC,0.551192,2.55635,0.480506
E,X0+P1,reduction,gbdt,group,direct,leave-one-group-out,VC,-0.096584,1.98927,0.0345498
E,X0+P1,reduction,gbdt,group,direct,leave-one-group-out,DME,1.49988,3.72927,1.3902
E,X0+P1,reduction,gbdt,group,direct,leave-one-group-out,DOL,1.41839,4.08707,1.40908
E,X0+P1,reduction,gbdt,group,direct,leave-one-group-out,TEGDME,1.49248,2.86848,1.09975
E,X0+P1,reduction,gbdt,group,direct,leave-one-group-out,EA,0.427682,2.73655,0.50702
E,X0+P1,reduction,gbdt,group,direct,leave-one-group-out,MA,0.402125,2.73615,0.444909
E,X0+P1,reduction,gbdt,group,direct,leave-one-group-out,GBL,0.32667,2.57924,0.385245
E,X0+P1,reduction,gbdt,group,direct,leave-one-group-out,SL,1.18965,2.97769,1.00235
E,X0+P1,reduction,gbdt,group,direct,leave-one-group-out,DMSO,0.751794,2.77929,0.697436
E,X0+P1,reduction,gbdt,group,direct,leave-one-group-out,AN,0.642537,3.19638,0.749775
E,X0+P1,reduction,gbdt,group,direct,leave-one-group-out,TMP,1.01178,2.91314,1.40438
E,X0+P1,reduction,gbdt,group,direct,leave-one-group-out,SN,-0.120035,1.8543,0.165758
E,X0+P1,reduction,constant,group,shift,leave-one-group-out,DMC,1.14007,3.46463,1.35272
E,X0+P1,reduction,constant,group,shift,leave-one-group-out,EMC,0.73216,3.31697,1.20506
E,X0+P1,reduction,constant,group,shift,leave-one-group-out,DEC,0.841253,3.36907,1.25715
E,X0+P1,reduction,constant,group,shift,leave-one-group-out,EC,0.58829,2.59026,0.585095
E,X0+P1,reduction,constant,group,shift,leave-one-group-out,PC,0.714626,2.88574,0.880578
E,X0+P1,reduction,constant,group,shift,leave-one-group-out,FEC,0.551192,2.55635,0.470041
E,X0+P1,reduction,constant,group,shift,leave-one-group-out,VC,-0.096584,1.98927,-0.015888
E,X0+P1,reduction,constant,group,shift,leave-one-group-out,DME,1.49988,3.72927,1.06059
E,X0+P1,reduction,constant,group,shift,leave-one-group-out,DOL,1.41839,4.08707,2.28438
E,X0+P1,reduction,constant,group,shift,leave-one-group-out,TEGDME,1.49248,2.86848,0.199796
E,X0+P1,reduction,constant,group,shift,leave-one-group-out,EA,0.427682,2.73655,0.483983
E,X0+P1,reduction,constant,group,shift,leave-one-group-out,MA,0.402125,2.73615,0.483584
E,X0+P1,reduction,constant,group,shift,leave-one-group-out,GBL,0.32667,2.57924,0.25779
E,X0+P1,reduction,constant,group,shift,leave-one-group-out,SL,1.18965,2.97769,0.781931
E,X0+P1,reduction,constant,group,shift,leave-one-group-out,DMSO,0.751794,2.77929,0.597619
E,X0+P1,reduction,constant,group,shift,leave-one-group-out,AN,0.642537,3.19638,1.03464
E,X0+P1,reduction,constant,group,shift,leave-one-group-out,TMP,1.01178,2.91314,0.724045
E,X0+P1,reduction,constant,group,shift,leave-one-group-out,SN,-0.120035,1.8543,-0.30743
E,X0+P1,reduction,ridge,group,shift,leave-one-group-out,DMC,1.14007,3.46463,0.944611
E,X0+P1,reduction,ridge,group,shift,leave-one-group-out,EMC,0.73216,3.31697,0.906284
E,X0+P1,reduction,ridge,group,shift,leave-one-group-out,DEC,0.841253,3.36907,1.04279
E,X0+P1,reduction,ridge,group,shift,leave-one-group-out,EC,0.58829,2.59026,0.458601
E,X0+P1,reduction,ridge,group,shift,leave-one-group-out,PC,0.714626,2.88574,0.78793
E,X0+P1,reduction,ridge,group,shift,leave-one-group-out,FEC,0.551192,2.55635,0.320792
E,X0+P1,reduction,ridge,group,shift,leave-one-group-out,VC,-0.096584,1.98927,0.0168644
E,X0+P1,reduction,ridge,group,shift,leave-one-group-out,DME,1.49988,3.72927,1.13685
E,X0+P1,reduction,ridge,group,shift,leave-one-group-out,DOL,1.41839,4.08707,1.76082
E,X0+P1,reduction,ridge,group,shift,leave-one-group-out,TEGDME,1.49248,2.86848,-0.166614
E,X0+P1,reduction,ridge,group,shift,leave-one-group-out,EA,0.427682,2.73655,0.47057
E,X0+P1,reduction,ridge,group,shift,leave-one-group-out,MA,0.402125,2.73615,0.380091
E,X0+P1,reduction,ridge,group,shift,leave-one-group-out,GBL,0.32667,2.57924,0.439694
E,X0+P1,reduction,ridge,group,shift,leave-one-group-out,SL,1.18965,2.97769,0.901571
E,X0+P1,reduction,ridge,group,shift,leave-one-group-out,DMSO,0.751794,2.77929,0.435237
E,X0+P1,reduction,ridge,group,shift,leave-one-group-out,AN,0.642537,3.19638,2.58068
E,X0+P1,reduction,ridge,group,shift,leave-one-group-out,TMP,1.01178,2.91314,1.61093
E,X0+P1,reduction,ridge,group,shift,leave-one-group-out,SN,-0.120035,1.8543,1.08724
E,X0+P1,reduction,krr,group,shift,leave-one-group-out,DMC,1.14007,3.46463,0.993381
E,X0+P1,reduction,krr,group,shift,leave-one-group-out,EMC,0.73216,3.31697,0.952211
E,X0+P1,reduction,krr,group,shift,leave-one-group-out,DEC,0.841253,3.36907,1.09094
E,X0+P1,reduction,krr,group,shift,leave-one-group-out,EC,0.58829,2.59026,0.428268
E,X0+P1,reduction,krr,group,shift,leave-one-group-out,PC,0.714626,2.88574,0.741071
E,X0+P1,reduction,krr,group,shift,leave-one-group-out,FEC,0.551192,2.55635,0.39412
E,X0+P1,reduction,krr,group,shift,leave-one-group-out,VC,-0.096584,1.98927,-0.106229
E,X0+P1,reduction,krr,group,shift,leave-one-group-out,DME,1.49988,3.72927,1.45922
E,X0+P1,reduction,krr,group,shift,leave-one-group-out,DOL,1.41839,4.08707,1.90142
E,X0+P1,reduction,krr,group,shift,leave-one-group-out,TEGDME,1.49248,2.86848,1.46939
E,X0+P1,reduction,krr,group,shift,leave-one-group-out,EA,0.427682,2.73655,0.483857
E,X0+P1,reduction,krr,group,shift,leave-one-group-out,MA,0.402125,2.73615,0.420047
E,X0+P1,reduction,krr,group,shift,leave-one-group-out,GBL,0.32667,2.57924,0.42787
E,X0+P1,reduction,krr,group,shift,leave-one-group-out,SL,1.18965,2.97769,0.857597
E,X0+P1,reduction,krr,group,shift,leave-one-group-out,DMSO,0.751794,2.77929,0.445974
E,X0+P1,reduction,krr,group,shift,leave-one-group-out,AN,0.642537,3.19638,1.12185
E,X0+P1,reduction,krr,group,shift,leave-one-group-out,TMP,1.01178,2.91314,0.754938
E,X0+P1,reduction,krr,group,shift,leave-one-group-out,SN,-0.120035,1.8543,0.314254
E,X0+P1,reduction,gpr,group,shift,leave-one-group-out,DMC,1.14007,3.46463,1.07062
E,X0+P1,reduction,gpr,group,shift,leave-one-group-out,EMC,0.73216,3.31697,1.03898
E,X0+P1,reduction,gpr,group,shift,leave-one-group-out,DEC,0.841253,3.36907,1.193
E,X0+P1,reduction,gpr,group,shift,leave-one-group-out,EC,0.58829,2.59026,0.408569
E,X0+P1,reduction,gpr,group,shift,leave-one-group-out,PC,0.714626,2.88574,0.746965
E,X0+P1,reduction,gpr,group,shift,leave-one-group-out,FEC,0.551192,2.55635,0.45959
E,X0+P1,reduction,gpr,group,shift,leave-one-group-out,VC,-0.096584,1.98927,-0.201418
E,X0+P1,reduction,gpr,group,shift,leave-one-group-out,DME,1.49988,3.72927,1.48009
E,X0+P1,reduction,gpr,group,shift,leave-one-group-out,DOL,1.41839,4.08707,1.93439
E,X0+P1,reduction,gpr,group,shift,leave-one-group-out,TEGDME,1.49248,2.86848,0.649072
E,X0+P1,reduction,gpr,group,shift,leave-one-group-out,EA,0.427682,2.73655,0.499218
E,X0+P1,reduction,gpr,group,shift,leave-one-group-out,MA,0.402125,2.73615,0.515677
E,X0+P1,reduction,gpr,group,shift,leave-one-group-out,GBL,0.32667,2.57924,0.497416
E,X0+P1,reduction,gpr,group,shift,leave-one-group-out,SL,1.18965,2.97769,0.844038
E,X0+P1,reduction,gpr,group,shift,leave-one-group-out,DMSO,0.751794,2.77929,0.588059
E,X0+P1,reduction,gpr,group,shift,leave-one-group-out,AN,0.642537,3.19638,1.02565
E,X0+P1,reduction,gpr,group,shift,leave-one-group-out,TMP,1.01178,2.91314,0.795482
E,X0+P1,reduction,gpr,group,shift,leave-one-group-out,SN,-0.120035,1.8543,-0.293462
E,X0+P1,reduction,rf,group,shift,leave-one-group-out,DMC,1.14007,3.46463,1.33259
E,X0+P1,reduction,rf,group,shift,leave-one-group-out,EMC,0.73216,3.31697,1.20436
E,X0+P1,reduction,rf,group,shift,leave-one-group-out,DEC,0.841253,3.36907,1.37453
E,X0+P1,reduction,rf,group,shift,leave-one-group-out,EC,0.58829,2.59026,0.440934
E,X0+P1,reduction,rf,group,shift,leave-one-group-out,PC,0.714626,2.88574,0.770768
E,X0+P1,reduction,rf,group,shift,leave-one-group-out,FEC,0.551192,2.55635,0.431159
E,X0+P1,reduction,rf,group,shift,leave-one-group-out,VC,-0.096584,1.98927,-0.12576
E,X0+P1,reduction,rf,group,shift,leave-one-group-out,DME,1.49988,3.72927,1.22096
E,X0+P1,reduction,rf,group,shift,leave-one-group-out,DOL,1.41839,4.08707,1.82762
E,X0+P1,reduction,rf,group,shift,leave-one-group-out,TEGDME,1.49248,2.86848,0.724022
E,X0+P1,reduction,rf,group,shift,leave-one-group-out,EA,0.427682,2.73655,0.567466
E,X0+P1,reduction,rf,group,shift,leave-one-group-out,MA,0.402125,2.73615,0.575447
E,X0+P1,reduction,rf,group,shift,leave-one-group-out,GBL,0.32667,2.57924,0.490508
E,X0+P1,reduction,rf,group,shift,leave-one-group-out,SL,1.18965,2.97769,0.816872
E,X0+P1,reduction,rf,group,shift,leave-one-group-out,DMSO,0.751794,2.77929,0.574531
E,X0+P1,reduction,rf,group,shift,leave-one-group-out,AN,0.642537,3.19638,0.924766
E,X0+P1,reduction,rf,group,shift,leave-one-group-out,TMP,1.01178,2.91314,0.793979
E,X0+P1,reduction,rf,group,shift,leave-one-group-out,SN,-0.120035,1.8543,-0.242498
E,X0+P1,reduction,gbdt,group,shift,leave-one-group-out,DMC,1.14007,3.46463,1.34565
E,X0+P1,reduction,gbdt,group,shift,leave-one-group-out,EMC,0.73216,3.31697,1.25413
E,X0+P1,reduction,gbdt,group,shift,leave-one-group-out,DEC,0.841253,3.36907,1.46296
E,X0+P1,reduction,gbdt,group,shift,leave-one-group-out,EC,0.58829,2.59026,0.584695
E,X0+P1,reduction,gbdt,group,shift,leave-one-group-out,PC,0.714626,2.88574,0.941344
E,X0+P1,reduction,gbdt,group,shift,leave-one-group-out,FEC,0.551192,2.55635,0.401749
E,X0+P1,reduction,gbdt,group,shift,leave-one-group-out,VC,-0.096584,1.98927,-0.124762
E,X0+P1,reduction,gbdt,group,shift,leave-one-group-out,DME,1.49988,3.72927,1.24238
E,X0+P1,reduction,gbdt,group,shift,leave-one-group-out,DOL,1.41839,4.08707,1.88087
E,X0+P1,reduction,gbdt,group,shift,leave-one-group-out,TEGDME,1.49248,2.86848,0.981134
E,X0+P1,reduction,gbdt,group,shift,leave-one-group-out,EA,0.427682,2.73655,0.51032
E,X0+P1,reduction,gbdt,group,shift,leave-one-group-out,MA,0.402125,2.73615,0.47413
E,X0+P1,reduction,gbdt,group,shift,leave-one-group-out,GBL,0.32667,2.57924,0.494794
E,X0+P1,reduction,gbdt,group,shift,leave-one-group-out,SL,1.18965,2.97769,0.92067
E,X0+P1,reduction,gbdt,group,shift,leave-one-group-out,DMSO,0.751794,2.77929,0.518978
E,X0+P1,reduction,gbdt,group,shift,leave-one-group-out,AN,0.642537,3.19638,0.933159
E,X0+P1,reduction,gbdt,group,shift,leave-one-group-out,TMP,1.01178,2.91314,1.08955
E,X0+P1,reduction,gbdt,group,shift,leave-one-group-out,SN,-0.120035,1.8543,-0.223016
E,X0+P1,reduction,constant,lofo,direct,leave-one-family-out,DMC,1.14007,3.46463,0.720032
E,X0+P1,reduction,constant,lofo,direct,leave-one-family-out,EMC,0.73216,3.31697,0.720032
E,X0+P1,reduction,constant,lofo,direct,leave-one-family-out,DEC,0.841253,3.36907,0.720032
E,X0+P1,reduction,constant,lofo,direct,leave-one-family-out,EC,0.58829,2.59026,0.839746
E,X0+P1,reduction,constant,lofo,direct,leave-one-family-out,PC,0.714626,2.88574,0.839746
E,X0+P1,reduction,constant,lofo,direct,leave-one-family-out,FEC,0.551192,2.55635,0.839746
E,X0+P1,reduction,constant,lofo,direct,leave-one-family-out,VC,-0.096584,1.98927,0.839746
E,X0+P1,reduction,constant,lofo,direct,leave-one-family-out,DME,1.49988,3.72927,0.606881
E,X0+P1,reduction,constant,lofo,direct,leave-one-family-out,DOL,1.41839,4.08707,0.606881
E,X0+P1,reduction,constant,lofo,direct,leave-one-family-out,TEGDME,1.49248,2.86848,0.606881
E,X0+P1,reduction,constant,lofo,direct,leave-one-family-out,EA,0.427682,2.73655,0.823833
E,X0+P1,reduction,constant,lofo,direct,leave-one-family-out,MA,0.402125,2.73615,0.823833
E,X0+P1,reduction,constant,lofo,direct,leave-one-family-out,GBL,0.32667,2.57924,0.823833
E,X0+P1,reduction,constant,lofo,direct,leave-one-family-out,SL,1.18965,2.97769,0.72496
E,X0+P1,reduction,constant,lofo,direct,leave-one-family-out,DMSO,0.751794,2.77929,0.750716
E,X0+P1,reduction,constant,lofo,direct,leave-one-family-out,AN,0.642537,3.19638,0.811966
E,X0+P1,reduction,constant,lofo,direct,leave-one-family-out,TMP,1.01178,2.91314,0.735423
E,X0+P1,reduction,constant,lofo,direct,leave-one-family-out,SN,-0.120035,1.8543,0.811966
E,X0+P1,reduction,ridge,lofo,direct,leave-one-family-out,DMC,1.14007,3.46463,0.763045
E,X0+P1,reduction,ridge,lofo,direct,leave-one-family-out,EMC,0.73216,3.31697,0.763513
E,X0+P1,reduction,ridge,lofo,direct,leave-one-family-out,DEC,0.841253,3.36907,0.893687
E,X0+P1,reduction,ridge,lofo,direct,leave-one-family-out,EC,0.58829,2.59026,0.490752
E,X0+P1,reduction,ridge,lofo,direct,leave-one-family-out,PC,0.714626,2.88574,1.01787
E,X0+P1,reduction,ridge,lofo,direct,leave-one-family-out,FEC,0.551192,2.55635,-0.076473
E,X0+P1,reduction,ridge,lofo,direct,leave-one-family-out,VC,-0.096584,1.98927,-0.101476
E,X0+P1,reduction,ridge,lofo,direct,leave-one-family-out,DME,1.49988,3.72927,1.68489
E,X0+P1,reduction,ridge,lofo,direct,leave-one-family-out,DOL,1.41839,4.08707,2.0016
E,X0+P1,reduction,ridge,lofo,direct,leave-one-family-out,TEGDME,1.49248,2.86848,0.409788
E,X0+P1,reduction,ridge,lofo,direct,leave-one-family-out,EA,0.427682,2.73655,0.606778
E,X0+P1,reduction,ridge,lofo,direct,leave-one-family-out,MA,0.402125,2.73615,0.515614
E,X0+P1,reduction,ridge,lofo,direct,leave-one-family-out,GBL,0.32667,2.57924,0.555772
E,X0+P1,reduction,ridge,lofo,direct,leave-one-family-out,SL,1.18965,2.97769,0.755699
E,X0+P1,reduction,ridge,lofo,direct,leave-one-family-out,DMSO,0.751794,2.77929,0.471898
E,X0+P1,reduction,ridge,lofo,direct,leave-one-family-out,AN,0.642537,3.19638,2.56406
E,X0+P1,reduction,ridge,lofo,direct,leave-one-family-out,TMP,1.01178,2.91314,1.6354
E,X0+P1,reduction,ridge,lofo,direct,leave-one-family-out,SN,-0.120035,1.8543,1.07827
E,X0+P1,reduction,krr,lofo,direct,leave-one-family-out,DMC,1.14007,3.46463,0.677884
E,X0+P1,reduction,krr,lofo,direct,leave-one-family-out,EMC,0.73216,3.31697,0.702973
E,X0+P1,reduction,krr,lofo,direct,leave-one-family-out,DEC,0.841253,3.36907,0.819685
E,X0+P1,reduction,krr,lofo,direct,leave-one-family-out,EC,0.58829,2.59026,0.396002
E,X0+P1,reduction,krr,lofo,direct,leave-one-family-out,PC,0.714626,2.88574,0.689737
E,X0+P1,reduction,krr,lofo,direct,leave-one-family-out,FEC,0.551192,2.55635,0.242244
E,X0+P1,reduction,krr,lofo,direct,leave-one-family-out,VC,-0.096584,1.98927,0.0421395
E,X0+P1,reduction,krr,lofo,direct,leave-one-family-out,DME,1.49988,3.72927,1.44191
E,X0+P1,reduction,krr,lofo,direct,leave-one-family-out,DOL,1.41839,4.08707,1.66108
E,X0+P1,reduction,krr,lofo,direct,leave-one-family-out,TEGDME,1.49248,2.86848,0.317209
E,X0+P1,reduction,krr,lofo,direct,leave-one-family-out,EA,0.427682,2.73655,0.703078
E,X0+P1,reduction,krr,lofo,direct,leave-one-family-out,MA,0.402125,2.73615,0.65137
E,X0+P1,reduction,krr,lofo,direct,leave-one-family-out,GBL,0.32667,2.57924,0.62487
E,X0+P1,reduction,krr,lofo,direct,leave-one-family-out,SL,1.18965,2.97769,0.739467
E,X0+P1,reduction,krr,lofo,direct,leave-one-family-out,DMSO,0.751794,2.77929,0.521549
E,X0+P1,reduction,krr,lofo,direct,leave-one-family-out,AN,0.642537,3.19638,0.672839
E,X0+P1,reduction,krr,lofo,direct,leave-one-family-out,TMP,1.01178,2.91314,1.06014
E,X0+P1,reduction,krr,lofo,direct,leave-one-family-out,SN,-0.120035,1.8543,0.229516
E,X0+P1,reduction,gpr,lofo,direct,leave-one-family-out,DMC,1.14007,3.46463,0.682498
E,X0+P1,reduction,gpr,lofo,direct,leave-one-family-out,EMC,0.73216,3.31697,0.681072
E,X0+P1,reduction,gpr,lofo,direct,leave-one-family-out,DEC,0.841253,3.36907,0.776497
E,X0+P1,reduction,gpr,lofo,direct,leave-one-family-out,EC,0.58829,2.59026,0.450874
E,X0+P1,reduction,gpr,lofo,direct,leave-one-family-out,PC,0.714626,2.88574,0.629469
E,X0+P1,reduction,gpr,lofo,direct,leave-one-family-out,FEC,0.551192,2.55635,0.459131
E,X0+P1,reduction,gpr,lofo,direct,leave-one-family-out,VC,-0.096584,1.98927,0.208288
E,X0+P1,reduction,gpr,lofo,direct,leave-one-family-out,DME,1.49988,3.72927,1.29315
E,X0+P1,reduction,gpr,lofo,direct,leave-one-family-out,DOL,1.41839,4.08707,1.55399
E,X0+P1,reduction,gpr,lofo,direct,leave-one-family-out,TEGDME,1.49248,2.86848,0.61493
E,X0+P1,reduction,gpr,lofo,direct,leave-one-family-out,EA,0.427682,2.73655,0.625196
E,X0+P1,reduction,gpr,lofo,direct,leave-one-family-out,MA,0.402125,2.73615,0.576442
E,X0+P1,reduction,gpr,lofo,direct,leave-one-family-out,GBL,0.32667,2.57924,0.596982
E,X0+P1,reduction,gpr,lofo,direct,leave-one-family-out,SL,1.18965,2.97769,0.740594
E,X0+P1,reduction,gpr,lofo,direct,leave-one-family-out,DMSO,0.751794,2.77929,0.527446
E,X0+P1,reduction,gpr,lofo,direct,leave-one-family-out,AN,0.642537,3.19638,0.908854
E,X0+P1,reduction,gpr,lofo,direct,leave-one-family-out,TMP,1.01178,2.91314,1.12783
E,X0+P1,reduction,gpr,lofo,direct,leave-one-family-out,SN,-0.120035,1.8543,0.302488
E,X0+P1,reduction,rf,lofo,direct,leave-one-family-out,DMC,1.14007,3.46463,0.675026
E,X0+P1,reduction,rf,lofo,direct,leave-one-family-out,EMC,0.73216,3.31697,0.672314
E,X0+P1,reduction,rf,lofo,direct,leave-one-family-out,DEC,0.841253,3.36907,0.678711
E,X0+P1,reduction,rf,lofo,direct,leave-one-family-out,EC,0.58829,2.59026,0.687202
E,X0+P1,reduction,rf,lofo,direct,leave-one-family-out,PC,0.714626,2.88574,0.893452
E,X0+P1,reduction,rf,lofo,direct,leave-one-family-out,FEC,0.551192,2.55635,0.67092
E,X0+P1,reduction,rf,lofo,direct,leave-one-family-out,VC,-0.096584,1.98927,0.186329
E,X0+P1,reduction,rf,lofo,direct,leave-one-family-out,DME,1.49988,3.72927,0.969647
E,X0+P1,reduction,rf,lofo,direct,leave-one-family-out,DOL,1.41839,4.08707,0.949637
E,X0+P1,reduction,rf,lofo,direct,leave-one-family-out,TEGDME,1.49248,2.86848,0.898546
E,X0+P1,reduction,rf,lofo,direct,leave-one-family-out,EA,0.427682,2.73655,0.647461
E,X0+P1,reduction,rf,lofo,direct,leave-one-family-out,MA,0.402125,2.73615,0.550994
E,X0+P1,reduction,rf,lofo,direct,leave-one-family-out,GBL,0.32667,2.57924,0.52042
E,X0+P1,reduction,rf,lofo,direct,leave-one-family-out,SL,1.18965,2.97769,0.814822
E,X0+P1,reduction,rf,lofo,direct,leave-one-family-out,DMSO,0.751794,2.77929,0.594514
E,X0+P1,reduction,rf,lofo,direct,leave-one-family-out,AN,0.642537,3.19638,0.768847
E,X0+P1,reduction,rf,lofo,direct,leave-one-family-out,TMP,1.01178,2.91314,1.22375
E,X0+P1,reduction,rf,lofo,direct,leave-one-family-out,SN,-0.120035,1.8543,0.346653
E,X0+P1,reduction,gbdt,lofo,direct,leave-one-family-out,DMC,1.14007,3.46463,0.682545
E,X0+P1,reduction,gbdt,lofo,direct,leave-one-family-out,EMC,0.73216,3.31697,0.687536
E,X0+P1,reduction,gbdt,lofo,direct,leave-one-family-out,DEC,0.841253,3.36907,0.687265
E,X0+P1,reduction,gbdt,lofo,direct,leave-one-family-out,EC,0.58829,2.59026,0.869124
E,X0+P1,reduction,gbdt,lofo,direct,leave-one-family-out,PC,0.714626,2.88574,1.09371
E,X0+P1,reduction,gbdt,lofo,direct,leave-one-family-out,FEC,0.551192,2.55635,0.843878
E,X0+P1,reduction,gbdt,lofo,direct,leave-one-family-out,VC,-0.096584,1.98927,0.0913598
E,X0+P1,reduction,gbdt,lofo,direct,leave-one-family-out,DME,1.49988,3.72927,1.19663
E,X0+P1,reduction,gbdt,lofo,direct,leave-one-family-out,DOL,1.41839,4.08707,1.09519
E,X0+P1,reduction,gbdt,lofo,direct,leave-one-family-out,TEGDME,1.49248,2.86848,1.09078
E,X0+P1,reduction,gbdt,lofo,direct,leave-one-family-out,EA,0.427682,2.73655,0.526052
E,X0+P1,reduction,gbdt,lofo,direct,leave-one-family-out,MA,0.402125,2.73615,0.430896
E,X0+P1,reduction,gbdt,lofo,direct,leave-one-family-out,GBL,0.32667,2.57924,0.396952
E,X0+P1,reduction,gbdt,lofo,direct,leave-one-family-out,SL,1.18965,2.97769,0.975879
E,X0+P1,reduction,gbdt,lofo,direct,leave-one-family-out,DMSO,0.751794,2.77929,0.774113
E,X0+P1,reduction,gbdt,lofo,direct,leave-one-family-out,AN,0.642537,3.19638,0.733051
E,X0+P1,reduction,gbdt,lofo,direct,leave-one-family-out,TMP,1.01178,2.91314,1.40961
E,X0+P1,reduction,gbdt,lofo,direct,leave-one-family-out,SN,-0.120035,1.8543,0.134045
E,X0+P1,reduction,constant,lofo,shift,leave-one-family-out,DMC,1.14007,3.46463,1.35272
E,X0+P1,reduction,constant,lofo,shift,leave-one-family-out,EMC,0.73216,3.31697,1.20506
E,X0+P1,reduction,constant,lofo,shift,leave-one-family-out,DEC,0.841253,3.36907,1.25715
E,X0+P1,reduction,constant,lofo,shift,leave-one-family-out,EC,0.58829,2.59026,0.386557
E,X0+P1,reduction,constant,lofo,shift,leave-one-family-out,PC,0.714626,2.88574,0.68204
E,X0+P1,reduction,constant,lofo,shift,leave-one-family-out,FEC,0.551192,2.55635,0.352654
E,X0+P1,reduction,constant,lofo,shift,leave-one-family-out,VC,-0.096584,1.98927,-0.214426
E,X0+P1,reduction,constant,lofo,shift,leave-one-family-out,DME,1.49988,3.72927,1.53982
E,X0+P1,reduction,constant,lofo,shift,leave-one-family-out,DOL,1.41839,4.08707,1.89762
E,X0+P1,reduction,constant,lofo,shift,leave-one-family-out,TEGDME,1.49248,2.86848,0.679023
E,X0+P1,reduction,constant,lofo,shift,leave-one-family-out,EA,0.427682,2.73655,0.588525
E,X0+P1,reduction,constant,lofo,shift,leave-one-family-out,MA,0.402125,2.73615,0.588126
E,X0+P1,reduction,constant,lofo,shift,leave-one-family-out,GBL,0.32667,2.57924,0.431212
E,X0+P1,reduction,constant,lofo,shift,leave-one-family-out,SL,1.18965,2.97769,0.781931
E,X0+P1,reduction,constant,lofo,shift,leave-one-family-out,DMSO,0.751794,2.77929,0.597619
E,X0+P1,reduction,constant,lofo,shift,leave-one-family-out,AN,0.642537,3.19638,1.03464
E,X0+P1,reduction,constant,lofo,shift,leave-one-family-out,TMP,1.01178,2.91314,0.724045
E,X0+P1,reduction,constant,lofo,shift,leave-one-family-out,SN,-0.120035,1.8543,-0.30743
E,X0+P1,reduction,ridge,lofo,shift,leave-one-family-out,DMC,1.14007,3.46463,0.944611
E,X0+P1,reduction,ridge,lofo,shift,leave-one-family-out,EMC,0.73216,3.31697,0.906284
E,X0+P1,reduction,ridge,lofo,shift,leave-one-family-out,DEC,0.841253,3.36907,1.04279
E,X0+P1,reduction,ridge,lofo,shift,leave-one-family-out,EC,0.58829,2.59026,0.404547
E,X0+P1,reduction,ridge,lofo,shift,leave-one-family-out,PC,0.714626,2.88574,0.738979
E,X0+P1,reduction,ridge,lofo,shift,leave-one-family-out,FEC,0.551192,2.55635,0.268963
E,X0+P1,reduction,ridge,lofo,shift,leave-one-family-out,VC,-0.096584,1.98927,-0.0111138
E,X0+P1,reduction,ridge,lofo,shift,leave-one-family-out,DME,1.49988,3.72927,1.78789
E,X0+P1,reduction,ridge,lofo,shift,leave-one-family-out,DOL,1.41839,4.08707,2.0524
E,X0+P1,reduction,ridge,lofo,shift,leave-one-family-out,TEGDME,1.49248,2.86848,1.00575
E,X0+P1,reduction,ridge,lofo,shift,leave-one-family-out,EA,0.427682,2.73655,0.4897
E,X0+P1,reduction,ridge,lofo,shift,leave-one-family-out,MA,0.402125,2.73615,0.39694
E,X0+P1,reduction,ridge,lofo,shift,leave-one-family-out,GBL,0.32667,2.57924,0.447865
E,X0+P1,reduction,ridge,lofo,shift,leave-one-family-out,SL,1.18965,2.97769,0.901571
E,X0+P1,reduction,ridge,lofo,shift,leave-one-family-out,DMSO,0.751794,2.77929,0.435237
E,X0+P1,reduction,ridge,lofo,shift,leave-one-family-out,AN,0.642537,3.19638,2.58068
E,X0+P1,reduction,ridge,lofo,shift,leave-one-family-out,TMP,1.01178,2.91314,1.61093
E,X0+P1,reduction,ridge,lofo,shift,leave-one-family-out,SN,-0.120035,1.8543,1.08724
E,X0+P1,reduction,krr,lofo,shift,leave-one-family-out,DMC,1.14007,3.46463,1.28021
E,X0+P1,reduction,krr,lofo,shift,leave-one-family-out,EMC,0.73216,3.31697,1.17871
E,X0+P1,reduction,krr,lofo,shift,leave-one-family-out,DEC,0.841253,3.36907,1.27267
E,X0+P1,reduction,krr,lofo,shift,leave-one-family-out,EC,0.58829,2.59026,0.411957
E,X0+P1,reduction,krr,lofo,shift,leave-one-family-out,PC,0.714626,2.88574,0.732684
E,X0+P1,reduction,krr,lofo,shift,leave-one-family-out,FEC,0.551192,2.55635,0.347315
E,X0+P1,reduction,krr,lofo,shift,leave-one-family-out,VC,-0.096584,1.98927,-0.0659638
E,X0+P1,reduction,krr,lofo,shift,leave-one-family-out,DME,1.49988,3.72927,1.76449
E,X0+P1,reduction,krr,lofo,shift,leave-one-family-out,DOL,1.41839,4.08707,2.04443
E,X0+P1,reduction,krr,lofo,shift,leave-one-family-out,TEGDME,1.49248,2.86848,1.50734
E,X0+P1,reduction,krr,lofo,shift,leave-one-family-out,EA,0.427682,2.73655,0.478203
E,X0+P1,reduction,krr,lofo,shift,leave-one-family-out,MA,0.402125,2.73615,0.398976
E,X0+P1,reduction,krr,lofo,shift,leave-one-family-out,GBL,0.32667,2.57924,0.443859
E,X0+P1,reduction,krr,lofo,shift,leave-one-family-out,SL,1.18965,2.97769,0.757567
E,X0+P1,reduction,krr,lofo,shift,leave-one-family-out,DMSO,0.751794,2.77929,0.496172
E,X0+P1,reduction,krr,lofo,shift,leave-one-family-out,AN,0.642537,3.19638,1.12185
E,X0+P1,reduction,krr,lofo,shift,leave-one-family-out,TMP,1.01178,2.91314,0.754938
E,X0+P1,reduction,krr,lofo,shift,leave-one-family-out,SN,-0.120035,1.8543,0.314254
E,X0+P1,reduction,gpr,lofo,shift,leave-one-family-out,DMC,1.14007,3.46463,1.07062
E,X0+P1,reduction,gpr,lofo,shift,leave-one-family-out,EMC,0.73216,3.31697,1.03898
E,X0+P1,reduction,gpr,lofo,shift,leave-one-family-out,DEC,0.841253,3.36907,1.193
E,X0+P1,reduction,gpr,lofo,shift,leave-one-family-out,EC,0.58829,2.59026,0.392163
E,X0+P1,reduction,gpr,lofo,shift,leave-one-family-out,PC,0.714626,2.88574,0.717661
E,X0+P1,reduction,gpr,lofo,shift,leave-one-family-out,FEC,0.551192,2.55635,0.353625
E,X0+P1,reduction,gpr,lofo,shift,leave-one-family-out,VC,-0.096584,1.98927,-0.21547
E,X0+P1,reduction,gpr,lofo,shift,leave-one-family-out,DME,1.49988,3.72927,1.54205
E,X0+P1,reduction,gpr,lofo,shift,leave-one-family-out,DOL,1.41839,4.08707,1.89976
E,X0+P1,reduction,gpr,lofo,shift,leave-one-family-out,TEGDME,1.49248,2.86848,0.679023
E,X0+P1,reduction,gpr,lofo,shift,leave-one-family-out,EA,0.427682,2.73655,0.518494
E,X0+P1,reduction,gpr,lofo,shift,leave-one-family-out,MA,0.402125,2.73615,0.531376
E,X0+P1,reduction,gpr,lofo,shift,leave-one-family-out,GBL,0.32667,2.57924,0.501212
E,X0+P1,reduction,gpr,lofo,shift,leave-one-family-out,SL,1.18965,2.97769,0.844038
E,X0+P1,reduction,gpr,lofo,shift,leave-one-family-out,DMSO,0.751794,2.77929,0.588059
E,X0+P1,reduction,gpr,lofo,shift,leave-one-family-out,AN,0.642537,3.19638,1.02565
E,X0+P1,reduction,gpr,lofo,shift,leave-one-family-out,TMP,1.01178,2.91314,0.795482
E,X0+P1,reduction,gpr,lofo,shift,leave-one-family-out,SN,-0.120035,1.8543,-0.293462
E,X0+P1,reduction,rf,lofo,shift,leave-one-family-out,DMC,1.14007,3.46463,1.35705
E,X0+P1,reduction,rf,lofo,shift,leave-one-family-out,EMC,0.73216,3.31697,1.22084
E,X0+P1,reduction,rf,lofo,shift,leave-one-family-out,DEC,0.841253,3.36907,1.38607
E,X0+P1,reduction,rf,lofo,shift,leave-one-family-out,EC,0.58829,2.59026,0.357193
E,X0+P1,reduction,rf,lofo,shift,leave-one-family-out,PC,0.714626,2.88574,0.6994
E,X0+P1,reduction,rf,lofo,shift,leave-one-family-out,FEC,0.551192,2.55635,0.320041
E,X0+P1,reduction,rf,lofo,shift,leave-one-family-out,VC,-0.096584,1.98927,-0.152633
E,X0+P1,reduction,rf,lofo,shift,leave-one-family-out,DME,1.49988,3.72927,1.3674
E,X0+P1,reduction,rf,lofo,shift,leave-one-family-out,DOL,1.41839,4.08707,1.72295
E,X0+P1,reduction,rf,lofo,shift,leave-one-family-out,TEGDME,1.49248,2.86848,0.751604
E,X0+P1,reduction,rf,lofo,shift,leave-one-family-out,EA,0.427682,2.73655,0.72066
E,X0+P1,reduction,rf,lofo,shift,leave-one-family-out,MA,0.402125,2.73615,0.715647
E,X0+P1,reduction,rf,lofo,shift,leave-one-family-out,GBL,0.32667,2.57924,0.566153
E,X0+P1,reduction,rf,lofo,shift,leave-one-family-out,SL,1.18965,2.97769,0.820284
E,X0+P1,reduction,rf,lofo,shift,leave-one-family-out,DMSO,0.751794,2.77929,0.505213
E,X0+P1,reduction,rf,lofo,shift,leave-one-family-out,AN,0.642537,3.19638,0.903142
E,X0+P1,reduction,rf,lofo,shift,leave-one-family-out,TMP,1.01178,2.91314,0.769396
E,X0+P1,reduction,rf,lofo,shift,leave-one-family-out,SN,-0.120035,1.8543,-0.256241
E,X0+P1,reduction,gbdt,lofo,shift,leave-one-family-out,DMC,1.14007,3.46463,1.34565
E,X0+P1,reduction,gbdt,lofo,shift,leave-one-family-out,EMC,0.73216,3.31697,1.25346
E,X0+P1,reduction,gbdt,lofo,shift,leave-one-family-out,DEC,0.841253,3.36907,1.46228
E,X0+P1,reduction,gbdt,lofo,shift,leave-one-family-out,EC,0.58829,2.59026,0.510699
E,X0+P1,reduction,gbdt,lofo,shift,leave-one-family-out,PC,0.714626,2.88574,0.86132
E,X0+P1,reduction,gbdt,lofo,shift,leave-one-family-out,FEC,0.551192,2.55635,0.399865
E,X0+P1,reduction,gbdt,lofo,shift,leave-one-family-out,VC,-0.096584,1.98927,-0.190564
E,X0+P1,reduction,gbdt,lofo,shift,leave-one-family-out,DME,1.49988,3.72927,1.52719
E,X0+P1,reduction,gbdt,lofo,shift,leave-one-family-out,DOL,1.41839,4.08707,1.8766
E,X0+P1,reduction,gbdt,lofo,shift,leave-one-family-out,TEGDME,1.49248,2.86848,0.984162
E,X0+P1,reduction,gbdt,lofo,shift,leave-one-family-out,EA,0.427682,2.73655,0.696169
E,X0+P1,reduction,gbdt,lofo,shift,leave-one-family-out,MA,0.402125,2.73615,0.638845
E,X0+P1,reduction,gbdt,lofo,shift,leave-one-family-out,GBL,0.32667,2.57924,0.537184
E,X0+P1,reduction,gbdt,lofo,shift,leave-one-family-out,SL,1.18965,2.97769,0.920698
E,X0+P1,reduction,gbdt,lofo,shift,leave-one-family-out,DMSO,0.751794,2.77929,0.506218
E,X0+P1,reduction,gbdt,lofo,shift,leave-one-family-out,AN,0.642537,3.19638,0.95951
E,X0+P1,reduction,gbdt,lofo,shift,leave-one-family-out,TMP,1.01178,2.91314,1.06429
E,X0+P1,reduction,gbdt,lofo,shift,leave-one-family-out,SN,-0.120035,1.8543,-0.21985
C,X0,oxidation,constant,random,direct,seed=101,DMC,14.9318,10.5967,15.1012
C,X0,oxidation,constant,random,direct,seed=101,EC,15.102,10.7812,15.1965
C,X0,oxidation,constant,random,direct,seed=101,DME,14.0239,8.88952,15.5362
C,X0,oxidation,constant,random,direct,seed=101,DOL,15.5362,9.38058,14.0239
C,X0,oxidation,constant,random,direct,seed=101,GBL,14.8913,9.99023,15.1012
C,X0,oxidation,constant,random,direct,seed=101,SL,14.6639,9.73512,14.8465
C,X0,oxidation,constant,random,direct,seed=101,DMSO,13.9586,8.7743,15.1965
C,X0,oxidation,constant,random,direct,seed=101,AN,17.1966,12.0912,16.3186
C,X0,oxidation,constant,random,direct,seed=101,TMP,14.0095,9.98025,15.3249
C,X0,oxidation,constant,random,direct,seed=101,SN,16.3186,11.5411,17.1966
C,X0,oxidation,constant,random,direct,seed=211,DMC,14.9318,10.5967,15.2096
C,X0,oxidation,constant,random,direct,seed=211,EC,15.102,10.7812,14.9993
C,X0,oxidation,constant,random,direct,seed=211,DME,14.0239,8.88952,15.5362
C,X0,oxidation,constant,random,direct,seed=211,DOL,15.5362,9.38058,14.0239
C,X0,oxidation,constant,random,direct,seed=211,GBL,14.8913,9.99023,15.1347
C,X0,oxidation,constant,random,direct,seed=211,SL,14.6639,9.73512,15.1347
C,X0,oxidation,constant,random,direct,seed=211,DMSO,13.9586,8.7743,15.0444
C,X0,oxidation,constant,random,direct,seed=211,AN,17.1966,12.0912,16.3186
C,X0,oxidation,constant,random,direct,seed=211,TMP,14.0095,9.98025,14.9283
C,X0,oxidation,constant,random,direct,seed=211,SN,16.3186,11.5411,17.1966
C,X0,oxidation,constant,random,direct,seed=307,DMC,14.9318,10.5967,15.2178
C,X0,oxidation,constant,random,direct,seed=307,EC,15.102,10.7812,15.1083
C,X0,oxidation,constant,random,direct,seed=307,DME,14.0239,8.88952,15.5362
C,X0,oxidation,constant,random,direct,seed=307,DOL,15.5362,9.38058,14.0239
C,X0,oxidation,constant,random,direct,seed=307,GBL,14.8913,9.99023,15.0256
C,X0,oxidation,constant,random,direct,seed=307,SL,14.6639,9.73512,15.1083
C,X0,oxidation,constant,random,direct,seed=307,DMSO,13.9586,8.7743,15.2178
C,X0,oxidation,constant,random,direct,seed=307,AN,17.1966,12.0912,16.3186
C,X0,oxidation,constant,random,direct,seed=307,TMP,14.0095,9.98025,14.9283
C,X0,oxidation,constant,random,direct,seed=307,SN,16.3186,11.5411,17.1966
C,X0,oxidation,constant,random,direct,seed=401,DMC,14.9318,10.5967,14.813
C,X0,oxidation,constant,random,direct,seed=401,EC,15.102,10.7812,15.1965
C,X0,oxidation,constant,random,direct,seed=401,DME,14.0239,8.88952,15.1341
C,X0,oxidation,constant,random,direct,seed=401,DOL,15.5362,9.38058,15.1341
C,X0,oxidation,constant,random,direct,seed=401,GBL,14.8913,9.99023,15.1347
C,X0,oxidation,constant,random,direct,seed=401,SL,14.6639,9.73512,15.1347
C,X0,oxidation,constant,random,direct,seed=401,DMSO,13.9586,8.7743,15.1965
C,X0,oxidation,constant,random,direct,seed=401,AN,17.1966,12.0912,16.3186
C,X0,oxidation,constant,random,direct,seed=401,TMP,14.0095,9.98025,15.038
C,X0,oxidation,constant,random,direct,seed=401,SN,16.3186,11.5411,17.1966
C,X0,oxidation,constant,random,direct,seed=503,DMC,14.9318,10.5967,15.0748
C,X0,oxidation,constant,random,direct,seed=503,EC,15.102,10.7812,15.0748
C,X0,oxidation,constant,random,direct,seed=503,DME,14.0239,8.88952,15.5362
C,X0,oxidation,constant,random,direct,seed=503,DOL,15.5362,9.38058,14.0239
C,X0,oxidation,constant,random,direct,seed=503,GBL,14.8913,9.99023,15.0256
C,X0,oxidation,constant,random,direct,seed=503,SL,14.6639,9.73512,15.2431
C,X0,oxidation,constant,random,direct,seed=503,DMSO,13.9586,8.7743,14.9347
C,X0,oxidation,constant,random,direct,seed=503,AN,17.1966,12.0912,16.3186
C,X0,oxidation,constant,random,direct,seed=503,TMP,14.0095,9.98025,15.038
C,X0,oxidation,constant,random,direct,seed=503,SN,16.3186,11.5411,17.1966
C,X0,oxidation,ridge,random,direct,seed=101,DMC,14.9318,10.5967,15.3434
C,X0,oxidation,ridge,random,direct,seed=101,EC,15.102,10.7812,15.5641
C,X0,oxidation,ridge,random,direct,seed=101,DME,14.0239,8.88952,15.3415
C,X0,oxidation,ridge,random,direct,seed=101,DOL,15.5362,9.38058,14.8278
C,X0,oxidation,ridge,random,direct,seed=101,GBL,14.8913,9.99023,15.2477
C,X0,oxidation,ridge,random,direct,seed=101,SL,14.6639,9.73512,14.843
C,X0,oxidation,ridge,random,direct,seed=101,DMSO,13.9586,8.7743,15.6639
C,X0,oxidation,ridge,random,direct,seed=101,AN,17.1966,12.0912,14.8656
C,X0,oxidation,ridge,random,direct,seed=101,TMP,14.0095,9.98025,15.3205
C,X0,oxidation,ridge,random,direct,seed=101,SN,16.3186,11.5411,14.9884
C,X0,oxidation,ridge,random,direct,seed=211,DMC,14.9318,10.5967,15.0413
C,X0,oxidation,ridge,random,direct,seed=211,EC,15.102,10.7812,16.5023
C,X0,oxidation,ridge,random,direct,seed=211,DME,14.0239,8.88952,15.0245
C,X0,oxidation,ridge,random,direct,seed=211,DOL,15.5362,9.38058,14.8443
C,X0,oxidation,ridge,random,direct,seed=211,GBL,14.8913,9.99023,15.2476
C,X0,oxidation,ridge,random,direct,seed=211,SL,14.6639,9.73512,14.8457
C,X0,oxidation,ridge,random,direct,seed=211,DMSO,13.9586,8.7743,15.6047
C,X0,oxidation,ridge,random,direct,seed=211,AN,17.1966,12.0912,14.9315
C,X0,oxidation,ridge,random,direct,seed=211,TMP,14.0095,9.98025,14.9265
C,X0,oxidation,ridge,random,direct,seed=211,SN,16.3186,11.5411,15.2201
C,X0,oxidation,ridge,random,direct,seed=307,DMC,14.9318,10.5967,16.2051
C,X0,oxidation,ridge,random,direct,seed=307,EC,15.102,10.7812,16.7737
C,X0,oxidation,ridge,random,direct,seed=307,DME,14.0239,8.88952,15.001
C,X0,oxidation,ridge,random,direct,seed=307,DOL,15.5362,9.38058,14.6946
C,X0,oxidation,ridge,random,direct,seed=307,GBL,14.8913,9.99023,15.1328
C,X0,oxidation,ridge,random,direct,seed=307,SL,14.6639,9.73512,14.4174
C,X0,oxidation,ridge,random,direct,seed=307,DMSO,13.9586,8.7743,15.8271
C,X0,oxidation,ridge,random,direct,seed=307,AN,17.1966,12.0912,14.9315
C,X0,oxidation,ridge,random,direct,seed=307,TMP,14.0095,9.98025,14.9265
C,X0,oxidation,ridge,random,direct,seed=307,SN,16.3186,11.5411,15.0303
C,X0,oxidation,ridge,random,direct,seed=401,DMC,14.9318,10.5967,14.8178
C,X0,oxidation,ridge,random,direct,seed=401,EC,15.102,10.7812,15.5641
C,X0,oxidation,ridge,random,direct,seed=401,DME,14.0239,8.88952,14.9657
C,X0,oxidation,ridge,random,direct,seed=401,DOL,15.5362,9.38058,15.0454
C,X0,oxidation,ridge,random,direct,seed=401,GBL,14.8913,9.99023,15.2476
C,X0,oxidation,ridge,random,direct,seed=401,SL,14.6639,9.73512,14.8457
C,X0,oxidation,ridge,random,direct,seed=401,DMSO,13.9586,8.7743,15.6639
C,X0,oxidation,ridge,random,direct,seed=401,AN,17.1966,12.0912,14.8313
C,X0,oxidation,ridge,random,direct,seed=401,TMP,14.0095,9.98025,14.9905
C,X0,oxidation,ridge,random,direct,seed=401,SN,16.3186,11.5411,15.0402
C,X0,oxidation,ridge,random,direct,seed=503,DMC,14.9318,10.5967,15.8071
C,X0,oxidation,ridge,random,direct,seed=503,EC,15.102,10.7812,16.8831
C,X0,oxidation,ridge,random,direct,seed=503,DME,14.0239,8.88952,15.4432
C,X0,oxidation,ridge,random,direct,seed=503,DOL,15.5362,9.38058,14.6946
C,X0,oxidation,ridge,random,direct,seed=503,GBL,14.8913,9.99023,15.1328
C,X0,oxidation,ridge,random,direct,seed=503,SL,14.6639,9.73512,13.4777
C,X0,oxidation,ridge,random,direct,seed=503,DMSO,13.9586,8.7743,15.2377
C,X0,oxidation,ridge,random,direct,seed=503,AN,17.1966,12.0912,15.5857
C,X0,oxidation,ridge,random,direct,seed=503,TMP,14.0095,9.98025,14.9905
C,X0,oxidation,ridge,random,direct,seed=503,SN,16.3186,11.5411,15.0402
C,X0,oxidation,krr,random,direct,seed=101,DMC,14.9318,10.5967,15.0777
C,X0,oxidation,krr,random,direct,seed=101,EC,15.102,10.7812,15.1643
C,X0,oxidation,krr,random,direct,seed=101,DME,14.0239,8.88952,15.2476
C,X0,oxidation,krr,random,direct,seed=101,DOL,15.5362,9.38058,14.6148
C,X0,oxidation,krr,random,direct,seed=101,GBL,14.8913,9.99023,15.1039
C,X0,oxidation,krr,random,direct,seed=101,SL,14.6639,9.73512,14.6306
C,X0,oxidation,krr,random,direct,seed=101,DMSO,13.9586,8.7743,15.2327
C,X0,oxidation,krr,random,direct,seed=101,AN,17.1966,12.0912,14.6325
C,X0,oxidation,krr,random,direct,seed=101,TMP,14.0095,9.98025,14.159
C,X0,oxidation,krr,random,direct,seed=101,SN,16.3186,11.5411,14.8493
C,X0,oxidation,krr,random,direct,seed=211,DMC,14.9318,10.5967,15.4487
C,X0,oxidation,krr,random,direct,seed=211,EC,15.102,10.7812,15.8741
C,X0,oxidation,krr,random,direct,seed=211,DME,14.0239,8.88952,14.8348
C,X0,oxidation,krr,random,direct,seed=211,DOL,15.5362,9.38058,14.5632
C,X0,oxidation,krr,random,direct,seed=211,GBL,14.8913,9.99023,15.0996
C,X0,oxidation,krr,random,direct,seed=211,SL,14.6639,9.73512,14.7455
C,X0,oxidation,krr,random,direct,seed=211,DMSO,13.9586,8.7743,15.1365
C,X0,oxidation,krr,random,direct,seed=211,AN,17.1966,12.0912,14.4195
C,X0,oxidation,krr,random,direct,seed=211,TMP,14.0095,9.98025,14.0403
C,X0,oxidation,krr,random,direct,seed=211,SN,16.3186,11.5411,14.9624
C,X0,oxidation,krr,random,direct,seed=307,DMC,14.9318,10.5967,15.4874
C,X0,oxidation,krr,random,direct,seed=307,EC,15.102,10.7812,15.1417
C,X0,oxidation,krr,random,direct,seed=307,DME,14.0239,8.88952,14.6251
C,X0,oxidation,krr,random,direct,seed=307,DOL,15.5362,9.38058,14.6215
C,X0,oxidation,krr,random,direct,seed=307,GBL,14.8913,9.99023,14.9984
C,X0,oxidation,krr,random,direct,seed=307,SL,14.6639,9.73512,14.7098
C,X0,oxidation,krr,random,direct,seed=307,DMSO,13.9586,8.7743,15.6199
C,X0,oxidation,krr,random,direct,seed=307,AN,17.1966,12.0912,14.4195
C,X0,oxidation,krr,random,direct,seed=307,TMP,14.0095,9.98025,14.0403
C,X0,oxidation,krr,random,direct,seed=307,SN,16.3186,11.5411,14.8681
C,X0,oxidation,krr,random,direct,seed=401,DMC,14.9318,10.5967,14.756
C,X0,oxidation,krr,random,direct,seed=401,EC,15.102,10.7812,14.6756
C,X0,oxidation,krr,random,direct,seed=401,DME,14.0239,8.88952,14.249
C,X0,oxidation,krr,random,direct,seed=401,DOL,15.5362,9.38058,14.505
C,X0,oxidation,krr,random,direct,seed=401,GBL,14.8913,9.99023,15.0996
C,X0,oxidation,krr,random,direct,seed=401,SL,14.6639,9.73512,14.7455
C,X0,oxidation,krr,random,direct,seed=401,DMSO,13.9586,8.7743,14.6765
C,X0,oxidation,krr,random,direct,seed=401,AN,17.1966,12.0912,14.6387
C,X0,oxidation,krr,random,direct,seed=401,TMP,14.0095,9.98025,13.4048
C,X0,oxidation,krr,random,direct,seed=401,SN,16.3186,11.5411,15.0408
C,X0,oxidation,krr,random,direct,seed=503,DMC,14.9318,10.5967,14.5651
C,X0,oxidation,krr,random,direct,seed=503,EC,15.102,10.7812,14.5803
C,X0,oxidation,krr,random,direct,seed=503,DME,14.0239,8.88952,14.8336
C,X0,oxidation,krr,random,direct,seed=503,DOL,15.5362,9.38058,14.3269
C,X0,oxidation,krr,random,direct,seed=503,GBL,14.8913,9.99023,14.5628
C,X0,oxidation,krr,random,direct,seed=503,SL,14.6639,9.73512,14.6089
C,X0,oxidation,krr,random,direct,seed=503,DMSO,13.9586,8.7743,14.7476
C,X0,oxidation,krr,random,direct,seed=503,AN,17.1966,12.0912,14.8144
C,X0,oxidation,krr,random,direct,seed=503,TMP,14.0095,9.98025,13.7568
C,X0,oxidation,krr,random,direct,seed=503,SN,16.3186,11.5411,14.8499
C,X0,oxidation,gpr,random,direct,seed=101,DMC,14.9318,10.5967,15.1012
C,X0,oxidation,gpr,random,direct,seed=101,EC,15.102,10.7812,15.2018
C,X0,oxidation,gpr,random,direct,seed=101,DME,14.0239,8.88952,15.3249
C,X0,oxidation,gpr,random,direct,seed=101,DOL,15.5362,9.38058,14.8472
C,X0,oxidation,gpr,random,direct,seed=101,GBL,14.8913,9.99023,15.1012
C,X0,oxidation,gpr,random,direct,seed=101,SL,14.6639,9.73512,14.8549
C,X0,oxidation,gpr,random,direct,seed=101,DMSO,13.9586,8.7743,15.1992
C,X0,oxidation,gpr,random,direct,seed=101,AN,17.1966,12.0912,14.8193
C,X0,oxidation,gpr,random,direct,seed=101,TMP,14.0095,9.98025,15.3249
C,X0,oxidation,gpr,random,direct,seed=101,SN,16.3186,11.5411,14.8472
C,X0,oxidation,gpr,random,direct,seed=211,DMC,14.9318,10.5967,15.2096
C,X0,oxidation,gpr,random,direct,seed=211,EC,15.102,10.7812,14.9993
C,X0,oxidation,gpr,random,direct,seed=211,DME,14.0239,8.88952,15.2096
C,X0,oxidation,gpr,random,direct,seed=211,DOL,15.5362,9.38058,14.9993
C,X0,oxidation,gpr,random,direct,seed=211,GBL,14.8913,9.99023,15.1347
C,X0,oxidation,gpr,random,direct,seed=211,SL,14.6639,9.73512,15.1347
C,X0,oxidation,gpr,random,direct,seed=211,DMSO,13.9586,8.7743,15.7329
C,X0,oxidation,gpr,random,direct,seed=211,AN,17.1966,12.0912,14.9256
C,X0,oxidation,gpr,random,direct,seed=211,TMP,14.0095,9.98025,14.9283
C,X0,oxidation,gpr,random,direct,seed=211,SN,16.3186,11.5411,15.153
C,X0,oxidation,gpr,random,direct,seed=307,DMC,14.9318,10.5967,15.4897
C,X0,oxidation,gpr,random,direct,seed=307,EC,15.102,10.7812,15.1083
C,X0,oxidation,gpr,random,direct,seed=307,DME,14.0239,8.88952,15.0362
C,X0,oxidation,gpr,random,direct,seed=307,DOL,15.5362,9.38058,15.0256
C,X0,oxidation,gpr,random,direct,seed=307,GBL,14.8913,9.99023,15.0256
C,X0,oxidation,gpr,random,direct,seed=307,SL,14.6639,9.73512,15.1083
C,X0,oxidation,gpr,random,direct,seed=307,DMSO,13.9586,8.7743,15.7538
C,X0,oxidation,gpr,random,direct,seed=307,AN,17.1966,12.0912,14.9256
C,X0,oxidation,gpr,random,direct,seed=307,TMP,14.0095,9.98025,14.9283
C,X0,oxidation,gpr,random,direct,seed=307,SN,16.3186,11.5411,15.0362
C,X0,oxidation,gpr,random,direct,seed=401,DMC,14.9318,10.5967,14.9043
C,X0,oxidation,gpr,random,direct,seed=401,EC,15.102,10.7812,15.2018
C,X0,oxidation,gpr,random,direct,seed=401,DME,14.0239,8.88952,15.1341
C,X0,oxidation,gpr,random,direct,seed=401,DOL,15.5362,9.38058,15.1341
C,X0,oxidation,gpr,random,direct,seed=401,GBL,14.8913,9.99023,15.1347
C,X0,oxidation,gpr,random,direct,seed=401,SL,14.6639,9.73512,15.1347
C,X0,oxidation,gpr,random,direct,seed=401,DMSO,13.9586,8.7743,15.1992
C,X0,oxidation,gpr,random,direct,seed=401,AN,17.1966,12.0912,14.7753
C,X0,oxidation,gpr,random,direct,seed=401,TMP,14.0095,9.98025,15.038
C,X0,oxidation,gpr,random,direct,seed=401,SN,16.3186,11.5411,15.038
C,X0,oxidation,gpr,random,direct,seed=503,DMC,14.9318,10.5967,15.0748
C,X0,oxidation,gpr,random,direct,seed=503,EC,15.102,10.7812,15.0749
C,X0,oxidation,gpr,random,direct,seed=503,DME,14.0239,8.88952,15.2431
C,X0,oxidation,gpr,random,direct,seed=503,DOL,15.5362,9.38058,15.0256
C,X0,oxidation,gpr,random,direct,seed=503,GBL,14.8913,9.99023,15.0256
C,X0,oxidation,gpr,random,direct,seed=503,SL,14.6639,9.73512,15.243
C,X0,oxidation,gpr,random,direct,seed=503,DMSO,13.9586,8.7743,14.9347
C,X0,oxidation,gpr,random,direct,seed=503,AN,17.1966,12.0912,14.9347
C,X0,oxidation,gpr,random,direct,seed=503,TMP,14.0095,9.98025,15.038
C,X0,oxidation,gpr,random,direct,seed=503,SN,16.3186,11.5411,15.038
C,X0,oxidation,rf,random,direct,seed=101,DMC,14.9318,10.5967,15.0782
C,X0,oxidation,rf,random,direct,seed=101,EC,15.102,10.7812,15.069
C,X0,oxidation,rf,random,direct,seed=101,DME,14.0239,8.88952,15.2325
C,X0,oxidation,rf,random,direct,seed=101,DOL,15.5362,9.38058,14.4385
C,X0,oxidation,rf,random,direct,seed=101,GBL,14.8913,9.99023,15.3893
C,X0,oxidation,rf,random,direct,seed=101,SL,14.6639,9.73512,14.6848
C,X0,oxidation,rf,random,direct,seed=101,DMSO,13.9586,8.7743,16.0875
C,X0,oxidation,rf,random,direct,seed=101,AN,17.1966,12.0912,15.0173
C,X0,oxidation,rf,random,direct,seed=101,TMP,14.0095,9.98025,15.4122
C,X0,oxidation,rf,random,direct,seed=101,SN,16.3186,11.5411,14.7345
C,X0,oxidation,rf,random,direct,seed=211,DMC,14.9318,10.5967,15.0558
C,X0,oxidation,rf,random,direct,seed=211,EC,15.102,10.7812,15.2151
C,X0,oxidation,rf,random,direct,seed=211,DME,14.0239,8.88952,14.6756
C,X0,oxidation,rf,random,direct,seed=211,DOL,15.5362,9.38058,14.8445
C,X0,oxidation,rf,random,direct,seed=211,GBL,14.8913,9.99023,15.3675
C,X0,oxidation,rf,random,direct,seed=211,SL,14.6639,9.73512,14.6233
C,X0,oxidation,rf,random,direct,seed=211,DMSO,13.9586,8.7743,15.7202
C,X0,oxidation,rf,random,direct,seed=211,AN,17.1966,12.0912,15.0757
C,X0,oxidation,rf,random,direct,seed=211,TMP,14.0095,9.98025,15.1731
C,X0,oxidation,rf,random,direct,seed=211,SN,16.3186,11.5411,14.9249
C,X0,oxidation,rf,random,direct,seed=307,DMC,14.9318,10.5967,14.8941
C,X0,oxidation,rf,random,direct,seed=307,EC,15.102,10.7812,15.3863
C,X0,oxidation,rf,random,direct,seed=307,DME,14.0239,8.88952,14.4797
C,X0,oxidation,rf,random,direct,seed=307,DOL,15.5362,9.38058,14.5537
C,X0,oxidation,rf,random,direct,seed=307,GBL,14.8913,9.99023,15.3612
C,X0,oxidation,rf,random,direct,seed=307,SL,14.6639,9.73512,14.6769
C,X0,oxidation,rf,random,direct,seed=307,DMSO,13.9586,8.7743,16.17
C,X0,oxidation,rf,random,direct,seed=307,AN,17.1966,12.0912,15.0801
C,X0,oxidation,rf,random,direct,seed=307,TMP,14.0095,9.98025,15.1173
C,X0,oxidation,rf,random,direct,seed=307,SN,16.3186,11.5411,14.572
C,X0,oxidation,rf,random,direct,seed=401,DMC,14.9318,10.5967,14.6268
C,X0,oxidation,rf,random,direct,seed=401,EC,15.102,10.7812,15.0555
C,X0,oxidation,rf,random,direct,seed=401,DME,14.0239,8.88952,14.5236
C,X0,oxidation,rf,random,direct,seed=401,DOL,15.5362,9.38058,14.9041
C,X0,oxidation,rf,random,direct,seed=401,GBL,14.8913,9.99023,15.3498
C,X0,oxidation,rf,random,direct,seed=401,SL,14.6639,9.73512,14.6555
C,X0,oxidation,rf,random,direct,seed=401,DMSO,13.9586,8.7743,16.0893
C,X0,oxidation,rf,random,direct,seed=401,AN,17.1966,12.0912,14.8501
C,X0,oxidation,rf,random,direct,seed=401,TMP,14.0095,9.98025,14.6903
C,X0,oxidation,rf,random,direct,seed=401,SN,16.3186,11.5411,14.8116
C,X0,oxidation,rf,random,direct,seed=503,DMC,14.9318,10.5967,15.1592
C,X0,oxidation,rf,random,direct,seed=503,EC,15.102,10.7812,15.4751
C,X0,oxidation,rf,random,direct,seed=503,DME,14.0239,8.88952,14.7147
C,X0,oxidation,rf,random,direct,seed=503,DOL,15.5362,9.38058,14.5387
C,X0,oxidation,rf,random,direct,seed=503,GBL,14.8913,9.99023,15.3368
C,X0,oxidation,rf,random,direct,seed=503,SL,14.6639,9.73512,14.7733
C,X0,oxidation,rf,random,direct,seed=503,DMSO,13.9586,8.7743,15.4064
C,X0,oxidation,rf,random,direct,seed=503,AN,17.1966,12.0912,15.3832
C,X0,oxidation,rf,random,direct,seed=503,TMP,14.0095,9.98025,14.7436
C,X0,oxidation,rf,random,direct,seed=503,SN,16.3186,11.5411,14.8207
C,X0,oxidation,gbdt,random,direct,seed=101,DMC,14.9318,10.5967,15.4139
C,X0,oxidation,gbdt,random,direct,seed=101,EC,15.102,10.7812,14.9283
C,X0,oxidation,gbdt,random,direct,seed=101,DME,14.0239,8.88952,14.9842
C,X0,oxidation,gbdt,random,direct,seed=101,DOL,15.5362,9.38058,14.9613
C,X0,oxidation,gbdt,random,direct,seed=101,GBL,14.8913,9.99023,15.9823
C,X0,oxidation,gbdt,random,direct,seed=101,SL,14.6639,9.73512,14.1124
C,X0,oxidation,gbdt,random,direct,seed=101,DMSO,13.9586,8.7743,16.2508
C,X0,oxidation,gbdt,random,direct,seed=101,AN,17.1966,12.0912,15.516
C,X0,oxidation,gbdt,random,direct,seed=101,TMP,14.0095,9.98025,15.4371
C,X0,oxidation,gbdt,random,direct,seed=101,SN,16.3186,11.5411,14.6191
C,X0,oxidation,gbdt,random,direct,seed=211,DMC,14.9318,10.5967,15.0578
C,X0,oxidation,gbdt,random,direct,seed=211,EC,15.102,10.7812,15.0125
C,X0,oxidation,gbdt,random,direct,seed=211,DME,14.0239,8.88952,14.1344
C,X0,oxidation,gbdt,random,direct,seed=211,DOL,15.5362,9.38058,14.3154
C,X0,oxidation,gbdt,random,direct,seed=211,GBL,14.8913,9.99023,15.7514
C,X0,oxidation,gbdt,random,direct,seed=211,SL,14.6639,9.73512,14.2875
C,X0,oxidation,gbdt,random,direct,seed=211,DMSO,13.9586,8.7743,15.8112
C,X0,oxidation,gbdt,random,direct,seed=211,AN,17.1966,12.0912,15.502
C,X0,oxidation,gbdt,random,direct,seed=211,TMP,14.0095,9.98025,15.3734
C,X0,oxidation,gbdt,random,direct,seed=211,SN,16.3186,11.5411,14.8862
C,X0,oxidation,gbdt,random,direct,seed=307,DMC,14.9318,10.5967,14.7644
C,X0,oxidation,gbdt,random,direct,seed=307,EC,15.102,10.7812,15.5029
C,X0,oxidation,gbdt,random,direct,seed=307,DME,14.0239,8.88952,14.0746
C,X0,oxidation,gbdt,random,direct,seed=307,DOL,15.5362,9.38058,14.2851
C,X0,oxidation,gbdt,random,direct,seed=307,GBL,14.8913,9.99023,15.7087
C,X0,oxidation,gbdt,random,direct,seed=307,SL,14.6639,9.73512,14.3663
C,X0,oxidation,gbdt,random,direct,seed=307,DMSO,13.9586,8.7743,16.4404
C,X0,oxidation,gbdt,random,direct,seed=307,AN,17.1966,12.0912,15.5044
C,X0,oxidation,gbdt,random,direct,seed=307,TMP,14.0095,9.98025,15.1321
C,X0,oxidation,gbdt,random,direct,seed=307,SN,16.3186,11.5411,14.4568
C,X0,oxidation,gbdt,random,direct,seed=401,DMC,14.9318,10.5967,14.3793
C,X0,oxidation,gbdt,random,direct,seed=401,EC,15.102,10.7812,14.9284
C,X0,oxidation,gbdt,random,direct,seed=401,DME,14.0239,8.88952,13.9976
C,X0,oxidation,gbdt,random,direct,seed=401,DOL,15.5362,9.38058,14.3374
C,X0,oxidation,gbdt,random,direct,seed=401,GBL,14.8913,9.99023,15.6386
C,X0,oxidation,gbdt,random,direct,seed=401,SL,14.6639,9.73512,14.4285
C,X0,oxidation,gbdt,random,direct,seed=401,DMSO,13.9586,8.7743,16.2664
C,X0,oxidation,gbdt,random,direct,seed=401,AN,17.1966,12.0912,14.9993
C,X0,oxidation,gbdt,random,direct,seed=401,TMP,14.0095,9.98025,14.7219
C,X0,oxidation,gbdt,random,direct,seed=401,SN,16.3186,11.5411,14.752
C,X0,oxidation,gbdt,random,direct,seed=503,DMC,14.9318,10.5967,15.1418
C,X0,oxidation,gbdt,random,direct,seed=503,EC,15.102,10.7812,15.5791
C,X0,oxidation,gbdt,random,direct,seed=503,DME,14.0239,8.88952,14.3154
C,X0,oxidation,gbdt,random,direct,seed=503,DOL,15.5362,9.38058,14.2207
C,X0,oxidation,gbdt,random,direct,seed=503,GBL,14.8913,9.99023,15.6221
C,X0,oxidation,gbdt,random,direct,seed=503,SL,14.6639,9.73512,14.2086
C,X0,oxidation,gbdt,random,direct,seed=503,DMSO,13.9586,8.7743,15.7866
C,X0,oxidation,gbdt,random,direct,seed=503,AN,17.1966,12.0912,15.7672
C,X0,oxidation,gbdt,random,direct,seed=503,TMP,14.0095,9.98025,14.7488
C,X0,oxidation,gbdt,random,direct,seed=503,SN,16.3186,11.5411,14.8062
C,X0,oxidation,constant,random,shift,seed=101,DMC,14.9318,10.5967,15.5512
C,X0,oxidation,constant,random,shift,seed=101,EC,15.102,10.7812,15.702
C,X0,oxidation,constant,random,shift,seed=101,DME,14.0239,8.88952,15.0451
C,X0,oxidation,constant,random,shift,seed=101,DOL,15.5362,9.38058,14.5149
C,X0,oxidation,constant,random,shift,seed=101,GBL,14.8913,9.99023,14.9447
C,X0,oxidation,constant,random,shift,seed=101,SL,14.6639,9.73512,14.5899
C,X0,oxidation,constant,random,shift,seed=101,DMSO,13.9586,8.7743,13.6952
C,X0,oxidation,constant,random,shift,seed=101,AN,17.1966,12.0912,16.8687
C,X0,oxidation,constant,random,shift,seed=101,TMP,14.0095,9.98025,14.9438
C,X0,oxidation,constant,random,shift,seed=101,SN,16.3186,11.5411,16.6465
C,X0,oxidation,constant,random,shift,seed=211,DMC,14.9318,10.5967,15.5221
C,X0,oxidation,constant,random,shift,seed=211,EC,15.102,10.7812,15.5806
C,X0,oxidation,constant,random,shift,seed=211,DME,14.0239,8.88952,15.0451
C,X0,oxidation,constant,random,shift,seed=211,DOL,15.5362,9.38058,14.5149
C,X0,oxidation,constant,random,shift,seed=211,GBL,14.8913,9.99023,14.8705
C,X0,oxidation,constant,random,shift,seed=211,SL,14.6639,9.73512,14.6154
C,X0,oxidation,constant,random,shift,seed=211,DMSO,13.9586,8.7743,13.6381
C,X0,oxidation,constant,random,shift,seed=211,AN,17.1966,12.0912,16.8687
C,X0,oxidation,constant,random,shift,seed=211,TMP,14.0095,9.98025,14.9474
C,X0,oxidation,constant,random,shift,seed=211,SN,16.3186,11.5411,16.6465
C,X0,oxidation,constant,random,shift,seed=307,DMC,14.9318,10.5967,15.5158
C,X0,oxidation,constant,random,shift,seed=307,EC,15.102,10.7812,15.734
C,X0,oxidation,constant,random,shift,seed=307,DME,14.0239,8.88952,15.0451
C,X0,oxidation,constant,random,shift,seed=307,DOL,15.5362,9.38058,14.5149
C,X0,oxidation,constant,random,shift,seed=307,GBL,14.8913,9.99023,14.7172
C,X0,oxidation,constant,random,shift,seed=307,SL,14.6639,9.73512,14.688
C,X0,oxidation,constant,random,shift,seed=307,DMSO,13.9586,8.7743,13.6934
C,X0,oxidation,constant,random,shift,seed=307,AN,17.1966,12.0912,16.8687
C,X0,oxidation,constant,random,shift,seed=307,TMP,14.0095,9.98025,14.9474
C,X0,oxidation,constant,random,shift,seed=307,SN,16.3186,11.5411,16.6465
C,X0,oxidation,constant,random,shift,seed=401,DMC,14.9318,10.5967,15.5257
C,X0,oxidation,constant,random,shift,seed=401,EC,15.102,10.7812,15.702
C,X0,oxidation,constant,random,shift,seed=401,DME,14.0239,8.88952,13.5873
C,X0,oxidation,constant,random,shift,seed=401,DOL,15.5362,9.38058,14.0784
C,X0,oxidation,constant,random,shift,seed=401,GBL,14.8913,9.99023,14.8705
C,X0,oxidation,constant,random,shift,seed=401,SL,14.6639,9.73512,14.6154
C,X0,oxidation,constant,random,shift,seed=401,DMSO,13.9586,8.7743,13.6952
C,X0,oxidation,constant,random,shift,seed=401,AN,17.1966,12.0912,16.8687
C,X0,oxidation,constant,random,shift,seed=401,TMP,14.0095,9.98025,14.9884
C,X0,oxidation,constant,random,shift,seed=401,SN,16.3186,11.5411,16.6465
C,X0,oxidation,constant,random,shift,seed=503,DMC,14.9318,10.5967,15.6238
C,X0,oxidation,constant,random,shift,seed=503,EC,15.102,10.7812,15.8082
C,X0,oxidation,constant,random,shift,seed=503,DME,14.0239,8.88952,15.0451
C,X0,oxidation,constant,random,shift,seed=503,DOL,15.5362,9.38058,14.5149
C,X0,oxidation,constant,random,shift,seed=503,GBL,14.8913,9.99023,14.7172
C,X0,oxidation,constant,random,shift,seed=503,SL,14.6639,9.73512,14.5863
C,X0,oxidation,constant,random,shift,seed=503,DMSO,13.9586,8.7743,13.5971
C,X0,oxidation,constant,random,shift,seed=503,AN,17.1966,12.0912,16.8687
C,X0,oxidation,constant,random,shift,seed=503,TMP,14.0095,9.98025,14.9884
C,X0,oxidation,constant,random,shift,seed=503,SN,16.3186,11.5411,16.6465
C,X0,oxidation,ridge,random,shift,seed=101,DMC,14.9318,10.5967,15.2901
C,X0,oxidation,ridge,random,shift,seed=101,EC,15.102,10.7812,15.5123
C,X0,oxidation,ridge,random,shift,seed=101,DME,14.0239,8.88952,16.2768
C,X0,oxidation,ridge,random,shift,seed=101,DOL,15.5362,9.38058,14.6211
C,X0,oxidation,ridge,random,shift,seed=101,GBL,14.8913,9.99023,14.9391
C,X0,oxidation,ridge,random,shift,seed=101,SL,14.6639,9.73512,14.4144
C,X0,oxidation,ridge,random,shift,seed=101,DMSO,13.9586,8.7743,14.0496
C,X0,oxidation,ridge,random,shift,seed=101,AN,17.1966,12.0912,17.4976
C,X0,oxidation,ridge,random,shift,seed=101,TMP,14.0095,9.98025,15.8888
C,X0,oxidation,ridge,random,shift,seed=101,SN,16.3186,11.5411,15.9974
C,X0,oxidation,ridge,random,shift,seed=211,DMC,14.9318,10.5967,15.4305
C,X0,oxidation,ridge,random,shift,seed=211,EC,15.102,10.7812,15.4707
C,X0,oxidation,ridge,random,shift,seed=211,DME,14.0239,8.88952,13.9089
C,X0,oxidation,ridge,random,shift,seed=211,DOL,15.5362,9.38058,14.4456
C,X0,oxidation,ridge,random,shift,seed=211,GBL,14.8913,9.99023,14.8941
C,X0,oxidation,ridge,random,shift,seed=211,SL,14.6639,9.73512,14.5429
C,X0,oxidation,ridge,random,shift,seed=211,DMSO,13.9586,8.7743,14.0945
C,X0,oxidation,ridge,random,shift,seed=211,AN,17.1966,12.0912,17.2889
C,X0,oxidation,ridge,random,shift,seed=211,TMP,14.0095,9.98025,14.5843
C,X0,oxidation,ridge,random,shift,seed=211,SN,16.3186,11.5411,15.6011
C,X0,oxidation,ridge,random,shift,seed=307,DMC,14.9318,10.5967,15.2664
C,X0,oxidation,ridge,random,shift,seed=307,EC,15.102,10.7812,15.6284
C,X0,oxidation,ridge,random,shift,seed=307,DME,14.0239,8.88952,14.3497
C,X0,oxidation,ridge,random,shift,seed=307,DOL,15.5362,9.38058,14.3487
C,X0,oxidation,ridge,random,shift,seed=307,GBL,14.8913,9.99023,14.7698
C,X0,oxidation,ridge,random,shift,seed=307,SL,14.6639,9.73512,14.7153
C,X0,oxidation,ridge,random,shift,seed=307,DMSO,13.9586,8.7743,14.1361
C,X0,oxidation,ridge,random,shift,seed=307,AN,17.1966,12.0912,17.2889
C,X0,oxidation,ridge,random,shift,seed=307,TMP,14.0095,9.98025,14.5843
C,X0,oxidation,ridge,random,shift,seed=307,SN,16.3186,11.5411,15.6175
C,X0,oxidation,ridge,random,shift,seed=401,DMC,14.9318,10.5967,15.3405
C,X0,oxidation,ridge,random,shift,seed=401,EC,15.102,10.7812,15.5123
C,X0,oxidation,ridge,random,shift,seed=401,DME,14.0239,8.88952,13.6428
C,X0,oxidation,ridge,random,shift,seed=401,DOL,15.5362,9.38058,14.1548
C,X0,oxidation,ridge,random,shift,seed=401,GBL,14.8913,9.99023,14.8941
C,X0,oxidation,ridge,random,shift,seed=401,SL,14.6639,9.73512,14.5429
C,X0,oxidation,ridge,random,shift,seed=401,DMSO,13.9586,8.7743,14.0496
C,X0,oxidation,ridge,random,shift,seed=401,AN,17.1966,12.0912,17.5039
C,X0,oxidation,ridge,random,shift,seed=401,TMP,14.0095,9.98025,13.7234
C,X0,oxidation,ridge,random,shift,seed=401,SN,16.3186,11.5411,15.4815
C,X0,oxidation,ridge,random,shift,seed=503,DMC,14.9318,10.5967,15.3538
C,X0,oxidation,ridge,random,shift,seed=503,EC,15.102,10.7812,15.6342
C,X0,oxidation,ridge,random,shift,seed=503,DME,14.0239,8.88952,14.0464
C,X0,oxidation,ridge,random,shift,seed=503,DOL,15.5362,9.38058,14.3487
C,X0,oxidation,ridge,random,shift,seed=503,GBL,14.8913,9.99023,14.7698
C,X0,oxidation,ridge,random,shift,seed=503,SL,14.6639,9.73512,14.5435
C,X0,oxidation,ridge,random,shift,seed=503,DMSO,13.9586,8.7743,14.2607
C,X0,oxidation,ridge,random,shift,seed=503,AN,17.1966,12.0912,17.5731
C,X0,oxidation,ridge,random,shift,seed=503,TMP,14.0095,9.98025,13.7234
C,X0,oxidation,ridge,random,shift,seed=503,SN,16.3186,11.5411,15.4815
C,X0,oxidation,krr,random,shift,seed=101,DMC,14.9318,10.5967,15.359
C,X0,oxidation,krr,random,shift,seed=101,EC,15.102,10.7812,15.4379
C,X0,oxidation,krr,random,shift,seed=101,DME,14.0239,8.88952,13.6904
C,X0,oxidation,krr,random,shift,seed=101,DOL,15.5362,9.38058,14.5998
C,X0,oxidation,krr,random,shift,seed=101,GBL,14.8913,9.99023,14.9327
C,X0,oxidation,krr,random,shift,seed=101,SL,14.6639,9.73512,14.4397
C,X0,oxidation,krr,random,shift,seed=101,DMSO,13.9586,8.7743,13.8672
C,X0,oxidation,krr,random,shift,seed=101,AN,17.1966,12.0912,17.1008
C,X0,oxidation,krr,random,shift,seed=101,TMP,14.0095,9.98025,14.3012
C,X0,oxidation,krr,random,shift,seed=101,SN,16.3186,11.5411,16.0735
C,X0,oxidation,krr,random,shift,seed=211,DMC,14.9318,10.5967,15.3386
C,X0,oxidation,krr,random,shift,seed=211,EC,15.102,10.7812,15.453
C,X0,oxidation,krr,random,shift,seed=211,DME,14.0239,8.88952,14.0221
C,X0,oxidation,krr,random,shift,seed=211,DOL,15.5362,9.38058,14.4242
C,X0,oxidation,krr,random,shift,seed=211,GBL,14.8913,9.99023,14.7341
C,X0,oxidation,krr,random,shift,seed=211,SL,14.6639,9.73512,14.3541
C,X0,oxidation,krr,random,shift,seed=211,DMSO,13.9586,8.7743,14.0532
C,X0,oxidation,krr,random,shift,seed=211,AN,17.1966,12.0912,17.0374
C,X0,oxidation,krr,random,shift,seed=211,TMP,14.0095,9.98025,14.4214
C,X0,oxidation,krr,random,shift,seed=211,SN,16.3186,11.5411,15.5592
C,X0,oxidation,krr,random,shift,seed=307,DMC,14.9318,10.5967,15.3621
C,X0,oxidation,krr,random,shift,seed=307,EC,15.102,10.7812,15.5957
C,X0,oxidation,krr,random,shift,seed=307,DME,14.0239,8.88952,13.1808
C,X0,oxidation,krr,random,shift,seed=307,DOL,15.5362,9.38058,13.9085
C,X0,oxidation,krr,random,shift,seed=307,GBL,14.8913,9.99023,14.6629
C,X0,oxidation,krr,random,shift,seed=307,SL,14.6639,9.73512,14.5865
C,X0,oxidation,krr,random,shift,seed=307,DMSO,13.9586,8.7743,13.8345
C,X0,oxidation,krr,random,shift,seed=307,AN,17.1966,12.0912,16.4075
C,X0,oxidation,krr,random,shift,seed=307,TMP,14.0095,9.98025,14.1525
C,X0,oxidation,krr,random,shift,seed=307,SN,16.3186,11.5411,15.8398
C,X0,oxidation,krr,random,shift,seed=401,DMC,14.9318,10.5967,15.3755
C,X0,oxidation,krr,random,shift,seed=401,EC,15.102,10.7812,15.502
C,X0,oxidation,krr,random,shift,seed=401,DME,14.0239,8.88952,13.4449
C,X0,oxidation,krr,random,shift,seed=401,DOL,15.5362,9.38058,14.0327
C,X0,oxidation,krr,random,shift,seed=401,GBL,14.8913,9.99023,14.8831
C,X0,oxidation,krr,random,shift,seed=401,SL,14.6639,9.73512,14.514
C,X0,oxidation,krr,random,shift,seed=401,DMSO,13.9586,8.7743,13.9902
C,X0,oxidation,krr,random,shift,seed=401,AN,17.1966,12.0912,17.3474
C,X0,oxidation,krr,random,shift,seed=401,TMP,14.0095,9.98025,13.5331
C,X0,oxidation,krr,random,shift,seed=401,SN,16.3186,11.5411,15.5312
C,X0,oxidation,krr,random,shift,seed=503,DMC,14.9318,10.5967,15.454
C,X0,oxidation,krr,random,shift,seed=503,EC,15.102,10.7812,15.643
C,X0,oxidation,krr,random,shift,seed=503,DME,14.0239,8.88952,13.7874
C,X0,oxidation,krr,random,shift,seed=503,DOL,15.5362,9.38058,14.3457
C,X0,oxidation,krr,random,shift,seed=503,GBL,14.8913,9.99023,14.7696
C,X0,oxidation,krr,random,shift,seed=503,SL,14.6639,9.73512,14.4882
C,X0,oxidation,krr,random,shift,seed=503,DMSO,13.9586,8.7743,13.7997
C,X0,oxidation,krr,random,shift,seed=503,AN,17.1966,12.0912,17.0654
C,X0,oxidation,krr,random,shift,seed=503,TMP,14.0095,9.98025,13.9867
C,X0,oxidation,krr,random,shift,seed=503,SN,16.3186,11.5411,15.9594
C,X0,oxidation,gpr,random,shift,seed=101,DMC,14.9318,10.5967,15.428
C,X0,oxidation,gpr,random,shift,seed=101,EC,15.102,10.7812,15.4877
C,X0,oxidation,gpr,random,shift,seed=101,DME,14.0239,8.88952,13.8945
C,X0,oxidation,gpr,random,shift,seed=101,DOL,15.5362,9.38058,14.5194
C,X0,oxidation,gpr,random,shift,seed=101,GBL,14.8913,9.99023,14.8123
C,X0,oxidation,gpr,random,shift,seed=101,SL,14.6639,9.73512,14.4977
C,X0,oxidation,gpr,random,shift,seed=101,DMSO,13.9586,8.7743,13.9077
C,X0,oxidation,gpr,random,shift,seed=101,AN,17.1966,12.0912,17.1751
C,X0,oxidation,gpr,random,shift,seed=101,TMP,14.0095,9.98025,14.9454
C,X0,oxidation,gpr,random,shift,seed=101,SN,16.3186,11.5411,16.0208
C,X0,oxidation,gpr,random,shift,seed=211,DMC,14.9318,10.5967,15.3794
C,X0,oxidation,gpr,random,shift,seed=211,EC,15.102,10.7812,15.4732
C,X0,oxidation,gpr,random,shift,seed=211,DME,14.0239,8.88952,14.1698
C,X0,oxidation,gpr,random,shift,seed=211,DOL,15.5362,9.38058,14.4604
C,X0,oxidation,gpr,random,shift,seed=211,GBL,14.8913,9.99023,14.7516
C,X0,oxidation,gpr,random,shift,seed=211,SL,14.6639,9.73512,14.5144
C,X0,oxidation,gpr,random,shift,seed=211,DMSO,13.9586,8.7743,14.0693
C,X0,oxidation,gpr,random,shift,seed=211,AN,17.1966,12.0912,17.1404
C,X0,oxidation,gpr,random,shift,seed=211,TMP,14.0095,9.98025,14.9353
C,X0,oxidation,gpr,random,shift,seed=211,SN,16.3186,11.5411,15.7174
C,X0,oxidation,gpr,random,shift,seed=307,DMC,14.9318,10.5967,15.3536
C,X0,oxidation,gpr,random,shift,seed=307,EC,15.102,10.7812,15.5417
C,X0,oxidation,gpr,random,shift,seed=307,DME,14.0239,8.88952,14.331
C,X0,oxidation,gpr,random,shift,seed=307,DOL,15.5362,9.38058,14.3506
C,X0,oxidation,gpr,random,shift,seed=307,GBL,14.8913,9.99023,14.7329
C,X0,oxidation,gpr,random,shift,seed=307,SL,14.6639,9.73512,14.5995
C,X0,oxidation,gpr,random,shift,seed=307,DMSO,13.9586,8.7743,13.9995
C,X0,oxidation,gpr,random,shift,seed=307,AN,17.1966,12.0912,17.1404
C,X0,oxidation,gpr,random,shift,seed=307,TMP,14.0095,9.98025,14.9353
C,X0,oxidation,gpr,random,shift,seed=307,SN,16.3186,11.5411,15.6327
C,X0,oxidation,gpr,random,shift,seed=401,DMC,14.9318,10.5967,15.4277
C,X0,oxidation,gpr,random,shift,seed=401,EC,15.102,10.7812,15.4877
C,X0,oxidation,gpr,random,shift,seed=401,DME,14.0239,8.88952,13.5873
C,X0,oxidation,gpr,random,shift,seed=401,DOL,15.5362,9.38058,14.0784
C,X0,oxidation,gpr,random,shift,seed=401,GBL,14.8913,9.99023,14.7516
C,X0,oxidation,gpr,random,shift,seed=401,SL,14.6639,9.73512,14.5144
C,X0,oxidation,gpr,random,shift,seed=401,DMSO,13.9586,8.7743,13.9077
C,X0,oxidation,gpr,random,shift,seed=401,AN,17.1966,12.0912,17.209
C,X0,oxidation,gpr,random,shift,seed=401,TMP,14.0095,9.98025,14.8974
C,X0,oxidation,gpr,random,shift,seed=401,SN,16.3186,11.5411,16.0931
C,X0,oxidation,gpr,random,shift,seed=503,DMC,14.9318,10.5967,15.4666
C,X0,oxidation,gpr,random,shift,seed=503,EC,15.102,10.7812,15.5971
C,X0,oxidation,gpr,random,shift,seed=503,DME,14.0239,8.88952,14.1376
C,X0,oxidation,gpr,random,shift,seed=503,DOL,15.5362,9.38058,14.3506
C,X0,oxidation,gpr,random,shift,seed=503,GBL,14.8913,9.99023,14.7329
C,X0,oxidation,gpr,random,shift,seed=503,SL,14.6639,9.73512,14.6338
C,X0,oxidation,gpr,random,shift,seed=503,DMSO,13.9586,8.7743,14.0265
C,X0,oxidation,gpr,random,shift,seed=503,AN,17.1966,12.0912,17.2212
C,X0,oxidation,gpr,random,shift,seed=503,TMP,14.0095,9.98025,14.8974
C,X0,oxidation,gpr,random,shift,seed=503,SN,16.3186,11.5411,16.0931
C,X0,oxidation,rf,random,shift,seed=101,DMC,14.9318,10.5967,15.3391
C,X0,oxidation,rf,random,shift,seed=101,EC,15.102,10.7812,15.5923
C,X0,oxidation,rf,random,shift,seed=101,DME,14.0239,8.88952,14.4207
C,X0,oxidation,rf,random,shift,seed=101,DOL,15.5362,9.38058,14.3306
C,X0,oxidation,rf,random,shift,seed=101,GBL,14.8913,9.99023,15.0426
C,X0,oxidation,rf,random,shift,seed=101,SL,14.6639,9.73512,14.5172
C,X0,oxidation,rf,random,shift,seed=101,DMSO,13.9586,8.7743,14.0327
C,X0,oxidation,rf,random,shift,seed=101,AN,17.1966,12.0912,17.4947
C,X0,oxidation,rf,random,shift,seed=101,TMP,14.0095,9.98025,15.2155
C,X0,oxidation,rf,random,shift,seed=101,SN,16.3186,11.5411,16.1695
C,X0,oxidation,rf,random,shift,seed=211,DMC,14.9318,10.5967,15.1972
C,X0,oxidation,rf,random,shift,seed=211,EC,15.102,10.7812,15.4129
C,X0,oxidation,rf,random,shift,seed=211,DME,14.0239,8.88952,14.2474
C,X0,oxidation,rf,random,shift,seed=211,DOL,15.5362,9.38058,14.1953
C,X0,oxidation,rf,random,shift,seed=211,GBL,14.8913,9.99023,15.2099
C,X0,oxidation,rf,random,shift,seed=211,SL,14.6639,9.73512,14.81
C,X0,oxidation,rf,random,shift,seed=211,DMSO,13.9586,8.7743,14.0722
C,X0,oxidation,rf,random,shift,seed=211,AN,17.1966,12.0912,17.6082
C,X0,oxidation,rf,random,shift,seed=211,TMP,14.0095,9.98025,14.9238
C,X0,oxidation,rf,random,shift,seed=211,SN,16.3186,11.5411,16.1636
C,X0,oxidation,rf,random,shift,seed=307,DMC,14.9318,10.5967,15.3604
C,X0,oxidation,rf,random,shift,seed=307,EC,15.102,10.7812,15.6519
C,X0,oxidation,rf,random,shift,seed=307,DME,14.0239,8.88952,14.3531
C,X0,oxidation,rf,random,shift,seed=307,DOL,15.5362,9.38058,14.3413
C,X0,oxidation,rf,random,shift,seed=307,GBL,14.8913,9.99023,14.9547
C,X0,oxidation,rf,random,shift,seed=307,SL,14.6639,9.73512,14.6195
C,X0,oxidation,rf,random,shift,seed=307,DMSO,13.9586,8.7743,13.9345
C,X0,oxidation,rf,random,shift,seed=307,AN,17.1966,12.0912,17.4628
C,X0,oxidation,rf,random,shift,seed=307,TMP,14.0095,9.98025,14.9805
C,X0,oxidation,rf,random,shift,seed=307,SN,16.3186,11.5411,16.1945
C,X0,oxidation,rf,random,shift,seed=401,DMC,14.9318,10.5967,15.2123
C,X0,oxidation,rf,random,shift,seed=401,EC,15.102,10.7812,15.5554
C,X0,oxidation,rf,random,shift,seed=401,DME,14.0239,8.88952,13.7098
C,X0,oxidation,rf,random,shift,seed=401,DOL,15.5362,9.38058,14.2274
C,X0,oxidation,rf,random,shift,seed=401,GBL,14.8913,9.99023,15.1282
C,X0,oxidation,rf,random,shift,seed=401,SL,14.6639,9.73512,14.7146
C,X0,oxidation,rf,random,shift,seed=401,DMSO,13.9586,8.7743,14.0325
C,X0,oxidation,rf,random,shift,seed=401,AN,17.1966,12.0912,17.5219
C,X0,oxidation,rf,random,shift,seed=401,TMP,14.0095,9.98025,15.004
C,X0,oxidation,rf,random,shift,seed=401,SN,16.3186,11.5411,16.2028
C,X0,oxidation,rf,random,shift,seed=503,DMC,14.9318,10.5967,15.7228
C,X0,oxidation,rf,random,shift,seed=503,EC,15.102,10.7812,15.7751
C,X0,oxidation,rf,random,shift,seed=503,DME,14.0239,8.88952,14.0363
C,X0,oxidation,rf,random,shift,seed=503,DOL,15.5362,9.38058,14.294
C,X0,oxidation,rf,random,shift,seed=503,GBL,14.8913,9.99023,14.9173
C,X0,oxidation,rf,random,shift,seed=503,SL,14.6639,9.73512,14.3461
C,X0,oxidation,rf,random,shift,seed=503,DMSO,13.9586,8.7743,14.0528
C,X0,oxidation,rf,random,shift,seed=503,AN,17.1966,12.0912,17.522
C,X0,oxidation,rf,random,shift,seed=503,TMP,14.0095,9.98025,15.1502
C,X0,oxidation,rf,random,shift,seed=503,SN,16.3186,11.5411,16.2412
C,X0,oxidation,gbdt,random,shift,seed=101,DMC,14.9318,10.5967,14.8897
C,X0,oxidation,gbdt,random,shift,seed=101,EC,15.102,10.7812,15.3633
C,X0,oxidation,gbdt,random,shift,seed=101,DME,14.0239,8.88952,14.6376
C,X0,oxidation,gbdt,random,shift,seed=101,DOL,15.5362,9.38058,14.4338
C,X0,oxidation,gbdt,random,shift,seed=101,GBL,14.8913,9.99023,15.4229
C,X0,oxidation,gbdt,random,shift,seed=101,SL,14.6639,9.73512,14.2702
C,X0,oxidation,gbdt,random,shift,seed=101,DMSO,13.9586,8.7743,13.9193
C,X0,oxidation,gbdt,random,shift,seed=101,AN,17.1966,12.0912,17.1289
C,X0,oxidation,gbdt,random,shift,seed=101,TMP,14.0095,9.98025,15.2728
C,X0,oxidation,gbdt,random,shift,seed=101,SN,16.3186,11.5411,15.9959
C,X0,oxidation,gbdt,random,shift,seed=211,DMC,14.9318,10.5967,14.8821
C,X0,oxidation,gbdt,random,shift,seed=211,EC,15.102,10.7812,15.3319
C,X0,oxidation,gbdt,random,shift,seed=211,DME,14.0239,8.88952,14.4511
C,X0,oxidation,gbdt,random,shift,seed=211,DOL,15.5362,9.38058,14.1246
C,X0,oxidation,gbdt,random,shift,seed=211,GBL,14.8913,9.99023,15.5378
C,X0,oxidation,gbdt,random,shift,seed=211,SL,14.6639,9.73512,14.8989
C,X0,oxidation,gbdt,random,shift,seed=211,DMSO,13.9586,8.7743,13.9205
C,X0,oxidation,gbdt,random,shift,seed=211,AN,17.1966,12.0912,17.4236
C,X0,oxidation,gbdt,random,shift,seed=211,TMP,14.0095,9.98025,14.5723
C,X0,oxidation,gbdt,random,shift,seed=211,SN,16.3186,11.5411,16.112
C,X0,oxidation,gbdt,random,shift,seed=307,DMC,14.9318,10.5967,14.8894
C,X0,oxidation,gbdt,random,shift,seed=307,EC,15.102,10.7812,15.3543
C,X0,oxidation,gbdt,random,shift,seed=307,DME,14.0239,8.88952,14.3948
C,X0,oxidation,gbdt,random,shift,seed=307,DOL,15.5362,9.38058,14.5149
C,X0,oxidation,gbdt,random,shift,seed=307,GBL,14.8913,9.99023,15.0136
C,X0,oxidation,gbdt,random,shift,seed=307,SL,14.6639,9.73512,14.4036
C,X0,oxidation,gbdt,random,shift,seed=307,DMSO,13.9586,8.7743,13.9245
C,X0,oxidation,gbdt,random,shift,seed=307,AN,17.1966,12.0912,17.3968
C,X0,oxidation,gbdt,random,shift,seed=307,TMP,14.0095,9.98025,14.6025
C,X0,oxidation,gbdt,random,shift,seed=307,SN,16.3186,11.5411,16.0494
C,X0,oxidation,gbdt,random,shift,seed=401,DMC,14.9318,10.5967,14.8931
C,X0,oxidation,gbdt,random,shift,seed=401,EC,15.102,10.7812,15.2921
C,X0,oxidation,gbdt,random,shift,seed=401,DME,14.0239,8.88952,13.8853
C,X0,oxidation,gbdt,random,shift,seed=401,DOL,15.5362,9.38058,14.4504
C,X0,oxidation,gbdt,random,shift,seed=401,GBL,14.8913,9.99023,15.6846
C,X0,oxidation,gbdt,random,shift,seed=401,SL,14.6639,9.73512,14.8635
C,X0,oxidation,gbdt,random,shift,seed=401,DMSO,13.9586,8.7743,13.9181
C,X0,oxidation,gbdt,random,shift,seed=401,AN,17.1966,12.0912,17.4424
C,X0,oxidation,gbdt,random,shift,seed=401,TMP,14.0095,9.98025,14.42
C,X0,oxidation,gbdt,random,shift,seed=401,SN,16.3186,11.5411,16.0626
C,X0,oxidation,gbdt,random,shift,seed=503,DMC,14.9318,10.5967,15.4573
C,X0,oxidation,gbdt,random,shift,seed=503,EC,15.102,10.7812,15.613
C,X0,oxidation,gbdt,random,shift,seed=503,DME,14.0239,8.88952,14.2991
C,X0,oxidation,gbdt,random,shift,seed=503,DOL,15.5362,9.38058,14.5149
C,X0,oxidation,gbdt,random,shift,seed=503,GBL,14.8913,9.99023,15.0182
C,X0,oxidation,gbdt,random,shift,seed=503,SL,14.6639,9.73512,14.2292
C,X0,oxidation,gbdt,random,shift,seed=503,DMSO,13.9586,8.7743,14.1142
C,X0,oxidation,gbdt,random,shift,seed=503,AN,17.1966,12.0912,17.5649
C,X0,oxidation,gbdt,random,shift,seed=503,TMP,14.0095,9.98025,14.4574
C,X0,oxidation,gbdt,random,shift,seed=503,SN,16.3186,11.5411,16.2093
C,X0,oxidation,constant,group,direct,leave-one-group-out,DMC,14.9318,10.5967,15.0778
C,X0,oxidation,constant,group,direct,leave-one-group-out,EC,15.102,10.7812,15.0589
C,X0,oxidation,constant,group,direct,leave-one-group-out,DME,14.0239,8.88952,15.5362
C,X0,oxidation,constant,group,direct,leave-one-group-out,DOL,15.5362,9.38058,14.0239
C,X0,oxidation,constant,group,direct,leave-one-group-out,GBL,14.8913,9.99023,15.0823
C,X0,oxidation,constant,group,direct,leave-one-group-out,SL,14.6639,9.73512,15.1076
C,X0,oxidation,constant,group,direct,leave-one-group-out,DMSO,13.9586,8.7743,15.186
C,X0,oxidation,constant,group,direct,leave-one-group-out,AN,17.1966,12.0912,14.6397
C,X0,oxidation,constant,group,direct,leave-one-group-out,TMP,14.0095,9.98025,15.1803
C,X0,oxidation,constant,group,direct,leave-one-group-out,SN,16.3186,11.5411,14.6397
C,X0,oxidation,ridge,group,direct,leave-one-group-out,DMC,14.9318,10.5967,15.6365
C,X0,oxidation,ridge,group,direct,leave-one-group-out,EC,15.102,10.7812,16.8926
C,X0,oxidation,ridge,group,direct,leave-one-group-out,DME,14.0239,8.88952,15.106
C,X0,oxidation,ridge,group,direct,leave-one-group-out,DOL,15.5362,9.38058,14.5968
C,X0,oxidation,ridge,group,direct,leave-one-group-out,GBL,14.8913,9.99023,13.8522
C,X0,oxidation,ridge,group,direct,leave-one-group-out,SL,14.6639,9.73512,14.3798
C,X0,oxidation,ridge,group,direct,leave-one-group-out,DMSO,13.9586,8.7743,15.7854
C,X0,oxidation,ridge,group,direct,leave-one-group-out,AN,17.1966,12.0912,14.6294
C,X0,oxidation,ridge,group,direct,leave-one-group-out,TMP,14.0095,9.98025,12.966
C,X0,oxidation,ridge,group,direct,leave-one-group-out,SN,16.3186,11.5411,14.238
C,X0,oxidation,krr,group,direct,leave-one-group-out,DMC,14.9318,10.5967,14.6304
C,X0,oxidation,krr,group,direct,leave-one-group-out,EC,15.102,10.7812,14.6324
C,X0,oxidation,krr,group,direct,leave-one-group-out,DME,14.0239,8.88952,14.6991
C,X0,oxidation,krr,group,direct,leave-one-group-out,DOL,15.5362,9.38058,14.6224
C,X0,oxidation,krr,group,direct,leave-one-group-out,GBL,14.8913,9.99023,15.0909
C,X0,oxidation,krr,group,direct,leave-one-group-out,SL,14.6639,9.73512,14.6849
C,X0,oxidation,krr,group,direct,leave-one-group-out,DMSO,13.9586,8.7743,15.2812
C,X0,oxidation,krr,group,direct,leave-one-group-out,AN,17.1966,12.0912,14.3511
C,X0,oxidation,krr,group,direct,leave-one-group-out,TMP,14.0095,9.98025,13.9145
C,X0,oxidation,krr,group,direct,leave-one-group-out,SN,16.3186,11.5411,14.4639
C,X0,oxidation,gpr,group,direct,leave-one-group-out,DMC,14.9318,10.5967,15.0778
C,X0,oxidation,gpr,group,direct,leave-one-group-out,EC,15.102,10.7812,15.0589
C,X0,oxidation,gpr,group,direct,leave-one-group-out,DME,14.0239,8.88952,15.1787
C,X0,oxidation,gpr,group,direct,leave-one-group-out,DOL,15.5362,9.38058,15.0107
C,X0,oxidation,gpr,group,direct,leave-one-group-out,GBL,14.8913,9.99023,15.0823
C,X0,oxidation,gpr,group,direct,leave-one-group-out,SL,14.6639,9.73512,15.1076
C,X0,oxidation,gpr,group,direct,leave-one-group-out,DMSO,13.9586,8.7743,15.1879
C,X0,oxidation,gpr,group,direct,leave-one-group-out,AN,17.1966,12.0912,14.6076
C,X0,oxidation,gpr,group,direct,leave-one-group-out,TMP,14.0095,9.98025,15.1803
C,X0,oxidation,gpr,group,direct,leave-one-group-out,SN,16.3186,11.5411,14.708
C,X0,oxidation,rf,group,direct,leave-one-group-out,DMC,14.9318,10.5967,14.9165
C,X0,oxidation,rf,group,direct,leave-one-group-out,EC,15.102,10.7812,15.2618
C,X0,oxidation,rf,group,direct,leave-one-group-out,DME,14.0239,8.88952,14.6086
C,X0,oxidation,rf,group,direct,leave-one-group-out,DOL,15.5362,9.38058,14.6398
C,X0,oxidation,rf,group,direct,leave-one-group-out,GBL,14.8913,9.99023,15.3296
C,X0,oxidation,rf,group,direct,leave-one-group-out,SL,14.6639,9.73512,14.6028
C,X0,oxidation,rf,group,direct,leave-one-group-out,DMSO,13.9586,8.7743,16.2068
C,X0,oxidation,rf,group,direct,leave-one-group-out,AN,17.1966,12.0912,14.8037
C,X0,oxidation,rf,group,direct,leave-one-group-out,TMP,14.0095,9.98025,15.1125
C,X0,oxidation,rf,group,direct,leave-one-group-out,SN,16.3186,11.5411,14.5724
C,X0,oxidation,gbdt,group,direct,leave-one-group-out,DMC,14.9318,10.5967,15.1463
C,X0,oxidation,gbdt,group,direct,leave-one-group-out,EC,15.102,10.7812,15.509
C,X0,oxidation,gbdt,group,direct,leave-one-group-out,DME,14.0239,8.88952,14.0928
C,X0,oxidation,gbdt,group,direct,leave-one-group-out,DOL,15.5362,9.38058,14.3278
C,X0,oxidation,gbdt,group,direct,leave-one-group-out,GBL,14.8913,9.99023,15.5758
C,X0,oxidation,gbdt,group,direct,leave-one-group-out,SL,14.6639,9.73512,14.4177
C,X0,oxidation,gbdt,group,direct,leave-one-group-out,DMSO,13.9586,8.7743,16.2913
C,X0,oxidation,gbdt,group,direct,leave-one-group-out,AN,17.1966,12.0912,15.1666
C,X0,oxidation,gbdt,group,direct,leave-one-group-out,TMP,14.0095,9.98025,15.278
C,X0,oxidation,gbdt,group,direct,leave-one-group-out,SN,16.3186,11.5411,14.2263
C,X0,oxidation,constant,group,shift,leave-one-group-out,DMC,14.9318,10.5967,15.5453
C,X0,oxidation,constant,group,shift,leave-one-group-out,EC,15.102,10.7812,15.7313
C,X0,oxidation,constant,group,shift,leave-one-group-out,DME,14.0239,8.88952,15.0451
C,X0,oxidation,constant,group,shift,leave-one-group-out,DOL,15.5362,9.38058,14.5149
C,X0,oxidation,constant,group,shift,leave-one-group-out,GBL,14.8913,9.99023,14.8759
C,X0,oxidation,constant,group,shift,leave-one-group-out,SL,14.6639,9.73512,14.6177
C,X0,oxidation,constant,group,shift,leave-one-group-out,DMSO,13.9586,8.7743,13.6285
C,X0,oxidation,constant,group,shift,leave-one-group-out,AN,17.1966,12.0912,16.9648
C,X0,oxidation,constant,group,shift,leave-one-group-out,TMP,14.0095,9.98025,14.9628
C,X0,oxidation,constant,group,shift,leave-one-group-out,SN,16.3186,11.5411,16.4148
C,X0,oxidation,ridge,group,shift,leave-one-group-out,DMC,14.9318,10.5967,15.2846
C,X0,oxidation,ridge,group,shift,leave-one-group-out,EC,15.102,10.7812,15.5843
C,X0,oxidation,ridge,group,shift,leave-one-group-out,DME,14.0239,8.88952,14.0789
C,X0,oxidation,ridge,group,shift,leave-one-group-out,DOL,15.5362,9.38058,14.6083
C,X0,oxidation,ridge,group,shift,leave-one-group-out,GBL,14.8913,9.99023,14.8852
C,X0,oxidation,ridge,group,shift,leave-one-group-out,SL,14.6639,9.73512,15.1041
C,X0,oxidation,ridge,group,shift,leave-one-group-out,DMSO,13.9586,8.7743,14.1049
C,X0,oxidation,ridge,group,shift,leave-one-group-out,AN,17.1966,12.0912,16.9153
C,X0,oxidation,ridge,group,shift,leave-one-group-out,TMP,14.0095,9.98025,14.5701
C,X0,oxidation,ridge,group,shift,leave-one-group-out,SN,16.3186,11.5411,15.2638
C,X0,oxidation,krr,group,shift,leave-one-group-out,DMC,14.9318,10.5967,15.3614
C,X0,oxidation,krr,group,shift,leave-one-group-out,EC,15.102,10.7812,15.5049
C,X0,oxidation,krr,group,shift,leave-one-group-out,DME,14.0239,8.88952,13.8159
C,X0,oxidation,krr,group,shift,leave-one-group-out,DOL,15.5362,9.38058,14.4296
C,X0,oxidation,krr,group,shift,leave-one-group-out,GBL,14.8913,9.99023,14.9061
C,X0,oxidation,krr,group,shift,leave-one-group-out,SL,14.6639,9.73512,14.5028
C,X0,oxidation,krr,group,shift,leave-one-group-out,DMSO,13.9586,8.7743,14.0049
C,X0,oxidation,krr,group,shift,leave-one-group-out,AN,17.1966,12.0912,16.9783
C,X0,oxidation,krr,group,shift,leave-one-group-out,TMP,14.0095,9.98025,14.54
C,X0,oxidation,krr,group,shift,leave-one-group-out,SN,16.3186,11.5411,15.4255
C,X0,oxidation,gpr,group,shift,leave-one-group-out,DMC,14.9318,10.5967,15.4075
C,X0,oxidation,gpr,group,shift,leave-one-group-out,EC,15.102,10.7812,15.5158
C,X0,oxidation,gpr,group,shift,leave-one-group-out,DME,14.0239,8.88952,14.2284
C,X0,oxidation,gpr,group,shift,leave-one-group-out,DOL,15.5362,9.38058,14.1269
C,X0,oxidation,gpr,group,shift,leave-one-group-out,GBL,14.8913,9.99023,14.8083
C,X0,oxidation,gpr,group,shift,leave-one-group-out,SL,14.6639,9.73512,14.5719
C,X0,oxidation,gpr,group,shift,leave-one-group-out,DMSO,13.9586,8.7743,14.0057
C,X0,oxidation,gpr,group,shift,leave-one-group-out,AN,17.1966,12.0912,17.1598
C,X0,oxidation,gpr,group,shift,leave-one-group-out,TMP,14.0095,9.98025,14.9196
C,X0,oxidation,gpr,group,shift,leave-one-group-out,SN,16.3186,11.5411,15.7277
C,X0,oxidation,rf,group,shift,leave-one-group-out,DMC,14.9318,10.5967,15.3846
C,X0,oxidation,rf,group,shift,leave-one-group-out,EC,15.102,10.7812,15.5633
C,X0,oxidation,rf,group,shift,leave-one-group-out,DME,14.0239,8.88952,14.3273
C,X0,oxidation,rf,group,shift,leave-one-group-out,DOL,15.5362,9.38058,14.3206
C,X0,oxidation,rf,group,shift,leave-one-group-out,GBL,14.8913,9.99023,15.0381
C,X0,oxidation,rf,group,shift,leave-one-group-out,SL,14.6639,9.73512,14.592
C,X0,oxidation,rf,group,shift,leave-one-group-out,DMSO,13.9586,8.7743,13.9912
C,X0,oxidation,rf,group,shift,leave-one-group-out,AN,17.1966,12.0912,17.5253
C,X0,oxidation,rf,group,shift,leave-one-group-out,TMP,14.0095,9.98025,15.0597
C,X0,oxidation,rf,group,shift,leave-one-group-out,SN,16.3186,11.5411,16.2037
C,X0,oxidation,gbdt,group,shift,leave-one-group-out,DMC,14.9318,10.5967,14.8832
C,X0,oxidation,gbdt,group,shift,leave-one-group-out,EC,15.102,10.7812,15.3865
C,X0,oxidation,gbdt,group,shift,leave-one-group-out,DME,14.0239,8.88952,14.4547
C,X0,oxidation,gbdt,group,shift,leave-one-group-out,DOL,15.5362,9.38058,14.5155
C,X0,oxidation,gbdt,group,shift,leave-one-group-out,GBL,14.8913,9.99023,15.2693
C,X0,oxidation,gbdt,group,shift,leave-one-group-out,SL,14.6639,9.73512,14.2992
C,X0,oxidation,gbdt,group,shift,leave-one-group-out,DMSO,13.9586,8.7743,13.9103
C,X0,oxidation,gbdt,group,shift,leave-one-group-out,AN,17.1966,12.0912,17.3046
C,X0,oxidation,gbdt,group,shift,leave-one-group-out,TMP,14.0095,9.98025,14.7144
C,X0,oxidation,gbdt,group,shift,leave-one-group-out,SN,16.3186,11.5411,16.119
C,X0,oxidation,constant,lofo,direct,leave-one-family-out,DMC,14.9318,10.5967,15.0778
C,X0,oxidation,constant,lofo,direct,leave-one-family-out,EC,15.102,10.7812,15.0589
C,X0,oxidation,constant,lofo,direct,leave-one-family-out,DME,14.0239,8.88952,15.1341
C,X0,oxidation,constant,lofo,direct,leave-one-family-out,DOL,15.5362,9.38058,15.1341
C,X0,oxidation,constant,lofo,direct,leave-one-family-out,GBL,14.8913,9.99023,15.0823
C,X0,oxidation,constant,lofo,direct,leave-one-family-out,SL,14.6639,9.73512,15.1076
C,X0,oxidation,constant,lofo,direct,leave-one-family-out,DMSO,13.9586,8.7743,15.186
C,X0,oxidation,constant,lofo,direct,leave-one-family-out,AN,17.1966,12.0912,14.6397
C,X0,oxidation,constant,lofo,direct,leave-one-family-out,TMP,14.0095,9.98025,15.1803
C,X0,oxidation,constant,lofo,direct,leave-one-family-out,SN,16.3186,11.5411,14.6397
C,X0,oxidation,ridge,lofo,direct,leave-one-family-out,DMC,14.9318,10.5967,15.6365
C,X0,oxidation,ridge,lofo,direct,leave-one-family-out,EC,15.102,10.7812,16.8926
C,X0,oxidation,ridge,lofo,direct,leave-one-family-out,DME,14.0239,8.88952,14.9657
C,X0,oxidation,ridge,lofo,direct,leave-one-family-out,DOL,15.5362,9.38058,15.0454
C,X0,oxidation,ridge,lofo,direct,leave-one-family-out,GBL,14.8913,9.99023,13.8522
C,X0,oxidation,ridge,lofo,direct,leave-one-family-out,SL,14.6639,9.73512,14.3798
C,X0,oxidation,ridge,lofo,direct,leave-one-family-out,DMSO,13.9586,8.7743,15.7854
C,X0,oxidation,ridge,lofo,direct,leave-one-family-out,AN,17.1966,12.0912,14.6294
C,X0,oxidation,ridge,lofo,direct,leave-one-family-out,TMP,14.0095,9.98025,12.966
C,X0,oxidation,ridge,lofo,direct,leave-one-family-out,SN,16.3186,11.5411,14.238
C,X0,oxidation,krr,lofo,direct,leave-one-family-out,DMC,14.9318,10.5967,15.3623
C,X0,oxidation,krr,lofo,direct,leave-one-family-out,EC,15.102,10.7812,16.3409
C,X0,oxidation,krr,lofo,direct,leave-one-family-out,DME,14.0239,8.88952,14.249
C,X0,oxidation,krr,lofo,direct,leave-one-family-out,DOL,15.5362,9.38058,14.505
C,X0,oxidation,krr,lofo,direct,leave-one-family-out,GBL,14.8913,9.99023,15.1964
C,X0,oxidation,krr,lofo,direct,leave-one-family-out,SL,14.6639,9.73512,14.6849
C,X0,oxidation,krr,lofo,direct,leave-one-family-out,DMSO,13.9586,8.7743,15.2812
C,X0,oxidation,krr,lofo,direct,leave-one-family-out,AN,17.1966,12.0912,14.5199
C,X0,oxidation,krr,lofo,direct,leave-one-family-out,TMP,14.0095,9.98025,13.9145
C,X0,oxidation,krr,lofo,direct,leave-one-family-out,SN,16.3186,11.5411,14.4422
C,X0,oxidation,gpr,lofo,direct,leave-one-family-out,DMC,14.9318,10.5967,15.0778
C,X0,oxidation,gpr,lofo,direct,leave-one-family-out,EC,15.102,10.7812,15.0589
C,X0,oxidation,gpr,lofo,direct,leave-one-family-out,DME,14.0239,8.88952,15.1341
C,X0,oxidation,gpr,lofo,direct,leave-one-family-out,DOL,15.5362,9.38058,15.1341
C,X0,oxidation,gpr,lofo,direct,leave-one-family-out,GBL,14.8913,9.99023,15.0823
C,X0,oxidation,gpr,lofo,direct,leave-one-family-out,SL,14.6639,9.73512,15.1076
C,X0,oxidation,gpr,lofo,direct,leave-one-family-out,DMSO,13.9586,8.7743,15.1879
C,X0,oxidation,gpr,lofo,direct,leave-one-family-out,AN,17.1966,12.0912,14.6076
C,X0,oxidation,gpr,lofo,direct,leave-one-family-out,TMP,14.0095,9.98025,15.1803
C,X0,oxidation,gpr,lofo,direct,leave-one-family-out,SN,16.3186,11.5411,14.708
C,X0,oxidation,rf,lofo,direct,leave-one-family-out,DMC,14.9318,10.5967,15.0043
C,X0,oxidation,rf,lofo,direct,leave-one-family-out,EC,15.102,10.7812,15.3438
C,X0,oxidation,rf,lofo,direct,leave-one-family-out,DME,14.0239,8.88952,14.5046
C,X0,oxidation,rf,lofo,direct,leave-one-family-out,DOL,15.5362,9.38058,14.8776
C,X0,oxidation,rf,lofo,direct,leave-one-family-out,GBL,14.8913,9.99023,15.4294
C,X0,oxidation,rf,lofo,direct,leave-one-family-out,SL,14.6639,9.73512,14.6319
C,X0,oxidation,rf,lofo,direct,leave-one-family-out,DMSO,13.9586,8.7743,16.1683
C,X0,oxidation,rf,lofo,direct,leave-one-family-out,AN,17.1966,12.0912,14.817
C,X0,oxidation,rf,lofo,direct,leave-one-family-out,TMP,14.0095,9.98025,14.9782
C,X0,oxidation,rf,lofo,direct,leave-one-family-out,SN,16.3186,11.5411,14.5358
C,X0,oxidation,gbdt,lofo,direct,leave-one-family-out,DMC,14.9318,10.5967,15.1292
C,X0,oxidation,gbdt,lofo,direct,leave-one-family-out,EC,15.102,10.7812,15.3934
C,X0,oxidation,gbdt,lofo,direct,leave-one-family-out,DME,14.0239,8.88952,13.9898
C,X0,oxidation,gbdt,lofo,direct,leave-one-family-out,DOL,15.5362,9.38058,14.2574
C,X0,oxidation,gbdt,lofo,direct,leave-one-family-out,GBL,14.8913,9.99023,15.6739
C,X0,oxidation,gbdt,lofo,direct,leave-one-family-out,SL,14.6639,9.73512,14.4261
C,X0,oxidation,gbdt,lofo,direct,leave-one-family-out,DMSO,13.9586,8.7743,16.3638
C,X0,oxidation,gbdt,lofo,direct,leave-one-family-out,AN,17.1966,12.0912,15.2067
C,X0,oxidation,gbdt,lofo,direct,leave-one-family-out,TMP,14.0095,9.98025,15.4677
C,X0,oxidation,gbdt,lofo,direct,leave-one-family-out,SN,16.3186,11.5411,14.3706
C,X0,oxidation,constant,lofo,shift,leave-one-family-out,DMC,14.9318,10.5967,15.5453
C,X0,oxidation,constant,lofo,shift,leave-one-family-out,EC,15.102,10.7812,15.7313
C,X0,oxidation,constant,lofo,shift,leave-one-family-out,DME,14.0239,8.88952,13.5873
C,X0,oxidation,constant,lofo,shift,leave-one-family-out,DOL,15.5362,9.38058,14.0784
C,X0,oxidation,constant,lofo,shift,leave-one-family-out,GBL,14.8913,9.99023,14.8759
C,X0,oxidation,constant,lofo,shift,leave-one-family-out,SL,14.6639,9.73512,14.6177
C,X0,oxidation,constant,lofo,shift,leave-one-family-out,DMSO,13.9586,8.7743,13.6285
C,X0,oxidation,constant,lofo,shift,leave-one-family-out,AN,17.1966,12.0912,16.9648
C,X0,oxidation,constant,lofo,shift,leave-one-family-out,TMP,14.0095,9.98025,14.9628
C,X0,oxidation,constant,lofo,shift,leave-one-family-out,SN,16.3186,11.5411,16.4148
C,X0,oxidation,ridge,lofo,shift,leave-one-family-out,DMC,14.9318,10.5967,15.2846
C,X0,oxidation,ridge,lofo,shift,leave-one-family-out,EC,15.102,10.7812,15.5843
C,X0,oxidation,ridge,lofo,shift,leave-one-family-out,DME,14.0239,8.88952,13.6428
C,X0,oxidation,ridge,lofo,shift,leave-one-family-out,DOL,15.5362,9.38058,14.1548
C,X0,oxidation,ridge,lofo,shift,leave-one-family-out,GBL,14.8913,9.99023,14.8852
C,X0,oxidation,ridge,lofo,shift,leave-one-family-out,SL,14.6639,9.73512,15.1041
C,X0,oxidation,ridge,lofo,shift,leave-one-family-out,DMSO,13.9586,8.7743,14.1049
C,X0,oxidation,ridge,lofo,shift,leave-one-family-out,AN,17.1966,12.0912,16.9153
C,X0,oxidation,ridge,lofo,shift,leave-one-family-out,TMP,14.0095,9.98025,14.5701
C,X0,oxidation,ridge,lofo,shift,leave-one-family-out,SN,16.3186,11.5411,15.2638
C,X0,oxidation,krr,lofo,shift,leave-one-family-out,DMC,14.9318,10.5967,15.3614
C,X0,oxidation,krr,lofo,shift,leave-one-family-out,EC,15.102,10.7812,15.5049
C,X0,oxidation,krr,lofo,shift,leave-one-family-out,DME,14.0239,8.88952,13.4449
C,X0,oxidation,krr,lofo,shift,leave-one-family-out,DOL,15.5362,9.38058,14.0327
C,X0,oxidation,krr,lofo,shift,leave-one-family-out,GBL,14.8913,9.99023,14.8984
C,X0,oxidation,krr,lofo,shift,leave-one-family-out,SL,14.6639,9.73512,14.5028
C,X0,oxidation,krr,lofo,shift,leave-one-family-out,DMSO,13.9586,8.7743,14.0049
C,X0,oxidation,krr,lofo,shift,leave-one-family-out,AN,17.1966,12.0912,16.9033
C,X0,oxidation,krr,lofo,shift,leave-one-family-out,TMP,14.0095,9.98025,14.3781
C,X0,oxidation,krr,lofo,shift,leave-one-family-out,SN,16.3186,11.5411,15.4011
C,X0,oxidation,gpr,lofo,shift,leave-one-family-out,DMC,14.9318,10.5967,15.4075
C,X0,oxidation,gpr,lofo,shift,leave-one-family-out,EC,15.102,10.7812,15.5158
C,X0,oxidation,gpr,lofo,shift,leave-one-family-out,DME,14.0239,8.88952,13.5873
C,X0,oxidation,gpr,lofo,shift,leave-one-family-out,DOL,15.5362,9.38058,14.0784
C,X0,oxidation,gpr,lofo,shift,leave-one-family-out,GBL,14.8913,9.99023,14.8083
C,X0,oxidation,gpr,lofo,shift,leave-one-family-out,SL,14.6639,9.73512,14.5719
C,X0,oxidation,gpr,lofo,shift,leave-one-family-out,DMSO,13.9586,8.7743,14.0057
C,X0,oxidation,gpr,lofo,shift,leave-one-family-out,AN,17.1966,12.0912,17.1598
C,X0,oxidation,gpr,lofo,shift,leave-one-family-out,TMP,14.0095,9.98025,14.9196
C,X0,oxidation,gpr,lofo,shift,leave-one-family-out,SN,16.3186,11.5411,15.7277
C,X0,oxidation,rf,lofo,shift,leave-one-family-out,DMC,14.9318,10.5967,15.3358
C,X0,oxidation,rf,lofo,shift,leave-one-family-out,EC,15.102,10.7812,15.5674
C,X0,oxidation,rf,lofo,shift,leave-one-family-out,DME,14.0239,8.88952,13.6856
C,X0,oxidation,rf,lofo,shift,leave-one-family-out,DOL,15.5362,9.38058,14.2194
C,X0,oxidation,rf,lofo,shift,leave-one-family-out,GBL,14.8913,9.99023,15.0205
C,X0,oxidation,rf,lofo,shift,leave-one-family-out,SL,14.6639,9.73512,14.5427
C,X0,oxidation,rf,lofo,shift,leave-one-family-out,DMSO,13.9586,8.7743,14.0347
C,X0,oxidation,rf,lofo,shift,leave-one-family-out,AN,17.1966,12.0912,17.4675
C,X0,oxidation,rf,lofo,shift,leave-one-family-out,TMP,14.0095,9.98025,15.077
C,X0,oxidation,rf,lofo,shift,leave-one-family-out,SN,16.3186,11.5411,16.238
C,X0,oxidation,gbdt,lofo,shift,leave-one-family-out,DMC,14.9318,10.5967,14.8846
C,X0,oxidation,gbdt,lofo,shift,leave-one-family-out,EC,15.102,10.7812,15.3769
C,X0,oxidation,gbdt,lofo,shift,leave-one-family-out,DME,14.0239,8.88952,13.8761
C,X0,oxidation,gbdt,lofo,shift,leave-one-family-out,DOL,15.5362,9.38058,14.4783
C,X0,oxidation,gbdt,lofo,shift,leave-one-family-out,GBL,14.8913,9.99023,15.2486
C,X0,oxidation,gbdt,lofo,shift,leave-one-family-out,SL,14.6639,9.73512,14.1895
C,X0,oxidation,gbdt,lofo,shift,leave-one-family-out,DMSO,13.9586,8.7743,13.9149
C,X0,oxidation,gbdt,lofo,shift,leave-one-family-out,AN,17.1966,12.0912,17.4125
C,X0,oxidation,gbdt,lofo,shift,leave-one-family-out,TMP,14.0095,9.98025,14.7306
C,X0,oxidation,gbdt,lofo,shift,leave-one-family-out,SN,16.3186,11.5411,15.9975
C,X0,reduction,constant,random,direct,seed=101,DMC,-4.02254,3.1349,-3.6401
C,X0,reduction,constant,random,direct,seed=101,EC,-3.70877,2.44625,-3.67858
C,X0,reduction,constant,random,direct,seed=101,DME,-3.44704,3.62039,-4.03329
C,X0,reduction,constant,random,direct,seed=101,DOL,-4.03329,4.0277,-3.44704
C,X0,reduction,constant,random,direct,seed=101,GBL,-3.71793,2.45979,-3.6401
C,X0,reduction,constant,random,direct,seed=101,SL,-3.3579,2.86243,-3.69986
C,X0,reduction,constant,random,direct,seed=101,DMSO,-3.72385,2.74265,-3.67858
C,X0,reduction,constant,random,direct,seed=101,AN,-3.90449,3.16857,-3.20788
C,X0,reduction,constant,random,direct,seed=101,TMP,-3.73753,2.73899,-3.70958
C,X0,reduction,constant,random,direct,seed=101,SN,-3.20788,1.71938,-3.90449
C,X0,reduction,constant,random,direct,seed=211,DMC,-4.02254,3.1349,-3.67396
C,X0,reduction,constant,random,direct,seed=211,EC,-3.70877,2.44625,-3.6399
C,X0,reduction,constant,random,direct,seed=211,DME,-3.44704,3.62039,-4.03329
C,X0,reduction,constant,random,direct,seed=211,DOL,-4.03329,4.0277,-3.44704
C,X0,reduction,constant,random,direct,seed=211,GBL,-3.71793,2.45979,-3.72318
C,X0,reduction,constant,random,direct,seed=211,SL,-3.3579,2.86243,-3.72318
C,X0,reduction,constant,random,direct,seed=211,DMSO,-3.72385,2.74265,-3.74119
C,X0,reduction,constant,random,direct,seed=211,AN,-3.90449,3.16857,-3.20788
C,X0,reduction,constant,random,direct,seed=211,TMP,-3.73753,2.73899,-3.6524
C,X0,reduction,constant,random,direct,seed=211,SN,-3.20788,1.71938,-3.90449
C,X0,reduction,constant,random,direct,seed=307,DMC,-4.02254,3.1349,-3.63935
C,X0,reduction,constant,random,direct,seed=307,EC,-3.70877,2.44625,-3.72432
C,X0,reduction,constant,random,direct,seed=307,DME,-3.44704,3.62039,-4.03329
C,X0,reduction,constant,random,direct,seed=307,DOL,-4.03329,4.0277,-3.44704
C,X0,reduction,constant,random,direct,seed=307,GBL,-3.71793,2.45979,-3.63875
C,X0,reduction,constant,random,direct,seed=307,SL,-3.3579,2.86243,-3.72432
C,X0,reduction,constant,random,direct,seed=307,DMSO,-3.72385,2.74265,-3.63935
C,X0,reduction,constant,random,direct,seed=307,AN,-3.90449,3.16857,-3.20788
C,X0,reduction,constant,random,direct,seed=307,TMP,-3.73753,2.73899,-3.6524
C,X0,reduction,constant,random,direct,seed=307,SN,-3.20788,1.71938,-3.90449
C,X0,reduction,constant,random,direct,seed=401,DMC,-4.02254,3.1349,-3.61677
C,X0,reduction,constant,random,direct,seed=401,EC,-3.70877,2.44625,-3.67858
C,X0,reduction,constant,random,direct,seed=401,DME,-3.44704,3.62039,-3.67261
C,X0,reduction,constant,random,direct,seed=401,DOL,-4.03329,4.0277,-3.67261
C,X0,reduction,constant,random,direct,seed=401,GBL,-3.71793,2.45979,-3.72318
C,X0,reduction,constant,random,direct,seed=401,SL,-3.3579,2.86243,-3.72318
C,X0,reduction,constant,random,direct,seed=401,DMSO,-3.72385,2.74265,-3.67858
C,X0,reduction,constant,random,direct,seed=401,AN,-3.90449,3.16857,-3.20788
C,X0,reduction,constant,random,direct,seed=401,TMP,-3.73753,2.73899,-3.73948
C,X0,reduction,constant,random,direct,seed=401,SN,-3.20788,1.71938,-3.90449
C,X0,reduction,constant,random,direct,seed=503,DMC,-4.02254,3.1349,-3.64124
C,X0,reduction,constant,random,direct,seed=503,EC,-3.70877,2.44625,-3.64124
C,X0,reduction,constant,random,direct,seed=503,DME,-3.44704,3.62039,-4.03329
C,X0,reduction,constant,random,direct,seed=503,DOL,-4.03329,4.0277,-3.44704
C,X0,reduction,constant,random,direct,seed=503,GBL,-3.71793,2.45979,-3.63875
C,X0,reduction,constant,random,direct,seed=503,SL,-3.3579,2.86243,-3.75704
C,X0,reduction,constant,random,direct,seed=503,DMSO,-3.72385,2.74265,-3.65411
C,X0,reduction,constant,random,direct,seed=503,AN,-3.90449,3.16857,-3.20788
C,X0,reduction,constant,random,direct,seed=503,TMP,-3.73753,2.73899,-3.73948
C,X0,reduction,constant,random,direct,seed=503,SN,-3.20788,1.71938,-3.90449
C,X0,reduction,ridge,random,direct,seed=101,DMC,-4.02254,3.1349,-3.64089
C,X0,reduction,ridge,random,direct,seed=101,EC,-3.70877,2.44625,-3.76102
C,X0,reduction,ridge,random,direct,seed=101,DME,-3.44704,3.62039,-2.94719
C,X0,reduction,ridge,random,direct,seed=101,DOL,-4.03329,4.0277,-3.50705
C,X0,reduction,ridge,random,direct,seed=101,GBL,-3.71793,2.45979,-3.63962
C,X0,reduction,ridge,random,direct,seed=101,SL,-3.3579,2.86243,-3.61158
C,X0,reduction,ridge,random,direct,seed=101,DMSO,-3.72385,2.74265,-3.58833
C,X0,reduction,ridge,random,direct,seed=101,AN,-3.90449,3.16857,-3.59858
C,X0,reduction,ridge,random,direct,seed=101,TMP,-3.73753,2.73899,-2.89292
C,X0,reduction,ridge,random,direct,seed=101,SN,-3.20788,1.71938,-3.81933
C,X0,reduction,ridge,random,direct,seed=211,DMC,-4.02254,3.1349,-3.73299
C,X0,reduction,ridge,random,direct,seed=211,EC,-3.70877,2.44625,-3.63957
C,X0,reduction,ridge,random,direct,seed=211,DME,-3.44704,3.62039,-3.83981
C,X0,reduction,ridge,random,direct,seed=211,DOL,-4.03329,4.0277,-3.64117
C,X0,reduction,ridge,random,direct,seed=211,GBL,-3.71793,2.45979,-3.69276
C,X0,reduction,ridge,random,direct,seed=211,SL,-3.3579,2.86243,-3.48776
C,X0,reduction,ridge,random,direct,seed=211,DMSO,-3.72385,2.74265,-3.65083
C,X0,reduction,ridge,random,direct,seed=211,AN,-3.90449,3.16857,-3.7736
C,X0,reduction,ridge,random,direct,seed=211,TMP,-3.73753,2.73899,-3.48449
C,X0,reduction,ridge,random,direct,seed=211,SN,-3.20788,1.71938,-3.62737
C,X0,reduction,ridge,random,direct,seed=307,DMC,-4.02254,3.1349,-3.64034
C,X0,reduction,ridge,random,direct,seed=307,EC,-3.70877,2.44625,-3.66416
C,X0,reduction,ridge,random,direct,seed=307,DME,-3.44704,3.62039,-3.80211
C,X0,reduction,ridge,random,direct,seed=307,DOL,-4.03329,4.0277,-3.63974
C,X0,reduction,ridge,random,direct,seed=307,GBL,-3.71793,2.45979,-3.63851
C,X0,reduction,ridge,random,direct,seed=307,SL,-3.3579,2.86243,-3.47774
C,X0,reduction,ridge,random,direct,seed=307,DMSO,-3.72385,2.74265,-3.64162
C,X0,reduction,ridge,random,direct,seed=307,AN,-3.90449,3.16857,-3.7736
C,X0,reduction,ridge,random,direct,seed=307,TMP,-3.73753,2.73899,-3.48449
C,X0,reduction,ridge,random,direct,seed=307,SN,-3.20788,1.71938,-3.4824
C,X0,reduction,ridge,random,direct,seed=401,DMC,-4.02254,3.1349,-3.61761
C,X0,reduction,ridge,random,direct,seed=401,EC,-3.70877,2.44625,-3.76102
C,X0,reduction,ridge,random,direct,seed=401,DME,-3.44704,3.62039,-3.96002
C,X0,reduction,ridge,random,direct,seed=401,DOL,-4.03329,4.0277,-4.34601
C,X0,reduction,ridge,random,direct,seed=401,GBL,-3.71793,2.45979,-3.69276
C,X0,reduction,ridge,random,direct,seed=401,SL,-3.3579,2.86243,-3.48776
C,X0,reduction,ridge,random,direct,seed=401,DMSO,-3.72385,2.74265,-3.58833
C,X0,reduction,ridge,random,direct,seed=401,AN,-3.90449,3.16857,-3.61929
C,X0,reduction,ridge,random,direct,seed=401,TMP,-3.73753,2.73899,-3.4194
C,X0,reduction,ridge,random,direct,seed=401,SN,-3.20788,1.71938,-3.39069
C,X0,reduction,ridge,random,direct,seed=503,DMC,-4.02254,3.1349,-3.64309
C,X0,reduction,ridge,random,direct,seed=503,EC,-3.70877,2.44625,-3.63333
C,X0,reduction,ridge,random,direct,seed=503,DME,-3.44704,3.62039,-3.79828
C,X0,reduction,ridge,random,direct,seed=503,DOL,-4.03329,4.0277,-3.63974
C,X0,reduction,ridge,random,direct,seed=503,GBL,-3.71793,2.45979,-3.63851
C,X0,reduction,ridge,random,direct,seed=503,SL,-3.3579,2.86243,-3.60313
C,X0,reduction,ridge,random,direct,seed=503,DMSO,-3.72385,2.74265,-3.49186
C,X0,reduction,ridge,random,direct,seed=503,AN,-3.90449,3.16857,-3.54616
C,X0,reduction,ridge,random,direct,seed=503,TMP,-3.73753,2.73899,-3.4194
C,X0,reduction,ridge,random,direct,seed=503,SN,-3.20788,1.71938,-3.39069
C,X0,reduction,krr,random,direct,seed=101,DMC,-4.02254,3.1349,-3.86736
C,X0,reduction,krr,random,direct,seed=101,EC,-3.70877,2.44625,-3.74285
C,X0,reduction,krr,random,direct,seed=101,DME,-3.44704,3.62039,-2.7514
C,X0,reduction,krr,random,direct,seed=101,DOL,-4.03329,4.0277,-3.52698
C,X0,reduction,krr,random,direct,seed=101,GBL,-3.71793,2.45979,-3.63871
C,X0,reduction,krr,random,direct,seed=101,SL,-3.3579,2.86243,-3.63891
C,X0,reduction,krr,random,direct,seed=101,DMSO,-3.72385,2.74265,-3.59223
C,X0,reduction,krr,random,direct,seed=101,AN,-3.90449,3.16857,-3.5421
C,X0,reduction,krr,random,direct,seed=101,TMP,-3.73753,2.73899,-2.60111
C,X0,reduction,krr,random,direct,seed=101,SN,-3.20788,1.71938,-3.82664
C,X0,reduction,krr,random,direct,seed=211,DMC,-4.02254,3.1349,-3.87994
C,X0,reduction,krr,random,direct,seed=211,EC,-3.70877,2.44625,-3.60009
C,X0,reduction,krr,random,direct,seed=211,DME,-3.44704,3.62039,-3.84337
C,X0,reduction,krr,random,direct,seed=211,DOL,-4.03329,4.0277,-3.69127
C,X0,reduction,krr,random,direct,seed=211,GBL,-3.71793,2.45979,-3.71244
C,X0,reduction,krr,random,direct,seed=211,SL,-3.3579,2.86243,-3.55986
C,X0,reduction,krr,random,direct,seed=211,DMSO,-3.72385,2.74265,-3.68744
C,X0,reduction,krr,random,direct,seed=211,AN,-3.90449,3.16857,-3.73252
C,X0,reduction,krr,random,direct,seed=211,TMP,-3.73753,2.73899,-3.26688
C,X0,reduction,krr,random,direct,seed=211,SN,-3.20788,1.71938,-3.70625
C,X0,reduction,krr,random,direct,seed=307,DMC,-4.02254,3.1349,-3.63123
C,X0,reduction,krr,random,direct,seed=307,EC,-3.70877,2.44625,-3.66356
C,X0,reduction,krr,random,direct,seed=307,DME,-3.44704,3.62039,-3.79837
C,X0,reduction,krr,random,direct,seed=307,DOL,-4.03329,4.0277,-3.60243
C,X0,reduction,krr,random,direct,seed=307,GBL,-3.71793,2.45979,-3.59746
C,X0,reduction,krr,random,direct,seed=307,SL,-3.3579,2.86243,-3.63488
C,X0,reduction,krr,random,direct,seed=307,DMSO,-3.72385,2.74265,-3.59418
C,X0,reduction,krr,random,direct,seed=307,AN,-3.90449,3.16857,-3.73252
C,X0,reduction,krr,random,direct,seed=307,TMP,-3.73753,2.73899,-3.26688
C,X0,reduction,krr,random,direct,seed=307,SN,-3.20788,1.71938,-3.71082
C,X0,reduction,krr,random,direct,seed=401,DMC,-4.02254,3.1349,-3.60279
C,X0,reduction,krr,random,direct,seed=401,EC,-3.70877,2.44625,-3.74285
C,X0,reduction,krr,random,direct,seed=401,DME,-3.44704,3.62039,-3.67018
C,X0,reduction,krr,random,direct,seed=401,DOL,-4.03329,4.0277,-3.77826
C,X0,reduction,krr,random,direct,seed=401,GBL,-3.71793,2.45979,-3.69992
C,X0,reduction,krr,random,direct,seed=401,SL,-3.3579,2.86243,-3.4851
C,X0,reduction,krr,random,direct,seed=401,DMSO,-3.72385,2.74265,-3.59223
C,X0,reduction,krr,random,direct,seed=401,AN,-3.90449,3.16857,-3.54865
C,X0,reduction,krr,random,direct,seed=401,TMP,-3.73753,2.73899,-3.3795
C,X0,reduction,krr,random,direct,seed=401,SN,-3.20788,1.71938,-3.59655
C,X0,reduction,krr,random,direct,seed=503,DMC,-4.02254,3.1349,-3.62355
C,X0,reduction,krr,random,direct,seed=503,EC,-3.70877,2.44625,-3.55543
C,X0,reduction,krr,random,direct,seed=503,DME,-3.44704,3.62039,-3.73121
C,X0,reduction,krr,random,direct,seed=503,DOL,-4.03329,4.0277,-3.79688
C,X0,reduction,krr,random,direct,seed=503,GBL,-3.71793,2.45979,-3.62906
C,X0,reduction,krr,random,direct,seed=503,SL,-3.3579,2.86243,-3.68311
C,X0,reduction,krr,random,direct,seed=503,DMSO,-3.72385,2.74265,-3.4544
C,X0,reduction,krr,random,direct,seed=503,AN,-3.90449,3.16857,-3.52173
C,X0,reduction,krr,random,direct,seed=503,TMP,-3.73753,2.73899,-3.42384
C,X0,reduction,krr,random,direct,seed=503,SN,-3.20788,1.71938,-3.65413
C,X0,reduction,gpr,random,direct,seed=101,DMC,-4.02254,3.1349,-3.64009
C,X0,reduction,gpr,random,direct,seed=101,EC,-3.70877,2.44625,-3.67858
C,X0,reduction,gpr,random,direct,seed=101,DME,-3.44704,3.62039,-3.42071
C,X0,reduction,gpr,random,direct,seed=101,DOL,-4.03329,4.0277,-3.60994
C,X0,reduction,gpr,random,direct,seed=101,GBL,-3.71793,2.45979,-3.6401
C,X0,reduction,gpr,random,direct,seed=101,SL,-3.3579,2.86243,-3.69986
C,X0,reduction,gpr,random,direct,seed=101,DMSO,-3.72385,2.74265,-3.67858
C,X0,reduction,gpr,random,direct,seed=101,AN,-3.90449,3.16857,-3.69986
C,X0,reduction,gpr,random,direct,seed=101,TMP,-3.73753,2.73899,-3.3939
C,X0,reduction,gpr,random,direct,seed=101,SN,-3.20788,1.71938,-3.76869
C,X0,reduction,gpr,random,direct,seed=211,DMC,-4.02254,3.1349,-3.67396
C,X0,reduction,gpr,random,direct,seed=211,EC,-3.70877,2.44625,-3.6399
C,X0,reduction,gpr,random,direct,seed=211,DME,-3.44704,3.62039,-3.67396
C,X0,reduction,gpr,random,direct,seed=211,DOL,-4.03329,4.0277,-3.63989
C,X0,reduction,gpr,random,direct,seed=211,GBL,-3.71793,2.45979,-3.72317
C,X0,reduction,gpr,random,direct,seed=211,SL,-3.3579,2.86243,-3.72318
C,X0,reduction,gpr,random,direct,seed=211,DMSO,-3.72385,2.74265,-3.74152
C,X0,reduction,gpr,random,direct,seed=211,AN,-3.90449,3.16857,-3.6524
C,X0,reduction,gpr,random,direct,seed=211,TMP,-3.73753,2.73899,-3.6524
C,X0,reduction,gpr,random,direct,seed=211,SN,-3.20788,1.71938,-3.7417
C,X0,reduction,gpr,random,direct,seed=307,DMC,-4.02254,3.1349,-3.63935
C,X0,reduction,gpr,random,direct,seed=307,EC,-3.70877,2.44625,-3.72432
C,X0,reduction,gpr,random,direct,seed=307,DME,-3.44704,3.62039,-3.78363
C,X0,reduction,gpr,random,direct,seed=307,DOL,-4.03329,4.0277,-3.63875
C,X0,reduction,gpr,random,direct,seed=307,GBL,-3.71793,2.45979,-3.63876
C,X0,reduction,gpr,random,direct,seed=307,SL,-3.3579,2.86243,-3.72432
C,X0,reduction,gpr,random,direct,seed=307,DMSO,-3.72385,2.74265,-3.63935
C,X0,reduction,gpr,random,direct,seed=307,AN,-3.90449,3.16857,-3.6524
C,X0,reduction,gpr,random,direct,seed=307,TMP,-3.73753,2.73899,-3.6524
C,X0,reduction,gpr,random,direct,seed=307,SN,-3.20788,1.71938,-3.78215
C,X0,reduction,gpr,random,direct,seed=401,DMC,-4.02254,3.1349,-3.61675
C,X0,reduction,gpr,random,direct,seed=401,EC,-3.70877,2.44625,-3.67858
C,X0,reduction,gpr,random,direct,seed=401,DME,-3.44704,3.62039,-3.67261
C,X0,reduction,gpr,random,direct,seed=401,DOL,-4.03329,4.0277,-3.67261
C,X0,reduction,gpr,random,direct,seed=401,GBL,-3.71793,2.45979,-3.72317
C,X0,reduction,gpr,random,direct,seed=401,SL,-3.3579,2.86243,-3.72318
C,X0,reduction,gpr,random,direct,seed=401,DMSO,-3.72385,2.74265,-3.67858
C,X0,reduction,gpr,random,direct,seed=401,AN,-3.90449,3.16857,-3.61678
C,X0,reduction,gpr,random,direct,seed=401,TMP,-3.73753,2.73899,-3.73948
C,X0,reduction,gpr,random,direct,seed=401,SN,-3.20788,1.71938,-3.74042
C,X0,reduction,gpr,random,direct,seed=503,DMC,-4.02254,3.1349,-3.64124
C,X0,reduction,gpr,random,direct,seed=503,EC,-3.70877,2.44625,-3.64124
C,X0,reduction,gpr,random,direct,seed=503,DME,-3.44704,3.62039,-3.75704
C,X0,reduction,gpr,random,direct,seed=503,DOL,-4.03329,4.0277,-3.63875
C,X0,reduction,gpr,random,direct,seed=503,GBL,-3.71793,2.45979,-3.63876
C,X0,reduction,gpr,random,direct,seed=503,SL,-3.3579,2.86243,-3.75701
C,X0,reduction,gpr,random,direct,seed=503,DMSO,-3.72385,2.74265,-3.65411
C,X0,reduction,gpr,random,direct,seed=503,AN,-3.90449,3.16857,-3.65411
C,X0,reduction,gpr,random,direct,seed=503,TMP,-3.73753,2.73899,-3.73948
C,X0,reduction,gpr,random,direct,seed=503,SN,-3.20788,1.71938,-3.74042
C,X0,reduction,rf,random,direct,seed=101,DMC,-4.02254,3.1349,-3.67723
C,X0,reduction,rf,random,direct,seed=101,EC,-3.70877,2.44625,-3.64554
C,X0,reduction,rf,random,direct,seed=101,DME,-3.44704,3.62039,-3.55427
C,X0,reduction,rf,random,direct,seed=101,DOL,-4.03329,4.0277,-3.60108
C,X0,reduction,rf,random,direct,seed=101,GBL,-3.71793,2.45979,-3.50715
C,X0,reduction,rf,random,direct,seed=101,SL,-3.3579,2.86243,-3.66886
C,X0,reduction,rf,random,direct,seed=101,DMSO,-3.72385,2.74265,-3.69
C,X0,reduction,rf,random,direct,seed=101,AN,-3.90449,3.16857,-3.7909
C,X0,reduction,rf,random,direct,seed=101,TMP,-3.73753,2.73899,-3.47989
C,X0,reduction,rf,random,direct,seed=101,SN,-3.20788,1.71938,-3.73374
C,X0,reduction,rf,random,direct,seed=211,DMC,-4.02254,3.1349,-3.71298
C,X0,reduction,rf,random,direct,seed=211,EC,-3.70877,2.44625,-3.65763
C,X0,reduction,rf,random,direct,seed=211,DME,-3.44704,3.62039,-3.70429
C,X0,reduction,rf,random,direct,seed=211,DOL,-4.03329,4.0277,-3.71804
C,X0,reduction,rf,random,direct,seed=211,GBL,-3.71793,2.45979,-3.61792
C,X0,reduction,rf,random,direct,seed=211,SL,-3.3579,2.86243,-3.66699
C,X0,reduction,rf,random,direct,seed=211,DMSO,-3.72385,2.74265,-3.71209
C,X0,reduction,rf,random,direct,seed=211,AN,-3.90449,3.16857,-3.79875
C,X0,reduction,rf,random,direct,seed=211,TMP,-3.73753,2.73899,-3.48746
C,X0,reduction,rf,random,direct,seed=211,SN,-3.20788,1.71938,-3.73819
C,X0,reduction,rf,random,direct,seed=307,DMC,-4.02254,3.1349,-3.68336
C,X0,reduction,rf,random,direct,seed=307,EC,-3.70877,2.44625,-3.79557
C,X0,reduction,rf,random,direct,seed=307,DME,-3.44704,3.62039,-3.79103
C,X0,reduction,rf,random,direct,seed=307,DOL,-4.03329,4.0277,-3.65158
C,X0,reduction,rf,random,direct,seed=307,GBL,-3.71793,2.45979,-3.52026
C,X0,reduction,rf,random,direct,seed=307,SL,-3.3579,2.86243,-3.63235
C,X0,reduction,rf,random,direct,seed=307,DMSO,-3.72385,2.74265,-3.72102
C,X0,reduction,rf,random,direct,seed=307,AN,-3.90449,3.16857,-3.7754
C,X0,reduction,rf,random,direct,seed=307,TMP,-3.73753,2.73899,-3.46309
C,X0,reduction,rf,random,direct,seed=307,SN,-3.20788,1.71938,-3.66275
C,X0,reduction,rf,random,direct,seed=401,DMC,-4.02254,3.1349,-3.69636
C,X0,reduction,rf,random,direct,seed=401,EC,-3.70877,2.44625,-3.65414
C,X0,reduction,rf,random,direct,seed=401,DME,-3.44704,3.62039,-3.62114
C,X0,reduction,rf,random,direct,seed=401,DOL,-4.03329,4.0277,-3.76936
C,X0,reduction,rf,random,direct,seed=401,GBL,-3.71793,2.45979,-3.60149
C,X0,reduction,rf,random,direct,seed=401,SL,-3.3579,2.86243,-3.66087
C,X0,reduction,rf,random,direct,seed=401,DMSO,-3.72385,2.74265,-3.70081
C,X0,reduction,rf,random,direct,seed=401,AN,-3.90449,3.16857,-3.81948
C,X0,reduction,rf,random,direct,seed=401,TMP,-3.73753,2.73899,-3.57979
C,X0,reduction,rf,random,direct,seed=401,SN,-3.20788,1.71938,-3.73818
C,X0,reduction,rf,random,direct,seed=503,DMC,-4.02254,3.1349,-3.67004
C,X0,reduction,rf,random,direct,seed=503,EC,-3.70877,2.44625,-3.54265
C,X0,reduction,rf,random,direct,seed=503,DME,-3.44704,3.62039,-3.7339
C,X0,reduction,rf,random,direct,seed=503,DOL,-4.03329,4.0277,-3.67235
C,X0,reduction,rf,random,direct,seed=503,GBL,-3.71793,2.45979,-3.51782
C,X0,reduction,rf,random,direct,seed=503,SL,-3.3579,2.86243,-3.66642
C,X0,reduction,rf,random,direct,seed=503,DMSO,-3.72385,2.74265,-3.61976
C,X0,reduction,rf,random,direct,seed=503,AN,-3.90449,3.16857,-3.73452
C,X0,reduction,rf,random,direct,seed=503,TMP,-3.73753,2.73899,-3.65588
C,X0,reduction,rf,random,direct,seed=503,SN,-3.20788,1.71938,-3.73204
C,X0,reduction,gbdt,random,direct,seed=101,DMC,-4.02254,3.1349,-3.80617
C,X0,reduction,gbdt,random,direct,seed=101,EC,-3.70877,2.44625,-3.702
C,X0,reduction,gbdt,random,direct,seed=101,DME,-3.44704,3.62039,-3.37253
C,X0,reduction,gbdt,random,direct,seed=101,DOL,-4.03329,4.0277,-3.51743
C,X0,reduction,gbdt,random,direct,seed=101,GBL,-3.71793,2.45979,-3.57499
C,X0,reduction,gbdt,random,direct,seed=101,SL,-3.3579,2.86243,-3.63075
C,X0,reduction,gbdt,random,direct,seed=101,DMSO,-3.72385,2.74265,-3.69907
C,X0,reduction,gbdt,random,direct,seed=101,AN,-3.90449,3.16857,-3.74636
C,X0,reduction,gbdt,random,direct,seed=101,TMP,-3.73753,2.73899,-3.38958
C,X0,reduction,gbdt,random,direct,seed=101,SN,-3.20788,1.71938,-3.77323
C,X0,reduction,gbdt,random,direct,seed=211,DMC,-4.02254,3.1349,-3.73684
C,X0,reduction,gbdt,random,direct,seed=211,EC,-3.70877,2.44625,-3.65724
C,X0,reduction,gbdt,random,direct,seed=211,DME,-3.44704,3.62039,-3.85862
C,X0,reduction,gbdt,random,direct,seed=211,DOL,-4.03329,4.0277,-3.88047
C,X0,reduction,gbdt,random,direct,seed=211,GBL,-3.71793,2.45979,-3.5681
C,X0,reduction,gbdt,random,direct,seed=211,SL,-3.3579,2.86243,-3.55758
C,X0,reduction,gbdt,random,direct,seed=211,DMSO,-3.72385,2.74265,-3.49606
C,X0,reduction,gbdt,random,direct,seed=211,AN,-3.90449,3.16857,-3.73295
C,X0,reduction,gbdt,random,direct,seed=211,TMP,-3.73753,2.73899,-3.34216
C,X0,reduction,gbdt,random,direct,seed=211,SN,-3.20788,1.71938,-3.67108
C,X0,reduction,gbdt,random,direct,seed=307,DMC,-4.02254,3.1349,-3.75316
C,X0,reduction,gbdt,random,direct,seed=307,EC,-3.70877,2.44625,-3.8993
C,X0,reduction,gbdt,random,direct,seed=307,DME,-3.44704,3.62039,-3.81592
C,X0,reduction,gbdt,random,direct,seed=307,DOL,-4.03329,4.0277,-3.86716
C,X0,reduction,gbdt,random,direct,seed=307,GBL,-3.71793,2.45979,-3.58595
C,X0,reduction,gbdt,random,direct,seed=307,SL,-3.3579,2.86243,-3.64647
C,X0,reduction,gbdt,random,direct,seed=307,DMSO,-3.72385,2.74265,-3.89075
C,X0,reduction,gbdt,random,direct,seed=307,AN,-3.90449,3.16857,-3.73357
C,X0,reduction,gbdt,random,direct,seed=307,TMP,-3.73753,2.73899,-3.34849
C,X0,reduction,gbdt,random,direct,seed=307,SN,-3.20788,1.71938,-3.70965
C,X0,reduction,gbdt,random,direct,seed=401,DMC,-4.02254,3.1349,-3.79562
C,X0,reduction,gbdt,random,direct,seed=401,EC,-3.70877,2.44625,-3.64502
C,X0,reduction,gbdt,random,direct,seed=401,DME,-3.44704,3.62039,-3.73062
C,X0,reduction,gbdt,random,direct,seed=401,DOL,-4.03329,4.0277,-3.90568
C,X0,reduction,gbdt,random,direct,seed=401,GBL,-3.71793,2.45979,-3.58256
C,X0,reduction,gbdt,random,direct,seed=401,SL,-3.3579,2.86243,-3.62999
C,X0,reduction,gbdt,random,direct,seed=401,DMSO,-3.72385,2.74265,-3.72667
C,X0,reduction,gbdt,random,direct,seed=401,AN,-3.90449,3.16857,-3.84553
C,X0,reduction,gbdt,random,direct,seed=401,TMP,-3.73753,2.73899,-3.48841
C,X0,reduction,gbdt,random,direct,seed=401,SN,-3.20788,1.71938,-3.71927
C,X0,reduction,gbdt,random,direct,seed=503,DMC,-4.02254,3.1349,-3.75996
C,X0,reduction,gbdt,random,direct,seed=503,EC,-3.70877,2.44625,-3.51732
C,X0,reduction,gbdt,random,direct,seed=503,DME,-3.44704,3.62039,-3.78536
C,X0,reduction,gbdt,random,direct,seed=503,DOL,-4.03329,4.0277,-3.86173
C,X0,reduction,gbdt,random,direct,seed=503,GBL,-3.71793,2.45979,-3.55903
C,X0,reduction,gbdt,random,direct,seed=503,SL,-3.3579,2.86243,-3.6276
C,X0,reduction,gbdt,random,direct,seed=503,DMSO,-3.72385,2.74265,-3.84793
C,X0,reduction,gbdt,random,direct,seed=503,AN,-3.90449,3.16857,-3.8474
C,X0,reduction,gbdt,random,direct,seed=503,TMP,-3.73753,2.73899,-3.48268
C,X0,reduction,gbdt,random,direct,seed=503,SN,-3.20788,1.71938,-3.71962
C,X0,reduction,constant,random,shift,seed=101,DMC,-4.02254,3.1349,-3.42099
C,X0,reduction,constant,random,shift,seed=101,EC,-3.70877,2.44625,-4.19885
C,X0,reduction,constant,random,shift,seed=101,DME,-3.44704,3.62039,-4.44061
C,X0,reduction,constant,random,shift,seed=101,DOL,-4.03329,4.0277,-3.03973
C,X0,reduction,constant,random,shift,seed=101,GBL,-3.71793,2.45979,-4.0961
C,X0,reduction,constant,random,shift,seed=101,SL,-3.3579,2.86243,-3.69868
C,X0,reduction,constant,random,shift,seed=101,DMSO,-3.72385,2.74265,-3.90245
C,X0,reduction,constant,random,shift,seed=101,AN,-3.90449,3.16857,-1.7587
C,X0,reduction,constant,random,shift,seed=101,TMP,-3.73753,2.73899,-3.79081
C,X0,reduction,constant,random,shift,seed=101,SN,-3.20788,1.71938,-5.35368
C,X0,reduction,constant,random,shift,seed=211,DMC,-4.02254,3.1349,-3.30978
C,X0,reduction,constant,random,shift,seed=211,EC,-3.70877,2.44625,-3.99953
C,X0,reduction,constant,random,shift,seed=211,DME,-3.44704,3.62039,-4.44061
C,X0,reduction,constant,random,shift,seed=211,DOL,-4.03329,4.0277,-3.03973
C,X0,reduction,constant,random,shift,seed=211,GBL,-3.71793,2.45979,-4.21324
C,X0,reduction,constant,random,shift,seed=211,SL,-3.3579,2.86243,-3.8106
C,X0,reduction,constant,random,shift,seed=211,DMSO,-3.72385,2.74265,-4.05592
C,X0,reduction,constant,random,shift,seed=211,AN,-3.90449,3.16857,-1.7587
C,X0,reduction,constant,random,shift,seed=211,TMP,-3.73753,2.73899,-3.7901
C,X0,reduction,constant,random,shift,seed=211,SN,-3.20788,1.71938,-5.35368
C,X0,reduction,constant,random,shift,seed=307,DMC,-4.02254,3.1349,-3.38489
C,X0,reduction,constant,random,shift,seed=307,EC,-3.70877,2.44625,-4.22962
C,X0,reduction,constant,random,shift,seed=307,DME,-3.44704,3.62039,-4.44061
C,X0,reduction,constant,random,shift,seed=307,DOL,-4.03329,4.0277,-3.03973
C,X0,reduction,constant,random,shift,seed=307,GBL,-3.71793,2.45979,-3.98315
C,X0,reduction,constant,random,shift,seed=307,SL,-3.3579,2.86243,-3.81343
C,X0,reduction,constant,random,shift,seed=307,DMSO,-3.72385,2.74265,-3.77715
C,X0,reduction,constant,random,shift,seed=307,AN,-3.90449,3.16857,-1.7587
C,X0,reduction,constant,random,shift,seed=307,TMP,-3.73753,2.73899,-3.7901
C,X0,reduction,constant,random,shift,seed=307,SN,-3.20788,1.71938,-5.35368
C,X0,reduction,constant,random,shift,seed=401,DMC,-4.02254,3.1349,-3.30907
C,X0,reduction,constant,random,shift,seed=401,EC,-3.70877,2.44625,-4.19885
C,X0,reduction,constant,random,shift,seed=401,DME,-3.44704,3.62039,-2.71134
C,X0,reduction,constant,random,shift,seed=401,DOL,-4.03329,4.0277,-2.30403
C,X0,reduction,constant,random,shift,seed=401,GBL,-3.71793,2.45979,-4.21324
C,X0,reduction,constant,random,shift,seed=401,SL,-3.3579,2.86243,-3.8106
C,X0,reduction,constant,random,shift,seed=401,DMSO,-3.72385,2.74265,-3.90245
C,X0,reduction,constant,random,shift,seed=401,AN,-3.90449,3.16857,-1.7587
C,X0,reduction,constant,random,shift,seed=401,TMP,-3.73753,2.73899,-4.05833
C,X0,reduction,constant,random,shift,seed=401,SN,-3.20788,1.71938,-5.35368
C,X0,reduction,constant,random,shift,seed=503,DMC,-4.02254,3.1349,-3.42383
C,X0,reduction,constant,random,shift,seed=503,EC,-3.70877,2.44625,-4.11248
C,X0,reduction,constant,random,shift,seed=503,DME,-3.44704,3.62039,-4.44061
C,X0,reduction,constant,random,shift,seed=503,DOL,-4.03329,4.0277,-3.03973
C,X0,reduction,constant,random,shift,seed=503,GBL,-3.71793,2.45979,-3.98315
C,X0,reduction,constant,random,shift,seed=503,SL,-3.3579,2.86243,-3.69938
C,X0,reduction,constant,random,shift,seed=503,DMSO,-3.72385,2.74265,-3.78769
C,X0,reduction,constant,random,shift,seed=503,AN,-3.90449,3.16857,-1.7587
C,X0,reduction,constant,random,shift,seed=503,TMP,-3.73753,2.73899,-4.05833
C,X0,reduction,constant,random,shift,seed=503,SN,-3.20788,1.71938,-5.35368
C,X0,reduction,ridge,random,shift,seed=101,DMC,-4.02254,3.1349,-3.44157
C,X0,reduction,ridge,random,shift,seed=101,EC,-3.70877,2.44625,-3.47319
C,X0,reduction,ridge,random,shift,seed=101,DME,-3.44704,3.62039,-1.5135
C,X0,reduction,ridge,random,shift,seed=101,DOL,-4.03329,4.0277,-2.78875
C,X0,reduction,ridge,random,shift,seed=101,GBL,-3.71793,2.45979,-3.86912
C,X0,reduction,ridge,random,shift,seed=101,SL,-3.3579,2.86243,-2.60479
C,X0,reduction,ridge,random,shift,seed=101,DMSO,-3.72385,2.74265,-4.27012
C,X0,reduction,ridge,random,shift,seed=101,AN,-3.90449,3.16857,-3.58058
C,X0,reduction,ridge,random,shift,seed=101,TMP,-3.73753,2.73899,-1.83226
C,X0,reduction,ridge,random,shift,seed=101,SN,-3.20788,1.71938,-4.80132
C,X0,reduction,ridge,random,shift,seed=211,DMC,-4.02254,3.1349,-3.3175
C,X0,reduction,ridge,random,shift,seed=211,EC,-3.70877,2.44625,-3.85296
C,X0,reduction,ridge,random,shift,seed=211,DME,-3.44704,3.62039,-3.77228
C,X0,reduction,ridge,random,shift,seed=211,DOL,-4.03329,4.0277,-5.02127
C,X0,reduction,ridge,random,shift,seed=211,GBL,-3.71793,2.45979,-3.60288
C,X0,reduction,ridge,random,shift,seed=211,SL,-3.3579,2.86243,-2.3812
C,X0,reduction,ridge,random,shift,seed=211,DMSO,-3.72385,2.74265,-3.99645
C,X0,reduction,ridge,random,shift,seed=211,AN,-3.90449,3.16857,-2.91476
C,X0,reduction,ridge,random,shift,seed=211,TMP,-3.73753,2.73899,-4.5198
C,X0,reduction,ridge,random,shift,seed=211,SN,-3.20788,1.71938,-4.13004
C,X0,reduction,ridge,random,shift,seed=307,DMC,-4.02254,3.1349,-3.45204
C,X0,reduction,ridge,random,shift,seed=307,EC,-3.70877,2.44625,-3.5563
C,X0,reduction,ridge,random,shift,seed=307,DME,-3.44704,3.62039,-3.26041
C,X0,reduction,ridge,random,shift,seed=307,DOL,-4.03329,4.0277,-5.11575
C,X0,reduction,ridge,random,shift,seed=307,GBL,-3.71793,2.45979,-3.79007
C,X0,reduction,ridge,random,shift,seed=307,SL,-3.3579,2.86243,-2.50474
C,X0,reduction,ridge,random,shift,seed=307,DMSO,-3.72385,2.74265,-3.96796
C,X0,reduction,ridge,random,shift,seed=307,AN,-3.90449,3.16857,-2.91476
C,X0,reduction,ridge,random,shift,seed=307,TMP,-3.73753,2.73899,-4.5198
C,X0,reduction,ridge,random,shift,seed=307,SN,-3.20788,1.71938,-4.32091
C,X0,reduction,ridge,random,shift,seed=401,DMC,-4.02254,3.1349,-3.32827
C,X0,reduction,ridge,random,shift,seed=401,EC,-3.70877,2.44625,-3.47319
C,X0,reduction,ridge,random,shift,seed=401,DME,-3.44704,3.62039,-4.04063
C,X0,reduction,ridge,random,shift,seed=401,DOL,-4.03329,4.0277,-5.49184
C,X0,reduction,ridge,random,shift,seed=401,GBL,-3.71793,2.45979,-3.60288
C,X0,reduction,ridge,random,shift,seed=401,SL,-3.3579,2.86243,-2.3812
C,X0,reduction,ridge,random,shift,seed=401,DMSO,-3.72385,2.74265,-4.27012
C,X0,reduction,ridge,random,shift,seed=401,AN,-3.90449,3.16857,-3.13108
C,X0,reduction,ridge,random,shift,seed=401,TMP,-3.73753,2.73899,-4.02034
C,X0,reduction,ridge,random,shift,seed=401,SN,-3.20788,1.71938,-4.43255
C,X0,reduction,ridge,random,shift,seed=503,DMC,-4.02254,3.1349,-3.43964
C,X0,reduction,ridge,random,shift,seed=503,EC,-3.70877,2.44625,-3.58238
C,X0,reduction,ridge,random,shift,seed=503,DME,-3.44704,3.62039,-3.45897
C,X0,reduction,ridge,random,shift,seed=503,DOL,-4.03329,4.0277,-5.11575
C,X0,reduction,ridge,random,shift,seed=503,GBL,-3.71793,2.45979,-3.79007
C,X0,reduction,ridge,random,shift,seed=503,SL,-3.3579,2.86243,-2.79249
C,X0,reduction,ridge,random,shift,seed=503,DMSO,-3.72385,2.74265,-3.89086
C,X0,reduction,ridge,random,shift,seed=503,AN,-3.90449,3.16857,-3.3962
C,X0,reduction,ridge,random,shift,seed=503,TMP,-3.73753,2.73899,-4.02034
C,X0,reduction,ridge,random,shift,seed=503,SN,-3.20788,1.71938,-4.43255
C,X0,reduction,krr,random,shift,seed=101,DMC,-4.02254,3.1349,-3.31732
C,X0,reduction,krr,random,shift,seed=101,EC,-3.70877,2.44625,-3.74779
C,X0,reduction,krr,random,shift,seed=101,DME,-3.44704,3.62039,-2.15105
C,X0,reduction,krr,random,shift,seed=101,DOL,-4.03329,4.0277,-2.85002
C,X0,reduction,krr,random,shift,seed=101,GBL,-3.71793,2.45979,-3.90884
C,X0,reduction,krr,random,shift,seed=101,SL,-3.3579,2.86243,-2.91043
C,X0,reduction,krr,random,shift,seed=101,DMSO,-3.72385,2.74265,-3.9892
C,X0,reduction,krr,random,shift,seed=101,AN,-3.90449,3.16857,-3.32061
C,X0,reduction,krr,random,shift,seed=101,TMP,-3.73753,2.73899,-2.54314
C,X0,reduction,krr,random,shift,seed=101,SN,-3.20788,1.71938,-4.79808
C,X0,reduction,krr,random,shift,seed=211,DMC,-4.02254,3.1349,-3.06437
C,X0,reduction,krr,random,shift,seed=211,EC,-3.70877,2.44625,-3.68236
C,X0,reduction,krr,random,shift,seed=211,DME,-3.44704,3.62039,-2.65565
C,X0,reduction,krr,random,shift,seed=211,DOL,-4.03329,4.0277,-4.09675
C,X0,reduction,krr,random,shift,seed=211,GBL,-3.71793,2.45979,-3.70561
C,X0,reduction,krr,random,shift,seed=211,SL,-3.3579,2.86243,-2.64106
C,X0,reduction,krr,random,shift,seed=211,DMSO,-3.72385,2.74265,-4.03542
C,X0,reduction,krr,random,shift,seed=211,AN,-3.90449,3.16857,-3.19175
C,X0,reduction,krr,random,shift,seed=211,TMP,-3.73753,2.73899,-3.39912
C,X0,reduction,krr,random,shift,seed=211,SN,-3.20788,1.71938,-4.32166
C,X0,reduction,krr,random,shift,seed=307,DMC,-4.02254,3.1349,-3.24664
C,X0,reduction,krr,random,shift,seed=307,EC,-3.70877,2.44625,-3.61072
C,X0,reduction,krr,random,shift,seed=307,DME,-3.44704,3.62039,-3.52574
C,X0,reduction,krr,random,shift,seed=307,DOL,-4.03329,4.0277,-2.95475
C,X0,reduction,krr,random,shift,seed=307,GBL,-3.71793,2.45979,-3.8491
C,X0,reduction,krr,random,shift,seed=307,SL,-3.3579,2.86243,-3.05397
C,X0,reduction,krr,random,shift,seed=307,DMSO,-3.72385,2.74265,-3.81058
C,X0,reduction,krr,random,shift,seed=307,AN,-3.90449,3.16857,-3.2148
C,X0,reduction,krr,random,shift,seed=307,TMP,-3.73753,2.73899,-3.53098
C,X0,reduction,krr,random,shift,seed=307,SN,-3.20788,1.71938,-4.30934
C,X0,reduction,krr,random,shift,seed=401,DMC,-4.02254,3.1349,-3.34328
C,X0,reduction,krr,random,shift,seed=401,EC,-3.70877,2.44625,-3.6218
C,X0,reduction,krr,random,shift,seed=401,DME,-3.44704,3.62039,-3.01496
C,X0,reduction,krr,random,shift,seed=401,DOL,-4.03329,4.0277,-2.88704
C,X0,reduction,krr,random,shift,seed=401,GBL,-3.71793,2.45979,-3.7723
C,X0,reduction,krr,random,shift,seed=401,SL,-3.3579,2.86243,-2.86976
C,X0,reduction,krr,random,shift,seed=401,DMSO,-3.72385,2.74265,-4.02959
C,X0,reduction,krr,random,shift,seed=401,AN,-3.90449,3.16857,-3.0455
C,X0,reduction,krr,random,shift,seed=401,TMP,-3.73753,2.73899,-3.07209
C,X0,reduction,krr,random,shift,seed=401,SN,-3.20788,1.71938,-4.26471
C,X0,reduction,krr,random,shift,seed=503,DMC,-4.02254,3.1349,-3.39616
C,X0,reduction,krr,random,shift,seed=503,EC,-3.70877,2.44625,-3.5431
C,X0,reduction,krr,random,shift,seed=503,DME,-3.44704,3.62039,-3.38592
C,X0,reduction,krr,random,shift,seed=503,DOL,-4.03329,4.0277,-2.56112
C,X0,reduction,krr,random,shift,seed=503,GBL,-3.71793,2.45979,-3.84781
C,X0,reduction,krr,random,shift,seed=503,SL,-3.3579,2.86243,-3.4109
C,X0,reduction,krr,random,shift,seed=503,DMSO,-3.72385,2.74265,-3.34055
C,X0,reduction,krr,random,shift,seed=503,AN,-3.90449,3.16857,-2.67819
C,X0,reduction,krr,random,shift,seed=503,TMP,-3.73753,2.73899,-3.07209
C,X0,reduction,krr,random,shift,seed=503,SN,-3.20788,1.71938,-4.26471
C,X0,reduction,gpr,random,shift,seed=101,DMC,-4.02254,3.1349,-3.112
C,X0,reduction,gpr,random,shift,seed=101,EC,-3.70877,2.44625,-4.01204
C,X0,reduction,gpr,random,shift,seed=101,DME,-3.44704,3.62039,-2.35351
C,X0,reduction,gpr,random,shift,seed=101,DOL,-4.03329,4.0277,-2.62468
C,X0,reduction,gpr,random,shift,seed=101,GBL,-3.71793,2.45979,-3.78945
C,X0,reduction,gpr,random,shift,seed=101,SL,-3.3579,2.86243,-3.59867
C,X0,reduction,gpr,random,shift,seed=101,DMSO,-3.72385,2.74265,-3.9182
C,X0,reduction,gpr,random,shift,seed=101,AN,-3.90449,3.16857,-3.3811
C,X0,reduction,gpr,random,shift,seed=101,TMP,-3.73753,2.73899,-3.11667
C,X0,reduction,gpr,random,shift,seed=101,SN,-3.20788,1.71938,-4.85172
C,X0,reduction,gpr,random,shift,seed=211,DMC,-4.02254,3.1349,-3.06186
C,X0,reduction,gpr,random,shift,seed=211,EC,-3.70877,2.44625,-3.99767
C,X0,reduction,gpr,random,shift,seed=211,DME,-3.44704,3.62039,-3.44807
C,X0,reduction,gpr,random,shift,seed=211,DOL,-4.03329,4.0277,-2.41808
C,X0,reduction,gpr,random,shift,seed=211,GBL,-3.71793,2.45979,-4.08417
C,X0,reduction,gpr,random,shift,seed=211,SL,-3.3579,2.86243,-3.79257
C,X0,reduction,gpr,random,shift,seed=211,DMSO,-3.72385,2.74265,-4.12199
C,X0,reduction,gpr,random,shift,seed=211,AN,-3.90449,3.16857,-3.37829
C,X0,reduction,gpr,random,shift,seed=211,TMP,-3.73753,2.73899,-3.81255
C,X0,reduction,gpr,random,shift,seed=211,SN,-3.20788,1.71938,-4.8941
C,X0,reduction,gpr,random,shift,seed=307,DMC,-4.02254,3.1349,-3.03709
C,X0,reduction,gpr,random,shift,seed=307,EC,-3.70877,2.44625,-4.14341
C,X0,reduction,gpr,random,shift,seed=307,DME,-3.44704,3.62039,-3.53696
C,X0,reduction,gpr,random,shift,seed=307,DOL,-4.03329,4.0277,-2.41524
C,X0,reduction,gpr,random,shift,seed=307,GBL,-3.71793,2.45979,-3.98305
C,X0,reduction,gpr,random,shift,seed=307,SL,-3.3579,2.86243,-3.78204
C,X0,reduction,gpr,random,shift,seed=307,DMSO,-3.72385,2.74265,-4.02531
C,X0,reduction,gpr,random,shift,seed=307,AN,-3.90449,3.16857,-3.37829
C,X0,reduction,gpr,random,shift,seed=307,TMP,-3.73753,2.73899,-3.81255
C,X0,reduction,gpr,random,shift,seed=307,SN,-3.20788,1.71938,-4.75472
C,X0,reduction,gpr,random,shift,seed=401,DMC,-4.02254,3.1349,-3.02357
C,X0,reduction,gpr,random,shift,seed=401,EC,-3.70877,2.44625,-4.01204
C,X0,reduction,gpr,random,shift,seed=401,DME,-3.44704,3.62039,-2.71134
C,X0,reduction,gpr,random,shift,seed=401,DOL,-4.03329,4.0277,-2.30403
C,X0,reduction,gpr,random,shift,seed=401,GBL,-3.71793,2.45979,-4.08417
C,X0,reduction,gpr,random,shift,seed=401,SL,-3.3579,2.86243,-3.79257
C,X0,reduction,gpr,random,shift,seed=401,DMSO,-3.72385,2.74265,-3.9182
C,X0,reduction,gpr,random,shift,seed=401,AN,-3.90449,3.16857,-3.27058
C,X0,reduction,gpr,random,shift,seed=401,TMP,-3.73753,2.73899,-4.07033
C,X0,reduction,gpr,random,shift,seed=401,SN,-3.20788,1.71938,-4.83416
C,X0,reduction,gpr,random,shift,seed=503,DMC,-4.02254,3.1349,-3.05434
C,X0,reduction,gpr,random,shift,seed=503,EC,-3.70877,2.44625,-3.3868
C,X0,reduction,gpr,random,shift,seed=503,DME,-3.44704,3.62039,-2.95546
C,X0,reduction,gpr,random,shift,seed=503,DOL,-4.03329,4.0277,-2.41524
C,X0,reduction,gpr,random,shift,seed=503,GBL,-3.71793,2.45979,-3.98305
C,X0,reduction,gpr,random,shift,seed=503,SL,-3.3579,2.86243,-3.64824
C,X0,reduction,gpr,random,shift,seed=503,DMSO,-3.72385,2.74265,-3.8216
C,X0,reduction,gpr,random,shift,seed=503,AN,-3.90449,3.16857,-3.37031
C,X0,reduction,gpr,random,shift,seed=503,TMP,-3.73753,2.73899,-4.07033
C,X0,reduction,gpr,random,shift,seed=503,SN,-3.20788,1.71938,-4.83416
C,X0,reduction,rf,random,shift,seed=101,DMC,-4.02254,3.1349,-3.31697
C,X0,reduction,rf,random,shift,seed=101,EC,-3.70877,2.44625,-3.97023
C,X0,reduction,rf,random,shift,seed=101,DME,-3.44704,3.62039,-3.16095
C,X0,reduction,rf,random,shift,seed=101,DOL,-4.03329,4.0277,-2.7935
C,X0,reduction,rf,random,shift,seed=101,GBL,-3.71793,2.45979,-3.65324
C,X0,reduction,rf,random,shift,seed=101,SL,-3.3579,2.86243,-3.52943
C,X0,reduction,rf,random,shift,seed=101,DMSO,-3.72385,2.74265,-3.98868
C,X0,reduction,rf,random,shift,seed=101,AN,-3.90449,3.16857,-3.75717
C,X0,reduction,rf,random,shift,seed=101,TMP,-3.73753,2.73899,-3.8441
C,X0,reduction,rf,random,shift,seed=101,SN,-3.20788,1.71938,-4.68375
C,X0,reduction,rf,random,shift,seed=211,DMC,-4.02254,3.1349,-3.19341
C,X0,reduction,rf,random,shift,seed=211,EC,-3.70877,2.44625,-3.81739
C,X0,reduction,rf,random,shift,seed=211,DME,-3.44704,3.62039,-3.21258
C,X0,reduction,rf,random,shift,seed=211,DOL,-4.03329,4.0277,-2.77467
C,X0,reduction,rf,random,shift,seed=211,GBL,-3.71793,2.45979,-3.71553
C,X0,reduction,rf,random,shift,seed=211,SL,-3.3579,2.86243,-3.68487
C,X0,reduction,rf,random,shift,seed=211,DMSO,-3.72385,2.74265,-4.30878
C,X0,reduction,rf,random,shift,seed=211,AN,-3.90449,3.16857,-3.52139
C,X0,reduction,rf,random,shift,seed=211,TMP,-3.73753,2.73899,-4.00024
C,X0,reduction,rf,random,shift,seed=211,SN,-3.20788,1.71938,-4.71991
C,X0,reduction,rf,random,shift,seed=307,DMC,-4.02254,3.1349,-3.11542
C,X0,reduction,rf,random,shift,seed=307,EC,-3.70877,2.44625,-4.18458
C,X0,reduction,rf,random,shift,seed=307,DME,-3.44704,3.62039,-3.44822
C,X0,reduction,rf,random,shift,seed=307,DOL,-4.03329,4.0277,-2.80957
C,X0,reduction,rf,random,shift,seed=307,GBL,-3.71793,2.45979,-3.49922
C,X0,reduction,rf,random,shift,seed=307,SL,-3.3579,2.86243,-3.66221
C,X0,reduction,rf,random,shift,seed=307,DMSO,-3.72385,2.74265,-4.07926
C,X0,reduction,rf,random,shift,seed=307,AN,-3.90449,3.16857,-3.61631
C,X0,reduction,rf,random,shift,seed=307,TMP,-3.73753,2.73899,-3.9749
C,X0,reduction,rf,random,shift,seed=307,SN,-3.20788,1.71938,-4.65954
C,X0,reduction,rf,random,shift,seed=401,DMC,-4.02254,3.1349,-3.18112
C,X0,reduction,rf,random,shift,seed=401,EC,-3.70877,2.44625,-4.01838
C,X0,reduction,rf,random,shift,seed=401,DME,-3.44704,3.62039,-2.8394
C,X0,reduction,rf,random,shift,seed=401,DOL,-4.03329,4.0277,-2.55693
C,X0,reduction,rf,random,shift,seed=401,GBL,-3.71793,2.45979,-3.65229
C,X0,reduction,rf,random,shift,seed=401,SL,-3.3579,2.86243,-3.76142
C,X0,reduction,rf,random,shift,seed=401,DMSO,-3.72385,2.74265,-4.01332
C,X0,reduction,rf,random,shift,seed=401,AN,-3.90449,3.16857,-3.52422
C,X0,reduction,rf,random,shift,seed=401,TMP,-3.73753,2.73899,-4.48053
C,X0,reduction,rf,random,shift,seed=401,SN,-3.20788,1.71938,-4.62627
C,X0,reduction,rf,random,shift,seed=503,DMC,-4.02254,3.1349,-3.232
C,X0,reduction,rf,random,shift,seed=503,EC,-3.70877,2.44625,-3.58055
C,X0,reduction,rf,random,shift,seed=503,DME,-3.44704,3.62039,-3.3293
C,X0,reduction,rf,random,shift,seed=503,DOL,-4.03329,4.0277,-2.7873
C,X0,reduction,rf,random,shift,seed=503,GBL,-3.71793,2.45979,-3.49559
C,X0,reduction,rf,random,shift,seed=503,SL,-3.3579,2.86243,-3.40674
C,X0,reduction,rf,random,shift,seed=503,DMSO,-3.72385,2.74265,-3.799
C,X0,reduction,rf,random,shift,seed=503,AN,-3.90449,3.16857,-3.67137
C,X0,reduction,rf,random,shift,seed=503,TMP,-3.73753,2.73899,-4.44798
C,X0,reduction,rf,random,shift,seed=503,SN,-3.20788,1.71938,-4.63209
C,X0,reduction,gbdt,random,shift,seed=101,DMC,-4.02254,3.1349,-3.35961
C,X0,reduction,gbdt,random,shift,seed=101,EC,-3.70877,2.44625,-4.00444
C,X0,reduction,gbdt,random,shift,seed=101,DME,-3.44704,3.62039,-4.12989
C,X0,reduction,gbdt,random,shift,seed=101,DOL,-4.03329,4.0277,-3.04168
C,X0,reduction,gbdt,random,shift,seed=101,GBL,-3.71793,2.45979,-3.9855
C,X0,reduction,gbdt,random,shift,seed=101,SL,-3.3579,2.86243,-3.30644
C,X0,reduction,gbdt,random,shift,seed=101,DMSO,-3.72385,2.74265,-4.06271
C,X0,reduction,gbdt,random,shift,seed=101,AN,-3.90449,3.16857,-3.77131
C,X0,reduction,gbdt,random,shift,seed=101,TMP,-3.73753,2.73899,-4.80248
C,X0,reduction,gbdt,random,shift,seed=101,SN,-3.20788,1.71938,-4.49845
C,X0,reduction,gbdt,random,shift,seed=211,DMC,-4.02254,3.1349,-3.28413
C,X0,reduction,gbdt,random,shift,seed=211,EC,-3.70877,2.44625,-3.69402
C,X0,reduction,gbdt,random,shift,seed=211,DME,-3.44704,3.62039,-3.08493
C,X0,reduction,gbdt,random,shift,seed=211,DOL,-4.03329,4.0277,-3.08942
C,X0,reduction,gbdt,random,shift,seed=211,GBL,-3.71793,2.45979,-3.13289
C,X0,reduction,gbdt,random,shift,seed=211,SL,-3.3579,2.86243,-3.42022
C,X0,reduction,gbdt,random,shift,seed=211,DMSO,-3.72385,2.74265,-4.33482
C,X0,reduction,gbdt,random,shift,seed=211,AN,-3.90449,3.16857,-3.51855
C,X0,reduction,gbdt,random,shift,seed=211,TMP,-3.73753,2.73899,-4.37335
C,X0,reduction,gbdt,random,shift,seed=211,SN,-3.20788,1.71938,-4.4528
C,X0,reduction,gbdt,random,shift,seed=307,DMC,-4.02254,3.1349,-3.27151
C,X0,reduction,gbdt,random,shift,seed=307,EC,-3.70877,2.44625,-4.1359
C,X0,reduction,gbdt,random,shift,seed=307,DME,-3.44704,3.62039,-3.36231
C,X0,reduction,gbdt,random,shift,seed=307,DOL,-4.03329,4.0277,-3.00206
C,X0,reduction,gbdt,random,shift,seed=307,GBL,-3.71793,2.45979,-3.16374
C,X0,reduction,gbdt,random,shift,seed=307,SL,-3.3579,2.86243,-3.64343
C,X0,reduction,gbdt,random,shift,seed=307,DMSO,-3.72385,2.74265,-4.33624
C,X0,reduction,gbdt,random,shift,seed=307,AN,-3.90449,3.16857,-3.5534
C,X0,reduction,gbdt,random,shift,seed=307,TMP,-3.73753,2.73899,-4.39407
C,X0,reduction,gbdt,random,shift,seed=307,SN,-3.20788,1.71938,-4.52132
C,X0,reduction,gbdt,random,shift,seed=401,DMC,-4.02254,3.1349,-3.26218
C,X0,reduction,gbdt,random,shift,seed=401,EC,-3.70877,2.44625,-3.71115
C,X0,reduction,gbdt,random,shift,seed=401,DME,-3.44704,3.62039,-3.01567
C,X0,reduction,gbdt,random,shift,seed=401,DOL,-4.03329,4.0277,-2.71798
C,X0,reduction,gbdt,random,shift,seed=401,GBL,-3.71793,2.45979,-3.26399
C,X0,reduction,gbdt,random,shift,seed=401,SL,-3.3579,2.86243,-3.43966
C,X0,reduction,gbdt,random,shift,seed=401,DMSO,-3.72385,2.74265,-4.14844
C,X0,reduction,gbdt,random,shift,seed=401,AN,-3.90449,3.16857,-3.48639
C,X0,reduction,gbdt,random,shift,seed=401,TMP,-3.73753,2.73899,-4.4335
C,X0,reduction,gbdt,random,shift,seed=401,SN,-3.20788,1.71938,-4.5176
C,X0,reduction,gbdt,random,shift,seed=503,DMC,-4.02254,3.1349,-3.39431
C,X0,reduction,gbdt,random,shift,seed=503,EC,-3.70877,2.44625,-3.59386
C,X0,reduction,gbdt,random,shift,seed=503,DME,-3.44704,3.62039,-3.6634
C,X0,reduction,gbdt,random,shift,seed=503,DOL,-4.03329,4.0277,-3.01996
C,X0,reduction,gbdt,random,shift,seed=503,GBL,-3.71793,2.45979,-3.15379
C,X0,reduction,gbdt,random,shift,seed=503,SL,-3.3579,2.86243,-3.32695
C,X0,reduction,gbdt,random,shift,seed=503,DMSO,-3.72385,2.74265,-3.4705
C,X0,reduction,gbdt,random,shift,seed=503,AN,-3.90449,3.16857,-4.80297
C,X0,reduction,gbdt,random,shift,seed=503,TMP,-3.73753,2.73899,-4.4388
C,X0,reduction,gbdt,random,shift,seed=503,SN,-3.20788,1.71938,-4.52822
C,X0,reduction,constant,group,direct,leave-one-group-out,DMC,-4.02254,3.1349,-3.64874
C,X0,reduction,constant,group,direct,leave-one-group-out,EC,-3.70877,2.44625,-3.68361
C,X0,reduction,constant,group,direct,leave-one-group-out,DME,-3.44704,3.62039,-4.03329
C,X0,reduction,constant,group,direct,leave-one-group-out,DOL,-4.03329,4.0277,-3.44704
C,X0,reduction,constant,group,direct,leave-one-group-out,GBL,-3.71793,2.45979,-3.68259
C,X0,reduction,constant,group,direct,leave-one-group-out,SL,-3.3579,2.86243,-3.72259
C,X0,reduction,constant,group,direct,leave-one-group-out,DMSO,-3.72385,2.74265,-3.68193
C,X0,reduction,constant,group,direct,leave-one-group-out,AN,-3.90449,3.16857,-3.71861
C,X0,reduction,constant,group,direct,leave-one-group-out,TMP,-3.73753,2.73899,-3.68041
C,X0,reduction,constant,group,direct,leave-one-group-out,SN,-3.20788,1.71938,-3.71861
C,X0,reduction,ridge,group,direct,leave-one-group-out,DMC,-4.02254,3.1349,-3.65191
C,X0,reduction,ridge,group,direct,leave-one-group-out,EC,-3.70877,2.44625,-3.67519
C,X0,reduction,ridge,group,direct,leave-one-group-out,DME,-3.44704,3.62039,-3.77241
C,X0,reduction,ridge,group,direct,leave-one-group-out,DOL,-4.03329,4.0277,-3.6489
C,X0,reduction,ridge,group,direct,leave-one-group-out,GBL,-3.71793,2.45979,-3.59764
C,X0,reduction,ridge,group,direct,leave-one-group-out,SL,-3.3579,2.86243,-3.46452
C,X0,reduction,ridge,group,direct,leave-one-group-out,DMSO,-3.72385,2.74265,-3.64423
C,X0,reduction,ridge,group,direct,leave-one-group-out,AN,-3.90449,3.16857,-3.72396
C,X0,reduction,ridge,group,direct,leave-one-group-out,TMP,-3.73753,2.73899,-3.37168
C,X0,reduction,ridge,group,direct,leave-one-group-out,SN,-3.20788,1.71938,-3.71875
C,X0,reduction,krr,group,direct,leave-one-group-out,DMC,-4.02254,3.1349,-3.74145
C,X0,reduction,krr,group,direct,leave-one-group-out,EC,-3.70877,2.44625,-3.63535
C,X0,reduction,krr,group,direct,leave-one-group-out,DME,-3.44704,3.62039,-3.78251
C,X0,reduction,krr,group,direct,leave-one-group-out,DOL,-4.03329,4.0277,-3.62246
C,X0,reduction,krr,group,direct,leave-one-group-out,GBL,-3.71793,2.45979,-3.64377
C,X0,reduction,krr,group,direct,leave-one-group-out,SL,-3.3579,2.86243,-3.48828
C,X0,reduction,krr,group,direct,leave-one-group-out,DMSO,-3.72385,2.74265,-3.64792
C,X0,reduction,krr,group,direct,leave-one-group-out,AN,-3.90449,3.16857,-3.6881
C,X0,reduction,krr,group,direct,leave-one-group-out,TMP,-3.73753,2.73899,-3.30999
C,X0,reduction,krr,group,direct,leave-one-group-out,SN,-3.20788,1.71938,-3.67451
C,X0,reduction,gpr,group,direct,leave-one-group-out,DMC,-4.02254,3.1349,-3.64874
C,X0,reduction,gpr,group,direct,leave-one-group-out,EC,-3.70877,2.44625,-3.68361
C,X0,reduction,gpr,group,direct,leave-one-group-out,DME,-3.44704,3.62039,-3.71269
C,X0,reduction,gpr,group,direct,leave-one-group-out,DOL,-4.03329,4.0277,-3.64755
C,X0,reduction,gpr,group,direct,leave-one-group-out,GBL,-3.71793,2.45979,-3.68259
C,X0,reduction,gpr,group,direct,leave-one-group-out,SL,-3.3579,2.86243,-3.72259
C,X0,reduction,gpr,group,direct,leave-one-group-out,DMSO,-3.72385,2.74265,-3.68193
C,X0,reduction,gpr,group,direct,leave-one-group-out,AN,-3.90449,3.16857,-3.71861
C,X0,reduction,gpr,group,direct,leave-one-group-out,TMP,-3.73753,2.73899,-3.68041
C,X0,reduction,gpr,group,direct,leave-one-group-out,SN,-3.20788,1.71938,-3.71882
C,X0,reduction,rf,group,direct,leave-one-group-out,DMC,-4.02254,3.1349,-3.70567
C,X0,reduction,rf,group,direct,leave-one-group-out,EC,-3.70877,2.44625,-3.68438
C,X0,reduction,rf,group,direct,leave-one-group-out,DME,-3.44704,3.62039,-3.69798
C,X0,reduction,rf,group,direct,leave-one-group-out,DOL,-4.03329,4.0277,-3.6919
C,X0,reduction,rf,group,direct,leave-one-group-out,GBL,-3.71793,2.45979,-3.55536
C,X0,reduction,rf,group,direct,leave-one-group-out,SL,-3.3579,2.86243,-3.67323
C,X0,reduction,rf,group,direct,leave-one-group-out,DMSO,-3.72385,2.74265,-3.68751
C,X0,reduction,rf,group,direct,leave-one-group-out,AN,-3.90449,3.16857,-3.82207
C,X0,reduction,rf,group,direct,leave-one-group-out,TMP,-3.73753,2.73899,-3.44704
C,X0,reduction,rf,group,direct,leave-one-group-out,SN,-3.20788,1.71938,-3.69046
C,X0,reduction,gbdt,group,direct,leave-one-group-out,DMC,-4.02254,3.1349,-3.79268
C,X0,reduction,gbdt,group,direct,leave-one-group-out,EC,-3.70877,2.44625,-3.64645
C,X0,reduction,gbdt,group,direct,leave-one-group-out,DME,-3.44704,3.62039,-3.67908
C,X0,reduction,gbdt,group,direct,leave-one-group-out,DOL,-4.03329,4.0277,-3.86799
C,X0,reduction,gbdt,group,direct,leave-one-group-out,GBL,-3.71793,2.45979,-3.67598
C,X0,reduction,gbdt,group,direct,leave-one-group-out,SL,-3.3579,2.86243,-3.55448
C,X0,reduction,gbdt,group,direct,leave-one-group-out,DMSO,-3.72385,2.74265,-3.89736
C,X0,reduction,gbdt,group,direct,leave-one-group-out,AN,-3.90449,3.16857,-3.73558
C,X0,reduction,gbdt,group,direct,leave-one-group-out,TMP,-3.73753,2.73899,-3.35614
C,X0,reduction,gbdt,group,direct,leave-one-group-out,SN,-3.20788,1.71938,-3.70583
C,X0,reduction,constant,group,shift,leave-one-group-out,DMC,-4.02254,3.1349,-3.37897
C,X0,reduction,constant,group,shift,leave-one-group-out,EC,-3.70877,2.44625,-4.179
C,X0,reduction,constant,group,shift,leave-one-group-out,DME,-3.44704,3.62039,-4.44061
C,X0,reduction,constant,group,shift,leave-one-group-out,DOL,-4.03329,4.0277,-3.03973
C,X0,reduction,constant,group,shift,leave-one-group-out,GBL,-3.71793,2.45979,-4.16294
C,X0,reduction,constant,group,shift,leave-one-group-out,SL,-3.3579,2.86243,-3.75556
C,X0,reduction,constant,group,shift,leave-one-group-out,DMSO,-3.72385,2.74265,-3.848
C,X0,reduction,constant,group,shift,leave-one-group-out,AN,-3.90449,3.16857,-3.55417
C,X0,reduction,constant,group,shift,leave-one-group-out,TMP,-3.73753,2.73899,-3.85054
C,X0,reduction,constant,group,shift,leave-one-group-out,SN,-3.20788,1.71938,-5.00336
C,X0,reduction,ridge,group,shift,leave-one-group-out,DMC,-4.02254,3.1349,-3.44988
C,X0,reduction,ridge,group,shift,leave-one-group-out,EC,-3.70877,2.44625,-3.72184
C,X0,reduction,ridge,group,shift,leave-one-group-out,DME,-3.44704,3.62039,-3.5076
C,X0,reduction,ridge,group,shift,leave-one-group-out,DOL,-4.03329,4.0277,-5.09538
C,X0,reduction,ridge,group,shift,leave-one-group-out,GBL,-3.71793,2.45979,-3.89593
C,X0,reduction,ridge,group,shift,leave-one-group-out,SL,-3.3579,2.86243,-2.42503
C,X0,reduction,ridge,group,shift,leave-one-group-out,DMSO,-3.72385,2.74265,-4.13444
C,X0,reduction,ridge,group,shift,leave-one-group-out,AN,-3.90449,3.16857,-3.8811
C,X0,reduction,ridge,group,shift,leave-one-group-out,TMP,-3.73753,2.73899,-3.65336
C,X0,reduction,ridge,group,shift,leave-one-group-out,SN,-3.20788,1.71938,-4.30317
C,X0,reduction,krr,group,shift,leave-one-group-out,DMC,-4.02254,3.1349,-3.41762
C,X0,reduction,krr,group,shift,leave-one-group-out,EC,-3.70877,2.44625,-3.70562
C,X0,reduction,krr,group,shift,leave-one-group-out,DME,-3.44704,3.62039,-3.09195
C,X0,reduction,krr,group,shift,leave-one-group-out,DOL,-4.03329,4.0277,-2.96643
C,X0,reduction,krr,group,shift,leave-one-group-out,GBL,-3.71793,2.45979,-3.92523
C,X0,reduction,krr,group,shift,leave-one-group-out,SL,-3.3579,2.86243,-3.3538
C,X0,reduction,krr,group,shift,leave-one-group-out,DMSO,-3.72385,2.74265,-4.00513
C,X0,reduction,krr,group,shift,leave-one-group-out,AN,-3.90449,3.16857,-3.70096
C,X0,reduction,krr,group,shift,leave-one-group-out,TMP,-3.73753,2.73899,-3.44865
C,X0,reduction,krr,group,shift,leave-one-group-out,SN,-3.20788,1.71938,-4.43748
C,X0,reduction,gpr,group,shift,leave-one-group-out,DMC,-4.02254,3.1349,-3.09432
C,X0,reduction,gpr,group,shift,leave-one-group-out,EC,-3.70877,2.44625,-3.93378
C,X0,reduction,gpr,group,shift,leave-one-group-out,DME,-3.44704,3.62039,-2.91957
C,X0,reduction,gpr,group,shift,leave-one-group-out,DOL,-4.03329,4.0277,-2.38865
C,X0,reduction,gpr,group,shift,leave-one-group-out,GBL,-3.71793,2.45979,-3.95379
C,X0,reduction,gpr,group,shift,leave-one-group-out,SL,-3.3579,2.86243,-3.58535
C,X0,reduction,gpr,group,shift,leave-one-group-out,DMSO,-3.72385,2.74265,-3.9568
C,X0,reduction,gpr,group,shift,leave-one-group-out,AN,-3.90449,3.16857,-3.53794
C,X0,reduction,gpr,group,shift,leave-one-group-out,TMP,-3.73753,2.73899,-3.99028
C,X0,reduction,gpr,group,shift,leave-one-group-out,SN,-3.20788,1.71938,-4.83454
C,X0,reduction,rf,group,shift,leave-one-group-out,DMC,-4.02254,3.1349,-3.36183
C,X0,reduction,rf,group,shift,leave-one-group-out,EC,-3.70877,2.44625,-4.05246
C,X0,reduction,rf,group,shift,leave-one-group-out,DME,-3.44704,3.62039,-3.29176
C,X0,reduction,rf,group,shift,leave-one-group-out,DOL,-4.03329,4.0277,-2.82897
C,X0,reduction,rf,group,shift,leave-one-group-out,GBL,-3.71793,2.45979,-3.61322
C,X0,reduction,rf,group,shift,leave-one-group-out,SL,-3.3579,2.86243,-3.54582
C,X0,reduction,rf,group,shift,leave-one-group-out,DMSO,-3.72385,2.74265,-4.02648
C,X0,reduction,rf,group,shift,leave-one-group-out,AN,-3.90449,3.16857,-3.84703
C,X0,reduction,rf,group,shift,leave-one-group-out,TMP,-3.73753,2.73899,-4.04504
C,X0,reduction,rf,group,shift,leave-one-group-out,SN,-3.20788,1.71938,-4.61471
C,X0,reduction,gbdt,group,shift,leave-one-group-out,DMC,-4.02254,3.1349,-3.3218
C,X0,reduction,gbdt,group,shift,leave-one-group-out,EC,-3.70877,2.44625,-3.72961
C,X0,reduction,gbdt,group,shift,leave-one-group-out,DME,-3.44704,3.62039,-3.95282
C,X0,reduction,gbdt,group,shift,leave-one-group-out,DOL,-4.03329,4.0277,-2.95884
C,X0,reduction,gbdt,group,shift,leave-one-group-out,GBL,-3.71793,2.45979,-3.29878
C,X0,reduction,gbdt,group,shift,leave-one-group-out,SL,-3.3579,2.86243,-3.36769
C,X0,reduction,gbdt,group,shift,leave-one-group-out,DMSO,-3.72385,2.74265,-4.37318
C,X0,reduction,gbdt,group,shift,leave-one-group-out,AN,-3.90449,3.16857,-3.81141
C,X0,reduction,gbdt,group,shift,leave-one-group-out,TMP,-3.73753,2.73899,-4.41407
C,X0,reduction,gbdt,group,shift,leave-one-group-out,SN,-3.20788,1.71938,-4.46177
C,X0,reduction,constant,lofo,direct,leave-one-family-out,DMC,-4.02254,3.1349,-3.64874
C,X0,reduction,constant,lofo,direct,leave-one-family-out,EC,-3.70877,2.44625,-3.68361
C,X0,reduction,constant,lofo,direct,leave-one-family-out,DME,-3.44704,3.62039,-3.67261
C,X0,reduction,constant,lofo,direct,leave-one-family-out,DOL,-4.03329,4.0277,-3.67261
C,X0,reduction,constant,lofo,direct,leave-one-family-out,GBL,-3.71793,2.45979,-3.68259
C,X0,reduction,constant,lofo,direct,leave-one-family-out,SL,-3.3579,2.86243,-3.72259
C,X0,reduction,constant,lofo,direct,leave-one-family-out,DMSO,-3.72385,2.74265,-3.68193
C,X0,reduction,constant,lofo,direct,leave-one-family-out,AN,-3.90449,3.16857,-3.71861
C,X0,reduction,constant,lofo,direct,leave-one-family-out,TMP,-3.73753,2.73899,-3.68041
C,X0,reduction,constant,lofo,direct,leave-one-family-out,SN,-3.20788,1.71938,-3.71861
C,X0,reduction,ridge,lofo,direct,leave-one-family-out,DMC,-4.02254,3.1349,-3.65191
C,X0,reduction,ridge,lofo,direct,leave-one-family-out,EC,-3.70877,2.44625,-3.67519
C,X0,reduction,ridge,lofo,direct,leave-one-family-out,DME,-3.44704,3.62039,-3.96002
C,X0,reduction,ridge,lofo,direct,leave-one-family-out,DOL,-4.03329,4.0277,-4.34601
C,X0,reduction,ridge,lofo,direct,leave-one-family-out,GBL,-3.71793,2.45979,-3.59764
C,X0,reduction,ridge,lofo,direct,leave-one-family-out,SL,-3.3579,2.86243,-3.46452
C,X0,reduction,ridge,lofo,direct,leave-one-family-out,DMSO,-3.72385,2.74265,-3.64423
C,X0,reduction,ridge,lofo,direct,leave-one-family-out,AN,-3.90449,3.16857,-3.72396
C,X0,reduction,ridge,lofo,direct,leave-one-family-out,TMP,-3.73753,2.73899,-3.37168
C,X0,reduction,ridge,lofo,direct,leave-one-family-out,SN,-3.20788,1.71938,-3.71875
C,X0,reduction,krr,lofo,direct,leave-one-family-out,DMC,-4.02254,3.1349,-4.15323
C,X0,reduction,krr,lofo,direct,leave-one-family-out,EC,-3.70877,2.44625,-3.6477
C,X0,reduction,krr,lofo,direct,leave-one-family-out,DME,-3.44704,3.62039,-3.57324
C,X0,reduction,krr,lofo,direct,leave-one-family-out,DOL,-4.03329,4.0277,-3.6325
C,X0,reduction,krr,lofo,direct,leave-one-family-out,GBL,-3.71793,2.45979,-3.66421
C,X0,reduction,krr,lofo,direct,leave-one-family-out,SL,-3.3579,2.86243,-3.44236
C,X0,reduction,krr,lofo,direct,leave-one-family-out,DMSO,-3.72385,2.74265,-3.64792
C,X0,reduction,krr,lofo,direct,leave-one-family-out,AN,-3.90449,3.16857,-3.6881
C,X0,reduction,krr,lofo,direct,leave-one-family-out,TMP,-3.73753,2.73899,-3.26523
C,X0,reduction,krr,lofo,direct,leave-one-family-out,SN,-3.20788,1.71938,-3.67451
C,X0,reduction,gpr,lofo,direct,leave-one-family-out,DMC,-4.02254,3.1349,-3.64874
C,X0,reduction,gpr,lofo,direct,leave-one-family-out,EC,-3.70877,2.44625,-3.68361
C,X0,reduction,gpr,lofo,direct,leave-one-family-out,DME,-3.44704,3.62039,-3.67261
C,X0,reduction,gpr,lofo,direct,leave-one-family-out,DOL,-4.03329,4.0277,-3.67261
C,X0,reduction,gpr,lofo,direct,leave-one-family-out,GBL,-3.71793,2.45979,-3.68259
C,X0,reduction,gpr,lofo,direct,leave-one-family-out,SL,-3.3579,2.86243,-3.72259
C,X0,reduction,gpr,lofo,direct,leave-one-family-out,DMSO,-3.72385,2.74265,-3.68193
C,X0,reduction,gpr,lofo,direct,leave-one-family-out,AN,-3.90449,3.16857,-3.71861
C,X0,reduction,gpr,lofo,direct,leave-one-family-out,TMP,-3.73753,2.73899,-3.68041
C,X0,reduction,gpr,lofo,direct,leave-one-family-out,SN,-3.20788,1.71938,-3.71882
C,X0,reduction,rf,lofo,direct,leave-one-family-out,DMC,-4.02254,3.1349,-3.70866
C,X0,reduction,rf,lofo,direct,leave-one-family-out,EC,-3.70877,2.44625,-3.69497
C,X0,reduction,rf,lofo,direct,leave-one-family-out,DME,-3.44704,3.62039,-3.6548
C,X0,reduction,rf,lofo,direct,leave-one-family-out,DOL,-4.03329,4.0277,-3.77787
C,X0,reduction,rf,lofo,direct,leave-one-family-out,GBL,-3.71793,2.45979,-3.55031
C,X0,reduction,rf,lofo,direct,leave-one-family-out,SL,-3.3579,2.86243,-3.66775
C,X0,reduction,rf,lofo,direct,leave-one-family-out,DMSO,-3.72385,2.74265,-3.70245
C,X0,reduction,rf,lofo,direct,leave-one-family-out,AN,-3.90449,3.16857,-3.82098
C,X0,reduction,rf,lofo,direct,leave-one-family-out,TMP,-3.73753,2.73899,-3.43282
C,X0,reduction,rf,lofo,direct,leave-one-family-out,SN,-3.20788,1.71938,-3.68254
C,X0,reduction,gbdt,lofo,direct,leave-one-family-out,DMC,-4.02254,3.1349,-3.81469
C,X0,reduction,gbdt,lofo,direct,leave-one-family-out,EC,-3.70877,2.44625,-3.65706
C,X0,reduction,gbdt,lofo,direct,leave-one-family-out,DME,-3.44704,3.62039,-3.73177
C,X0,reduction,gbdt,lofo,direct,leave-one-family-out,DOL,-4.03329,4.0277,-3.9042
C,X0,reduction,gbdt,lofo,direct,leave-one-family-out,GBL,-3.71793,2.45979,-3.66595
C,X0,reduction,gbdt,lofo,direct,leave-one-family-out,SL,-3.3579,2.86243,-3.59121
C,X0,reduction,gbdt,lofo,direct,leave-one-family-out,DMSO,-3.72385,2.74265,-3.89627
C,X0,reduction,gbdt,lofo,direct,leave-one-family-out,AN,-3.90449,3.16857,-3.73634
C,X0,reduction,gbdt,lofo,direct,leave-one-family-out,TMP,-3.73753,2.73899,-3.36273
C,X0,reduction,gbdt,lofo,direct,leave-one-family-out,SN,-3.20788,1.71938,-3.70677
C,X0,reduction,constant,lofo,shift,leave-one-family-out,DMC,-4.02254,3.1349,-3.37897
C,X0,reduction,constant,lofo,shift,leave-one-family-out,EC,-3.70877,2.44625,-4.179
C,X0,reduction,constant,lofo,shift,leave-one-family-out,DME,-3.44704,3.62039,-2.71134
C,X0,reduction,constant,lofo,shift,leave-one-family-out,DOL,-4.03329,4.0277,-2.30403
C,X0,reduction,constant,lofo,shift,leave-one-family-out,GBL,-3.71793,2.45979,-4.16294
C,X0,reduction,constant,lofo,shift,leave-one-family-out,SL,-3.3579,2.86243,-3.75556
C,X0,reduction,constant,lofo,shift,leave-one-family-out,DMSO,-3.72385,2.74265,-3.848
C,X0,reduction,constant,lofo,shift,leave-one-family-out,AN,-3.90449,3.16857,-3.55417
C,X0,reduction,constant,lofo,shift,leave-one-family-out,TMP,-3.73753,2.73899,-3.85054
C,X0,reduction,constant,lofo,shift,leave-one-family-out,SN,-3.20788,1.71938,-5.00336
C,X0,reduction,ridge,lofo,shift,leave-one-family-out,DMC,-4.02254,3.1349,-3.44988
C,X0,reduction,ridge,lofo,shift,leave-one-family-out,EC,-3.70877,2.44625,-3.72184
C,X0,reduction,ridge,lofo,shift,leave-one-family-out,DME,-3.44704,3.62039,-4.04063
C,X0,reduction,ridge,lofo,shift,leave-one-family-out,DOL,-4.03329,4.0277,-5.49184
C,X0,reduction,ridge,lofo,shift,leave-one-family-out,GBL,-3.71793,2.45979,-3.89593
C,X0,reduction,ridge,lofo,shift,leave-one-family-out,SL,-3.3579,2.86243,-2.42503
C,X0,reduction,ridge,lofo,shift,leave-one-family-out,DMSO,-3.72385,2.74265,-4.13444
C,X0,reduction,ridge,lofo,shift,leave-one-family-out,AN,-3.90449,3.16857,-3.8811
C,X0,reduction,ridge,lofo,shift,leave-one-family-out,TMP,-3.73753,2.73899,-3.65336
C,X0,reduction,ridge,lofo,shift,leave-one-family-out,SN,-3.20788,1.71938,-4.30317
C,X0,reduction,krr,lofo,shift,leave-one-family-out,DMC,-4.02254,3.1349,-3.54002
C,X0,reduction,krr,lofo,shift,leave-one-family-out,EC,-3.70877,2.44625,-3.68235
C,X0,reduction,krr,lofo,shift,leave-one-family-out,DME,-3.44704,3.62039,-3.40478
C,X0,reduction,krr,lofo,shift,leave-one-family-out,DOL,-4.03329,4.0277,-3.62998
C,X0,reduction,krr,lofo,shift,leave-one-family-out,GBL,-3.71793,2.45979,-3.93258
C,X0,reduction,krr,lofo,shift,leave-one-family-out,SL,-3.3579,2.86243,-2.63086
C,X0,reduction,krr,lofo,shift,leave-one-family-out,DMSO,-3.72385,2.74265,-4.12745
C,X0,reduction,krr,lofo,shift,leave-one-family-out,AN,-3.90449,3.16857,-3.70096
C,X0,reduction,krr,lofo,shift,leave-one-family-out,TMP,-3.73753,2.73899,-3.44739
C,X0,reduction,krr,lofo,shift,leave-one-family-out,SN,-3.20788,1.71938,-4.43748
C,X0,reduction,gpr,lofo,shift,leave-one-family-out,DMC,-4.02254,3.1349,-3.09432
C,X0,reduction,gpr,lofo,shift,leave-one-family-out,EC,-3.70877,2.44625,-3.93378
C,X0,reduction,gpr,lofo,shift,leave-one-family-out,DME,-3.44704,3.62039,-2.71134
C,X0,reduction,gpr,lofo,shift,leave-one-family-out,DOL,-4.03329,4.0277,-2.30403
C,X0,reduction,gpr,lofo,shift,leave-one-family-out,GBL,-3.71793,2.45979,-3.95379
C,X0,reduction,gpr,lofo,shift,leave-one-family-out,SL,-3.3579,2.86243,-3.58535
C,X0,reduction,gpr,lofo,shift,leave-one-family-out,DMSO,-3.72385,2.74265,-3.9568
C,X0,reduction,gpr,lofo,shift,leave-one-family-out,AN,-3.90449,3.16857,-3.53794
C,X0,reduction,gpr,lofo,shift,leave-one-family-out,TMP,-3.73753,2.73899,-3.99028
C,X0,reduction,gpr,lofo,shift,leave-one-family-out,SN,-3.20788,1.71938,-4.83454
C,X0,reduction,rf,lofo,shift,leave-one-family-out,DMC,-4.02254,3.1349,-3.37686
C,X0,reduction,rf,lofo,shift,leave-one-family-out,EC,-3.70877,2.44625,-3.88369
C,X0,reduction,rf,lofo,shift,leave-one-family-out,DME,-3.44704,3.62039,-2.84515
C,X0,reduction,rf,lofo,shift,leave-one-family-out,DOL,-4.03329,4.0277,-2.52728
C,X0,reduction,rf,lofo,shift,leave-one-family-out,GBL,-3.71793,2.45979,-3.51329
C,X0,reduction,rf,lofo,shift,leave-one-family-out,SL,-3.3579,2.86243,-3.53657
C,X0,reduction,rf,lofo,shift,leave-one-family-out,DMSO,-3.72385,2.74265,-4.08743
C,X0,reduction,rf,lofo,shift,leave-one-family-out,AN,-3.90449,3.16857,-3.88564
C,X0,reduction,rf,lofo,shift,leave-one-family-out,TMP,-3.73753,2.73899,-3.96573
C,X0,reduction,rf,lofo,shift,leave-one-family-out,SN,-3.20788,1.71938,-4.64512
C,X0,reduction,gbdt,lofo,shift,leave-one-family-out,DMC,-4.02254,3.1349,-3.32559
C,X0,reduction,gbdt,lofo,shift,leave-one-family-out,EC,-3.70877,2.44625,-3.88604
C,X0,reduction,gbdt,lofo,shift,leave-one-family-out,DME,-3.44704,3.62039,-2.95537
C,X0,reduction,gbdt,lofo,shift,leave-one-family-out,DOL,-4.03329,4.0277,-2.74423
C,X0,reduction,gbdt,lofo,shift,leave-one-family-out,GBL,-3.71793,2.45979,-3.33102
C,X0,reduction,gbdt,lofo,shift,leave-one-family-out,SL,-3.3579,2.86243,-3.59797
C,X0,reduction,gbdt,lofo,shift,leave-one-family-out,DMSO,-3.72385,2.74265,-4.36631
C,X0,reduction,gbdt,lofo,shift,leave-one-family-out,AN,-3.90449,3.16857,-3.871
C,X0,reduction,gbdt,lofo,shift,leave-one-family-out,TMP,-3.73753,2.73899,-4.41401
C,X0,reduction,gbdt,lofo,shift,leave-one-family-out,SN,-3.20788,1.71938,-4.48293
C,X0+X1,oxidation,constant,random,direct,seed=101,DMC,14.9318,10.5967,15.1012
C,X0+X1,oxidation,constant,random,direct,seed=101,EC,15.102,10.7812,15.1965
C,X0+X1,oxidation,constant,random,direct,seed=101,DME,14.0239,8.88952,15.5362
C,X0+X1,oxidation,constant,random,direct,seed=101,DOL,15.5362,9.38058,14.0239
C,X0+X1,oxidation,constant,random,direct,seed=101,GBL,14.8913,9.99023,15.1012
C,X0+X1,oxidation,constant,random,direct,seed=101,SL,14.6639,9.73512,14.8465
C,X0+X1,oxidation,constant,random,direct,seed=101,DMSO,13.9586,8.7743,15.1965
C,X0+X1,oxidation,constant,random,direct,seed=101,AN,17.1966,12.0912,16.3186
C,X0+X1,oxidation,constant,random,direct,seed=101,TMP,14.0095,9.98025,15.3249
C,X0+X1,oxidation,constant,random,direct,seed=101,SN,16.3186,11.5411,17.1966
C,X0+X1,oxidation,constant,random,direct,seed=211,DMC,14.9318,10.5967,15.2096
C,X0+X1,oxidation,constant,random,direct,seed=211,EC,15.102,10.7812,14.9993
C,X0+X1,oxidation,constant,random,direct,seed=211,DME,14.0239,8.88952,15.5362
C,X0+X1,oxidation,constant,random,direct,seed=211,DOL,15.5362,9.38058,14.0239
C,X0+X1,oxidation,constant,random,direct,seed=211,GBL,14.8913,9.99023,15.1347
C,X0+X1,oxidation,constant,random,direct,seed=211,SL,14.6639,9.73512,15.1347
C,X0+X1,oxidation,constant,random,direct,seed=211,DMSO,13.9586,8.7743,15.0444
C,X0+X1,oxidation,constant,random,direct,seed=211,AN,17.1966,12.0912,16.3186
C,X0+X1,oxidation,constant,random,direct,seed=211,TMP,14.0095,9.98025,14.9283
C,X0+X1,oxidation,constant,random,direct,seed=211,SN,16.3186,11.5411,17.1966
C,X0+X1,oxidation,constant,random,direct,seed=307,DMC,14.9318,10.5967,15.2178
C,X0+X1,oxidation,constant,random,direct,seed=307,EC,15.102,10.7812,15.1083
C,X0+X1,oxidation,constant,random,direct,seed=307,DME,14.0239,8.88952,15.5362
C,X0+X1,oxidation,constant,random,direct,seed=307,DOL,15.5362,9.38058,14.0239
C,X0+X1,oxidation,constant,random,direct,seed=307,GBL,14.8913,9.99023,15.0256
C,X0+X1,oxidation,constant,random,direct,seed=307,SL,14.6639,9.73512,15.1083
C,X0+X1,oxidation,constant,random,direct,seed=307,DMSO,13.9586,8.7743,15.2178
C,X0+X1,oxidation,constant,random,direct,seed=307,AN,17.1966,12.0912,16.3186
C,X0+X1,oxidation,constant,random,direct,seed=307,TMP,14.0095,9.98025,14.9283
C,X0+X1,oxidation,constant,random,direct,seed=307,SN,16.3186,11.5411,17.1966
C,X0+X1,oxidation,constant,random,direct,seed=401,DMC,14.9318,10.5967,14.813
C,X0+X1,oxidation,constant,random,direct,seed=401,EC,15.102,10.7812,15.1965
C,X0+X1,oxidation,constant,random,direct,seed=401,DME,14.0239,8.88952,15.1341
C,X0+X1,oxidation,constant,random,direct,seed=401,DOL,15.5362,9.38058,15.1341
C,X0+X1,oxidation,constant,random,direct,seed=401,GBL,14.8913,9.99023,15.1347
C,X0+X1,oxidation,constant,random,direct,seed=401,SL,14.6639,9.73512,15.1347
C,X0+X1,oxidation,constant,random,direct,seed=401,DMSO,13.9586,8.7743,15.1965
C,X0+X1,oxidation,constant,random,direct,seed=401,AN,17.1966,12.0912,16.3186
C,X0+X1,oxidation,constant,random,direct,seed=401,TMP,14.0095,9.98025,15.038
C,X0+X1,oxidation,constant,random,direct,seed=401,SN,16.3186,11.5411,17.1966
C,X0+X1,oxidation,constant,random,direct,seed=503,DMC,14.9318,10.5967,15.0748
C,X0+X1,oxidation,constant,random,direct,seed=503,EC,15.102,10.7812,15.0748
C,X0+X1,oxidation,constant,random,direct,seed=503,DME,14.0239,8.88952,15.5362
C,X0+X1,oxidation,constant,random,direct,seed=503,DOL,15.5362,9.38058,14.0239
C,X0+X1,oxidation,constant,random,direct,seed=503,GBL,14.8913,9.99023,15.0256
C,X0+X1,oxidation,constant,random,direct,seed=503,SL,14.6639,9.73512,15.2431
C,X0+X1,oxidation,constant,random,direct,seed=503,DMSO,13.9586,8.7743,14.9347
C,X0+X1,oxidation,constant,random,direct,seed=503,AN,17.1966,12.0912,16.3186
C,X0+X1,oxidation,constant,random,direct,seed=503,TMP,14.0095,9.98025,15.038
C,X0+X1,oxidation,constant,random,direct,seed=503,SN,16.3186,11.5411,17.1966
C,X0+X1,oxidation,ridge,random,direct,seed=101,DMC,14.9318,10.5967,15.3846
C,X0+X1,oxidation,ridge,random,direct,seed=101,EC,15.102,10.7812,15.6653
C,X0+X1,oxidation,ridge,random,direct,seed=101,DME,14.0239,8.88952,15.6804
C,X0+X1,oxidation,ridge,random,direct,seed=101,DOL,15.5362,9.38058,14.9015
C,X0+X1,oxidation,ridge,random,direct,seed=101,GBL,14.8913,9.99023,15.1156
C,X0+X1,oxidation,ridge,random,direct,seed=101,SL,14.6639,9.73512,14.7916
C,X0+X1,oxidation,ridge,random,direct,seed=101,DMSO,13.9586,8.7743,14.9725
C,X0+X1,oxidation,ridge,random,direct,seed=101,AN,17.1966,12.0912,15.0737
C,X0+X1,oxidation,ridge,random,direct,seed=101,TMP,14.0095,9.98025,15.1531
C,X0+X1,oxidation,ridge,random,direct,seed=101,SN,16.3186,11.5411,15.7392
C,X0+X1,oxidation,ridge,random,direct,seed=211,DMC,14.9318,10.5967,15.2947
C,X0+X1,oxidation,ridge,random,direct,seed=211,EC,15.102,10.7812,15.8598
C,X0+X1,oxidation,ridge,random,direct,seed=211,DME,14.0239,8.88952,14.4968
C,X0+X1,oxidation,ridge,random,direct,seed=211,DOL,15.5362,9.38058,14.7446
C,X0+X1,oxidation,ridge,random,direct,seed=211,GBL,14.8913,9.99023,15.0898
C,X0+X1,oxidation,ridge,random,direct,seed=211,SL,14.6639,9.73512,13.843
C,X0+X1,oxidation,ridge,random,direct,seed=211,DMSO,13.9586,8.7743,15.1186
C,X0+X1,oxidation,ridge,random,direct,seed=211,AN,17.1966,12.0912,15.1018
C,X0+X1,oxidation,ridge,random,direct,seed=211,TMP,14.0095,9.98025,14.8534
C,X0+X1,oxidation,ridge,random,direct,seed=211,SN,16.3186,11.5411,15.421
C,X0+X1,oxidation,ridge,random,direct,seed=307,DMC,14.9318,10.5967,15.4709
C,X0+X1,oxidation,ridge,random,direct,seed=307,EC,15.102,10.7812,15.8279
C,X0+X1,oxidation,ridge,random,direct,seed=307,DME,14.0239,8.88952,14.6148
C,X0+X1,oxidation,ridge,random,direct,seed=307,DOL,15.5362,9.38058,14.5952
C,X0+X1,oxidation,ridge,random,direct,seed=307,GBL,14.8913,9.99023,14.6814
C,X0+X1,oxidation,ridge,random,direct,seed=307,SL,14.6639,9.73512,14.3258
C,X0+X1,oxidation,ridge,random,direct,seed=307,DMSO,13.9586,8.7743,15.1849
C,X0+X1,oxidation,ridge,random,direct,seed=307,AN,17.1966,12.0912,15.1018
C,X0+X1,oxidation,ridge,random,direct,seed=307,TMP,14.0095,9.98025,14.8534
C,X0+X1,oxidation,ridge,random,direct,seed=307,SN,16.3186,11.5411,15.4152
C,X0+X1,oxidation,ridge,random,direct,seed=401,DMC,14.9318,10.5967,14.8384
C,X0+X1,oxidation,ridge,random,direct,seed=401,EC,15.102,10.7812,15.6653
C,X0+X1,oxidation,ridge,random,direct,seed=401,DME,14.0239,8.88952,14.0395
C,X0+X1,oxidation,ridge,random,direct,seed=401,DOL,15.5362,9.38058,14.6454
C,X0+X1,oxidation,ridge,random,direct,seed=401,GBL,14.8913,9.99023,15.0898
C,X0+X1,oxidation,ridge,random,direct,seed=401,SL,14.6639,9.73512,13.843
C,X0+X1,oxidation,ridge,random,direct,seed=401,DMSO,13.9586,8.7743,14.9725
C,X0+X1,oxidation,ridge,random,direct,seed=401,AN,17.1966,12.0912,14.9538
C,X0+X1,oxidation,ridge,random,direct,seed=401,TMP,14.0095,9.98025,13.8569
C,X0+X1,oxidation,ridge,random,direct,seed=401,SN,16.3186,11.5411,15.3091
C,X0+X1,oxidation,ridge,random,direct,seed=503,DMC,14.9318,10.5967,15.5709
C,X0+X1,oxidation,ridge,random,direct,seed=503,EC,15.102,10.7812,16.2781
C,X0+X1,oxidation,ridge,random,direct,seed=503,DME,14.0239,8.88952,14.4993
C,X0+X1,oxidation,ridge,random,direct,seed=503,DOL,15.5362,9.38058,14.5952
C,X0+X1,oxidation,ridge,random,direct,seed=503,GBL,14.8913,9.99023,14.6814
C,X0+X1,oxidation,ridge,random,direct,seed=503,SL,14.6639,9.73512,13.8227
C,X0+X1,oxidation,ridge,random,direct,seed=503,DMSO,13.9586,8.7743,15.0758
C,X0+X1,oxidation,ridge,random,direct,seed=503,AN,17.1966,12.0912,15.8735
C,X0+X1,oxidation,ridge,random,direct,seed=503,TMP,14.0095,9.98025,13.8569
C,X0+X1,oxidation,ridge,random,direct,seed=503,SN,16.3186,11.5411,15.3091
C,X0+X1,oxidation,krr,random,direct,seed=101,DMC,14.9318,10.5967,15.1613
C,X0+X1,oxidation,krr,random,direct,seed=101,EC,15.102,10.7812,15.2795
C,X0+X1,oxidation,krr,random,direct,seed=101,DME,14.0239,8.88952,15.0047
C,X0+X1,oxidation,krr,random,direct,seed=101,DOL,15.5362,9.38058,14.603
C,X0+X1,oxidation,krr,random,direct,seed=101,GBL,14.8913,9.99023,15.1302
C,X0+X1,oxidation,krr,random,direct,seed=101,SL,14.6639,9.73512,14.5648
C,X0+X1,oxidation,krr,random,direct,seed=101,DMSO,13.9586,8.7743,14.9826
C,X0+X1,oxidation,krr,random,direct,seed=101,AN,17.1966,12.0912,14.7961
C,X0+X1,oxidation,krr,random,direct,seed=101,TMP,14.0095,9.98025,14.1166
C,X0+X1,oxidation,krr,random,direct,seed=101,SN,16.3186,11.5411,15.7274
C,X0+X1,oxidation,krr,random,direct,seed=211,DMC,14.9318,10.5967,14.7428
C,X0+X1,oxidation,krr,random,direct,seed=211,EC,15.102,10.7812,14.6166
C,X0+X1,oxidation,krr,random,direct,seed=211,DME,14.0239,8.88952,14.2617
C,X0+X1,oxidation,krr,random,direct,seed=211,DOL,15.5362,9.38058,14.139
C,X0+X1,oxidation,krr,random,direct,seed=211,GBL,14.8913,9.99023,14.6951
C,X0+X1,oxidation,krr,random,direct,seed=211,SL,14.6639,9.73512,14.4128
C,X0+X1,oxidation,krr,random,direct,seed=211,DMSO,13.9586,8.7743,14.9423
C,X0+X1,oxidation,krr,random,direct,seed=211,AN,17.1966,12.0912,14.5708
C,X0+X1,oxidation,krr,random,direct,seed=211,TMP,14.0095,9.98025,13.7064
C,X0+X1,oxidation,krr,random,direct,seed=211,SN,16.3186,11.5411,15.1664
C,X0+X1,oxidation,krr,random,direct,seed=307,DMC,14.9318,10.5967,15.2323
C,X0+X1,oxidation,krr,random,direct,seed=307,EC,15.102,10.7812,15.7314
C,X0+X1,oxidation,krr,random,direct,seed=307,DME,14.0239,8.88952,14.4654
C,X0+X1,oxidation,krr,random,direct,seed=307,DOL,15.5362,9.38058,14.4478
C,X0+X1,oxidation,krr,random,direct,seed=307,GBL,14.8913,9.99023,15.1101
C,X0+X1,oxidation,krr,random,direct,seed=307,SL,14.6639,9.73512,14.3264
C,X0+X1,oxidation,krr,random,direct,seed=307,DMSO,13.9586,8.7743,15.0291
C,X0+X1,oxidation,krr,random,direct,seed=307,AN,17.1966,12.0912,14.5708
C,X0+X1,oxidation,krr,random,direct,seed=307,TMP,14.0095,9.98025,13.7064
C,X0+X1,oxidation,krr,random,direct,seed=307,SN,16.3186,11.5411,14.7384
C,X0+X1,oxidation,krr,random,direct,seed=401,DMC,14.9318,10.5967,14.8445
C,X0+X1,oxidation,krr,random,direct,seed=401,EC,15.102,10.7812,15.5104
C,X0+X1,oxidation,krr,random,direct,seed=401,DME,14.0239,8.88952,13.8483
C,X0+X1,oxidation,krr,random,direct,seed=401,DOL,15.5362,9.38058,14.1639
C,X0+X1,oxidation,krr,random,direct,seed=401,GBL,14.8913,9.99023,15.1067
C,X0+X1,oxidation,krr,random,direct,seed=401,SL,14.6639,9.73512,14.6
C,X0+X1,oxidation,krr,random,direct,seed=401,DMSO,13.9586,8.7743,15.0235
C,X0+X1,oxidation,krr,random,direct,seed=401,AN,17.1966,12.0912,14.8165
C,X0+X1,oxidation,krr,random,direct,seed=401,TMP,14.0095,9.98025,13.1943
C,X0+X1,oxidation,krr,random,direct,seed=401,SN,16.3186,11.5411,14.9882
C,X0+X1,oxidation,krr,random,direct,seed=503,DMC,14.9318,10.5967,15.8694
C,X0+X1,oxidation,krr,random,direct,seed=503,EC,15.102,10.7812,16.1875
C,X0+X1,oxidation,krr,random,direct,seed=503,DME,14.0239,8.88952,14.4897
C,X0+X1,oxidation,krr,random,direct,seed=503,DOL,15.5362,9.38058,14.4198
C,X0+X1,oxidation,krr,random,direct,seed=503,GBL,14.8913,9.99023,15.0322
C,X0+X1,oxidation,krr,random,direct,seed=503,SL,14.6639,9.73512,14.6416
C,X0+X1,oxidation,krr,random,direct,seed=503,DMSO,13.9586,8.7743,14.6381
C,X0+X1,oxidation,krr,random,direct,seed=503,AN,17.1966,12.0912,14.8824
C,X0+X1,oxidation,krr,random,direct,seed=503,TMP,14.0095,9.98025,13.5229
C,X0+X1,oxidation,krr,random,direct,seed=503,SN,16.3186,11.5411,14.7893
C,X0+X1,oxidation,gpr,random,direct,seed=101,DMC,14.9318,10.5967,15.1012
C,X0+X1,oxidation,gpr,random,direct,seed=101,EC,15.102,10.7812,15.5207
C,X0+X1,oxidation,gpr,random,direct,seed=101,DME,14.0239,8.88952,15.3262
C,X0+X1,oxidation,gpr,random,direct,seed=101,DOL,15.5362,9.38058,14.7418
C,X0+X1,oxidation,gpr,random,direct,seed=101,GBL,14.8913,9.99023,15.1012
C,X0+X1,oxidation,gpr,random,direct,seed=101,SL,14.6639,9.73512,14.7747
C,X0+X1,oxidation,gpr,random,direct,seed=101,DMSO,13.9586,8.7743,14.953
C,X0+X1,oxidation,gpr,random,direct,seed=101,AN,17.1966,12.0912,14.88
C,X0+X1,oxidation,gpr,random,direct,seed=101,TMP,14.0095,9.98025,15.3317
C,X0+X1,oxidation,gpr,random,direct,seed=101,SN,16.3186,11.5411,15.1373
C,X0+X1,oxidation,gpr,random,direct,seed=211,DMC,14.9318,10.5967,15.221
C,X0+X1,oxidation,gpr,random,direct,seed=211,EC,15.102,10.7812,15.7708
C,X0+X1,oxidation,gpr,random,direct,seed=211,DME,14.0239,8.88952,14.9621
C,X0+X1,oxidation,gpr,random,direct,seed=211,DOL,15.5362,9.38058,14.7027
C,X0+X1,oxidation,gpr,random,direct,seed=211,GBL,14.8913,9.99023,15.1346
C,X0+X1,oxidation,gpr,random,direct,seed=211,SL,14.6639,9.73512,15.1347
C,X0+X1,oxidation,gpr,random,direct,seed=211,DMSO,13.9586,8.7743,15.0444
C,X0+X1,oxidation,gpr,random,direct,seed=211,AN,17.1966,12.0912,14.9304
C,X0+X1,oxidation,gpr,random,direct,seed=211,TMP,14.0095,9.98025,14.9271
C,X0+X1,oxidation,gpr,random,direct,seed=211,SN,16.3186,11.5411,15.0444
C,X0+X1,oxidation,gpr,random,direct,seed=307,DMC,14.9318,10.5967,15.2213
C,X0+X1,oxidation,gpr,random,direct,seed=307,EC,15.102,10.7812,15.1075
C,X0+X1,oxidation,gpr,random,direct,seed=307,DME,14.0239,8.88952,14.8586
C,X0+X1,oxidation,gpr,random,direct,seed=307,DOL,15.5362,9.38058,14.7227
C,X0+X1,oxidation,gpr,random,direct,seed=307,GBL,14.8913,9.99023,14.8904
C,X0+X1,oxidation,gpr,random,direct,seed=307,SL,14.6639,9.73512,15.1081
C,X0+X1,oxidation,gpr,random,direct,seed=307,DMSO,13.9586,8.7743,15.0527
C,X0+X1,oxidation,gpr,random,direct,seed=307,AN,17.1966,12.0912,14.9304
C,X0+X1,oxidation,gpr,random,direct,seed=307,TMP,14.0095,9.98025,14.9271
C,X0+X1,oxidation,gpr,random,direct,seed=307,SN,16.3186,11.5411,15.2289
C,X0+X1,oxidation,gpr,random,direct,seed=401,DMC,14.9318,10.5967,14.8731
C,X0+X1,oxidation,gpr,random,direct,seed=401,EC,15.102,10.7812,15.5207
C,X0+X1,oxidation,gpr,random,direct,seed=401,DME,14.0239,8.88952,14.6982
C,X0+X1,oxidation,gpr,random,direct,seed=401,DOL,15.5362,9.38058,15.0173
C,X0+X1,oxidation,gpr,random,direct,seed=401,GBL,14.8913,9.99023,15.1346
C,X0+X1,oxidation,gpr,random,direct,seed=401,SL,14.6639,9.73512,15.1347
C,X0+X1,oxidation,gpr,random,direct,seed=401,DMSO,13.9586,8.7743,14.953
C,X0+X1,oxidation,gpr,random,direct,seed=401,AN,17.1966,12.0912,14.8702
C,X0+X1,oxidation,gpr,random,direct,seed=401,TMP,14.0095,9.98025,15.038
C,X0+X1,oxidation,gpr,random,direct,seed=401,SN,16.3186,11.5411,15.038
C,X0+X1,oxidation,gpr,random,direct,seed=503,DMC,14.9318,10.5967,15.5245
C,X0+X1,oxidation,gpr,random,direct,seed=503,EC,15.102,10.7812,15.9758
C,X0+X1,oxidation,gpr,random,direct,seed=503,DME,14.0239,8.88952,14.7766
C,X0+X1,oxidation,gpr,random,direct,seed=503,DOL,15.5362,9.38058,14.7227
C,X0+X1,oxidation,gpr,random,direct,seed=503,GBL,14.8913,9.99023,14.8904
C,X0+X1,oxidation,gpr,random,direct,seed=503,SL,14.6639,9.73512,14.328
C,X0+X1,oxidation,gpr,random,direct,seed=503,DMSO,13.9586,8.7743,14.9344
C,X0+X1,oxidation,gpr,random,direct,seed=503,AN,17.1966,12.0912,14.9347
C,X0+X1,oxidation,gpr,random,direct,seed=503,TMP,14.0095,9.98025,15.038
C,X0+X1,oxidation,gpr,random,direct,seed=503,SN,16.3186,11.5411,15.038
C,X0+X1,oxidation,rf,random,direct,seed=101,DMC,14.9318,10.5967,14.5495
C,X0+X1,oxidation,rf,random,direct,seed=101,EC,15.102,10.7812,15.2599
C,X0+X1,oxidation,rf,random,direct,seed=101,DME,14.0239,8.88952,14.8809
C,X0+X1,oxidation,rf,random,direct,seed=101,DOL,15.5362,9.38058,14.886
C,X0+X1,oxidation,rf,random,direct,seed=101,GBL,14.8913,9.99023,14.7525
C,X0+X1,oxidation,rf,random,direct,seed=101,SL,14.6639,9.73512,14.4364
C,X0+X1,oxidation,rf,random,direct,seed=101,DMSO,13.9586,8.7743,15.3764
C,X0+X1,oxidation,rf,random,direct,seed=101,AN,17.1966,12.0912,15.3628
C,X0+X1,oxidation,rf,random,direct,seed=101,TMP,14.0095,9.98025,14.9929
C,X0+X1,oxidation,rf,random,direct,seed=101,SN,16.3186,11.5411,15.348
C,X0+X1,oxidation,rf,random,direct,seed=211,DMC,14.9318,10.5967,14.5837
C,X0+X1,oxidation,rf,random,direct,seed=211,EC,15.102,10.7812,15.1998
C,X0+X1,oxidation,rf,random,direct,seed=211,DME,14.0239,8.88952,14.4856
C,X0+X1,oxidation,rf,random,direct,seed=211,DOL,15.5362,9.38058,15.0644
C,X0+X1,oxidation,rf,random,direct,seed=211,GBL,14.8913,9.99023,14.6941
C,X0+X1,oxidation,rf,random,direct,seed=211,SL,14.6639,9.73512,14.4082
C,X0+X1,oxidation,rf,random,direct,seed=211,DMSO,13.9586,8.7743,15.4235
C,X0+X1,oxidation,rf,random,direct,seed=211,AN,17.1966,12.0912,15.2392
C,X0+X1,oxidation,rf,random,direct,seed=211,TMP,14.0095,9.98025,14.8747
C,X0+X1,oxidation,rf,random,direct,seed=211,SN,16.3186,11.5411,15.4265
C,X0+X1,oxidation,rf,random,direct,seed=307,DMC,14.9318,10.5967,14.7542
C,X0+X1,oxidation,rf,random,direct,seed=307,EC,15.102,10.7812,15.4311
C,X0+X1,oxidation,rf,random,direct,seed=307,DME,14.0239,8.88952,14.6767
C,X0+X1,oxidation,rf,random,direct,seed=307,DOL,15.5362,9.38058,14.7553
C,X0+X1,oxidation,rf,random,direct,seed=307,GBL,14.8913,9.99023,14.7258
C,X0+X1,oxidation,rf,random,direct,seed=307,SL,14.6639,9.73512,14.4312
C,X0+X1,oxidation,rf,random,direct,seed=307,DMSO,13.9586,8.7743,15.3171
C,X0+X1,oxidation,rf,random,direct,seed=307,AN,17.1966,12.0912,15.3362
C,X0+X1,oxidation,rf,random,direct,seed=307,TMP,14.0095,9.98025,14.8332
C,X0+X1,oxidation,rf,random,direct,seed=307,SN,16.3186,11.5411,15.2798
C,X0+X1,oxidation,rf,random,direct,seed=401,DMC,14.9318,10.5967,14.4648
C,X0+X1,oxidation,rf,random,direct,seed=401,EC,15.102,10.7812,15.2899
C,X0+X1,oxidation,rf,random,direct,seed=401,DME,14.0239,8.88952,14.4884
C,X0+X1,oxidation,rf,random,direct,seed=401,DOL,15.5362,9.38058,14.9138
C,X0+X1,oxidation,rf,random,direct,seed=401,GBL,14.8913,9.99023,14.7604
C,X0+X1,oxidation,rf,random,direct,seed=401,SL,14.6639,9.73512,14.4674
C,X0+X1,oxidation,rf,random,direct,seed=401,DMSO,13.9586,8.7743,15.3865
C,X0+X1,oxidation,rf,random,direct,seed=401,AN,17.1966,12.0912,15.1973
C,X0+X1,oxidation,rf,random,direct,seed=401,TMP,14.0095,9.98025,14.7374
C,X0+X1,oxidation,rf,random,direct,seed=401,SN,16.3186,11.5411,15.3819
C,X0+X1,oxidation,rf,random,direct,seed=503,DMC,14.9318,10.5967,14.5343
C,X0+X1,oxidation,rf,random,direct,seed=503,EC,15.102,10.7812,15.3948
C,X0+X1,oxidation,rf,random,direct,seed=503,DME,14.0239,8.88952,14.5684
C,X0+X1,oxidation,rf,random,direct,seed=503,DOL,15.5362,9.38058,14.7244
C,X0+X1,oxidation,rf,random,direct,seed=503,GBL,14.8913,9.99023,14.8262
C,X0+X1,oxidation,rf,random,direct,seed=503,SL,14.6639,9.73512,14.5559
C,X0+X1,oxidation,rf,random,direct,seed=503,DMSO,13.9586,8.7743,15.2278
C,X0+X1,oxidation,rf,random,direct,seed=503,AN,17.1966,12.0912,15.4441
C,X0+X1,oxidation,rf,random,direct,seed=503,TMP,14.0095,9.98025,14.7491
C,X0+X1,oxidation,rf,random,direct,seed=503,SN,16.3186,11.5411,15.3625
C,X0+X1,oxidation,gbdt,random,direct,seed=101,DMC,14.9318,10.5967,14.0151
C,X0+X1,oxidation,gbdt,random,direct,seed=101,EC,15.102,10.7812,15.2717
C,X0+X1,oxidation,gbdt,random,direct,seed=101,DME,14.0239,8.88952,14.5194
C,X0+X1,oxidation,gbdt,random,direct,seed=101,DOL,15.5362,9.38058,14.8686
C,X0+X1,oxidation,gbdt,random,direct,seed=101,GBL,14.8913,9.99023,14.4641
C,X0+X1,oxidation,gbdt,random,direct,seed=101,SL,14.6639,9.73512,14.0294
C,X0+X1,oxidation,gbdt,random,direct,seed=101,DMSO,13.9586,8.7743,15.1917
C,X0+X1,oxidation,gbdt,random,direct,seed=101,AN,17.1966,12.0912,15.6465
C,X0+X1,oxidation,gbdt,random,direct,seed=101,TMP,14.0095,9.98025,14.77
C,X0+X1,oxidation,gbdt,random,direct,seed=101,SN,16.3186,11.5411,15.2958
C,X0+X1,oxidation,gbdt,random,direct,seed=211,DMC,14.9318,10.5967,14.2285
C,X0+X1,oxidation,gbdt,random,direct,seed=211,EC,15.102,10.7812,15.2634
C,X0+X1,oxidation,gbdt,random,direct,seed=211,DME,14.0239,8.88952,14.1238
C,X0+X1,oxidation,gbdt,random,direct,seed=211,DOL,15.5362,9.38058,15.1461
C,X0+X1,oxidation,gbdt,random,direct,seed=211,GBL,14.8913,9.99023,14.0017
C,X0+X1,oxidation,gbdt,random,direct,seed=211,SL,14.6639,9.73512,14.0116
C,X0+X1,oxidation,gbdt,random,direct,seed=211,DMSO,13.9586,8.7743,15.2889
C,X0+X1,oxidation,gbdt,random,direct,seed=211,AN,17.1966,12.0912,15.7211
C,X0+X1,oxidation,gbdt,random,direct,seed=211,TMP,14.0095,9.98025,14.7702
C,X0+X1,oxidation,gbdt,random,direct,seed=211,SN,16.3186,11.5411,15.4454
C,X0+X1,oxidation,gbdt,random,direct,seed=307,DMC,14.9318,10.5967,14.4288
C,X0+X1,oxidation,gbdt,random,direct,seed=307,EC,15.102,10.7812,15.5523
C,X0+X1,oxidation,gbdt,random,direct,seed=307,DME,14.0239,8.88952,14.261
C,X0+X1,oxidation,gbdt,random,direct,seed=307,DOL,15.5362,9.38058,14.5179
C,X0+X1,oxidation,gbdt,random,direct,seed=307,GBL,14.8913,9.99023,14.4497
C,X0+X1,oxidation,gbdt,random,direct,seed=307,SL,14.6639,9.73512,14.0096
C,X0+X1,oxidation,gbdt,random,direct,seed=307,DMSO,13.9586,8.7743,15.346
C,X0+X1,oxidation,gbdt,random,direct,seed=307,AN,17.1966,12.0912,15.654
C,X0+X1,oxidation,gbdt,random,direct,seed=307,TMP,14.0095,9.98025,14.7588
C,X0+X1,oxidation,gbdt,random,direct,seed=307,SN,16.3186,11.5411,14.6728
C,X0+X1,oxidation,gbdt,random,direct,seed=401,DMC,14.9318,10.5967,14.171
C,X0+X1,oxidation,gbdt,random,direct,seed=401,EC,15.102,10.7812,15.3298
C,X0+X1,oxidation,gbdt,random,direct,seed=401,DME,14.0239,8.88952,14.0963
C,X0+X1,oxidation,gbdt,random,direct,seed=401,DOL,15.5362,9.38058,14.671
C,X0+X1,oxidation,gbdt,random,direct,seed=401,GBL,14.8913,9.99023,14.0664
C,X0+X1,oxidation,gbdt,random,direct,seed=401,SL,14.6639,9.73512,14.0095
C,X0+X1,oxidation,gbdt,random,direct,seed=401,DMSO,13.9586,8.7743,15.2474
C,X0+X1,oxidation,gbdt,random,direct,seed=401,AN,17.1966,12.0912,15.5014
C,X0+X1,oxidation,gbdt,random,direct,seed=401,TMP,14.0095,9.98025,14.7728
C,X0+X1,oxidation,gbdt,random,direct,seed=401,SN,16.3186,11.5411,15.1826
C,X0+X1,oxidation,gbdt,random,direct,seed=503,DMC,14.9318,10.5967,14.2406
C,X0+X1,oxidation,gbdt,random,direct,seed=503,EC,15.102,10.7812,15.7146
C,X0+X1,oxidation,gbdt,random,direct,seed=503,DME,14.0239,8.88952,14.1249
C,X0+X1,oxidation,gbdt,random,direct,seed=503,DOL,15.5362,9.38058,14.5201
C,X0+X1,oxidation,gbdt,random,direct,seed=503,GBL,14.8913,9.99023,14.4573
C,X0+X1,oxidation,gbdt,random,direct,seed=503,SL,14.6639,9.73512,14.0123
C,X0+X1,oxidation,gbdt,random,direct,seed=503,DMSO,13.9586,8.7743,15.5867
C,X0+X1,oxidation,gbdt,random,direct,seed=503,AN,17.1966,12.0912,15.8344
C,X0+X1,oxidation,gbdt,random,direct,seed=503,TMP,14.0095,9.98025,14.7874
C,X0+X1,oxidation,gbdt,random,direct,seed=503,SN,16.3186,11.5411,15.0829
C,X0+X1,oxidation,constant,random,shift,seed=101,DMC,14.9318,10.5967,15.5512
C,X0+X1,oxidation,constant,random,shift,seed=101,EC,15.102,10.7812,15.702
C,X0+X1,oxidation,constant,random,shift,seed=101,DME,14.0239,8.88952,15.0451
C,X0+X1,oxidation,constant,random,shift,seed=101,DOL,15.5362,9.38058,14.5149
C,X0+X1,oxidation,constant,random,shift,seed=101,GBL,14.8913,9.99023,14.9447
C,X0+X1,oxidation,constant,random,shift,seed=101,SL,14.6639,9.73512,14.5899
C,X0+X1,oxidation,constant,random,shift,seed=101,DMSO,13.9586,8.7743,13.6952
C,X0+X1,oxidation,constant,random,shift,seed=101,AN,17.1966,12.0912,16.8687
C,X0+X1,oxidation,constant,random,shift,seed=101,TMP,14.0095,9.98025,14.9438
C,X0+X1,oxidation,constant,random,shift,seed=101,SN,16.3186,11.5411,16.6465
C,X0+X1,oxidation,constant,random,shift,seed=211,DMC,14.9318,10.5967,15.5221
C,X0+X1,oxidation,constant,random,shift,seed=211,EC,15.102,10.7812,15.5806
C,X0+X1,oxidation,constant,random,shift,seed=211,DME,14.0239,8.88952,15.0451
C,X0+X1,oxidation,constant,random,shift,seed=211,DOL,15.5362,9.38058,14.5149
C,X0+X1,oxidation,constant,random,shift,seed=211,GBL,14.8913,9.99023,14.8705
C,X0+X1,oxidation,constant,random,shift,seed=211,SL,14.6639,9.73512,14.6154
C,X0+X1,oxidation,constant,random,shift,seed=211,DMSO,13.9586,8.7743,13.6381
C,X0+X1,oxidation,constant,random,shift,seed=211,AN,17.1966,12.0912,16.8687
C,X0+X1,oxidation,constant,random,shift,seed=211,TMP,14.0095,9.98025,14.9474
C,X0+X1,oxidation,constant,random,shift,seed=211,SN,16.3186,11.5411,16.6465
C,X0+X1,oxidation,constant,random,shift,seed=307,DMC,14.9318,10.5967,15.5158
C,X0+X1,oxidation,constant,random,shift,seed=307,EC,15.102,10.7812,15.734
C,X0+X1,oxidation,constant,random,shift,seed=307,DME,14.0239,8.88952,15.0451
C,X0+X1,oxidation,constant,random,shift,seed=307,DOL,15.5362,9.38058,14.5149
C,X0+X1,oxidation,constant,random,shift,seed=307,GBL,14.8913,9.99023,14.7172
C,X0+X1,oxidation,constant,random,shift,seed=307,SL,14.6639,9.73512,14.688
C,X0+X1,oxidation,constant,random,shift,seed=307,DMSO,13.9586,8.7743,13.6934
C,X0+X1,oxidation,constant,random,shift,seed=307,AN,17.1966,12.0912,16.8687
C,X0+X1,oxidation,constant,random,shift,seed=307,TMP,14.0095,9.98025,14.9474
C,X0+X1,oxidation,constant,random,shift,seed=307,SN,16.3186,11.5411,16.6465
C,X0+X1,oxidation,constant,random,shift,seed=401,DMC,14.9318,10.5967,15.5257
C,X0+X1,oxidation,constant,random,shift,seed=401,EC,15.102,10.7812,15.702
C,X0+X1,oxidation,constant,random,shift,seed=401,DME,14.0239,8.88952,13.5873
C,X0+X1,oxidation,constant,random,shift,seed=401,DOL,15.5362,9.38058,14.0784
C,X0+X1,oxidation,constant,random,shift,seed=401,GBL,14.8913,9.99023,14.8705
C,X0+X1,oxidation,constant,random,shift,seed=401,SL,14.6639,9.73512,14.6154
C,X0+X1,oxidation,constant,random,shift,seed=401,DMSO,13.9586,8.7743,13.6952
C,X0+X1,oxidation,constant,random,shift,seed=401,AN,17.1966,12.0912,16.8687
C,X0+X1,oxidation,constant,random,shift,seed=401,TMP,14.0095,9.98025,14.9884
C,X0+X1,oxidation,constant,random,shift,seed=401,SN,16.3186,11.5411,16.6465
C,X0+X1,oxidation,constant,random,shift,seed=503,DMC,14.9318,10.5967,15.6238
C,X0+X1,oxidation,constant,random,shift,seed=503,EC,15.102,10.7812,15.8082
C,X0+X1,oxidation,constant,random,shift,seed=503,DME,14.0239,8.88952,15.0451
C,X0+X1,oxidation,constant,random,shift,seed=503,DOL,15.5362,9.38058,14.5149
C,X0+X1,oxidation,constant,random,shift,seed=503,GBL,14.8913,9.99023,14.7172
C,X0+X1,oxidation,constant,random,shift,seed=503,SL,14.6639,9.73512,14.5863
C,X0+X1,oxidation,constant,random,shift,seed=503,DMSO,13.9586,8.7743,13.5971
C,X0+X1,oxidation,constant,random,shift,seed=503,AN,17.1966,12.0912,16.8687
C,X0+X1,oxidation,constant,random,shift,seed=503,TMP,14.0095,9.98025,14.9884
C,X0+X1,oxidation,constant,random,shift,seed=503,SN,16.3186,11.5411,16.6465
C,X0+X1,oxidation,ridge,random,shift,seed=101,DMC,14.9318,10.5967,15.4335
C,X0+X1,oxidation,ridge,random,shift,seed=101,EC,15.102,10.7812,15.5782
C,X0+X1,oxidation,ridge,random,shift,seed=101,DME,14.0239,8.88952,14.6898
C,X0+X1,oxidation,ridge,random,shift,seed=101,DOL,15.5362,9.38058,14.5998
C,X0+X1,oxidation,ridge,random,shift,seed=101,GBL,14.8913,9.99023,14.9231
C,X0+X1,oxidation,ridge,random,shift,seed=101,SL,14.6639,9.73512,14.3786
C,X0+X1,oxidation,ridge,random,shift,seed=101,DMSO,13.9586,8.7743,14.0318
C,X0+X1,oxidation,ridge,random,shift,seed=101,AN,17.1966,12.0912,17.4003
C,X0+X1,oxidation,ridge,random,shift,seed=101,TMP,14.0095,9.98025,14.9034
C,X0+X1,oxidation,ridge,random,shift,seed=101,SN,16.3186,11.5411,15.9155
C,X0+X1,oxidation,ridge,random,shift,seed=211,DMC,14.9318,10.5967,15.4863
C,X0+X1,oxidation,ridge,random,shift,seed=211,EC,15.102,10.7812,15.6503
C,X0+X1,oxidation,ridge,random,shift,seed=211,DME,14.0239,8.88952,14.0031
C,X0+X1,oxidation,ridge,random,shift,seed=211,DOL,15.5362,9.38058,14.5554
C,X0+X1,oxidation,ridge,random,shift,seed=211,GBL,14.8913,9.99023,14.8728
C,X0+X1,oxidation,ridge,random,shift,seed=211,SL,14.6639,9.73512,14.4697
C,X0+X1,oxidation,ridge,random,shift,seed=211,DMSO,13.9586,8.7743,14.0077
C,X0+X1,oxidation,ridge,random,shift,seed=211,AN,17.1966,12.0912,17.1807
C,X0+X1,oxidation,ridge,random,shift,seed=211,TMP,14.0095,9.98025,14.6272
C,X0+X1,oxidation,ridge,random,shift,seed=211,SN,16.3186,11.5411,15.6587
C,X0+X1,oxidation,ridge,random,shift,seed=307,DMC,14.9318,10.5967,15.3991
C,X0+X1,oxidation,ridge,random,shift,seed=307,EC,15.102,10.7812,15.6491
C,X0+X1,oxidation,ridge,random,shift,seed=307,DME,14.0239,8.88952,14.528
C,X0+X1,oxidation,ridge,random,shift,seed=307,DOL,15.5362,9.38058,14.3585
C,X0+X1,oxidation,ridge,random,shift,seed=307,GBL,14.8913,9.99023,14.7457
C,X0+X1,oxidation,ridge,random,shift,seed=307,SL,14.6639,9.73512,14.6368
C,X0+X1,oxidation,ridge,random,shift,seed=307,DMSO,13.9586,8.7743,14.0515
C,X0+X1,oxidation,ridge,random,shift,seed=307,AN,17.1966,12.0912,17.1807
C,X0+X1,oxidation,ridge,random,shift,seed=307,TMP,14.0095,9.98025,14.6272
C,X0+X1,oxidation,ridge,random,shift,seed=307,SN,16.3186,11.5411,15.442
C,X0+X1,oxidation,ridge,random,shift,seed=401,DMC,14.9318,10.5967,15.4824
C,X0+X1,oxidation,ridge,random,shift,seed=401,EC,15.102,10.7812,15.5782
C,X0+X1,oxidation,ridge,random,shift,seed=401,DME,14.0239,8.88952,13.5896
C,X0+X1,oxidation,ridge,random,shift,seed=401,DOL,15.5362,9.38058,14.1461
C,X0+X1,oxidation,ridge,random,shift,seed=401,GBL,14.8913,9.99023,14.8728
C,X0+X1,oxidation,ridge,random,shift,seed=401,SL,14.6639,9.73512,14.4697
C,X0+X1,oxidation,ridge,random,shift,seed=401,DMSO,13.9586,8.7743,14.0318
C,X0+X1,oxidation,ridge,random,shift,seed=401,AN,17.1966,12.0912,17.4821
C,X0+X1,oxidation,ridge,random,shift,seed=401,TMP,14.0095,9.98025,13.4476
C,X0+X1,oxidation,ridge,random,shift,seed=401,SN,16.3186,11.5411,15.2087
C,X0+X1,oxidation,ridge,random,shift,seed=503,DMC,14.9318,10.5967,15.4936
C,X0+X1,oxidation,ridge,random,shift,seed=503,EC,15.102,10.7812,15.6912
C,X0+X1,oxidation,ridge,random,shift,seed=503,DME,14.0239,8.88952,14.0278
C,X0+X1,oxidation,ridge,random,shift,seed=503,DOL,15.5362,9.38058,14.3585
C,X0+X1,oxidation,ridge,random,shift,seed=503,GBL,14.8913,9.99023,14.7457
C,X0+X1,oxidation,ridge,random,shift,seed=503,SL,14.6639,9.73512,14.4988
C,X0+X1,oxidation,ridge,random,shift,seed=503,DMSO,13.9586,8.7743,14.1371
C,X0+X1,oxidation,ridge,random,shift,seed=503,AN,17.1966,12.0912,17.3938
C,X0+X1,oxidation,ridge,random,shift,seed=503,TMP,14.0095,9.98025,13.4476
C,X0+X1,oxidation,ridge,random,shift,seed=503,SN,16.3186,11.5411,15.2087
C,X0+X1,oxidation,krr,random,shift,seed=101,DMC,14.9318,10.5967,15.5264
C,X0+X1,oxidation,krr,random,shift,seed=101,EC,15.102,10.7812,15.6317
C,X0+X1,oxidation,krr,random,shift,seed=101,DME,14.0239,8.88952,14.2606
C,X0+X1,oxidation,krr,random,shift,seed=101,DOL,15.5362,9.38058,14.5464
C,X0+X1,oxidation,krr,random,shift,seed=101,GBL,14.8913,9.99023,14.9971
C,X0+X1,oxidation,krr,random,shift,seed=101,SL,14.6639,9.73512,14.3762
C,X0+X1,oxidation,krr,random,shift,seed=101,DMSO,13.9586,8.7743,13.5125
C,X0+X1,oxidation,krr,random,shift,seed=101,AN,17.1966,12.0912,17.2248
C,X0+X1,oxidation,krr,random,shift,seed=101,TMP,14.0095,9.98025,14.3835
C,X0+X1,oxidation,krr,random,shift,seed=101,SN,16.3186,11.5411,15.8621
C,X0+X1,oxidation,krr,random,shift,seed=211,DMC,14.9318,10.5967,15.465
C,X0+X1,oxidation,krr,random,shift,seed=211,EC,15.102,10.7812,15.5636
C,X0+X1,oxidation,krr,random,shift,seed=211,DME,14.0239,8.88952,13.9165
C,X0+X1,oxidation,krr,random,shift,seed=211,DOL,15.5362,9.38058,14.4526
C,X0+X1,oxidation,krr,random,shift,seed=211,GBL,14.8913,9.99023,14.8297
C,X0+X1,oxidation,krr,random,shift,seed=211,SL,14.6639,9.73512,14.4585
C,X0+X1,oxidation,krr,random,shift,seed=211,DMSO,13.9586,8.7743,13.9573
C,X0+X1,oxidation,krr,random,shift,seed=211,AN,17.1966,12.0912,16.9214
C,X0+X1,oxidation,krr,random,shift,seed=211,TMP,14.0095,9.98025,14.2928
C,X0+X1,oxidation,krr,random,shift,seed=211,SN,16.3186,11.5411,15.5417
C,X0+X1,oxidation,krr,random,shift,seed=307,DMC,14.9318,10.5967,15.435
C,X0+X1,oxidation,krr,random,shift,seed=307,EC,15.102,10.7812,15.5921
C,X0+X1,oxidation,krr,random,shift,seed=307,DME,14.0239,8.88952,14.6235
C,X0+X1,oxidation,krr,random,shift,seed=307,DOL,15.5362,9.38058,14.3003
C,X0+X1,oxidation,krr,random,shift,seed=307,GBL,14.8913,9.99023,14.7707
C,X0+X1,oxidation,krr,random,shift,seed=307,SL,14.6639,9.73512,14.5559
C,X0+X1,oxidation,krr,random,shift,seed=307,DMSO,13.9586,8.7743,13.8311
C,X0+X1,oxidation,krr,random,shift,seed=307,AN,17.1966,12.0912,16.9214
C,X0+X1,oxidation,krr,random,shift,seed=307,TMP,14.0095,9.98025,14.2928
C,X0+X1,oxidation,krr,random,shift,seed=307,SN,16.3186,11.5411,15.385
C,X0+X1,oxidation,krr,random,shift,seed=401,DMC,14.9318,10.5967,15.462
C,X0+X1,oxidation,krr,random,shift,seed=401,EC,15.102,10.7812,15.5538
C,X0+X1,oxidation,krr,random,shift,seed=401,DME,14.0239,8.88952,13.318
C,X0+X1,oxidation,krr,random,shift,seed=401,DOL,15.5362,9.38058,13.8887
C,X0+X1,oxidation,krr,random,shift,seed=401,GBL,14.8913,9.99023,14.8297
C,X0+X1,oxidation,krr,random,shift,seed=401,SL,14.6639,9.73512,14.4585
C,X0+X1,oxidation,krr,random,shift,seed=401,DMSO,13.9586,8.7743,13.9604
C,X0+X1,oxidation,krr,random,shift,seed=401,AN,17.1966,12.0912,17.0901
C,X0+X1,oxidation,krr,random,shift,seed=401,TMP,14.0095,9.98025,14.3787
C,X0+X1,oxidation,krr,random,shift,seed=401,SN,16.3186,11.5411,15.9851
C,X0+X1,oxidation,krr,random,shift,seed=503,DMC,14.9318,10.5967,15.5221
C,X0+X1,oxidation,krr,random,shift,seed=503,EC,15.102,10.7812,15.6577
C,X0+X1,oxidation,krr,random,shift,seed=503,DME,14.0239,8.88952,13.5851
C,X0+X1,oxidation,krr,random,shift,seed=503,DOL,15.5362,9.38058,14.2586
C,X0+X1,oxidation,krr,random,shift,seed=503,GBL,14.8913,9.99023,14.7754
C,X0+X1,oxidation,krr,random,shift,seed=503,SL,14.6639,9.73512,14.3698
C,X0+X1,oxidation,krr,random,shift,seed=503,DMSO,13.9586,8.7743,14.0366
C,X0+X1,oxidation,krr,random,shift,seed=503,AN,17.1966,12.0912,17.1777
C,X0+X1,oxidation,krr,random,shift,seed=503,TMP,14.0095,9.98025,14.3787
C,X0+X1,oxidation,krr,random,shift,seed=503,SN,16.3186,11.5411,15.9851
C,X0+X1,oxidation,gpr,random,shift,seed=101,DMC,14.9318,10.5967,15.4484
C,X0+X1,oxidation,gpr,random,shift,seed=101,EC,15.102,10.7812,15.5087
C,X0+X1,oxidation,gpr,random,shift,seed=101,DME,14.0239,8.88952,13.869
C,X0+X1,oxidation,gpr,random,shift,seed=101,DOL,15.5362,9.38058,14.123
C,X0+X1,oxidation,gpr,random,shift,seed=101,GBL,14.8913,9.99023,14.7843
C,X0+X1,oxidation,gpr,random,shift,seed=101,SL,14.6639,9.73512,14.5899
C,X0+X1,oxidation,gpr,random,shift,seed=101,DMSO,13.9586,8.7743,13.8956
C,X0+X1,oxidation,gpr,random,shift,seed=101,AN,17.1966,12.0912,16.9459
C,X0+X1,oxidation,gpr,random,shift,seed=101,TMP,14.0095,9.98025,14.9413
C,X0+X1,oxidation,gpr,random,shift,seed=101,SN,16.3186,11.5411,16.2835
C,X0+X1,oxidation,gpr,random,shift,seed=211,DMC,14.9318,10.5967,15.4097
C,X0+X1,oxidation,gpr,random,shift,seed=211,EC,15.102,10.7812,15.5617
C,X0+X1,oxidation,gpr,random,shift,seed=211,DME,14.0239,8.88952,14.2055
C,X0+X1,oxidation,gpr,random,shift,seed=211,DOL,15.5362,9.38058,14.5051
C,X0+X1,oxidation,gpr,random,shift,seed=211,GBL,14.8913,9.99023,14.7003
C,X0+X1,oxidation,gpr,random,shift,seed=211,SL,14.6639,9.73512,14.3387
C,X0+X1,oxidation,gpr,random,shift,seed=211,DMSO,13.9586,8.7743,14.0429
C,X0+X1,oxidation,gpr,random,shift,seed=211,AN,17.1966,12.0912,17.0755
C,X0+X1,oxidation,gpr,random,shift,seed=211,TMP,14.0095,9.98025,14.9365
C,X0+X1,oxidation,gpr,random,shift,seed=211,SN,16.3186,11.5411,15.8672
C,X0+X1,oxidation,gpr,random,shift,seed=307,DMC,14.9318,10.5967,15.3655
C,X0+X1,oxidation,gpr,random,shift,seed=307,EC,15.102,10.7812,15.534
C,X0+X1,oxidation,gpr,random,shift,seed=307,DME,14.0239,8.88952,13.7596
C,X0+X1,oxidation,gpr,random,shift,seed=307,DOL,15.5362,9.38058,14.1075
C,X0+X1,oxidation,gpr,random,shift,seed=307,GBL,14.8913,9.99023,14.7171
C,X0+X1,oxidation,gpr,random,shift,seed=307,SL,14.6639,9.73512,14.4967
C,X0+X1,oxidation,gpr,random,shift,seed=307,DMSO,13.9586,8.7743,13.9682
C,X0+X1,oxidation,gpr,random,shift,seed=307,AN,17.1966,12.0912,17.0755
C,X0+X1,oxidation,gpr,random,shift,seed=307,TMP,14.0095,9.98025,14.9365
C,X0+X1,oxidation,gpr,random,shift,seed=307,SN,16.3186,11.5411,16.4112
C,X0+X1,oxidation,gpr,random,shift,seed=401,DMC,14.9318,10.5967,15.4262
C,X0+X1,oxidation,gpr,random,shift,seed=401,EC,15.102,10.7812,15.5087
C,X0+X1,oxidation,gpr,random,shift,seed=401,DME,14.0239,8.88952,13.5873
C,X0+X1,oxidation,gpr,random,shift,seed=401,DOL,15.5362,9.38058,14.0784
C,X0+X1,oxidation,gpr,random,shift,seed=401,GBL,14.8913,9.99023,14.7003
C,X0+X1,oxidation,gpr,random,shift,seed=401,SL,14.6639,9.73512,14.3387
C,X0+X1,oxidation,gpr,random,shift,seed=401,DMSO,13.9586,8.7743,13.8956
C,X0+X1,oxidation,gpr,random,shift,seed=401,AN,17.1966,12.0912,17.0805
C,X0+X1,oxidation,gpr,random,shift,seed=401,TMP,14.0095,9.98025,14.9476
C,X0+X1,oxidation,gpr,random,shift,seed=401,SN,16.3186,11.5411,16.3516
C,X0+X1,oxidation,gpr,random,shift,seed=503,DMC,14.9318,10.5967,15.5058
C,X0+X1,oxidation,gpr,random,shift,seed=503,EC,15.102,10.7812,15.6574
C,X0+X1,oxidation,gpr,random,shift,seed=503,DME,14.0239,8.88952,13.7407
C,X0+X1,oxidation,gpr,random,shift,seed=503,DOL,15.5362,9.38058,14.1075
C,X0+X1,oxidation,gpr,random,shift,seed=503,GBL,14.8913,9.99023,14.7171
C,X0+X1,oxidation,gpr,random,shift,seed=503,SL,14.6639,9.73512,14.5863
C,X0+X1,oxidation,gpr,random,shift,seed=503,DMSO,13.9586,8.7743,13.924
C,X0+X1,oxidation,gpr,random,shift,seed=503,AN,17.1966,12.0912,16.9851
C,X0+X1,oxidation,gpr,random,shift,seed=503,TMP,14.0095,9.98025,14.9476
C,X0+X1,oxidation,gpr,random,shift,seed=503,SN,16.3186,11.5411,16.3516
C,X0+X1,oxidation,rf,random,shift,seed=101,DMC,14.9318,10.5967,15.3308
C,X0+X1,oxidation,rf,random,shift,seed=101,EC,15.102,10.7812,15.5215
C,X0+X1,oxidation,rf,random,shift,seed=101,DME,14.0239,8.88952,14.3284
C,X0+X1,oxidation,rf,random,shift,seed=101,DOL,15.5362,9.38058,14.3783
C,X0+X1,oxidation,rf,random,shift,seed=101,GBL,14.8913,9.99023,14.9492
C,X0+X1,oxidation,rf,random,shift,seed=101,SL,14.6639,9.73512,14.5016
C,X0+X1,oxidation,rf,random,shift,seed=101,DMSO,13.9586,8.7743,13.9371
C,X0+X1,oxidation,rf,random,shift,seed=101,AN,17.1966,12.0912,17.3088
C,X0+X1,oxidation,rf,random,shift,seed=101,TMP,14.0095,9.98025,14.9521
C,X0+X1,oxidation,rf,random,shift,seed=101,SN,16.3186,11.5411,16.1025
C,X0+X1,oxidation,rf,random,shift,seed=211,DMC,14.9318,10.5967,15.2546
C,X0+X1,oxidation,rf,random,shift,seed=211,EC,15.102,10.7812,15.4217
C,X0+X1,oxidation,rf,random,shift,seed=211,DME,14.0239,8.88952,14.2203
C,X0+X1,oxidation,rf,random,shift,seed=211,DOL,15.5362,9.38058,14.223
C,X0+X1,oxidation,rf,random,shift,seed=211,GBL,14.8913,9.99023,14.9925
C,X0+X1,oxidation,rf,random,shift,seed=211,SL,14.6639,9.73512,14.5995
C,X0+X1,oxidation,rf,random,shift,seed=211,DMSO,13.9586,8.7743,13.9008
C,X0+X1,oxidation,rf,random,shift,seed=211,AN,17.1966,12.0912,17.2993
C,X0+X1,oxidation,rf,random,shift,seed=211,TMP,14.0095,9.98025,14.9001
C,X0+X1,oxidation,rf,random,shift,seed=211,SN,16.3186,11.5411,16.1104
C,X0+X1,oxidation,rf,random,shift,seed=307,DMC,14.9318,10.5967,15.2328
C,X0+X1,oxidation,rf,random,shift,seed=307,EC,15.102,10.7812,15.6079
C,X0+X1,oxidation,rf,random,shift,seed=307,DME,14.0239,8.88952,14.2782
C,X0+X1,oxidation,rf,random,shift,seed=307,DOL,15.5362,9.38058,14.3473
C,X0+X1,oxidation,rf,random,shift,seed=307,GBL,14.8913,9.99023,14.9359
C,X0+X1,oxidation,rf,random,shift,seed=307,SL,14.6639,9.73512,14.5688
C,X0+X1,oxidation,rf,random,shift,seed=307,DMSO,13.9586,8.7743,13.9273
C,X0+X1,oxidation,rf,random,shift,seed=307,AN,17.1966,12.0912,17.2686
C,X0+X1,oxidation,rf,random,shift,seed=307,TMP,14.0095,9.98025,14.8434
C,X0+X1,oxidation,rf,random,shift,seed=307,SN,16.3186,11.5411,16.1799
C,X0+X1,oxidation,rf,random,shift,seed=401,DMC,14.9318,10.5967,15.1447
C,X0+X1,oxidation,rf,random,shift,seed=401,EC,15.102,10.7812,15.5279
C,X0+X1,oxidation,rf,random,shift,seed=401,DME,14.0239,8.88952,13.7057
C,X0+X1,oxidation,rf,random,shift,seed=401,DOL,15.5362,9.38058,14.2098
C,X0+X1,oxidation,rf,random,shift,seed=401,GBL,14.8913,9.99023,14.9498
C,X0+X1,oxidation,rf,random,shift,seed=401,SL,14.6639,9.73512,14.5623
C,X0+X1,oxidation,rf,random,shift,seed=401,DMSO,13.9586,8.7743,13.8489
C,X0+X1,oxidation,rf,random,shift,seed=401,AN,17.1966,12.0912,17.4128
C,X0+X1,oxidation,rf,random,shift,seed=401,TMP,14.0095,9.98025,14.7182
C,X0+X1,oxidation,rf,random,shift,seed=401,SN,16.3186,11.5411,16.2216
C,X0+X1,oxidation,rf,random,shift,seed=503,DMC,14.9318,10.5967,15.5999
C,X0+X1,oxidation,rf,random,shift,seed=503,EC,15.102,10.7812,15.7976
C,X0+X1,oxidation,rf,random,shift,seed=503,DME,14.0239,8.88952,14.0876
C,X0+X1,oxidation,rf,random,shift,seed=503,DOL,15.5362,9.38058,14.3367
C,X0+X1,oxidation,rf,random,shift,seed=503,GBL,14.8913,9.99023,14.9593
C,X0+X1,oxidation,rf,random,shift,seed=503,SL,14.6639,9.73512,14.3402
C,X0+X1,oxidation,rf,random,shift,seed=503,DMSO,13.9586,8.7743,13.9035
C,X0+X1,oxidation,rf,random,shift,seed=503,AN,17.1966,12.0912,17.2989
C,X0+X1,oxidation,rf,random,shift,seed=503,TMP,14.0095,9.98025,14.8085
C,X0+X1,oxidation,rf,random,shift,seed=503,SN,16.3186,11.5411,16.1929
C,X0+X1,oxidation,gbdt,random,shift,seed=101,DMC,14.9318,10.5967,15.1309
C,X0+X1,oxidation,gbdt,random,shift,seed=101,EC,15.102,10.7812,15.4064
C,X0+X1,oxidation,gbdt,random,shift,seed=101,DME,14.0239,8.88952,14.3314
C,X0+X1,oxidation,gbdt,random,shift,seed=101,DOL,15.5362,9.38058,14.4422
C,X0+X1,oxidation,gbdt,random,shift,seed=101,GBL,14.8913,9.99023,15.2357
C,X0+X1,oxidation,gbdt,random,shift,seed=101,SL,14.6639,9.73512,14.266
C,X0+X1,oxidation,gbdt,random,shift,seed=101,DMSO,13.9586,8.7743,13.9041
C,X0+X1,oxidation,gbdt,random,shift,seed=101,AN,17.1966,12.0912,16.9208
C,X0+X1,oxidation,gbdt,random,shift,seed=101,TMP,14.0095,9.98025,14.8718
C,X0+X1,oxidation,gbdt,random,shift,seed=101,SN,16.3186,11.5411,16.0468
C,X0+X1,oxidation,gbdt,random,shift,seed=211,DMC,14.9318,10.5967,14.8823
C,X0+X1,oxidation,gbdt,random,shift,seed=211,EC,15.102,10.7812,15.2663
C,X0+X1,oxidation,gbdt,random,shift,seed=211,DME,14.0239,8.88952,14.4943
C,X0+X1,oxidation,gbdt,random,shift,seed=211,DOL,15.5362,9.38058,14.2085
C,X0+X1,oxidation,gbdt,random,shift,seed=211,GBL,14.8913,9.99023,15.2609
C,X0+X1,oxidation,gbdt,random,shift,seed=211,SL,14.6639,9.73512,14.5673
C,X0+X1,oxidation,gbdt,random,shift,seed=211,DMSO,13.9586,8.7743,13.8896
C,X0+X1,oxidation,gbdt,random,shift,seed=211,AN,17.1966,12.0912,17.3056
C,X0+X1,oxidation,gbdt,random,shift,seed=211,TMP,14.0095,9.98025,14.6627
C,X0+X1,oxidation,gbdt,random,shift,seed=211,SN,16.3186,11.5411,15.9913
C,X0+X1,oxidation,gbdt,random,shift,seed=307,DMC,14.9318,10.5967,15.181
C,X0+X1,oxidation,gbdt,random,shift,seed=307,EC,15.102,10.7812,15.3145
C,X0+X1,oxidation,gbdt,random,shift,seed=307,DME,14.0239,8.88952,14.3458
C,X0+X1,oxidation,gbdt,random,shift,seed=307,DOL,15.5362,9.38058,14.5149
C,X0+X1,oxidation,gbdt,random,shift,seed=307,GBL,14.8913,9.99023,15.0457
C,X0+X1,oxidation,gbdt,random,shift,seed=307,SL,14.6639,9.73512,14.281
C,X0+X1,oxidation,gbdt,random,shift,seed=307,DMSO,13.9586,8.7743,13.7609
C,X0+X1,oxidation,gbdt,random,shift,seed=307,AN,17.1966,12.0912,17.2813
C,X0+X1,oxidation,gbdt,random,shift,seed=307,TMP,14.0095,9.98025,14.719
C,X0+X1,oxidation,gbdt,random,shift,seed=307,SN,16.3186,11.5411,16.1551
C,X0+X1,oxidation,gbdt,random,shift,seed=401,DMC,14.9318,10.5967,14.8768
C,X0+X1,oxidation,gbdt,random,shift,seed=401,EC,15.102,10.7812,15.2294
C,X0+X1,oxidation,gbdt,random,shift,seed=401,DME,14.0239,8.88952,13.9401
C,X0+X1,oxidation,gbdt,random,shift,seed=401,DOL,15.5362,9.38058,14.4598
C,X0+X1,oxidation,gbdt,random,shift,seed=401,GBL,14.8913,9.99023,15.193
C,X0+X1,oxidation,gbdt,random,shift,seed=401,SL,14.6639,9.73512,14.4855
C,X0+X1,oxidation,gbdt,random,shift,seed=401,DMSO,13.9586,8.7743,13.8933
C,X0+X1,oxidation,gbdt,random,shift,seed=401,AN,17.1966,12.0912,17.2006
C,X0+X1,oxidation,gbdt,random,shift,seed=401,TMP,14.0095,9.98025,14.402
C,X0+X1,oxidation,gbdt,random,shift,seed=401,SN,16.3186,11.5411,16.1639
C,X0+X1,oxidation,gbdt,random,shift,seed=503,DMC,14.9318,10.5967,15.3634
C,X0+X1,oxidation,gbdt,random,shift,seed=503,EC,15.102,10.7812,15.6337
C,X0+X1,oxidation,gbdt,random,shift,seed=503,DME,14.0239,8.88952,14.3034
C,X0+X1,oxidation,gbdt,random,shift,seed=503,DOL,15.5362,9.38058,14.5149
C,X0+X1,oxidation,gbdt,random,shift,seed=503,GBL,14.8913,9.99023,15.0108
C,X0+X1,oxidation,gbdt,random,shift,seed=503,SL,14.6639,9.73512,14.3415
C,X0+X1,oxidation,gbdt,random,shift,seed=503,DMSO,13.9586,8.7743,14.0836
C,X0+X1,oxidation,gbdt,random,shift,seed=503,AN,17.1966,12.0912,17.3306
C,X0+X1,oxidation,gbdt,random,shift,seed=503,TMP,14.0095,9.98025,14.433
C,X0+X1,oxidation,gbdt,random,shift,seed=503,SN,16.3186,11.5411,15.9852
C,X0+X1,oxidation,constant,group,direct,leave-one-group-out,DMC,14.9318,10.5967,15.0778
C,X0+X1,oxidation,constant,group,direct,leave-one-group-out,EC,15.102,10.7812,15.0589
C,X0+X1,oxidation,constant,group,direct,leave-one-group-out,DME,14.0239,8.88952,15.5362
C,X0+X1,oxidation,constant,group,direct,leave-one-group-out,DOL,15.5362,9.38058,14.0239
C,X0+X1,oxidation,constant,group,direct,leave-one-group-out,GBL,14.8913,9.99023,15.0823
C,X0+X1,oxidation,constant,group,direct,leave-one-group-out,SL,14.6639,9.73512,15.1076
C,X0+X1,oxidation,constant,group,direct,leave-one-group-out,DMSO,13.9586,8.7743,15.186
C,X0+X1,oxidation,constant,group,direct,leave-one-group-out,AN,17.1966,12.0912,14.6397
C,X0+X1,oxidation,constant,group,direct,leave-one-group-out,TMP,14.0095,9.98025,15.1803
C,X0+X1,oxidation,constant,group,direct,leave-one-group-out,SN,16.3186,11.5411,14.6397
C,X0+X1,oxidation,ridge,group,direct,leave-one-group-out,DMC,14.9318,10.5967,15.2104
C,X0+X1,oxidation,ridge,group,direct,leave-one-group-out,EC,15.102,10.7812,15.934
C,X0+X1,oxidation,ridge,group,direct,leave-one-group-out,DME,14.0239,8.88952,14.5363
C,X0+X1,oxidation,ridge,group,direct,leave-one-group-out,DOL,15.5362,9.38058,14.7218
C,X0+X1,oxidation,ridge,group,direct,leave-one-group-out,GBL,14.8913,9.99023,15.0361
C,X0+X1,oxidation,ridge,group,direct,leave-one-group-out,SL,14.6639,9.73512,13.8778
C,X0+X1,oxidation,ridge,group,direct,leave-one-group-out,DMSO,13.9586,8.7743,15.1939
C,X0+X1,oxidation,ridge,group,direct,leave-one-group-out,AN,17.1966,12.0912,15.1902
C,X0+X1,oxidation,ridge,group,direct,leave-one-group-out,TMP,14.0095,9.98025,13.8277
C,X0+X1,oxidation,ridge,group,direct,leave-one-group-out,SN,16.3186,11.5411,14.3694
C,X0+X1,oxidation,krr,group,direct,leave-one-group-out,DMC,14.9318,10.5967,15.431
C,X0+X1,oxidation,krr,group,direct,leave-one-group-out,EC,15.102,10.7812,15.6148
C,X0+X1,oxidation,krr,group,direct,leave-one-group-out,DME,14.0239,8.88952,14.4552
C,X0+X1,oxidation,krr,group,direct,leave-one-group-out,DOL,15.5362,9.38058,14.4051
C,X0+X1,oxidation,krr,group,direct,leave-one-group-out,GBL,14.8913,9.99023,15.1888
C,X0+X1,oxidation,krr,group,direct,leave-one-group-out,SL,14.6639,9.73512,14.0781
C,X0+X1,oxidation,krr,group,direct,leave-one-group-out,DMSO,13.9586,8.7743,15.0723
C,X0+X1,oxidation,krr,group,direct,leave-one-group-out,AN,17.1966,12.0912,14.5856
C,X0+X1,oxidation,krr,group,direct,leave-one-group-out,TMP,14.0095,9.98025,13.4071
C,X0+X1,oxidation,krr,group,direct,leave-one-group-out,SN,16.3186,11.5411,14.1192
C,X0+X1,oxidation,gpr,group,direct,leave-one-group-out,DMC,14.9318,10.5967,15.1676
C,X0+X1,oxidation,gpr,group,direct,leave-one-group-out,EC,15.102,10.7812,15.8272
C,X0+X1,oxidation,gpr,group,direct,leave-one-group-out,DME,14.0239,8.88952,14.8836
C,X0+X1,oxidation,gpr,group,direct,leave-one-group-out,DOL,15.5362,9.38058,14.6904
C,X0+X1,oxidation,gpr,group,direct,leave-one-group-out,GBL,14.8913,9.99023,15.0823
C,X0+X1,oxidation,gpr,group,direct,leave-one-group-out,SL,14.6639,9.73512,13.9927
C,X0+X1,oxidation,gpr,group,direct,leave-one-group-out,DMSO,13.9586,8.7743,15.029
C,X0+X1,oxidation,gpr,group,direct,leave-one-group-out,AN,17.1966,12.0912,14.6397
C,X0+X1,oxidation,gpr,group,direct,leave-one-group-out,TMP,14.0095,9.98025,14.9142
C,X0+X1,oxidation,gpr,group,direct,leave-one-group-out,SN,16.3186,11.5411,14.6448
C,X0+X1,oxidation,rf,group,direct,leave-one-group-out,DMC,14.9318,10.5967,14.5178
C,X0+X1,oxidation,rf,group,direct,leave-one-group-out,EC,15.102,10.7812,15.3311
C,X0+X1,oxidation,rf,group,direct,leave-one-group-out,DME,14.0239,8.88952,14.6105
C,X0+X1,oxidation,rf,group,direct,leave-one-group-out,DOL,15.5362,9.38058,14.7119
C,X0+X1,oxidation,rf,group,direct,leave-one-group-out,GBL,14.8913,9.99023,14.8351
C,X0+X1,oxidation,rf,group,direct,leave-one-group-out,SL,14.6639,9.73512,14.4891
C,X0+X1,oxidation,rf,group,direct,leave-one-group-out,DMSO,13.9586,8.7743,15.3496
C,X0+X1,oxidation,rf,group,direct,leave-one-group-out,AN,17.1966,12.0912,14.8763
C,X0+X1,oxidation,rf,group,direct,leave-one-group-out,TMP,14.0095,9.98025,14.8209
C,X0+X1,oxidation,rf,group,direct,leave-one-group-out,SN,16.3186,11.5411,14.609
C,X0+X1,oxidation,gbdt,group,direct,leave-one-group-out,DMC,14.9318,10.5967,14.2376
C,X0+X1,oxidation,gbdt,group,direct,leave-one-group-out,EC,15.102,10.7812,15.5609
C,X0+X1,oxidation,gbdt,group,direct,leave-one-group-out,DME,14.0239,8.88952,14.3252
C,X0+X1,oxidation,gbdt,group,direct,leave-one-group-out,DOL,15.5362,9.38058,14.4764
C,X0+X1,oxidation,gbdt,group,direct,leave-one-group-out,GBL,14.8913,9.99023,14.4153
C,X0+X1,oxidation,gbdt,group,direct,leave-one-group-out,SL,14.6639,9.73512,14.0097
C,X0+X1,oxidation,gbdt,group,direct,leave-one-group-out,DMSO,13.9586,8.7743,15.5349
C,X0+X1,oxidation,gbdt,group,direct,leave-one-group-out,AN,17.1966,12.0912,15.1621
C,X0+X1,oxidation,gbdt,group,direct,leave-one-group-out,TMP,14.0095,9.98025,14.6933
C,X0+X1,oxidation,gbdt,group,direct,leave-one-group-out,SN,16.3186,11.5411,14.3178
C,X0+X1,oxidation,constant,group,shift,leave-one-group-out,DMC,14.9318,10.5967,15.5453
C,X0+X1,oxidation,constant,group,shift,leave-one-group-out,EC,15.102,10.7812,15.7313
C,X0+X1,oxidation,constant,group,shift,leave-one-group-out,DME,14.0239,8.88952,15.0451
C,X0+X1,oxidation,constant,group,shift,leave-one-group-out,DOL,15.5362,9.38058,14.5149
C,X0+X1,oxidation,constant,group,shift,leave-one-group-out,GBL,14.8913,9.99023,14.8759
C,X0+X1,oxidation,constant,group,shift,leave-one-group-out,SL,14.6639,9.73512,14.6177
C,X0+X1,oxidation,constant,group,shift,leave-one-group-out,DMSO,13.9586,8.7743,13.6285
C,X0+X1,oxidation,constant,group,shift,leave-one-group-out,AN,17.1966,12.0912,16.9648
C,X0+X1,oxidation,constant,group,shift,leave-one-group-out,TMP,14.0095,9.98025,14.9628
C,X0+X1,oxidation,constant,group,shift,leave-one-group-out,SN,16.3186,11.5411,16.4148
C,X0+X1,oxidation,ridge,group,shift,leave-one-group-out,DMC,14.9318,10.5967,15.4603
C,X0+X1,oxidation,ridge,group,shift,leave-one-group-out,EC,15.102,10.7812,15.6603
C,X0+X1,oxidation,ridge,group,shift,leave-one-group-out,DME,14.0239,8.88952,14.1648
C,X0+X1,oxidation,ridge,group,shift,leave-one-group-out,DOL,15.5362,9.38058,14.3954
C,X0+X1,oxidation,ridge,group,shift,leave-one-group-out,GBL,14.8913,9.99023,14.8915
C,X0+X1,oxidation,ridge,group,shift,leave-one-group-out,SL,14.6639,9.73512,14.4573
C,X0+X1,oxidation,ridge,group,shift,leave-one-group-out,DMSO,13.9586,8.7743,14.091
C,X0+X1,oxidation,ridge,group,shift,leave-one-group-out,AN,17.1966,12.0912,16.3083
C,X0+X1,oxidation,ridge,group,shift,leave-one-group-out,TMP,14.0095,9.98025,14.5829
C,X0+X1,oxidation,ridge,group,shift,leave-one-group-out,SN,16.3186,11.5411,15.01
C,X0+X1,oxidation,krr,group,shift,leave-one-group-out,DMC,14.9318,10.5967,15.4692
C,X0+X1,oxidation,krr,group,shift,leave-one-group-out,EC,15.102,10.7812,15.5949
C,X0+X1,oxidation,krr,group,shift,leave-one-group-out,DME,14.0239,8.88952,13.8895
C,X0+X1,oxidation,krr,group,shift,leave-one-group-out,DOL,15.5362,9.38058,14.3334
C,X0+X1,oxidation,krr,group,shift,leave-one-group-out,GBL,14.8913,9.99023,14.9036
C,X0+X1,oxidation,krr,group,shift,leave-one-group-out,SL,14.6639,9.73512,14.4381
C,X0+X1,oxidation,krr,group,shift,leave-one-group-out,DMSO,13.9586,8.7743,13.9879
C,X0+X1,oxidation,krr,group,shift,leave-one-group-out,AN,17.1966,12.0912,16.7774
C,X0+X1,oxidation,krr,group,shift,leave-one-group-out,TMP,14.0095,9.98025,14.2165
C,X0+X1,oxidation,krr,group,shift,leave-one-group-out,SN,16.3186,11.5411,15.8041
C,X0+X1,oxidation,gpr,group,shift,leave-one-group-out,DMC,14.9318,10.5967,15.4229
C,X0+X1,oxidation,gpr,group,shift,leave-one-group-out,EC,15.102,10.7812,15.5522
C,X0+X1,oxidation,gpr,group,shift,leave-one-group-out,DME,14.0239,8.88952,13.7493
C,X0+X1,oxidation,gpr,group,shift,leave-one-group-out,DOL,15.5362,9.38058,14.1269
C,X0+X1,oxidation,gpr,group,shift,leave-one-group-out,GBL,14.8913,9.99023,14.7605
C,X0+X1,oxidation,gpr,group,shift,leave-one-group-out,SL,14.6639,9.73512,14.3428
C,X0+X1,oxidation,gpr,group,shift,leave-one-group-out,DMSO,13.9586,8.7743,13.9741
C,X0+X1,oxidation,gpr,group,shift,leave-one-group-out,AN,17.1966,12.0912,16.8348
C,X0+X1,oxidation,gpr,group,shift,leave-one-group-out,TMP,14.0095,9.98025,14.9277
C,X0+X1,oxidation,gpr,group,shift,leave-one-group-out,SN,16.3186,11.5411,15.7463
C,X0+X1,oxidation,rf,group,shift,leave-one-group-out,DMC,14.9318,10.5967,15.3162
C,X0+X1,oxidation,rf,group,shift,leave-one-group-out,EC,15.102,10.7812,15.5636
C,X0+X1,oxidation,rf,group,shift,leave-one-group-out,DME,14.0239,8.88952,14.2933
C,X0+X1,oxidation,rf,group,shift,leave-one-group-out,DOL,15.5362,9.38058,14.3346
C,X0+X1,oxidation,rf,group,shift,leave-one-group-out,GBL,14.8913,9.99023,14.9713
C,X0+X1,oxidation,rf,group,shift,leave-one-group-out,SL,14.6639,9.73512,14.5606
C,X0+X1,oxidation,rf,group,shift,leave-one-group-out,DMSO,13.9586,8.7743,13.8852
C,X0+X1,oxidation,rf,group,shift,leave-one-group-out,AN,17.1966,12.0912,17.1782
C,X0+X1,oxidation,rf,group,shift,leave-one-group-out,TMP,14.0095,9.98025,14.8568
C,X0+X1,oxidation,rf,group,shift,leave-one-group-out,SN,16.3186,11.5411,16.1017
C,X0+X1,oxidation,gbdt,group,shift,leave-one-group-out,DMC,14.9318,10.5967,14.8666
C,X0+X1,oxidation,gbdt,group,shift,leave-one-group-out,EC,15.102,10.7812,15.328
C,X0+X1,oxidation,gbdt,group,shift,leave-one-group-out,DME,14.0239,8.88952,14.4007
C,X0+X1,oxidation,gbdt,group,shift,leave-one-group-out,DOL,15.5362,9.38058,14.5156
C,X0+X1,oxidation,gbdt,group,shift,leave-one-group-out,GBL,14.8913,9.99023,15.176
C,X0+X1,oxidation,gbdt,group,shift,leave-one-group-out,SL,14.6639,9.73512,14.2565
C,X0+X1,oxidation,gbdt,group,shift,leave-one-group-out,DMSO,13.9586,8.7743,13.9021
C,X0+X1,oxidation,gbdt,group,shift,leave-one-group-out,AN,17.1966,12.0912,16.9452
C,X0+X1,oxidation,gbdt,group,shift,leave-one-group-out,TMP,14.0095,9.98025,14.7192
C,X0+X1,oxidation,gbdt,group,shift,leave-one-group-out,SN,16.3186,11.5411,15.9009
C,X0+X1,oxidation,constant,lofo,direct,leave-one-family-out,DMC,14.9318,10.5967,15.0778
C,X0+X1,oxidation,constant,lofo,direct,leave-one-family-out,EC,15.102,10.7812,15.0589
C,X0+X1,oxidation,constant,lofo,direct,leave-one-family-out,DME,14.0239,8.88952,15.1341
C,X0+X1,oxidation,constant,lofo,direct,leave-one-family-out,DOL,15.5362,9.38058,15.1341
C,X0+X1,oxidation,constant,lofo,direct,leave-one-family-out,GBL,14.8913,9.99023,15.0823
C,X0+X1,oxidation,constant,lofo,direct,leave-one-family-out,SL,14.6639,9.73512,15.1076
C,X0+X1,oxidation,constant,lofo,direct,leave-one-family-out,DMSO,13.9586,8.7743,15.186
C,X0+X1,oxidation,constant,lofo,direct,leave-one-family-out,AN,17.1966,12.0912,14.6397
C,X0+X1,oxidation,constant,lofo,direct,leave-one-family-out,TMP,14.0095,9.98025,15.1803
C,X0+X1,oxidation,constant,lofo,direct,leave-one-family-out,SN,16.3186,11.5411,14.6397
C,X0+X1,oxidation,ridge,lofo,direct,leave-one-family-out,DMC,14.9318,10.5967,15.2104
C,X0+X1,oxidation,ridge,lofo,direct,leave-one-family-out,EC,15.102,10.7812,15.934
C,X0+X1,oxidation,ridge,lofo,direct,leave-one-family-out,DME,14.0239,8.88952,14.0395
C,X0+X1,oxidation,ridge,lofo,direct,leave-one-family-out,DOL,15.5362,9.38058,14.6454
C,X0+X1,oxidation,ridge,lofo,direct,leave-one-family-out,GBL,14.8913,9.99023,15.0361
C,X0+X1,oxidation,ridge,lofo,direct,leave-one-family-out,SL,14.6639,9.73512,13.8778
C,X0+X1,oxidation,ridge,lofo,direct,leave-one-family-out,DMSO,13.9586,8.7743,15.1939
C,X0+X1,oxidation,ridge,lofo,direct,leave-one-family-out,AN,17.1966,12.0912,15.1902
C,X0+X1,oxidation,ridge,lofo,direct,leave-one-family-out,TMP,14.0095,9.98025,13.8277
C,X0+X1,oxidation,ridge,lofo,direct,leave-one-family-out,SN,16.3186,11.5411,14.3694
C,X0+X1,oxidation,krr,lofo,direct,leave-one-family-out,DMC,14.9318,10.5967,15.5687
C,X0+X1,oxidation,krr,lofo,direct,leave-one-family-out,EC,15.102,10.7812,15.835
C,X0+X1,oxidation,krr,lofo,direct,leave-one-family-out,DME,14.0239,8.88952,13.8483
C,X0+X1,oxidation,krr,lofo,direct,leave-one-family-out,DOL,15.5362,9.38058,14.1639
C,X0+X1,oxidation,krr,lofo,direct,leave-one-family-out,GBL,14.8913,9.99023,15.1888
C,X0+X1,oxidation,krr,lofo,direct,leave-one-family-out,SL,14.6639,9.73512,14.3227
C,X0+X1,oxidation,krr,lofo,direct,leave-one-family-out,DMSO,13.9586,8.7743,15.0723
C,X0+X1,oxidation,krr,lofo,direct,leave-one-family-out,AN,17.1966,12.0912,14.5856
C,X0+X1,oxidation,krr,lofo,direct,leave-one-family-out,TMP,14.0095,9.98025,13.6688
C,X0+X1,oxidation,krr,lofo,direct,leave-one-family-out,SN,16.3186,11.5411,14.1192
C,X0+X1,oxidation,gpr,lofo,direct,leave-one-family-out,DMC,14.9318,10.5967,15.1676
C,X0+X1,oxidation,gpr,lofo,direct,leave-one-family-out,EC,15.102,10.7812,15.8272
C,X0+X1,oxidation,gpr,lofo,direct,leave-one-family-out,DME,14.0239,8.88952,14.6982
C,X0+X1,oxidation,gpr,lofo,direct,leave-one-family-out,DOL,15.5362,9.38058,15.0173
C,X0+X1,oxidation,gpr,lofo,direct,leave-one-family-out,GBL,14.8913,9.99023,15.0823
C,X0+X1,oxidation,gpr,lofo,direct,leave-one-family-out,SL,14.6639,9.73512,13.9927
C,X0+X1,oxidation,gpr,lofo,direct,leave-one-family-out,DMSO,13.9586,8.7743,15.029
C,X0+X1,oxidation,gpr,lofo,direct,leave-one-family-out,AN,17.1966,12.0912,14.6397
C,X0+X1,oxidation,gpr,lofo,direct,leave-one-family-out,TMP,14.0095,9.98025,14.9142
C,X0+X1,oxidation,gpr,lofo,direct,leave-one-family-out,SN,16.3186,11.5411,14.6448
C,X0+X1,oxidation,rf,lofo,direct,leave-one-family-out,DMC,14.9318,10.5967,14.527
C,X0+X1,oxidation,rf,lofo,direct,leave-one-family-out,EC,15.102,10.7812,15.4228
C,X0+X1,oxidation,rf,lofo,direct,leave-one-family-out,DME,14.0239,8.88952,14.4546
C,X0+X1,oxidation,rf,lofo,direct,leave-one-family-out,DOL,15.5362,9.38058,14.9329
C,X0+X1,oxidation,rf,lofo,direct,leave-one-family-out,GBL,14.8913,9.99023,14.8066
C,X0+X1,oxidation,rf,lofo,direct,leave-one-family-out,SL,14.6639,9.73512,14.4438
C,X0+X1,oxidation,rf,lofo,direct,leave-one-family-out,DMSO,13.9586,8.7743,15.462
C,X0+X1,oxidation,rf,lofo,direct,leave-one-family-out,AN,17.1966,12.0912,14.9224
C,X0+X1,oxidation,rf,lofo,direct,leave-one-family-out,TMP,14.0095,9.98025,14.7705
C,X0+X1,oxidation,rf,lofo,direct,leave-one-family-out,SN,16.3186,11.5411,14.6412
C,X0+X1,oxidation,gbdt,lofo,direct,leave-one-family-out,DMC,14.9318,10.5967,14.242
C,X0+X1,oxidation,gbdt,lofo,direct,leave-one-family-out,EC,15.102,10.7812,15.5219
C,X0+X1,oxidation,gbdt,lofo,direct,leave-one-family-out,DME,14.0239,8.88952,14.0767
C,X0+X1,oxidation,gbdt,lofo,direct,leave-one-family-out,DOL,15.5362,9.38058,14.784
C,X0+X1,oxidation,gbdt,lofo,direct,leave-one-family-out,GBL,14.8913,9.99023,14.3962
C,X0+X1,oxidation,gbdt,lofo,direct,leave-one-family-out,SL,14.6639,9.73512,14.0097
C,X0+X1,oxidation,gbdt,lofo,direct,leave-one-family-out,DMSO,13.9586,8.7743,15.5085
C,X0+X1,oxidation,gbdt,lofo,direct,leave-one-family-out,AN,17.1966,12.0912,15.2036
C,X0+X1,oxidation,gbdt,lofo,direct,leave-one-family-out,TMP,14.0095,9.98025,14.6955
C,X0+X1,oxidation,gbdt,lofo,direct,leave-one-family-out,SN,16.3186,11.5411,14.2085
C,X0+X1,oxidation,constant,lofo,shift,leave-one-family-out,DMC,14.9318,10.5967,15.5453
C,X0+X1,oxidation,constant,lofo,shift,leave-one-family-out,EC,15.102,10.7812,15.7313
C,X0+X1,oxidation,constant,lofo,shift,leave-one-family-out,DME,14.0239,8.88952,13.5873
C,X0+X1,oxidation,constant,lofo,shift,leave-one-family-out,DOL,15.5362,9.38058,14.0784
C,X0+X1,oxidation,constant,lofo,shift,leave-one-family-out,GBL,14.8913,9.99023,14.8759
C,X0+X1,oxidation,constant,lofo,shift,leave-one-family-out,SL,14.6639,9.73512,14.6177
C,X0+X1,oxidation,constant,lofo,shift,leave-one-family-out,DMSO,13.9586,8.7743,13.6285
C,X0+X1,oxidation,constant,lofo,shift,leave-one-family-out,AN,17.1966,12.0912,16.9648
C,X0+X1,oxidation,constant,lofo,shift,leave-one-family-out,TMP,14.0095,9.98025,14.9628
C,X0+X1,oxidation,constant,lofo,shift,leave-one-family-out,SN,16.3186,11.5411,16.4148
C,X0+X1,oxidation,ridge,lofo,shift,leave-one-family-out,DMC,14.9318,10.5967,15.4603
C,X0+X1,oxidation,ridge,lofo,shift,leave-one-family-out,EC,15.102,10.7812,15.6603
C,X0+X1,oxidation,ridge,lofo,shift,leave-one-family-out,DME,14.0239,8.88952,13.5896
C,X0+X1,oxidation,ridge,lofo,shift,leave-one-family-out,DOL,15.5362,9.38058,14.1461
C,X0+X1,oxidation,ridge,lofo,shift,leave-one-family-out,GBL,14.8913,9.99023,14.8915
C,X0+X1,oxidation,ridge,lofo,shift,leave-one-family-out,SL,14.6639,9.73512,14.4573
C,X0+X1,oxidation,ridge,lofo,shift,leave-one-family-out,DMSO,13.9586,8.7743,14.091
C,X0+X1,oxidation,ridge,lofo,shift,leave-one-family-out,AN,17.1966,12.0912,16.3083
C,X0+X1,oxidation,ridge,lofo,shift,leave-one-family-out,TMP,14.0095,9.98025,14.5829
C,X0+X1,oxidation,ridge,lofo,shift,leave-one-family-out,SN,16.3186,11.5411,15.01
C,X0+X1,oxidation,krr,lofo,shift,leave-one-family-out,DMC,14.9318,10.5967,15.4692
C,X0+X1,oxidation,krr,lofo,shift,leave-one-family-out,EC,15.102,10.7812,15.5949
C,X0+X1,oxidation,krr,lofo,shift,leave-one-family-out,DME,14.0239,8.88952,13.318
C,X0+X1,oxidation,krr,lofo,shift,leave-one-family-out,DOL,15.5362,9.38058,13.8887
C,X0+X1,oxidation,krr,lofo,shift,leave-one-family-out,GBL,14.8913,9.99023,14.852
C,X0+X1,oxidation,krr,lofo,shift,leave-one-family-out,SL,14.6639,9.73512,14.4551
C,X0+X1,oxidation,krr,lofo,shift,leave-one-family-out,DMSO,13.9586,8.7743,13.9879
C,X0+X1,oxidation,krr,lofo,shift,leave-one-family-out,AN,17.1966,12.0912,16.3343
C,X0+X1,oxidation,krr,lofo,shift,leave-one-family-out,TMP,14.0095,9.98025,14.2165
C,X0+X1,oxidation,krr,lofo,shift,leave-one-family-out,SN,16.3186,11.5411,15.0359
C,X0+X1,oxidation,gpr,lofo,shift,leave-one-family-out,DMC,14.9318,10.5967,15.4229
C,X0+X1,oxidation,gpr,lofo,shift,leave-one-family-out,EC,15.102,10.7812,15.5522
C,X0+X1,oxidation,gpr,lofo,shift,leave-one-family-out,DME,14.0239,8.88952,13.5873
C,X0+X1,oxidation,gpr,lofo,shift,leave-one-family-out,DOL,15.5362,9.38058,14.0784
C,X0+X1,oxidation,gpr,lofo,shift,leave-one-family-out,GBL,14.8913,9.99023,14.7605
C,X0+X1,oxidation,gpr,lofo,shift,leave-one-family-out,SL,14.6639,9.73512,14.3428
C,X0+X1,oxidation,gpr,lofo,shift,leave-one-family-out,DMSO,13.9586,8.7743,13.9741
C,X0+X1,oxidation,gpr,lofo,shift,leave-one-family-out,AN,17.1966,12.0912,16.8348
C,X0+X1,oxidation,gpr,lofo,shift,leave-one-family-out,TMP,14.0095,9.98025,14.9277
C,X0+X1,oxidation,gpr,lofo,shift,leave-one-family-out,SN,16.3186,11.5411,15.7463
C,X0+X1,oxidation,rf,lofo,shift,leave-one-family-out,DMC,14.9318,10.5967,15.2892
C,X0+X1,oxidation,rf,lofo,shift,leave-one-family-out,EC,15.102,10.7812,15.5987
C,X0+X1,oxidation,rf,lofo,shift,leave-one-family-out,DME,14.0239,8.88952,13.7603
C,X0+X1,oxidation,rf,lofo,shift,leave-one-family-out,DOL,15.5362,9.38058,14.2327
C,X0+X1,oxidation,rf,lofo,shift,leave-one-family-out,GBL,14.8913,9.99023,14.9763
C,X0+X1,oxidation,rf,lofo,shift,leave-one-family-out,SL,14.6639,9.73512,14.5293
C,X0+X1,oxidation,rf,lofo,shift,leave-one-family-out,DMSO,13.9586,8.7743,13.866
C,X0+X1,oxidation,rf,lofo,shift,leave-one-family-out,AN,17.1966,12.0912,17.2238
C,X0+X1,oxidation,rf,lofo,shift,leave-one-family-out,TMP,14.0095,9.98025,14.8514
C,X0+X1,oxidation,rf,lofo,shift,leave-one-family-out,SN,16.3186,11.5411,16.1379
C,X0+X1,oxidation,gbdt,lofo,shift,leave-one-family-out,DMC,14.9318,10.5967,14.8599
C,X0+X1,oxidation,gbdt,lofo,shift,leave-one-family-out,EC,15.102,10.7812,15.2342
C,X0+X1,oxidation,gbdt,lofo,shift,leave-one-family-out,DME,14.0239,8.88952,13.9
C,X0+X1,oxidation,gbdt,lofo,shift,leave-one-family-out,DOL,15.5362,9.38058,14.4875
C,X0+X1,oxidation,gbdt,lofo,shift,leave-one-family-out,GBL,14.8913,9.99023,15.198
C,X0+X1,oxidation,gbdt,lofo,shift,leave-one-family-out,SL,14.6639,9.73512,14.2913
C,X0+X1,oxidation,gbdt,lofo,shift,leave-one-family-out,DMSO,13.9586,8.7743,13.9005
C,X0+X1,oxidation,gbdt,lofo,shift,leave-one-family-out,AN,17.1966,12.0912,16.9727
C,X0+X1,oxidation,gbdt,lofo,shift,leave-one-family-out,TMP,14.0095,9.98025,14.5989
C,X0+X1,oxidation,gbdt,lofo,shift,leave-one-family-out,SN,16.3186,11.5411,15.9999
C,X0+X1,reduction,constant,random,direct,seed=101,DMC,-4.02254,3.1349,-3.6401
C,X0+X1,reduction,constant,random,direct,seed=101,EC,-3.70877,2.44625,-3.67858
C,X0+X1,reduction,constant,random,direct,seed=101,DME,-3.44704,3.62039,-4.03329
C,X0+X1,reduction,constant,random,direct,seed=101,DOL,-4.03329,4.0277,-3.44704
C,X0+X1,reduction,constant,random,direct,seed=101,GBL,-3.71793,2.45979,-3.6401
C,X0+X1,reduction,constant,random,direct,seed=101,SL,-3.3579,2.86243,-3.69986
C,X0+X1,reduction,constant,random,direct,seed=101,DMSO,-3.72385,2.74265,-3.67858
C,X0+X1,reduction,constant,random,direct,seed=101,AN,-3.90449,3.16857,-3.20788
C,X0+X1,reduction,constant,random,direct,seed=101,TMP,-3.73753,2.73899,-3.70958
C,X0+X1,reduction,constant,random,direct,seed=101,SN,-3.20788,1.71938,-3.90449
C,X0+X1,reduction,constant,random,direct,seed=211,DMC,-4.02254,3.1349,-3.67396
C,X0+X1,reduction,constant,random,direct,seed=211,EC,-3.70877,2.44625,-3.6399
C,X0+X1,reduction,constant,random,direct,seed=211,DME,-3.44704,3.62039,-4.03329
C,X0+X1,reduction,constant,random,direct,seed=211,DOL,-4.03329,4.0277,-3.44704
C,X0+X1,reduction,constant,random,direct,seed=211,GBL,-3.71793,2.45979,-3.72318
C,X0+X1,reduction,constant,random,direct,seed=211,SL,-3.3579,2.86243,-3.72318
C,X0+X1,reduction,constant,random,direct,seed=211,DMSO,-3.72385,2.74265,-3.74119
C,X0+X1,reduction,constant,random,direct,seed=211,AN,-3.90449,3.16857,-3.20788
C,X0+X1,reduction,constant,random,direct,seed=211,TMP,-3.73753,2.73899,-3.6524
C,X0+X1,reduction,constant,random,direct,seed=211,SN,-3.20788,1.71938,-3.90449
C,X0+X1,reduction,constant,random,direct,seed=307,DMC,-4.02254,3.1349,-3.63935
C,X0+X1,reduction,constant,random,direct,seed=307,EC,-3.70877,2.44625,-3.72432
C,X0+X1,reduction,constant,random,direct,seed=307,DME,-3.44704,3.62039,-4.03329
C,X0+X1,reduction,constant,random,direct,seed=307,DOL,-4.03329,4.0277,-3.44704
C,X0+X1,reduction,constant,random,direct,seed=307,GBL,-3.71793,2.45979,-3.63875
C,X0+X1,reduction,constant,random,direct,seed=307,SL,-3.3579,2.86243,-3.72432
C,X0+X1,reduction,constant,random,direct,seed=307,DMSO,-3.72385,2.74265,-3.63935
C,X0+X1,reduction,constant,random,direct,seed=307,AN,-3.90449,3.16857,-3.20788
C,X0+X1,reduction,constant,random,direct,seed=307,TMP,-3.73753,2.73899,-3.6524
C,X0+X1,reduction,constant,random,direct,seed=307,SN,-3.20788,1.71938,-3.90449
C,X0+X1,reduction,constant,random,direct,seed=401,DMC,-4.02254,3.1349,-3.61677
C,X0+X1,reduction,constant,random,direct,seed=401,EC,-3.70877,2.44625,-3.67858
C,X0+X1,reduction,constant,random,direct,seed=401,DME,-3.44704,3.62039,-3.67261
C,X0+X1,reduction,constant,random,direct,seed=401,DOL,-4.03329,4.0277,-3.67261
C,X0+X1,reduction,constant,random,direct,seed=401,GBL,-3.71793,2.45979,-3.72318
C,X0+X1,reduction,constant,random,direct,seed=401,SL,-3.3579,2.86243,-3.72318
C,X0+X1,reduction,constant,random,direct,seed=401,DMSO,-3.72385,2.74265,-3.67858
C,X0+X1,reduction,constant,random,direct,seed=401,AN,-3.90449,3.16857,-3.20788
C,X0+X1,reduction,constant,random,direct,seed=401,TMP,-3.73753,2.73899,-3.73948
C,X0+X1,reduction,constant,random,direct,seed=401,SN,-3.20788,1.71938,-3.90449
C,X0+X1,reduction,constant,random,direct,seed=503,DMC,-4.02254,3.1349,-3.64124
C,X0+X1,reduction,constant,random,direct,seed=503,EC,-3.70877,2.44625,-3.64124
C,X0+X1,reduction,constant,random,direct,seed=503,DME,-3.44704,3.62039,-4.03329
C,X0+X1,reduction,constant,random,direct,seed=503,DOL,-4.03329,4.0277,-3.44704
C,X0+X1,reduction,constant,random,direct,seed=503,GBL,-3.71793,2.45979,-3.63875
C,X0+X1,reduction,constant,random,direct,seed=503,SL,-3.3579,2.86243,-3.75704
C,X0+X1,reduction,constant,random,direct,seed=503,DMSO,-3.72385,2.74265,-3.65411
C,X0+X1,reduction,constant,random,direct,seed=503,AN,-3.90449,3.16857,-3.20788
C,X0+X1,reduction,constant,random,direct,seed=503,TMP,-3.73753,2.73899,-3.73948
C,X0+X1,reduction,constant,random,direct,seed=503,SN,-3.20788,1.71938,-3.90449
C,X0+X1,reduction,ridge,random,direct,seed=101,DMC,-4.02254,3.1349,-3.64268
C,X0+X1,reduction,ridge,random,direct,seed=101,EC,-3.70877,2.44625,-3.65618
C,X0+X1,reduction,ridge,random,direct,seed=101,DME,-3.44704,3.62039,-3.10033
C,X0+X1,reduction,ridge,random,direct,seed=101,DOL,-4.03329,4.0277,-3.5418
C,X0+X1,reduction,ridge,random,direct,seed=101,GBL,-3.71793,2.45979,-3.63837
C,X0+X1,reduction,ridge,random,direct,seed=101,SL,-3.3579,2.86243,-3.78854
C,X0+X1,reduction,ridge,random,direct,seed=101,DMSO,-3.72385,2.74265,-3.44349
C,X0+X1,reduction,ridge,random,direct,seed=101,AN,-3.90449,3.16857,-3.43725
C,X0+X1,reduction,ridge,random,direct,seed=101,TMP,-3.73753,2.73899,-2.93947
C,X0+X1,reduction,ridge,random,direct,seed=101,SN,-3.20788,1.71938,-3.86877
C,X0+X1,reduction,ridge,random,direct,seed=211,DMC,-4.02254,3.1349,-3.77476
C,X0+X1,reduction,ridge,random,direct,seed=211,EC,-3.70877,2.44625,-3.63832
C,X0+X1,reduction,ridge,random,direct,seed=211,DME,-3.44704,3.62039,-3.85575
C,X0+X1,reduction,ridge,random,direct,seed=211,DOL,-4.03329,4.0277,-3.64627
C,X0+X1,reduction,ridge,random,direct,seed=211,GBL,-3.71793,2.45979,-3.69667
C,X0+X1,reduction,ridge,random,direct,seed=211,SL,-3.3579,2.86243,-3.63295
C,X0+X1,reduction,ridge,random,direct,seed=211,DMSO,-3.72385,2.74265,-3.34005
C,X0+X1,reduction,ridge,random,direct,seed=211,AN,-3.90449,3.16857,-3.82525
C,X0+X1,reduction,ridge,random,direct,seed=211,TMP,-3.73753,2.73899,-3.31347
C,X0+X1,reduction,ridge,random,direct,seed=211,SN,-3.20788,1.71938,-3.59639
C,X0+X1,reduction,ridge,random,direct,seed=307,DMC,-4.02254,3.1349,-3.64211
C,X0+X1,reduction,ridge,random,direct,seed=307,EC,-3.70877,2.44625,-3.72133
C,X0+X1,reduction,ridge,random,direct,seed=307,DME,-3.44704,3.62039,-3.83782
C,X0+X1,reduction,ridge,random,direct,seed=307,DOL,-4.03329,4.0277,-3.6449
C,X0+X1,reduction,ridge,random,direct,seed=307,GBL,-3.71793,2.45979,-3.63783
C,X0+X1,reduction,ridge,random,direct,seed=307,SL,-3.3579,2.86243,-3.71996
C,X0+X1,reduction,ridge,random,direct,seed=307,DMSO,-3.72385,2.74265,-3.64062
C,X0+X1,reduction,ridge,random,direct,seed=307,AN,-3.90449,3.16857,-3.82525
C,X0+X1,reduction,ridge,random,direct,seed=307,TMP,-3.73753,2.73899,-3.31347
C,X0+X1,reduction,ridge,random,direct,seed=307,SN,-3.20788,1.71938,-3.65065
C,X0+X1,reduction,ridge,random,direct,seed=401,DMC,-4.02254,3.1349,-3.61859
C,X0+X1,reduction,ridge,random,direct,seed=401,EC,-3.70877,2.44625,-3.65618
C,X0+X1,reduction,ridge,random,direct,seed=401,DME,-3.44704,3.62039,-3.85444
C,X0+X1,reduction,ridge,random,direct,seed=401,DOL,-4.03329,4.0277,-4.0027
C,X0+X1,reduction,ridge,random,direct,seed=401,GBL,-3.71793,2.45979,-3.69667
C,X0+X1,reduction,ridge,random,direct,seed=401,SL,-3.3579,2.86243,-3.63295
C,X0+X1,reduction,ridge,random,direct,seed=401,DMSO,-3.72385,2.74265,-3.44349
C,X0+X1,reduction,ridge,random,direct,seed=401,AN,-3.90449,3.16857,-3.61786
C,X0+X1,reduction,ridge,random,direct,seed=401,TMP,-3.73753,2.73899,-3.52014
C,X0+X1,reduction,ridge,random,direct,seed=401,SN,-3.20788,1.71938,-3.65153
C,X0+X1,reduction,ridge,random,direct,seed=503,DMC,-4.02254,3.1349,-3.6434
C,X0+X1,reduction,ridge,random,direct,seed=503,EC,-3.70877,2.44625,-3.63688
C,X0+X1,reduction,ridge,random,direct,seed=503,DME,-3.44704,3.62039,-3.89429
C,X0+X1,reduction,ridge,random,direct,seed=503,DOL,-4.03329,4.0277,-3.6449
C,X0+X1,reduction,ridge,random,direct,seed=503,GBL,-3.71793,2.45979,-3.63783
C,X0+X1,reduction,ridge,random,direct,seed=503,SL,-3.3579,2.86243,-3.70039
C,X0+X1,reduction,ridge,random,direct,seed=503,DMSO,-3.72385,2.74265,-3.31065
C,X0+X1,reduction,ridge,random,direct,seed=503,AN,-3.90449,3.16857,-3.52715
C,X0+X1,reduction,ridge,random,direct,seed=503,TMP,-3.73753,2.73899,-3.52014
C,X0+X1,reduction,ridge,random,direct,seed=503,SN,-3.20788,1.71938,-3.65153
C,X0+X1,reduction,krr,random,direct,seed=101,DMC,-4.02254,3.1349,-3.67405
C,X0+X1,reduction,krr,random,direct,seed=101,EC,-3.70877,2.44625,-3.60886
C,X0+X1,reduction,krr,random,direct,seed=101,DME,-3.44704,3.62039,-2.99875
C,X0+X1,reduction,krr,random,direct,seed=101,DOL,-4.03329,4.0277,-3.58001
C,X0+X1,reduction,krr,random,direct,seed=101,GBL,-3.71793,2.45979,-3.60458
C,X0+X1,reduction,krr,random,direct,seed=101,SL,-3.3579,2.86243,-3.64432
C,X0+X1,reduction,krr,random,direct,seed=101,DMSO,-3.72385,2.74265,-3.57872
C,X0+X1,reduction,krr,random,direct,seed=101,AN,-3.90449,3.16857,-3.5472
C,X0+X1,reduction,krr,random,direct,seed=101,TMP,-3.73753,2.73899,-2.70397
C,X0+X1,reduction,krr,random,direct,seed=101,SN,-3.20788,1.71938,-3.74776
C,X0+X1,reduction,krr,random,direct,seed=211,DMC,-4.02254,3.1349,-3.70599
C,X0+X1,reduction,krr,random,direct,seed=211,EC,-3.70877,2.44625,-3.57209
C,X0+X1,reduction,krr,random,direct,seed=211,DME,-3.44704,3.62039,-3.71743
C,X0+X1,reduction,krr,random,direct,seed=211,DOL,-4.03329,4.0277,-3.73839
C,X0+X1,reduction,krr,random,direct,seed=211,GBL,-3.71793,2.45979,-3.7219
C,X0+X1,reduction,krr,random,direct,seed=211,SL,-3.3579,2.86243,-3.63292
C,X0+X1,reduction,krr,random,direct,seed=211,DMSO,-3.72385,2.74265,-3.62571
C,X0+X1,reduction,krr,random,direct,seed=211,AN,-3.90449,3.16857,-3.69441
C,X0+X1,reduction,krr,random,direct,seed=211,TMP,-3.73753,2.73899,-3.16581
C,X0+X1,reduction,krr,random,direct,seed=211,SN,-3.20788,1.71938,-3.63473
C,X0+X1,reduction,krr,random,direct,seed=307,DMC,-4.02254,3.1349,-4.16728
C,X0+X1,reduction,krr,random,direct,seed=307,EC,-3.70877,2.44625,-3.58164
C,X0+X1,reduction,krr,random,direct,seed=307,DME,-3.44704,3.62039,-3.80671
C,X0+X1,reduction,krr,random,direct,seed=307,DOL,-4.03329,4.0277,-3.73177
C,X0+X1,reduction,krr,random,direct,seed=307,GBL,-3.71793,2.45979,-3.62175
C,X0+X1,reduction,krr,random,direct,seed=307,SL,-3.3579,2.86243,-3.56897
C,X0+X1,reduction,krr,random,direct,seed=307,DMSO,-3.72385,2.74265,-3.36455
C,X0+X1,reduction,krr,random,direct,seed=307,AN,-3.90449,3.16857,-3.73763
C,X0+X1,reduction,krr,random,direct,seed=307,TMP,-3.73753,2.73899,-3.1089
C,X0+X1,reduction,krr,random,direct,seed=307,SN,-3.20788,1.71938,-3.60661
C,X0+X1,reduction,krr,random,direct,seed=401,DMC,-4.02254,3.1349,-3.63355
C,X0+X1,reduction,krr,random,direct,seed=401,EC,-3.70877,2.44625,-3.62635
C,X0+X1,reduction,krr,random,direct,seed=401,DME,-3.44704,3.62039,-3.96429
C,X0+X1,reduction,krr,random,direct,seed=401,DOL,-4.03329,4.0277,-4.16534
C,X0+X1,reduction,krr,random,direct,seed=401,GBL,-3.71793,2.45979,-3.7219
C,X0+X1,reduction,krr,random,direct,seed=401,SL,-3.3579,2.86243,-3.63292
C,X0+X1,reduction,krr,random,direct,seed=401,DMSO,-3.72385,2.74265,-3.32903
C,X0+X1,reduction,krr,random,direct,seed=401,AN,-3.90449,3.16857,-3.49303
C,X0+X1,reduction,krr,random,direct,seed=401,TMP,-3.73753,2.73899,-3.28258
C,X0+X1,reduction,krr,random,direct,seed=401,SN,-3.20788,1.71938,-3.50997
C,X0+X1,reduction,krr,random,direct,seed=503,DMC,-4.02254,3.1349,-3.6673
C,X0+X1,reduction,krr,random,direct,seed=503,EC,-3.70877,2.44625,-3.55501
C,X0+X1,reduction,krr,random,direct,seed=503,DME,-3.44704,3.62039,-3.87289
C,X0+X1,reduction,krr,random,direct,seed=503,DOL,-4.03329,4.0277,-3.62964
C,X0+X1,reduction,krr,random,direct,seed=503,GBL,-3.71793,2.45979,-3.60197
C,X0+X1,reduction,krr,random,direct,seed=503,SL,-3.3579,2.86243,-3.70818
C,X0+X1,reduction,krr,random,direct,seed=503,DMSO,-3.72385,2.74265,-3.52993
C,X0+X1,reduction,krr,random,direct,seed=503,AN,-3.90449,3.16857,-3.50729
C,X0+X1,reduction,krr,random,direct,seed=503,TMP,-3.73753,2.73899,-3.34429
C,X0+X1,reduction,krr,random,direct,seed=503,SN,-3.20788,1.71938,-3.57445
C,X0+X1,reduction,gpr,random,direct,seed=101,DMC,-4.02254,3.1349,-3.6401
C,X0+X1,reduction,gpr,random,direct,seed=101,EC,-3.70877,2.44625,-3.67858
C,X0+X1,reduction,gpr,random,direct,seed=101,DME,-3.44704,3.62039,-3.70958
C,X0+X1,reduction,gpr,random,direct,seed=101,DOL,-4.03329,4.0277,-3.70248
C,X0+X1,reduction,gpr,random,direct,seed=101,GBL,-3.71793,2.45979,-3.6401
C,X0+X1,reduction,gpr,random,direct,seed=101,SL,-3.3579,2.86243,-3.69986
C,X0+X1,reduction,gpr,random,direct,seed=101,DMSO,-3.72385,2.74265,-3.67858
C,X0+X1,reduction,gpr,random,direct,seed=101,AN,-3.90449,3.16857,-3.69986
C,X0+X1,reduction,gpr,random,direct,seed=101,TMP,-3.73753,2.73899,-3.70958
C,X0+X1,reduction,gpr,random,direct,seed=101,SN,-3.20788,1.71938,-3.70251
C,X0+X1,reduction,gpr,random,direct,seed=211,DMC,-4.02254,3.1349,-3.67396
C,X0+X1,reduction,gpr,random,direct,seed=211,EC,-3.70877,2.44625,-3.6399
C,X0+X1,reduction,gpr,random,direct,seed=211,DME,-3.44704,3.62039,-3.67396
C,X0+X1,reduction,gpr,random,direct,seed=211,DOL,-4.03329,4.0277,-3.63989
C,X0+X1,reduction,gpr,random,direct,seed=211,GBL,-3.71793,2.45979,-3.72309
C,X0+X1,reduction,gpr,random,direct,seed=211,SL,-3.3579,2.86243,-3.72317
C,X0+X1,reduction,gpr,random,direct,seed=211,DMSO,-3.72385,2.74265,-3.74119
C,X0+X1,reduction,gpr,random,direct,seed=211,AN,-3.90449,3.16857,-3.6524
C,X0+X1,reduction,gpr,random,direct,seed=211,TMP,-3.73753,2.73899,-3.6524
C,X0+X1,reduction,gpr,random,direct,seed=211,SN,-3.20788,1.71938,-3.74119
C,X0+X1,reduction,gpr,random,direct,seed=307,DMC,-4.02254,3.1349,-3.63935
C,X0+X1,reduction,gpr,random,direct,seed=307,EC,-3.70877,2.44625,-3.72432
C,X0+X1,reduction,gpr,random,direct,seed=307,DME,-3.44704,3.62039,-3.7908
C,X0+X1,reduction,gpr,random,direct,seed=307,DOL,-4.03329,4.0277,-3.63875
C,X0+X1,reduction,gpr,random,direct,seed=307,GBL,-3.71793,2.45979,-3.63876
C,X0+X1,reduction,gpr,random,direct,seed=307,SL,-3.3579,2.86243,-3.72432
C,X0+X1,reduction,gpr,random,direct,seed=307,DMSO,-3.72385,2.74265,-3.63935
C,X0+X1,reduction,gpr,random,direct,seed=307,AN,-3.90449,3.16857,-3.6524
C,X0+X1,reduction,gpr,random,direct,seed=307,TMP,-3.73753,2.73899,-3.6524
C,X0+X1,reduction,gpr,random,direct,seed=307,SN,-3.20788,1.71938,-3.77145
C,X0+X1,reduction,gpr,random,direct,seed=401,DMC,-4.02254,3.1349,-3.61678
C,X0+X1,reduction,gpr,random,direct,seed=401,EC,-3.70877,2.44625,-3.67858
C,X0+X1,reduction,gpr,random,direct,seed=401,DME,-3.44704,3.62039,-3.67261
C,X0+X1,reduction,gpr,random,direct,seed=401,DOL,-4.03329,4.0277,-3.67261
C,X0+X1,reduction,gpr,random,direct,seed=401,GBL,-3.71793,2.45979,-3.72309
C,X0+X1,reduction,gpr,random,direct,seed=401,SL,-3.3579,2.86243,-3.72317
C,X0+X1,reduction,gpr,random,direct,seed=401,DMSO,-3.72385,2.74265,-3.67858
C,X0+X1,reduction,gpr,random,direct,seed=401,AN,-3.90449,3.16857,-3.61677
C,X0+X1,reduction,gpr,random,direct,seed=401,TMP,-3.73753,2.73899,-3.73948
C,X0+X1,reduction,gpr,random,direct,seed=401,SN,-3.20788,1.71938,-3.73947
C,X0+X1,reduction,gpr,random,direct,seed=503,DMC,-4.02254,3.1349,-3.64124
C,X0+X1,reduction,gpr,random,direct,seed=503,EC,-3.70877,2.44625,-3.64124
C,X0+X1,reduction,gpr,random,direct,seed=503,DME,-3.44704,3.62039,-3.81967
C,X0+X1,reduction,gpr,random,direct,seed=503,DOL,-4.03329,4.0277,-3.63875
C,X0+X1,reduction,gpr,random,direct,seed=503,GBL,-3.71793,2.45979,-3.63876
C,X0+X1,reduction,gpr,random,direct,seed=503,SL,-3.3579,2.86243,-3.77051
C,X0+X1,reduction,gpr,random,direct,seed=503,DMSO,-3.72385,2.74265,-3.65411
C,X0+X1,reduction,gpr,random,direct,seed=503,AN,-3.90449,3.16857,-3.65411
C,X0+X1,reduction,gpr,random,direct,seed=503,TMP,-3.73753,2.73899,-3.73948
C,X0+X1,reduction,gpr,random,direct,seed=503,SN,-3.20788,1.71938,-3.73947
C,X0+X1,reduction,rf,random,direct,seed=101,DMC,-4.02254,3.1349,-3.6331
C,X0+X1,reduction,rf,random,direct,seed=101,EC,-3.70877,2.44625,-3.58596
C,X0+X1,reduction,rf,random,direct,seed=101,DME,-3.44704,3.62039,-3.6935
C,X0+X1,reduction,rf,random,direct,seed=101,DOL,-4.03329,4.0277,-3.62847
C,X0+X1,reduction,rf,random,direct,seed=101,GBL,-3.71793,2.45979,-3.52954
C,X0+X1,reduction,rf,random,direct,seed=101,SL,-3.3579,2.86243,-3.64561
C,X0+X1,reduction,rf,random,direct,seed=101,DMSO,-3.72385,2.74265,-3.62142
C,X0+X1,reduction,rf,random,direct,seed=101,AN,-3.90449,3.16857,-3.78939
C,X0+X1,reduction,rf,random,direct,seed=101,TMP,-3.73753,2.73899,-3.48478
C,X0+X1,reduction,rf,random,direct,seed=101,SN,-3.20788,1.71938,-3.78739
C,X0+X1,reduction,rf,random,direct,seed=211,DMC,-4.02254,3.1349,-3.73024
C,X0+X1,reduction,rf,random,direct,seed=211,EC,-3.70877,2.44625,-3.64481
C,X0+X1,reduction,rf,random,direct,seed=211,DME,-3.44704,3.62039,-3.72192
C,X0+X1,reduction,rf,random,direct,seed=211,DOL,-4.03329,4.0277,-3.68782
C,X0+X1,reduction,rf,random,direct,seed=211,GBL,-3.71793,2.45979,-3.62421
C,X0+X1,reduction,rf,random,direct,seed=211,SL,-3.3579,2.86243,-3.65175
C,X0+X1,reduction,rf,random,direct,seed=211,DMSO,-3.72385,2.74265,-3.66995
C,X0+X1,reduction,rf,random,direct,seed=211,AN,-3.90449,3.16857,-3.84298
C,X0+X1,reduction,rf,random,direct,seed=211,TMP,-3.73753,2.73899,-3.43557
C,X0+X1,reduction,rf,random,direct,seed=211,SN,-3.20788,1.71938,-3.73441
C,X0+X1,reduction,rf,random,direct,seed=307,DMC,-4.02254,3.1349,-3.66453
C,X0+X1,reduction,rf,random,direct,seed=307,EC,-3.70877,2.44625,-3.72166
C,X0+X1,reduction,rf,random,direct,seed=307,DME,-3.44704,3.62039,-3.75586
C,X0+X1,reduction,rf,random,direct,seed=307,DOL,-4.03329,4.0277,-3.68755
C,X0+X1,reduction,rf,random,direct,seed=307,GBL,-3.71793,2.45979,-3.57866
C,X0+X1,reduction,rf,random,direct,seed=307,SL,-3.3579,2.86243,-3.60091
C,X0+X1,reduction,rf,random,direct,seed=307,DMSO,-3.72385,2.74265,-3.67785
C,X0+X1,reduction,rf,random,direct,seed=307,AN,-3.90449,3.16857,-3.82941
C,X0+X1,reduction,rf,random,direct,seed=307,TMP,-3.73753,2.73899,-3.44471
C,X0+X1,reduction,rf,random,direct,seed=307,SN,-3.20788,1.71938,-3.73884
C,X0+X1,reduction,rf,random,direct,seed=401,DMC,-4.02254,3.1349,-3.63192
C,X0+X1,reduction,rf,random,direct,seed=401,EC,-3.70877,2.44625,-3.60242
C,X0+X1,reduction,rf,random,direct,seed=401,DME,-3.44704,3.62039,-3.65377
C,X0+X1,reduction,rf,random,direct,seed=401,DOL,-4.03329,4.0277,-3.74411
C,X0+X1,reduction,rf,random,direct,seed=401,GBL,-3.71793,2.45979,-3.61196
C,X0+X1,reduction,rf,random,direct,seed=401,SL,-3.3579,2.86243,-3.64555
C,X0+X1,reduction,rf,random,direct,seed=401,DMSO,-3.72385,2.74265,-3.65306
C,X0+X1,reduction,rf,random,direct,seed=401,AN,-3.90449,3.16857,-3.71852
C,X0+X1,reduction,rf,random,direct,seed=401,TMP,-3.73753,2.73899,-3.56863
C,X0+X1,reduction,rf,random,direct,seed=401,SN,-3.20788,1.71938,-3.76237
C,X0+X1,reduction,rf,random,direct,seed=503,DMC,-4.02254,3.1349,-3.63311
C,X0+X1,reduction,rf,random,direct,seed=503,EC,-3.70877,2.44625,-3.56518
C,X0+X1,reduction,rf,random,direct,seed=503,DME,-3.44704,3.62039,-3.81663
C,X0+X1,reduction,rf,random,direct,seed=503,DOL,-4.03329,4.0277,-3.66554
C,X0+X1,reduction,rf,random,direct,seed=503,GBL,-3.71793,2.45979,-3.55312
C,X0+X1,reduction,rf,random,direct,seed=503,SL,-3.3579,2.86243,-3.67758
C,X0+X1,reduction,rf,random,direct,seed=503,DMSO,-3.72385,2.74265,-3.5562
C,X0+X1,reduction,rf,random,direct,seed=503,AN,-3.90449,3.16857,-3.72538
C,X0+X1,reduction,rf,random,direct,seed=503,TMP,-3.73753,2.73899,-3.54713
C,X0+X1,reduction,rf,random,direct,seed=503,SN,-3.20788,1.71938,-3.74446
C,X0+X1,reduction,gbdt,random,direct,seed=101,DMC,-4.02254,3.1349,-3.84945
C,X0+X1,reduction,gbdt,random,direct,seed=101,EC,-3.70877,2.44625,-3.49777
C,X0+X1,reduction,gbdt,random,direct,seed=101,DME,-3.44704,3.62039,-3.59635
C,X0+X1,reduction,gbdt,random,direct,seed=101,DOL,-4.03329,4.0277,-3.45817
C,X0+X1,reduction,gbdt,random,direct,seed=101,GBL,-3.71793,2.45979,-3.62497
C,X0+X1,reduction,gbdt,random,direct,seed=101,SL,-3.3579,2.86243,-3.65736
C,X0+X1,reduction,gbdt,random,direct,seed=101,DMSO,-3.72385,2.74265,-3.58374
C,X0+X1,reduction,gbdt,random,direct,seed=101,AN,-3.90449,3.16857,-3.84843
C,X0+X1,reduction,gbdt,random,direct,seed=101,TMP,-3.73753,2.73899,-3.32887
C,X0+X1,reduction,gbdt,random,direct,seed=101,SN,-3.20788,1.71938,-3.79687
C,X0+X1,reduction,gbdt,random,direct,seed=211,DMC,-4.02254,3.1349,-3.77308
C,X0+X1,reduction,gbdt,random,direct,seed=211,EC,-3.70877,2.44625,-3.63768
C,X0+X1,reduction,gbdt,random,direct,seed=211,DME,-3.44704,3.62039,-3.8807
C,X0+X1,reduction,gbdt,random,direct,seed=211,DOL,-4.03329,4.0277,-3.85548
C,X0+X1,reduction,gbdt,random,direct,seed=211,GBL,-3.71793,2.45979,-3.64871
C,X0+X1,reduction,gbdt,random,direct,seed=211,SL,-3.3579,2.86243,-3.65092
C,X0+X1,reduction,gbdt,random,direct,seed=211,DMSO,-3.72385,2.74265,-3.58585
C,X0+X1,reduction,gbdt,random,direct,seed=211,AN,-3.90449,3.16857,-3.81966
C,X0+X1,reduction,gbdt,random,direct,seed=211,TMP,-3.73753,2.73899,-3.35857
C,X0+X1,reduction,gbdt,random,direct,seed=211,SN,-3.20788,1.71938,-3.71236
C,X0+X1,reduction,gbdt,random,direct,seed=307,DMC,-4.02254,3.1349,-3.8043
C,X0+X1,reduction,gbdt,random,direct,seed=307,EC,-3.70877,2.44625,-3.86551
C,X0+X1,reduction,gbdt,random,direct,seed=307,DME,-3.44704,3.62039,-3.81118
C,X0+X1,reduction,gbdt,random,direct,seed=307,DOL,-4.03329,4.0277,-3.84038
C,X0+X1,reduction,gbdt,random,direct,seed=307,GBL,-3.71793,2.45979,-3.63725
C,X0+X1,reduction,gbdt,random,direct,seed=307,SL,-3.3579,2.86243,-3.66908
C,X0+X1,reduction,gbdt,random,direct,seed=307,DMSO,-3.72385,2.74265,-3.87057
C,X0+X1,reduction,gbdt,random,direct,seed=307,AN,-3.90449,3.16857,-3.87875
C,X0+X1,reduction,gbdt,random,direct,seed=307,TMP,-3.73753,2.73899,-3.38563
C,X0+X1,reduction,gbdt,random,direct,seed=307,SN,-3.20788,1.71938,-3.70873
C,X0+X1,reduction,gbdt,random,direct,seed=401,DMC,-4.02254,3.1349,-3.80703
C,X0+X1,reduction,gbdt,random,direct,seed=401,EC,-3.70877,2.44625,-3.4777
C,X0+X1,reduction,gbdt,random,direct,seed=401,DME,-3.44704,3.62039,-3.82409
C,X0+X1,reduction,gbdt,random,direct,seed=401,DOL,-4.03329,4.0277,-3.89996
C,X0+X1,reduction,gbdt,random,direct,seed=401,GBL,-3.71793,2.45979,-3.70003
C,X0+X1,reduction,gbdt,random,direct,seed=401,SL,-3.3579,2.86243,-3.62442
C,X0+X1,reduction,gbdt,random,direct,seed=401,DMSO,-3.72385,2.74265,-3.60755
C,X0+X1,reduction,gbdt,random,direct,seed=401,AN,-3.90449,3.16857,-3.83023
C,X0+X1,reduction,gbdt,random,direct,seed=401,TMP,-3.73753,2.73899,-3.39213
C,X0+X1,reduction,gbdt,random,direct,seed=401,SN,-3.20788,1.71938,-3.71624
C,X0+X1,reduction,gbdt,random,direct,seed=503,DMC,-4.02254,3.1349,-3.78077
C,X0+X1,reduction,gbdt,random,direct,seed=503,EC,-3.70877,2.44625,-3.51336
C,X0+X1,reduction,gbdt,random,direct,seed=503,DME,-3.44704,3.62039,-3.95238
C,X0+X1,reduction,gbdt,random,direct,seed=503,DOL,-4.03329,4.0277,-3.86328
C,X0+X1,reduction,gbdt,random,direct,seed=503,GBL,-3.71793,2.45979,-3.65766
C,X0+X1,reduction,gbdt,random,direct,seed=503,SL,-3.3579,2.86243,-3.76163
C,X0+X1,reduction,gbdt,random,direct,seed=503,DMSO,-3.72385,2.74265,-3.77528
C,X0+X1,reduction,gbdt,random,direct,seed=503,AN,-3.90449,3.16857,-3.8176
C,X0+X1,reduction,gbdt,random,direct,seed=503,TMP,-3.73753,2.73899,-3.37963
C,X0+X1,reduction,gbdt,random,direct,seed=503,SN,-3.20788,1.71938,-3.71638
C,X0+X1,reduction,constant,random,shift,seed=101,DMC,-4.02254,3.1349,-3.42099
C,X0+X1,reduction,constant,random,shift,seed=101,EC,-3.70877,2.44625,-4.19885
C,X0+X1,reduction,constant,random,shift,seed=101,DME,-3.44704,3.62039,-4.44061
C,X0+X1,reduction,constant,random,shift,seed=101,DOL,-4.03329,4.0277,-3.03973
C,X0+X1,reduction,constant,random,shift,seed=101,GBL,-3.71793,2.45979,-4.0961
C,X0+X1,reduction,constant,random,shift,seed=101,SL,-3.3579,2.86243,-3.69868
C,X0+X1,reduction,constant,random,shift,seed=101,DMSO,-3.72385,2.74265,-3.90245
C,X0+X1,reduction,constant,random,shift,seed=101,AN,-3.90449,3.16857,-1.7587
C,X0+X1,reduction,constant,random,shift,seed=101,TMP,-3.73753,2.73899,-3.79081
C,X0+X1,reduction,constant,random,shift,seed=101,SN,-3.20788,1.71938,-5.35368
C,X0+X1,reduction,constant,random,shift,seed=211,DMC,-4.02254,3.1349,-3.30978
C,X0+X1,reduction,constant,random,shift,seed=211,EC,-3.70877,2.44625,-3.99953
C,X0+X1,reduction,constant,random,shift,seed=211,DME,-3.44704,3.62039,-4.44061
C,X0+X1,reduction,constant,random,shift,seed=211,DOL,-4.03329,4.0277,-3.03973
C,X0+X1,reduction,constant,random,shift,seed=211,GBL,-3.71793,2.45979,-4.21324
C,X0+X1,reduction,constant,random,shift,seed=211,SL,-3.3579,2.86243,-3.8106
C,X0+X1,reduction,constant,random,shift,seed=211,DMSO,-3.72385,2.74265,-4.05592
C,X0+X1,reduction,constant,random,shift,seed=211,AN,-3.90449,3.16857,-1.7587
C,X0+X1,reduction,constant,random,shift,seed=211,TMP,-3.73753,2.73899,-3.7901
C,X0+X1,reduction,constant,random,shift,seed=211,SN,-3.20788,1.71938,-5.35368
C,X0+X1,reduction,constant,random,shift,seed=307,DMC,-4.02254,3.1349,-3.38489
C,X0+X1,reduction,constant,random,shift,seed=307,EC,-3.70877,2.44625,-4.22962
C,X0+X1,reduction,constant,random,shift,seed=307,DME,-3.44704,3.62039,-4.44061
C,X0+X1,reduction,constant,random,shift,seed=307,DOL,-4.03329,4.0277,-3.03973
C,X0+X1,reduction,constant,random,shift,seed=307,GBL,-3.71793,2.45979,-3.98315
C,X0+X1,reduction,constant,random,shift,seed=307,SL,-3.3579,2.86243,-3.81343
C,X0+X1,reduction,constant,random,shift,seed=307,DMSO,-3.72385,2.74265,-3.77715
C,X0+X1,reduction,constant,random,shift,seed=307,AN,-3.90449,3.16857,-1.7587
C,X0+X1,reduction,constant,random,shift,seed=307,TMP,-3.73753,2.73899,-3.7901
C,X0+X1,reduction,constant,random,shift,seed=307,SN,-3.20788,1.71938,-5.35368
C,X0+X1,reduction,constant,random,shift,seed=401,DMC,-4.02254,3.1349,-3.30907
C,X0+X1,reduction,constant,random,shift,seed=401,EC,-3.70877,2.44625,-4.19885
C,X0+X1,reduction,constant,random,shift,seed=401,DME,-3.44704,3.62039,-2.71134
C,X0+X1,reduction,constant,random,shift,seed=401,DOL,-4.03329,4.0277,-2.30403
C,X0+X1,reduction,constant,random,shift,seed=401,GBL,-3.71793,2.45979,-4.21324
C,X0+X1,reduction,constant,random,shift,seed=401,SL,-3.3579,2.86243,-3.8106
C,X0+X1,reduction,constant,random,shift,seed=401,DMSO,-3.72385,2.74265,-3.90245
C,X0+X1,reduction,constant,random,shift,seed=401,AN,-3.90449,3.16857,-1.7587
C,X0+X1,reduction,constant,random,shift,seed=401,TMP,-3.73753,2.73899,-4.05833
C,X0+X1,reduction,constant,random,shift,seed=401,SN,-3.20788,1.71938,-5.35368
C,X0+X1,reduction,constant,random,shift,seed=503,DMC,-4.02254,3.1349,-3.42383
C,X0+X1,reduction,constant,random,shift,seed=503,EC,-3.70877,2.44625,-4.11248
C,X0+X1,reduction,constant,random,shift,seed=503,DME,-3.44704,3.62039,-4.44061
C,X0+X1,reduction,constant,random,shift,seed=503,DOL,-4.03329,4.0277,-3.03973
C,X0+X1,reduction,constant,random,shift,seed=503,GBL,-3.71793,2.45979,-3.98315
C,X0+X1,reduction,constant,random,shift,seed=503,SL,-3.3579,2.86243,-3.69938
C,X0+X1,reduction,constant,random,shift,seed=503,DMSO,-3.72385,2.74265,-3.78769
C,X0+X1,reduction,constant,random,shift,seed=503,AN,-3.90449,3.16857,-1.7587
C,X0+X1,reduction,constant,random,shift,seed=503,TMP,-3.73753,2.73899,-4.05833
C,X0+X1,reduction,constant,random,shift,seed=503,SN,-3.20788,1.71938,-5.35368
C,X0+X1,reduction,ridge,random,shift,seed=101,DMC,-4.02254,3.1349,-3.90693
C,X0+X1,reduction,ridge,random,shift,seed=101,EC,-3.70877,2.44625,-3.60974
C,X0+X1,reduction,ridge,random,shift,seed=101,DME,-3.44704,3.62039,-2.26656
C,X0+X1,reduction,ridge,random,shift,seed=101,DOL,-4.03329,4.0277,-3.41313
C,X0+X1,reduction,ridge,random,shift,seed=101,GBL,-3.71793,2.45979,-3.76309
C,X0+X1,reduction,ridge,random,shift,seed=101,SL,-3.3579,2.86243,-3.46694
C,X0+X1,reduction,ridge,random,shift,seed=101,DMSO,-3.72385,2.74265,-3.58266
C,X0+X1,reduction,ridge,random,shift,seed=101,AN,-3.90449,3.16857,-3.11668
C,X0+X1,reduction,ridge,random,shift,seed=101,TMP,-3.73753,2.73899,-2.22694
C,X0+X1,reduction,ridge,random,shift,seed=101,SN,-3.20788,1.71938,-4.107
C,X0+X1,reduction,ridge,random,shift,seed=211,DMC,-4.02254,3.1349,-3.7119
C,X0+X1,reduction,ridge,random,shift,seed=211,EC,-3.70877,2.44625,-3.5227
C,X0+X1,reduction,ridge,random,shift,seed=211,DME,-3.44704,3.62039,-3.83731
C,X0+X1,reduction,ridge,random,shift,seed=211,DOL,-4.03329,4.0277,-3.9006
C,X0+X1,reduction,ridge,random,shift,seed=211,GBL,-3.71793,2.45979,-3.78145
C,X0+X1,reduction,ridge,random,shift,seed=211,SL,-3.3579,2.86243,-3.35003
C,X0+X1,reduction,ridge,random,shift,seed=211,DMSO,-3.72385,2.74265,-3.48233
C,X0+X1,reduction,ridge,random,shift,seed=211,AN,-3.90449,3.16857,-3.20328
C,X0+X1,reduction,ridge,random,shift,seed=211,TMP,-3.73753,2.73899,-3.64656
C,X0+X1,reduction,ridge,random,shift,seed=211,SN,-3.20788,1.71938,-3.8531
C,X0+X1,reduction,ridge,random,shift,seed=307,DMC,-4.02254,3.1349,-3.87574
C,X0+X1,reduction,ridge,random,shift,seed=307,EC,-3.70877,2.44625,-3.42099
C,X0+X1,reduction,ridge,random,shift,seed=307,DME,-3.44704,3.62039,-3.80815
C,X0+X1,reduction,ridge,random,shift,seed=307,DOL,-4.03329,4.0277,-3.8508
C,X0+X1,reduction,ridge,random,shift,seed=307,GBL,-3.71793,2.45979,-3.76056
C,X0+X1,reduction,ridge,random,shift,seed=307,SL,-3.3579,2.86243,-3.1453
C,X0+X1,reduction,ridge,random,shift,seed=307,DMSO,-3.72385,2.74265,-3.68147
C,X0+X1,reduction,ridge,random,shift,seed=307,AN,-3.90449,3.16857,-3.20328
C,X0+X1,reduction,ridge,random,shift,seed=307,TMP,-3.73753,2.73899,-3.64656
C,X0+X1,reduction,ridge,random,shift,seed=307,SN,-3.20788,1.71938,-3.80482
C,X0+X1,reduction,ridge,random,shift,seed=401,DMC,-4.02254,3.1349,-3.84198
C,X0+X1,reduction,ridge,random,shift,seed=401,EC,-3.70877,2.44625,-3.60974
C,X0+X1,reduction,ridge,random,shift,seed=401,DME,-3.44704,3.62039,-4.36738
C,X0+X1,reduction,ridge,random,shift,seed=401,DOL,-4.03329,4.0277,-4.71859
C,X0+X1,reduction,ridge,random,shift,seed=401,GBL,-3.71793,2.45979,-3.78145
C,X0+X1,reduction,ridge,random,shift,seed=401,SL,-3.3579,2.86243,-3.35003
C,X0+X1,reduction,ridge,random,shift,seed=401,DMSO,-3.72385,2.74265,-3.58266
C,X0+X1,reduction,ridge,random,shift,seed=401,AN,-3.90449,3.16857,-3.00188
C,X0+X1,reduction,ridge,random,shift,seed=401,TMP,-3.73753,2.73899,-3.44637
C,X0+X1,reduction,ridge,random,shift,seed=401,SN,-3.20788,1.71938,-3.73242
C,X0+X1,reduction,ridge,random,shift,seed=503,DMC,-4.02254,3.1349,-3.88891
C,X0+X1,reduction,ridge,random,shift,seed=503,EC,-3.70877,2.44625,-3.57738
C,X0+X1,reduction,ridge,random,shift,seed=503,DME,-3.44704,3.62039,-3.81377
C,X0+X1,reduction,ridge,random,shift,seed=503,DOL,-4.03329,4.0277,-3.8508
C,X0+X1,reduction,ridge,random,shift,seed=503,GBL,-3.71793,2.45979,-3.76056
C,X0+X1,reduction,ridge,random,shift,seed=503,SL,-3.3579,2.86243,-3.41865
C,X0+X1,reduction,ridge,random,shift,seed=503,DMSO,-3.72385,2.74265,-3.5624
C,X0+X1,reduction,ridge,random,shift,seed=503,AN,-3.90449,3.16857,-3.14759
C,X0+X1,reduction,ridge,random,shift,seed=503,TMP,-3.73753,2.73899,-3.44637
C,X0+X1,reduction,ridge,random,shift,seed=503,SN,-3.20788,1.71938,-3.73242
C,X0+X1,reduction,krr,random,shift,seed=101,DMC,-4.02254,3.1349,-3.4397
C,X0+X1,reduction,krr,random,shift,seed=101,EC,-3.70877,2.44625,-3.82257
C,X0+X1,reduction,krr,random,shift,seed=101,DME,-3.44704,3.62039,-1.23964
C,X0+X1,reduction,krr,random,shift,seed=101,DOL,-4.03329,4.0277,-2.27998
C,X0+X1,reduction,krr,random,shift,seed=101,GBL,-3.71793,2.45979,-3.89328
C,X0+X1,reduction,krr,random,shift,seed=101,SL,-3.3579,2.86243,-3.49459
C,X0+X1,reduction,krr,random,shift,seed=101,DMSO,-3.72385,2.74265,-3.84588
C,X0+X1,reduction,krr,random,shift,seed=101,AN,-3.90449,3.16857,-3.05863
C,X0+X1,reduction,krr,random,shift,seed=101,TMP,-3.73753,2.73899,-1.2861
C,X0+X1,reduction,krr,random,shift,seed=101,SN,-3.20788,1.71938,-4.14219
C,X0+X1,reduction,krr,random,shift,seed=211,DMC,-4.02254,3.1349,-3.14896
C,X0+X1,reduction,krr,random,shift,seed=211,EC,-3.70877,2.44625,-3.42773
C,X0+X1,reduction,krr,random,shift,seed=211,DME,-3.44704,3.62039,-2.74714
C,X0+X1,reduction,krr,random,shift,seed=211,DOL,-4.03329,4.0277,-3.78848
C,X0+X1,reduction,krr,random,shift,seed=211,GBL,-3.71793,2.45979,-3.84987
C,X0+X1,reduction,krr,random,shift,seed=211,SL,-3.3579,2.86243,-3.39783
C,X0+X1,reduction,krr,random,shift,seed=211,DMSO,-3.72385,2.74265,-3.65956
C,X0+X1,reduction,krr,random,shift,seed=211,AN,-3.90449,3.16857,-2.84309
C,X0+X1,reduction,krr,random,shift,seed=211,TMP,-3.73753,2.73899,-3.1255
C,X0+X1,reduction,krr,random,shift,seed=211,SN,-3.20788,1.71938,-4.1257
C,X0+X1,reduction,krr,random,shift,seed=307,DMC,-4.02254,3.1349,-3.18684
C,X0+X1,reduction,krr,random,shift,seed=307,EC,-3.70877,2.44625,-3.47106
C,X0+X1,reduction,krr,random,shift,seed=307,DME,-3.44704,3.62039,-3.89347
C,X0+X1,reduction,krr,random,shift,seed=307,DOL,-4.03329,4.0277,-3.79105
C,X0+X1,reduction,krr,random,shift,seed=307,GBL,-3.71793,2.45979,-3.7861
C,X0+X1,reduction,krr,random,shift,seed=307,SL,-3.3579,2.86243,-3.19062
C,X0+X1,reduction,krr,random,shift,seed=307,DMSO,-3.72385,2.74265,-3.57626
C,X0+X1,reduction,krr,random,shift,seed=307,AN,-3.90449,3.16857,-3.0326
C,X0+X1,reduction,krr,random,shift,seed=307,TMP,-3.73753,2.73899,-3.25804
C,X0+X1,reduction,krr,random,shift,seed=307,SN,-3.20788,1.71938,-3.83404
C,X0+X1,reduction,krr,random,shift,seed=401,DMC,-4.02254,3.1349,-3.42179
C,X0+X1,reduction,krr,random,shift,seed=401,EC,-3.70877,2.44625,-3.71716
C,X0+X1,reduction,krr,random,shift,seed=401,DME,-3.44704,3.62039,-3.3007
C,X0+X1,reduction,krr,random,shift,seed=401,DOL,-4.03329,4.0277,-3.21926
C,X0+X1,reduction,krr,random,shift,seed=401,GBL,-3.71793,2.45979,-3.84987
C,X0+X1,reduction,krr,random,shift,seed=401,SL,-3.3579,2.86243,-3.39783
C,X0+X1,reduction,krr,random,shift,seed=401,DMSO,-3.72385,2.74265,-3.83988
C,X0+X1,reduction,krr,random,shift,seed=401,AN,-3.90449,3.16857,-2.90772
C,X0+X1,reduction,krr,random,shift,seed=401,TMP,-3.73753,2.73899,-3.21744
C,X0+X1,reduction,krr,random,shift,seed=401,SN,-3.20788,1.71938,-3.72841
C,X0+X1,reduction,krr,random,shift,seed=503,DMC,-4.02254,3.1349,-3.603
C,X0+X1,reduction,krr,random,shift,seed=503,EC,-3.70877,2.44625,-3.63877
C,X0+X1,reduction,krr,random,shift,seed=503,DME,-3.44704,3.62039,-3.86749
C,X0+X1,reduction,krr,random,shift,seed=503,DOL,-4.03329,4.0277,-3.4856
C,X0+X1,reduction,krr,random,shift,seed=503,GBL,-3.71793,2.45979,-3.81126
C,X0+X1,reduction,krr,random,shift,seed=503,SL,-3.3579,2.86243,-3.43833
C,X0+X1,reduction,krr,random,shift,seed=503,DMSO,-3.72385,2.74265,-2.66958
C,X0+X1,reduction,krr,random,shift,seed=503,AN,-3.90449,3.16857,-1.45468
C,X0+X1,reduction,krr,random,shift,seed=503,TMP,-3.73753,2.73899,-2.71366
C,X0+X1,reduction,krr,random,shift,seed=503,SN,-3.20788,1.71938,-3.5849
C,X0+X1,reduction,gpr,random,shift,seed=101,DMC,-4.02254,3.1349,-3.7783
C,X0+X1,reduction,gpr,random,shift,seed=101,EC,-3.70877,2.44625,-3.55545
C,X0+X1,reduction,gpr,random,shift,seed=101,DME,-3.44704,3.62039,-2.73378
C,X0+X1,reduction,gpr,random,shift,seed=101,DOL,-4.03329,4.0277,-3.12203
C,X0+X1,reduction,gpr,random,shift,seed=101,GBL,-3.71793,2.45979,-3.76549
C,X0+X1,reduction,gpr,random,shift,seed=101,SL,-3.3579,2.86243,-3.40549
C,X0+X1,reduction,gpr,random,shift,seed=101,DMSO,-3.72385,2.74265,-3.84024
C,X0+X1,reduction,gpr,random,shift,seed=101,AN,-3.90449,3.16857,-3.32547
C,X0+X1,reduction,gpr,random,shift,seed=101,TMP,-3.73753,2.73899,-3.01507
C,X0+X1,reduction,gpr,random,shift,seed=101,SN,-3.20788,1.71938,-4.46884
C,X0+X1,reduction,gpr,random,shift,seed=211,DMC,-4.02254,3.1349,-3.78193
C,X0+X1,reduction,gpr,random,shift,seed=211,EC,-3.70877,2.44625,-3.78352
C,X0+X1,reduction,gpr,random,shift,seed=211,DME,-3.44704,3.62039,-3.73496
C,X0+X1,reduction,gpr,random,shift,seed=211,DOL,-4.03329,4.0277,-2.4758
C,X0+X1,reduction,gpr,random,shift,seed=211,GBL,-3.71793,2.45979,-3.81619
C,X0+X1,reduction,gpr,random,shift,seed=211,SL,-3.3579,2.86243,-3.4472
C,X0+X1,reduction,gpr,random,shift,seed=211,DMSO,-3.72385,2.74265,-3.91453
C,X0+X1,reduction,gpr,random,shift,seed=211,AN,-3.90449,3.16857,-3.29714
C,X0+X1,reduction,gpr,random,shift,seed=211,TMP,-3.73753,2.73899,-3.75334
C,X0+X1,reduction,gpr,random,shift,seed=211,SN,-3.20788,1.71938,-4.46296
C,X0+X1,reduction,gpr,random,shift,seed=307,DMC,-4.02254,3.1349,-3.72024
C,X0+X1,reduction,gpr,random,shift,seed=307,EC,-3.70877,2.44625,-3.50081
C,X0+X1,reduction,gpr,random,shift,seed=307,DME,-3.44704,3.62039,-3.79615
C,X0+X1,reduction,gpr,random,shift,seed=307,DOL,-4.03329,4.0277,-2.48317
C,X0+X1,reduction,gpr,random,shift,seed=307,GBL,-3.71793,2.45979,-3.86847
C,X0+X1,reduction,gpr,random,shift,seed=307,SL,-3.3579,2.86243,-3.24828
C,X0+X1,reduction,gpr,random,shift,seed=307,DMSO,-3.72385,2.74265,-3.76532
C,X0+X1,reduction,gpr,random,shift,seed=307,AN,-3.90449,3.16857,-3.29714
C,X0+X1,reduction,gpr,random,shift,seed=307,TMP,-3.73753,2.73899,-3.75334
C,X0+X1,reduction,gpr,random,shift,seed=307,SN,-3.20788,1.71938,-4.15235
C,X0+X1,reduction,gpr,random,shift,seed=401,DMC,-4.02254,3.1349,-3.59313
C,X0+X1,reduction,gpr,random,shift,seed=401,EC,-3.70877,2.44625,-3.55545
C,X0+X1,reduction,gpr,random,shift,seed=401,DME,-3.44704,3.62039,-2.77803
C,X0+X1,reduction,gpr,random,shift,seed=401,DOL,-4.03329,4.0277,-2.44398
C,X0+X1,reduction,gpr,random,shift,seed=401,GBL,-3.71793,2.45979,-3.81619
C,X0+X1,reduction,gpr,random,shift,seed=401,SL,-3.3579,2.86243,-3.4472
C,X0+X1,reduction,gpr,random,shift,seed=401,DMSO,-3.72385,2.74265,-3.84024
C,X0+X1,reduction,gpr,random,shift,seed=401,AN,-3.90449,3.16857,-3.15203
C,X0+X1,reduction,gpr,random,shift,seed=401,TMP,-3.73753,2.73899,-3.91065
C,X0+X1,reduction,gpr,random,shift,seed=401,SN,-3.20788,1.71938,-4.40272
C,X0+X1,reduction,gpr,random,shift,seed=503,DMC,-4.02254,3.1349,-3.68466
C,X0+X1,reduction,gpr,random,shift,seed=503,EC,-3.70877,2.44625,-3.46664
C,X0+X1,reduction,gpr,random,shift,seed=503,DME,-3.44704,3.62039,-3.69194
C,X0+X1,reduction,gpr,random,shift,seed=503,DOL,-4.03329,4.0277,-2.48317
C,X0+X1,reduction,gpr,random,shift,seed=503,GBL,-3.71793,2.45979,-3.86847
C,X0+X1,reduction,gpr,random,shift,seed=503,SL,-3.3579,2.86243,-3.50335
C,X0+X1,reduction,gpr,random,shift,seed=503,DMSO,-3.72385,2.74265,-3.72503
C,X0+X1,reduction,gpr,random,shift,seed=503,AN,-3.90449,3.16857,-3.28478
C,X0+X1,reduction,gpr,random,shift,seed=503,TMP,-3.73753,2.73899,-3.91065
C,X0+X1,reduction,gpr,random,shift,seed=503,SN,-3.20788,1.71938,-4.40272
C,X0+X1,reduction,rf,random,shift,seed=101,DMC,-4.02254,3.1349,-3.66449
C,X0+X1,reduction,rf,random,shift,seed=101,EC,-3.70877,2.44625,-3.84941
C,X0+X1,reduction,rf,random,shift,seed=101,DME,-3.44704,3.62039,-3.36462
C,X0+X1,reduction,rf,random,shift,seed=101,DOL,-4.03329,4.0277,-2.88021
C,X0+X1,reduction,rf,random,shift,seed=101,GBL,-3.71793,2.45979,-3.85164
C,X0+X1,reduction,rf,random,shift,seed=101,SL,-3.3579,2.86243,-3.61148
C,X0+X1,reduction,rf,random,shift,seed=101,DMSO,-3.72385,2.74265,-3.73655
C,X0+X1,reduction,rf,random,shift,seed=101,AN,-3.90449,3.16857,-3.40542
C,X0+X1,reduction,rf,random,shift,seed=101,TMP,-3.73753,2.73899,-3.63007
C,X0+X1,reduction,rf,random,shift,seed=101,SN,-3.20788,1.71938,-4.69857
C,X0+X1,reduction,rf,random,shift,seed=211,DMC,-4.02254,3.1349,-3.47303
C,X0+X1,reduction,rf,random,shift,seed=211,EC,-3.70877,2.44625,-3.80042
C,X0+X1,reduction,rf,random,shift,seed=211,DME,-3.44704,3.62039,-3.32632
C,X0+X1,reduction,rf,random,shift,seed=211,DOL,-4.03329,4.0277,-2.83676
C,X0+X1,reduction,rf,random,shift,seed=211,GBL,-3.71793,2.45979,-3.98646
C,X0+X1,reduction,rf,random,shift,seed=211,SL,-3.3579,2.86243,-3.54745
C,X0+X1,reduction,rf,random,shift,seed=211,DMSO,-3.72385,2.74265,-3.8633
C,X0+X1,reduction,rf,random,shift,seed=211,AN,-3.90449,3.16857,-3.32038
C,X0+X1,reduction,rf,random,shift,seed=211,TMP,-3.73753,2.73899,-3.74821
C,X0+X1,reduction,rf,random,shift,seed=211,SN,-3.20788,1.71938,-4.68883
C,X0+X1,reduction,rf,random,shift,seed=307,DMC,-4.02254,3.1349,-3.57778
C,X0+X1,reduction,rf,random,shift,seed=307,EC,-3.70877,2.44625,-4.00715
C,X0+X1,reduction,rf,random,shift,seed=307,DME,-3.44704,3.62039,-3.4582
C,X0+X1,reduction,rf,random,shift,seed=307,DOL,-4.03329,4.0277,-2.88076
C,X0+X1,reduction,rf,random,shift,seed=307,GBL,-3.71793,2.45979,-3.76209
C,X0+X1,reduction,rf,random,shift,seed=307,SL,-3.3579,2.86243,-3.63552
C,X0+X1,reduction,rf,random,shift,seed=307,DMSO,-3.72385,2.74265,-3.8031
C,X0+X1,reduction,rf,random,shift,seed=307,AN,-3.90449,3.16857,-3.2902
C,X0+X1,reduction,rf,random,shift,seed=307,TMP,-3.73753,2.73899,-3.79394
C,X0+X1,reduction,rf,random,shift,seed=307,SN,-3.20788,1.71938,-4.74413
C,X0+X1,reduction,rf,random,shift,seed=401,DMC,-4.02254,3.1349,-3.38198
C,X0+X1,reduction,rf,random,shift,seed=401,EC,-3.70877,2.44625,-3.81674
C,X0+X1,reduction,rf,random,shift,seed=401,DME,-3.44704,3.62039,-2.88288
C,X0+X1,reduction,rf,random,shift,seed=401,DOL,-4.03329,4.0277,-2.5922
C,X0+X1,reduction,rf,random,shift,seed=401,GBL,-3.71793,2.45979,-3.99417
C,X0+X1,reduction,rf,random,shift,seed=401,SL,-3.3579,2.86243,-3.57986
C,X0+X1,reduction,rf,random,shift,seed=401,DMSO,-3.72385,2.74265,-3.88186
C,X0+X1,reduction,rf,random,shift,seed=401,AN,-3.90449,3.16857,-3.31364
C,X0+X1,reduction,rf,random,shift,seed=401,TMP,-3.73753,2.73899,-3.98547
C,X0+X1,reduction,rf,random,shift,seed=401,SN,-3.20788,1.71938,-4.63704
C,X0+X1,reduction,rf,random,shift,seed=503,DMC,-4.02254,3.1349,-3.5267
C,X0+X1,reduction,rf,random,shift,seed=503,EC,-3.70877,2.44625,-3.6453
C,X0+X1,reduction,rf,random,shift,seed=503,DME,-3.44704,3.62039,-3.34946
C,X0+X1,reduction,rf,random,shift,seed=503,DOL,-4.03329,4.0277,-2.86918
C,X0+X1,reduction,rf,random,shift,seed=503,GBL,-3.71793,2.45979,-3.87866
C,X0+X1,reduction,rf,random,shift,seed=503,SL,-3.3579,2.86243,-3.48358
C,X0+X1,reduction,rf,random,shift,seed=503,DMSO,-3.72385,2.74265,-3.55274
C,X0+X1,reduction,rf,random,shift,seed=503,AN,-3.90449,3.16857,-3.33747
C,X0+X1,reduction,rf,random,shift,seed=503,TMP,-3.73753,2.73899,-3.9842
C,X0+X1,reduction,rf,random,shift,seed=503,SN,-3.20788,1.71938,-4.64091
C,X0+X1,reduction,gbdt,random,shift,seed=101,DMC,-4.02254,3.1349,-4.11369
C,X0+X1,reduction,gbdt,random,shift,seed=101,EC,-3.70877,2.44625,-3.52723
C,X0+X1,reduction,gbdt,random,shift,seed=101,DME,-3.44704,3.62039,-3.78443
C,X0+X1,reduction,gbdt,random,shift,seed=101,DOL,-4.03329,4.0277,-3.04763
C,X0+X1,reduction,gbdt,random,shift,seed=101,GBL,-3.71793,2.45979,-3.84763
C,X0+X1,reduction,gbdt,random,shift,seed=101,SL,-3.3579,2.86243,-4.0883
C,X0+X1,reduction,gbdt,random,shift,seed=101,DMSO,-3.72385,2.74265,-3.57316
C,X0+X1,reduction,gbdt,random,shift,seed=101,AN,-3.90449,3.16857,-3.61393
C,X0+X1,reduction,gbdt,random,shift,seed=101,TMP,-3.73753,2.73899,-4.1347
C,X0+X1,reduction,gbdt,random,shift,seed=101,SN,-3.20788,1.71938,-4.60256
C,X0+X1,reduction,gbdt,random,shift,seed=211,DMC,-4.02254,3.1349,-3.58385
C,X0+X1,reduction,gbdt,random,shift,seed=211,EC,-3.70877,2.44625,-3.60729
C,X0+X1,reduction,gbdt,random,shift,seed=211,DME,-3.44704,3.62039,-3.29667
C,X0+X1,reduction,gbdt,random,shift,seed=211,DOL,-4.03329,4.0277,-3.04291
C,X0+X1,reduction,gbdt,random,shift,seed=211,GBL,-3.71793,2.45979,-4.0129
C,X0+X1,reduction,gbdt,random,shift,seed=211,SL,-3.3579,2.86243,-3.61142
C,X0+X1,reduction,gbdt,random,shift,seed=211,DMSO,-3.72385,2.74265,-3.47325
C,X0+X1,reduction,gbdt,random,shift,seed=211,AN,-3.90449,3.16857,-3.20673
C,X0+X1,reduction,gbdt,random,shift,seed=211,TMP,-3.73753,2.73899,-4.06146
C,X0+X1,reduction,gbdt,random,shift,seed=211,SN,-3.20788,1.71938,-4.53446
C,X0+X1,reduction,gbdt,random,shift,seed=307,DMC,-4.02254,3.1349,-3.77809
C,X0+X1,reduction,gbdt,random,shift,seed=307,EC,-3.70877,2.44625,-3.50143
C,X0+X1,reduction,gbdt,random,shift,seed=307,DME,-3.44704,3.62039,-3.71611
C,X0+X1,reduction,gbdt,random,shift,seed=307,DOL,-4.03329,4.0277,-3.04389
C,X0+X1,reduction,gbdt,random,shift,seed=307,GBL,-3.71793,2.45979,-3.40936
C,X0+X1,reduction,gbdt,random,shift,seed=307,SL,-3.3579,2.86243,-3.35771
C,X0+X1,reduction,gbdt,random,shift,seed=307,DMSO,-3.72385,2.74265,-3.89411
C,X0+X1,reduction,gbdt,random,shift,seed=307,AN,-3.90449,3.16857,-3.39419
C,X0+X1,reduction,gbdt,random,shift,seed=307,TMP,-3.73753,2.73899,-3.77197
C,X0+X1,reduction,gbdt,random,shift,seed=307,SN,-3.20788,1.71938,-4.58564
C,X0+X1,reduction,gbdt,random,shift,seed=401,DMC,-4.02254,3.1349,-3.63253
C,X0+X1,reduction,gbdt,random,shift,seed=401,EC,-3.70877,2.44625,-3.51334
C,X0+X1,reduction,gbdt,random,shift,seed=401,DME,-3.44704,3.62039,-3.03127
C,X0+X1,reduction,gbdt,random,shift,seed=401,DOL,-4.03329,4.0277,-2.73421
C,X0+X1,reduction,gbdt,random,shift,seed=401,GBL,-3.71793,2.45979,-3.87935
C,X0+X1,reduction,gbdt,random,shift,seed=401,SL,-3.3579,2.86243,-3.49245
C,X0+X1,reduction,gbdt,random,shift,seed=401,DMSO,-3.72385,2.74265,-3.43713
C,X0+X1,reduction,gbdt,random,shift,seed=401,AN,-3.90449,3.16857,-3.08937
C,X0+X1,reduction,gbdt,random,shift,seed=401,TMP,-3.73753,2.73899,-3.9726
C,X0+X1,reduction,gbdt,random,shift,seed=401,SN,-3.20788,1.71938,-4.48455
C,X0+X1,reduction,gbdt,random,shift,seed=503,DMC,-4.02254,3.1349,-4.03705
C,X0+X1,reduction,gbdt,random,shift,seed=503,EC,-3.70877,2.44625,-3.48791
C,X0+X1,reduction,gbdt,random,shift,seed=503,DME,-3.44704,3.62039,-3.81522
C,X0+X1,reduction,gbdt,random,shift,seed=503,DOL,-4.03329,4.0277,-3.04394
C,X0+X1,reduction,gbdt,random,shift,seed=503,GBL,-3.71793,2.45979,-3.46814
C,X0+X1,reduction,gbdt,random,shift,seed=503,SL,-3.3579,2.86243,-3.59118
C,X0+X1,reduction,gbdt,random,shift,seed=503,DMSO,-3.72385,2.74265,-3.30294
C,X0+X1,reduction,gbdt,random,shift,seed=503,AN,-3.90449,3.16857,-3.18648
C,X0+X1,reduction,gbdt,random,shift,seed=503,TMP,-3.73753,2.73899,-4.01616
C,X0+X1,reduction,gbdt,random,shift,seed=503,SN,-3.20788,1.71938,-4.47724
C,X0+X1,reduction,constant,group,direct,leave-one-group-out,DMC,-4.02254,3.1349,-3.64874
C,X0+X1,reduction,constant,group,direct,leave-one-group-out,EC,-3.70877,2.44625,-3.68361
C,X0+X1,reduction,constant,group,direct,leave-one-group-out,DME,-3.44704,3.62039,-4.03329
C,X0+X1,reduction,constant,group,direct,leave-one-group-out,DOL,-4.03329,4.0277,-3.44704
C,X0+X1,reduction,constant,group,direct,leave-one-group-out,GBL,-3.71793,2.45979,-3.68259
C,X0+X1,reduction,constant,group,direct,leave-one-group-out,SL,-3.3579,2.86243,-3.72259
C,X0+X1,reduction,constant,group,direct,leave-one-group-out,DMSO,-3.72385,2.74265,-3.68193
C,X0+X1,reduction,constant,group,direct,leave-one-group-out,AN,-3.90449,3.16857,-3.71861
C,X0+X1,reduction,constant,group,direct,leave-one-group-out,TMP,-3.73753,2.73899,-3.68041
C,X0+X1,reduction,constant,group,direct,leave-one-group-out,SN,-3.20788,1.71938,-3.71861
C,X0+X1,reduction,ridge,group,direct,leave-one-group-out,DMC,-4.02254,3.1349,-3.65163
C,X0+X1,reduction,ridge,group,direct,leave-one-group-out,EC,-3.70877,2.44625,-3.58468
C,X0+X1,reduction,ridge,group,direct,leave-one-group-out,DME,-3.44704,3.62039,-3.86418
C,X0+X1,reduction,ridge,group,direct,leave-one-group-out,DOL,-4.03329,4.0277,-3.65435
C,X0+X1,reduction,ridge,group,direct,leave-one-group-out,GBL,-3.71793,2.45979,-3.63727
C,X0+X1,reduction,ridge,group,direct,leave-one-group-out,SL,-3.3579,2.86243,-3.62917
C,X0+X1,reduction,ridge,group,direct,leave-one-group-out,DMSO,-3.72385,2.74265,-3.43068
C,X0+X1,reduction,ridge,group,direct,leave-one-group-out,AN,-3.90449,3.16857,-3.72943
C,X0+X1,reduction,ridge,group,direct,leave-one-group-out,TMP,-3.73753,2.73899,-3.2433
C,X0+X1,reduction,ridge,group,direct,leave-one-group-out,SN,-3.20788,1.71938,-3.71924
C,X0+X1,reduction,krr,group,direct,leave-one-group-out,DMC,-4.02254,3.1349,-3.69093
C,X0+X1,reduction,krr,group,direct,leave-one-group-out,EC,-3.70877,2.44625,-3.60963
C,X0+X1,reduction,krr,group,direct,leave-one-group-out,DME,-3.44704,3.62039,-3.73925
C,X0+X1,reduction,krr,group,direct,leave-one-group-out,DOL,-4.03329,4.0277,-3.83603
C,X0+X1,reduction,krr,group,direct,leave-one-group-out,GBL,-3.71793,2.45979,-3.64647
C,X0+X1,reduction,krr,group,direct,leave-one-group-out,SL,-3.3579,2.86243,-3.64346
C,X0+X1,reduction,krr,group,direct,leave-one-group-out,DMSO,-3.72385,2.74265,-3.29266
C,X0+X1,reduction,krr,group,direct,leave-one-group-out,AN,-3.90449,3.16857,-3.67125
C,X0+X1,reduction,krr,group,direct,leave-one-group-out,TMP,-3.73753,2.73899,-3.11917
C,X0+X1,reduction,krr,group,direct,leave-one-group-out,SN,-3.20788,1.71938,-3.59873
C,X0+X1,reduction,gpr,group,direct,leave-one-group-out,DMC,-4.02254,3.1349,-3.64874
C,X0+X1,reduction,gpr,group,direct,leave-one-group-out,EC,-3.70877,2.44625,-3.68361
C,X0+X1,reduction,gpr,group,direct,leave-one-group-out,DME,-3.44704,3.62039,-3.71269
C,X0+X1,reduction,gpr,group,direct,leave-one-group-out,DOL,-4.03329,4.0277,-3.64754
C,X0+X1,reduction,gpr,group,direct,leave-one-group-out,GBL,-3.71793,2.45979,-3.68259
C,X0+X1,reduction,gpr,group,direct,leave-one-group-out,SL,-3.3579,2.86243,-3.72259
C,X0+X1,reduction,gpr,group,direct,leave-one-group-out,DMSO,-3.72385,2.74265,-3.68193
C,X0+X1,reduction,gpr,group,direct,leave-one-group-out,AN,-3.90449,3.16857,-3.71861
C,X0+X1,reduction,gpr,group,direct,leave-one-group-out,TMP,-3.73753,2.73899,-3.68041
C,X0+X1,reduction,gpr,group,direct,leave-one-group-out,SN,-3.20788,1.71938,-3.71861
C,X0+X1,reduction,rf,group,direct,leave-one-group-out,DMC,-4.02254,3.1349,-3.66894
C,X0+X1,reduction,rf,group,direct,leave-one-group-out,EC,-3.70877,2.44625,-3.65708
C,X0+X1,reduction,rf,group,direct,leave-one-group-out,DME,-3.44704,3.62039,-3.73973
C,X0+X1,reduction,rf,group,direct,leave-one-group-out,DOL,-4.03329,4.0277,-3.68542
C,X0+X1,reduction,rf,group,direct,leave-one-group-out,GBL,-3.71793,2.45979,-3.59027
C,X0+X1,reduction,rf,group,direct,leave-one-group-out,SL,-3.3579,2.86243,-3.6604
C,X0+X1,reduction,rf,group,direct,leave-one-group-out,DMSO,-3.72385,2.74265,-3.62901
C,X0+X1,reduction,rf,group,direct,leave-one-group-out,AN,-3.90449,3.16857,-3.86292
C,X0+X1,reduction,rf,group,direct,leave-one-group-out,TMP,-3.73753,2.73899,-3.43482
C,X0+X1,reduction,rf,group,direct,leave-one-group-out,SN,-3.20788,1.71938,-3.74046
C,X0+X1,reduction,gbdt,group,direct,leave-one-group-out,DMC,-4.02254,3.1349,-3.78144
C,X0+X1,reduction,gbdt,group,direct,leave-one-group-out,EC,-3.70877,2.44625,-3.62413
C,X0+X1,reduction,gbdt,group,direct,leave-one-group-out,DME,-3.44704,3.62039,-3.90606
C,X0+X1,reduction,gbdt,group,direct,leave-one-group-out,DOL,-4.03329,4.0277,-3.87997
C,X0+X1,reduction,gbdt,group,direct,leave-one-group-out,GBL,-3.71793,2.45979,-3.7303
C,X0+X1,reduction,gbdt,group,direct,leave-one-group-out,SL,-3.3579,2.86243,-3.6952
C,X0+X1,reduction,gbdt,group,direct,leave-one-group-out,DMSO,-3.72385,2.74265,-3.72706
C,X0+X1,reduction,gbdt,group,direct,leave-one-group-out,AN,-3.90449,3.16857,-3.97593
C,X0+X1,reduction,gbdt,group,direct,leave-one-group-out,TMP,-3.73753,2.73899,-3.33317
C,X0+X1,reduction,gbdt,group,direct,leave-one-group-out,SN,-3.20788,1.71938,-3.71969
C,X0+X1,reduction,constant,group,shift,leave-one-group-out,DMC,-4.02254,3.1349,-3.37897
C,X0+X1,reduction,constant,group,shift,leave-one-group-out,EC,-3.70877,2.44625,-4.179
C,X0+X1,reduction,constant,group,shift,leave-one-group-out,DME,-3.44704,3.62039,-4.44061
C,X0+X1,reduction,constant,group,shift,leave-one-group-out,DOL,-4.03329,4.0277,-3.03973
C,X0+X1,reduction,constant,group,shift,leave-one-group-out,GBL,-3.71793,2.45979,-4.16294
C,X0+X1,reduction,constant,group,shift,leave-one-group-out,SL,-3.3579,2.86243,-3.75556
C,X0+X1,reduction,constant,group,shift,leave-one-group-out,DMSO,-3.72385,2.74265,-3.848
C,X0+X1,reduction,constant,group,shift,leave-one-group-out,AN,-3.90449,3.16857,-3.55417
C,X0+X1,reduction,constant,group,shift,leave-one-group-out,TMP,-3.73753,2.73899,-3.85054
C,X0+X1,reduction,constant,group,shift,leave-one-group-out,SN,-3.20788,1.71938,-5.00336
C,X0+X1,reduction,ridge,group,shift,leave-one-group-out,DMC,-4.02254,3.1349,-3.9246
C,X0+X1,reduction,ridge,group,shift,leave-one-group-out,EC,-3.70877,2.44625,-3.52929
C,X0+X1,reduction,ridge,group,shift,leave-one-group-out,DME,-3.44704,3.62039,-3.8454
C,X0+X1,reduction,ridge,group,shift,leave-one-group-out,DOL,-4.03329,4.0277,-3.84544
C,X0+X1,reduction,ridge,group,shift,leave-one-group-out,GBL,-3.71793,2.45979,-3.75733
C,X0+X1,reduction,ridge,group,shift,leave-one-group-out,SL,-3.3579,2.86243,-3.31057
C,X0+X1,reduction,ridge,group,shift,leave-one-group-out,DMSO,-3.72385,2.74265,-3.52844
C,X0+X1,reduction,ridge,group,shift,leave-one-group-out,AN,-3.90449,3.16857,-3.67946
C,X0+X1,reduction,ridge,group,shift,leave-one-group-out,TMP,-3.73753,2.73899,-3.22283
C,X0+X1,reduction,ridge,group,shift,leave-one-group-out,SN,-3.20788,1.71938,-3.75557
C,X0+X1,reduction,krr,group,shift,leave-one-group-out,DMC,-4.02254,3.1349,-3.43537
C,X0+X1,reduction,krr,group,shift,leave-one-group-out,EC,-3.70877,2.44625,-3.72981
C,X0+X1,reduction,krr,group,shift,leave-one-group-out,DME,-3.44704,3.62039,-3.80795
C,X0+X1,reduction,krr,group,shift,leave-one-group-out,DOL,-4.03329,4.0277,-3.25853
C,X0+X1,reduction,krr,group,shift,leave-one-group-out,GBL,-3.71793,2.45979,-3.81108
C,X0+X1,reduction,krr,group,shift,leave-one-group-out,SL,-3.3579,2.86243,-3.33668
C,X0+X1,reduction,krr,group,shift,leave-one-group-out,DMSO,-3.72385,2.74265,-3.70365
C,X0+X1,reduction,krr,group,shift,leave-one-group-out,AN,-3.90449,3.16857,-2.62942
C,X0+X1,reduction,krr,group,shift,leave-one-group-out,TMP,-3.73753,2.73899,-3.1633
C,X0+X1,reduction,krr,group,shift,leave-one-group-out,SN,-3.20788,1.71938,-3.87374
C,X0+X1,reduction,gpr,group,shift,leave-one-group-out,DMC,-4.02254,3.1349,-3.82594
C,X0+X1,reduction,gpr,group,shift,leave-one-group-out,EC,-3.70877,2.44625,-3.5716
C,X0+X1,reduction,gpr,group,shift,leave-one-group-out,DME,-3.44704,3.62039,-3.70843
C,X0+X1,reduction,gpr,group,shift,leave-one-group-out,DOL,-4.03329,4.0277,-3.42067
C,X0+X1,reduction,gpr,group,shift,leave-one-group-out,GBL,-3.71793,2.45979,-3.76221
C,X0+X1,reduction,gpr,group,shift,leave-one-group-out,SL,-3.3579,2.86243,-3.3779
C,X0+X1,reduction,gpr,group,shift,leave-one-group-out,DMSO,-3.72385,2.74265,-3.73566
C,X0+X1,reduction,gpr,group,shift,leave-one-group-out,AN,-3.90449,3.16857,-3.74902
C,X0+X1,reduction,gpr,group,shift,leave-one-group-out,TMP,-3.73753,2.73899,-3.57214
C,X0+X1,reduction,gpr,group,shift,leave-one-group-out,SN,-3.20788,1.71938,-4.30435
C,X0+X1,reduction,rf,group,shift,leave-one-group-out,DMC,-4.02254,3.1349,-3.58389
C,X0+X1,reduction,rf,group,shift,leave-one-group-out,EC,-3.70877,2.44625,-3.82874
C,X0+X1,reduction,rf,group,shift,leave-one-group-out,DME,-3.44704,3.62039,-3.33167
C,X0+X1,reduction,rf,group,shift,leave-one-group-out,DOL,-4.03329,4.0277,-2.86394
C,X0+X1,reduction,rf,group,shift,leave-one-group-out,GBL,-3.71793,2.45979,-3.97693
C,X0+X1,reduction,rf,group,shift,leave-one-group-out,SL,-3.3579,2.86243,-3.54683
C,X0+X1,reduction,rf,group,shift,leave-one-group-out,DMSO,-3.72385,2.74265,-3.60889
C,X0+X1,reduction,rf,group,shift,leave-one-group-out,AN,-3.90449,3.16857,-3.76082
C,X0+X1,reduction,rf,group,shift,leave-one-group-out,TMP,-3.73753,2.73899,-3.59004
C,X0+X1,reduction,rf,group,shift,leave-one-group-out,SN,-3.20788,1.71938,-4.65904
C,X0+X1,reduction,gbdt,group,shift,leave-one-group-out,DMC,-4.02254,3.1349,-3.96493
C,X0+X1,reduction,gbdt,group,shift,leave-one-group-out,EC,-3.70877,2.44625,-3.54232
C,X0+X1,reduction,gbdt,group,shift,leave-one-group-out,DME,-3.44704,3.62039,-3.68295
C,X0+X1,reduction,gbdt,group,shift,leave-one-group-out,DOL,-4.03329,4.0277,-3.04314
C,X0+X1,reduction,gbdt,group,shift,leave-one-group-out,GBL,-3.71793,2.45979,-3.87891
C,X0+X1,reduction,gbdt,group,shift,leave-one-group-out,SL,-3.3579,2.86243,-3.5951
C,X0+X1,reduction,gbdt,group,shift,leave-one-group-out,DMSO,-3.72385,2.74265,-3.46197
C,X0+X1,reduction,gbdt,group,shift,leave-one-group-out,AN,-3.90449,3.16857,-3.42644
C,X0+X1,reduction,gbdt,group,shift,leave-one-group-out,TMP,-3.73753,2.73899,-3.86111
C,X0+X1,reduction,gbdt,group,shift,leave-one-group-out,SN,-3.20788,1.71938,-4.57977
C,X0+X1,reduction,constant,lofo,direct,leave-one-family-out,DMC,-4.02254,3.1349,-3.64874
C,X0+X1,reduction,constant,lofo,direct,leave-one-family-out,EC,-3.70877,2.44625,-3.68361
C,X0+X1,reduction,constant,lofo,direct,leave-one-family-out,DME,-3.44704,3.62039,-3.67261
C,X0+X1,reduction,constant,lofo,direct,leave-one-family-out,DOL,-4.03329,4.0277,-3.67261
C,X0+X1,reduction,constant,lofo,direct,leave-one-family-out,GBL,-3.71793,2.45979,-3.68259
C,X0+X1,reduction,constant,lofo,direct,leave-one-family-out,SL,-3.3579,2.86243,-3.72259
C,X0+X1,reduction,constant,lofo,direct,leave-one-family-out,DMSO,-3.72385,2.74265,-3.68193
C,X0+X1,reduction,constant,lofo,direct,leave-one-family-out,AN,-3.90449,3.16857,-3.71861
C,X0+X1,reduction,constant,lofo,direct,leave-one-family-out,TMP,-3.73753,2.73899,-3.68041
C,X0+X1,reduction,constant,lofo,direct,leave-one-family-out,SN,-3.20788,1.71938,-3.71861
C,X0+X1,reduction,ridge,lofo,direct,leave-one-family-out,DMC,-4.02254,3.1349,-3.65163
C,X0+X1,reduction,ridge,lofo,direct,leave-one-family-out,EC,-3.70877,2.44625,-3.58468
C,X0+X1,reduction,ridge,lofo,direct,leave-one-family-out,DME,-3.44704,3.62039,-3.85444
C,X0+X1,reduction,ridge,lofo,direct,leave-one-family-out,DOL,-4.03329,4.0277,-4.0027
C,X0+X1,reduction,ridge,lofo,direct,leave-one-family-out,GBL,-3.71793,2.45979,-3.63727
C,X0+X1,reduction,ridge,lofo,direct,leave-one-family-out,SL,-3.3579,2.86243,-3.62917
C,X0+X1,reduction,ridge,lofo,direct,leave-one-family-out,DMSO,-3.72385,2.74265,-3.43068
C,X0+X1,reduction,ridge,lofo,direct,leave-one-family-out,AN,-3.90449,3.16857,-3.72943
C,X0+X1,reduction,ridge,lofo,direct,leave-one-family-out,TMP,-3.73753,2.73899,-3.2433
C,X0+X1,reduction,ridge,lofo,direct,leave-one-family-out,SN,-3.20788,1.71938,-3.71924
C,X0+X1,reduction,krr,lofo,direct,leave-one-family-out,DMC,-4.02254,3.1349,-3.69093
C,X0+X1,reduction,krr,lofo,direct,leave-one-family-out,EC,-3.70877,2.44625,-3.60963
C,X0+X1,reduction,krr,lofo,direct,leave-one-family-out,DME,-3.44704,3.62039,-3.74965
C,X0+X1,reduction,krr,lofo,direct,leave-one-family-out,DOL,-4.03329,4.0277,-3.87511
C,X0+X1,reduction,krr,lofo,direct,leave-one-family-out,GBL,-3.71793,2.45979,-3.64647
C,X0+X1,reduction,krr,lofo,direct,leave-one-family-out,SL,-3.3579,2.86243,-3.63295
C,X0+X1,reduction,krr,lofo,direct,leave-one-family-out,DMSO,-3.72385,2.74265,-3.54376
C,X0+X1,reduction,krr,lofo,direct,leave-one-family-out,AN,-3.90449,3.16857,-3.8126
C,X0+X1,reduction,krr,lofo,direct,leave-one-family-out,TMP,-3.73753,2.73899,-3.1074
C,X0+X1,reduction,krr,lofo,direct,leave-one-family-out,SN,-3.20788,1.71938,-3.63741
C,X0+X1,reduction,gpr,lofo,direct,leave-one-family-out,DMC,-4.02254,3.1349,-3.64874
C,X0+X1,reduction,gpr,lofo,direct,leave-one-family-out,EC,-3.70877,2.44625,-3.68361
C,X0+X1,reduction,gpr,lofo,direct,leave-one-family-out,DME,-3.44704,3.62039,-3.67261
C,X0+X1,reduction,gpr,lofo,direct,leave-one-family-out,DOL,-4.03329,4.0277,-3.67261
C,X0+X1,reduction,gpr,lofo,direct,leave-one-family-out,GBL,-3.71793,2.45979,-3.68259
C,X0+X1,reduction,gpr,lofo,direct,leave-one-family-out,SL,-3.3579,2.86243,-3.72259
C,X0+X1,reduction,gpr,lofo,direct,leave-one-family-out,DMSO,-3.72385,2.74265,-3.68193
C,X0+X1,reduction,gpr,lofo,direct,leave-one-family-out,AN,-3.90449,3.16857,-3.71861
C,X0+X1,reduction,gpr,lofo,direct,leave-one-family-out,TMP,-3.73753,2.73899,-3.68041
C,X0+X1,reduction,gpr,lofo,direct,leave-one-family-out,SN,-3.20788,1.71938,-3.71861
C,X0+X1,reduction,rf,lofo,direct,leave-one-family-out,DMC,-4.02254,3.1349,-3.65454
C,X0+X1,reduction,rf,lofo,direct,leave-one-family-out,EC,-3.70877,2.44625,-3.63837
C,X0+X1,reduction,rf,lofo,direct,leave-one-family-out,DME,-3.44704,3.62039,-3.68815
C,X0+X1,reduction,rf,lofo,direct,leave-one-family-out,DOL,-4.03329,4.0277,-3.75888
C,X0+X1,reduction,rf,lofo,direct,leave-one-family-out,GBL,-3.71793,2.45979,-3.6031
C,X0+X1,reduction,rf,lofo,direct,leave-one-family-out,SL,-3.3579,2.86243,-3.66642
C,X0+X1,reduction,rf,lofo,direct,leave-one-family-out,DMSO,-3.72385,2.74265,-3.62151
C,X0+X1,reduction,rf,lofo,direct,leave-one-family-out,AN,-3.90449,3.16857,-3.88592
C,X0+X1,reduction,rf,lofo,direct,leave-one-family-out,TMP,-3.73753,2.73899,-3.43328
C,X0+X1,reduction,rf,lofo,direct,leave-one-family-out,SN,-3.20788,1.71938,-3.73957
C,X0+X1,reduction,gbdt,lofo,direct,leave-one-family-out,DMC,-4.02254,3.1349,-3.78756
C,X0+X1,reduction,gbdt,lofo,direct,leave-one-family-out,EC,-3.70877,2.44625,-3.58528
C,X0+X1,reduction,gbdt,lofo,direct,leave-one-family-out,DME,-3.44704,3.62039,-3.82034
C,X0+X1,reduction,gbdt,lofo,direct,leave-one-family-out,DOL,-4.03329,4.0277,-3.90381
C,X0+X1,reduction,gbdt,lofo,direct,leave-one-family-out,GBL,-3.71793,2.45979,-3.71177
C,X0+X1,reduction,gbdt,lofo,direct,leave-one-family-out,SL,-3.3579,2.86243,-3.61875
C,X0+X1,reduction,gbdt,lofo,direct,leave-one-family-out,DMSO,-3.72385,2.74265,-3.76443
C,X0+X1,reduction,gbdt,lofo,direct,leave-one-family-out,AN,-3.90449,3.16857,-3.96788
C,X0+X1,reduction,gbdt,lofo,direct,leave-one-family-out,TMP,-3.73753,2.73899,-3.3416
C,X0+X1,reduction,gbdt,lofo,direct,leave-one-family-out,SN,-3.20788,1.71938,-3.71987
C,X0+X1,reduction,constant,lofo,shift,leave-one-family-out,DMC,-4.02254,3.1349,-3.37897
C,X0+X1,reduction,constant,lofo,shift,leave-one-family-out,EC,-3.70877,2.44625,-4.179
C,X0+X1,reduction,constant,lofo,shift,leave-one-family-out,DME,-3.44704,3.62039,-2.71134
C,X0+X1,reduction,constant,lofo,shift,leave-one-family-out,DOL,-4.03329,4.0277,-2.30403
C,X0+X1,reduction,constant,lofo,shift,leave-one-family-out,GBL,-3.71793,2.45979,-4.16294
C,X0+X1,reduction,constant,lofo,shift,leave-one-family-out,SL,-3.3579,2.86243,-3.75556
C,X0+X1,reduction,constant,lofo,shift,leave-one-family-out,DMSO,-3.72385,2.74265,-3.848
C,X0+X1,reduction,constant,lofo,shift,leave-one-family-out,AN,-3.90449,3.16857,-3.55417
C,X0+X1,reduction,constant,lofo,shift,leave-one-family-out,TMP,-3.73753,2.73899,-3.85054
C,X0+X1,reduction,constant,lofo,shift,leave-one-family-out,SN,-3.20788,1.71938,-5.00336
C,X0+X1,reduction,ridge,lofo,shift,leave-one-family-out,DMC,-4.02254,3.1349,-3.9246
C,X0+X1,reduction,ridge,lofo,shift,leave-one-family-out,EC,-3.70877,2.44625,-3.52929
C,X0+X1,reduction,ridge,lofo,shift,leave-one-family-out,DME,-3.44704,3.62039,-4.36738
C,X0+X1,reduction,ridge,lofo,shift,leave-one-family-out,DOL,-4.03329,4.0277,-4.71859
C,X0+X1,reduction,ridge,lofo,shift,leave-one-family-out,GBL,-3.71793,2.45979,-3.75733
C,X0+X1,reduction,ridge,lofo,shift,leave-one-family-out,SL,-3.3579,2.86243,-3.31057
C,X0+X1,reduction,ridge,lofo,shift,leave-one-family-out,DMSO,-3.72385,2.74265,-3.52844
C,X0+X1,reduction,ridge,lofo,shift,leave-one-family-out,AN,-3.90449,3.16857,-3.67946
C,X0+X1,reduction,ridge,lofo,shift,leave-one-family-out,TMP,-3.73753,2.73899,-3.22283
C,X0+X1,reduction,ridge,lofo,shift,leave-one-family-out,SN,-3.20788,1.71938,-3.75557
C,X0+X1,reduction,krr,lofo,shift,leave-one-family-out,DMC,-4.02254,3.1349,-4.26787
C,X0+X1,reduction,krr,lofo,shift,leave-one-family-out,EC,-3.70877,2.44625,-3.55759
C,X0+X1,reduction,krr,lofo,shift,leave-one-family-out,DME,-3.44704,3.62039,-3.68756
C,X0+X1,reduction,krr,lofo,shift,leave-one-family-out,DOL,-4.03329,4.0277,-3.76445
C,X0+X1,reduction,krr,lofo,shift,leave-one-family-out,GBL,-3.71793,2.45979,-3.873
C,X0+X1,reduction,krr,lofo,shift,leave-one-family-out,SL,-3.3579,2.86243,-3.42125
C,X0+X1,reduction,krr,lofo,shift,leave-one-family-out,DMSO,-3.72385,2.74265,-3.43502
C,X0+X1,reduction,krr,lofo,shift,leave-one-family-out,AN,-3.90449,3.16857,-3.31411
C,X0+X1,reduction,krr,lofo,shift,leave-one-family-out,TMP,-3.73753,2.73899,-3.1633
C,X0+X1,reduction,krr,lofo,shift,leave-one-family-out,SN,-3.20788,1.71938,-4.32166
C,X0+X1,reduction,gpr,lofo,shift,leave-one-family-out,DMC,-4.02254,3.1349,-3.82594
C,X0+X1,reduction,gpr,lofo,shift,leave-one-family-out,EC,-3.70877,2.44625,-3.5716
C,X0+X1,reduction,gpr,lofo,shift,leave-one-family-out,DME,-3.44704,3.62039,-2.77803
C,X0+X1,reduction,gpr,lofo,shift,leave-one-family-out,DOL,-4.03329,4.0277,-2.44398
C,X0+X1,reduction,gpr,lofo,shift,leave-one-family-out,GBL,-3.71793,2.45979,-3.76221
C,X0+X1,reduction,gpr,lofo,shift,leave-one-family-out,SL,-3.3579,2.86243,-3.3779
C,X0+X1,reduction,gpr,lofo,shift,leave-one-family-out,DMSO,-3.72385,2.74265,-3.73566
C,X0+X1,reduction,gpr,lofo,shift,leave-one-family-out,AN,-3.90449,3.16857,-3.74902
C,X0+X1,reduction,gpr,lofo,shift,leave-one-family-out,TMP,-3.73753,2.73899,-3.57214
C,X0+X1,reduction,gpr,lofo,shift,leave-one-family-out,SN,-3.20788,1.71938,-4.30435
C,X0+X1,reduction,rf,lofo,shift,leave-one-family-out,DMC,-4.02254,3.1349,-3.59658
C,X0+X1,reduction,rf,lofo,shift,leave-one-family-out,EC,-3.70877,2.44625,-3.84783
C,X0+X1,reduction,rf,lofo,shift,leave-one-family-out,DME,-3.44704,3.62039,-2.95775
C,X0+X1,reduction,rf,lofo,shift,leave-one-family-out,DOL,-4.03329,4.0277,-2.6729
C,X0+X1,reduction,rf,lofo,shift,leave-one-family-out,GBL,-3.71793,2.45979,-3.98492
C,X0+X1,reduction,rf,lofo,shift,leave-one-family-out,SL,-3.3579,2.86243,-3.57929
C,X0+X1,reduction,rf,lofo,shift,leave-one-family-out,DMSO,-3.72385,2.74265,-3.70313
C,X0+X1,reduction,rf,lofo,shift,leave-one-family-out,AN,-3.90449,3.16857,-3.81734
C,X0+X1,reduction,rf,lofo,shift,leave-one-family-out,TMP,-3.73753,2.73899,-3.73252
C,X0+X1,reduction,rf,lofo,shift,leave-one-family-out,SN,-3.20788,1.71938,-4.68902
C,X0+X1,reduction,gbdt,lofo,shift,leave-one-family-out,DMC,-4.02254,3.1349,-4.02754
C,X0+X1,reduction,gbdt,lofo,shift,leave-one-family-out,EC,-3.70877,2.44625,-3.52665
C,X0+X1,reduction,gbdt,lofo,shift,leave-one-family-out,DME,-3.44704,3.62039,-2.96738
C,X0+X1,reduction,gbdt,lofo,shift,leave-one-family-out,DOL,-4.03329,4.0277,-2.7708
C,X0+X1,reduction,gbdt,lofo,shift,leave-one-family-out,GBL,-3.71793,2.45979,-3.87933
C,X0+X1,reduction,gbdt,lofo,shift,leave-one-family-out,SL,-3.3579,2.86243,-3.54802
C,X0+X1,reduction,gbdt,lofo,shift,leave-one-family-out,DMSO,-3.72385,2.74265,-3.5291
C,X0+X1,reduction,gbdt,lofo,shift,leave-one-family-out,AN,-3.90449,3.16857,-3.4498
C,X0+X1,reduction,gbdt,lofo,shift,leave-one-family-out,TMP,-3.73753,2.73899,-4.00139
C,X0+X1,reduction,gbdt,lofo,shift,leave-one-family-out,SN,-3.20788,1.71938,-4.57939
