job_id,cohort,mol_id,name,state,setting_id,charge,multiplicity,job_state,archive_location,input_path,input_sha256,input_bytes,start_geometry_path,start_geometry_sha256,final_geometry_path,final_geometry_sha256,raw_output_path,raw_output_sha256,raw_output_bytes,orca_keyword,orca_version,final_sp_eh,g_single_eh,n_freq,imaginary_modes,lowest_freq_cm1,opt_converged,terminated,n_files_hashed,retrieval_note
audit/C01/LiM_2plus_S1,wp1_method_audit,C01,DMC,LiM_2plus,S1,2,2,computed,outside-repo: work/audit/C01/LiM_2plus_S1/,work/audit/C01/LiM_2plus_S1/DMC_LiM_2plus_S1.inp,bc666ee1ff3290adee07ba4de2e602065b1c46c856907fcd375a5445b3f4a1ee,132,work/audit/C01/LiM_2plus_S1/geom.xyz,ea672e7aeccc07709478c8df751b9460574235be50847598a90070f7902272ec,,,work/audit/C01/LiM_2plus_S1/DMC_LiM_2plus_S1.log,b9923fa4a962efdaab8473662dfb9c177c90cb8fa16a8dab80ed28627bc59ba2,82678,! wB97X-D4 def2-TZVP SMD(acetonitrile) SP SlowConv,6.1.1,-350.955450937364,,,,,,true,3,raw ORCA output lives outside the repository and is not mirrored; the sha256 below lets a reviewer verify a recovered copy
audit/C01/LiM_2plus_S2,wp1_method_audit,C01,DMC,LiM_2plus,S2,2,2,computed,outside-repo: work/audit/C01/LiM_2plus_S2/,work/audit/C01/LiM_2plus_S2/DMC_LiM_2plus_S2.inp,16da6d66451efb6e422df5c69164057e79e1511386d7d11bc294fbece2643b9f,133,work/audit/C01/LiM_2plus_S2/geom.xyz,ea672e7aeccc07709478c8df751b9460574235be50847598a90070f7902272ec,,,work/audit/C01/LiM_2plus_S2/DMC_LiM_2plus_S2.log,4faea17d98e3ecf4bde17cc21c5584564a224120d296ad6fece592314f7a7884,83242,! wB97X-D4 def2-TZVPD SMD(acetonitrile) SP SlowConv,6.1.1,-350.956443246265,,,,,,true,3,raw ORCA output lives outside the repository and is not mirrored; the sha256 below lets a reviewer verify a recovered copy
audit/C01/LiM_2plus_S3,wp1_method_audit,C01,DMC,LiM_2plus,S3,2,2,computed,outside-repo: work/audit/C01/LiM_2plus_S3/,work/audit/C01/LiM_2plus_S3/DMC_LiM_2plus_S3.inp,150c7f857835ba5d2d641d1c7f2bf0cc891ecd1cefe437671afe2a966d55e71e,131,work/audit/C01/LiM_2plus_S3/geom.xyz,ea672e7aeccc07709478c8df751b9460574235be50847598a90070f7902272ec,,,work/audit/C01/LiM_2plus_S3/DMC_LiM_2plus_S3.log,5224d238fcc6773bb5825304c266088894d059a966f7633c3df6ca60234e314f,82169,! PBE0 D4 def2-TZVP SMD(acetonitrile) SP SlowConv,6.1.1,-350.476323090309,,,,,,true,3,raw ORCA output lives outside the repository and is not mirrored; the sha256 below lets a reviewer verify a recovered copy
audit/C01/LiM_2plus_S4,wp1_method_audit,C01,DMC,LiM_2plus,S4,2,2,computed,outside-repo: work/audit/C01/LiM_2plus_S4/,work/audit/C01/LiM_2plus_S4/DMC_LiM_2plus_S4.inp,40930db242f22aeeeb9cbe36867615a377429f44006fb1be52375e5220a6fee0,132,work/audit/C01/LiM_2plus_S4/geom.xyz,ea672e7aeccc07709478c8df751b9460574235be50847598a90070f7902272ec,,,work/audit/C01/LiM_2plus_S4/DMC_LiM_2plus_S4.log,860fc42c28851e64f9a91be694fb4a1ef77d4046537556923fd7bc29f739ddbb,82731,! PBE0 D4 def2-TZVPD SMD(acetonitrile) SP SlowConv,6.1.1,-350.477277276788,,,,,,true,3,raw ORCA output lives outside the repository and is not mirrored; the sha256 below lets a reviewer verify a recovered copy
audit/C01/LiM_plus_S1,wp1_method_audit,C01,DMC,LiM_plus,S1,1,1,computed,outside-repo: work/audit/C01/LiM_plus_S1/,work/audit/C01/LiM_plus_S1/DMC_LiM_plus_S1.inp,940ac16d205b0345ef8bc9462d4acffb0e254a9956d979607932c5ae1022f355,132,work/audit/C01/LiM_plus_S1/geom.xyz,ea672e7aeccc07709478c8df751b9460574235be50847598a90070f7902272ec,,,work/audit/C01/LiM_plus_S1/DMC_LiM_plus_S1.log,e420cbba1619904b92e6e1fdf49bd835d1eb2683a3e4fa791c2a6e5f7d2b82b6,70896,! wB97X-D4 def2-TZVP SMD(acetonitrile) SP SlowConv,6.1.1,-351.308351220745,,,,,,true,3,raw ORCA output lives outside the repository and is not mirrored; the sha256 below lets a reviewer verify a recovered copy
audit/C01/LiM_plus_S2,wp1_method_audit,C01,DMC,LiM_plus,S2,1,1,computed,outside-repo: work/audit/C01/LiM_plus_S2/,work/audit/C01/LiM_plus_S2/DMC_LiM_plus_S2.inp,96562bb7ec7d71bd3fc547df1da20086d74000dcf862e543a41de9060c6cebd1,133,work/audit/C01/LiM_plus_S2/geom.xyz,ea672e7aeccc07709478c8df751b9460574235be50847598a90070f7902272ec,,,work/audit/C01/LiM_plus_S2/DMC_LiM_plus_S2.log,c1d2219c07dc2944eda29f1b9aceca6c2aead3ef6a1e5acaa349504e24f3fd67,71458,! wB97X-D4 def2-TZVPD SMD(acetonitrile) SP SlowConv,6.1.1,-351.309821678224,,,,,,true,3,raw ORCA output lives outside the repository and is not mirrored; the sha256 below lets a reviewer verify a recovered copy
audit/C01/LiM_plus_S3,wp1_method_audit,C01,DMC,LiM_plus,S3,1,1,computed,outside-repo: work/audit/C01/LiM_plus_S3/,work/audit/C01/LiM_plus_S3/DMC_LiM_plus_S3.inp,1b8bba1a5f865a2a07a95d3d7ad460210620559a80a18e31bb088bc39f69bc49,131,work/audit/C01/LiM_plus_S3/geom.xyz,ea672e7aeccc07709478c8df751b9460574235be50847598a90070f7902272ec,,,work/audit/C01/LiM_plus_S3/DMC_LiM_plus_S3.log,b88995dc54523469fddacd1a9d43d8f2d7fcd5ea9400cb7afbca1fe47a8c66fe,70356,! PBE0 D4 def2-TZVP SMD(acetonitrile) SP SlowConv,6.1.1,-350.812767839005,,,,,,true,3,raw ORCA output lives outside the repository and is not mirrored; the sha256 below lets a reviewer verify a recovered copy
audit/C01/LiM_plus_S4,wp1_method_audit,C01,DMC,LiM_plus,S4,1,1,computed,outside-repo: work/audit/C01/LiM_plus_S4/,work/audit/C01/LiM_plus_S4/DMC_LiM_plus_S4.inp,dbd3ce5861e06687443e45f47fa38e55f7beee622b5abe841639abd259279f54,132,work/audit/C01/LiM_plus_S4/geom.xyz,ea672e7aeccc07709478c8df751b9460574235be50847598a90070f7902272ec,,,work/audit/C01/LiM_plus_S4/DMC_LiM_plus_S4.log,67d3458d0d6bac0f3e4ac95534278c42d302fc0e8b55e6f5f6025d000d554ab4,70949,! PBE0 D4 def2-TZVPD SMD(acetonitrile) SP SlowConv,6.1.1,-350.814175522570,,,,,,true,3,raw ORCA output lives outside the repository and is not mirrored; the sha256 below lets a reviewer verify a recovered copy
audit/C01/M_S1,wp1_method_audit,C01,DMC,M,S1,0,1,computed,outside-repo: work/audit/C01/M_S1/,work/audit/C01/M_S1/DMC_M_S1.inp,469e3d450e29930d6288147edafd2faba75377b829f68047408b83ec9795d68b,132,work/audit/C01/M_S1/geom.xyz,3923b71c26128eb0ce172d42207cecc110da5a58ef42b538afe06e859da1e353,,,work/audit/C01/M_S1/DMC_M_S1.log,ec3da65e7c792a5927b40925de087897b7c3c55076ea912324d10b20df21032b,69933,! wB97X-D4 def2-TZVP SMD(acetonitrile) SP SlowConv,6.1.1,-343.854372289128,,,,,,true,3,raw ORCA output lives outside the repository and is not mirrored; the sha256 below lets a reviewer verify a recovered copy
audit/C01/M_S2,wp1_method_audit,C01,DMC,M,S2,0,1,computed,outside-repo: work/audit/C01/M_S2/,work/audit/C01/M_S2/DMC_M_S2.inp,d2a339d035acbe27215fa6c60d781018a3e03cde7b1e81e01affac18a0882de7,133,work/audit/C01/M_S2/geom.xyz,3923b71c26128eb0ce172d42207cecc110da5a58ef42b538afe06e859da1e353,,,work/audit/C01/M_S2/DMC_M_S2.log,70996cee6babdcff83b824da739f00142dd3f16e92fb3bb342c4ef821df76264,70525,! wB97X-D4 def2-TZVPD SMD(acetonitrile) SP SlowConv,6.1.1,-343.856355842432,,,,,,true,3,raw ORCA output lives outside the repository and is not mirrored; the sha256 below lets a reviewer verify a recovered copy
audit/C01/M_S3,wp1_method_audit,C01,DMC,M,S3,0,1,computed,outside-repo: work/audit/C01/M_S3/,work/audit/C01/M_S3/DMC_M_S3.inp,91f14bba279913a02fd5effa686904b52f76ff8bc4fd2434668564a3d51783d5,131,work/audit/C01/M_S3/geom.xyz,3923b71c26128eb0ce172d42207cecc110da5a58ef42b538afe06e859da1e353,,,work/audit/C01/M_S3/DMC_M_S3.log,57740288305cd4907b3a0bbd3581b91bcf97810c496e2731bc23468000ffa4ef,69392,! PBE0 D4 def2-TZVP SMD(acetonitrile) SP SlowConv,6.1.1,-343.384416542567,,,,,,true,3,raw ORCA output lives outside the repository and is not mirrored; the sha256 below lets a reviewer verify a recovered copy
audit/C01/M_S4,wp1_method_audit,C01,DMC,M,S4,0,1,computed,outside-repo: work/audit/C01/M_S4/,work/audit/C01/M_S4/DMC_M_S4.inp,df0016d99252ea91b3f6030e4db01cadf46104429465d79f51f44adbc1ebf4ad,132,work/audit/C01/M_S4/geom.xyz,3923b71c26128eb0ce172d42207cecc110da5a58ef42b538afe06e859da1e353,,,work/audit/C01/M_S4/DMC_M_S4.log,196c4580e2f35bac4eb93aee709721ecac2a784541cf22ddce0879f9a41a7e1e,69985,! PBE0 D4 def2-TZVPD SMD(acetonitrile) SP SlowConv,6.1.1,-343.386275411134,,,,,,true,3,raw ORCA output lives outside the repository and is not mirrored; the sha256 below lets a reviewer verify a recovered copy
audit/C01/M_plus_S1,wp1_method_audit,C01,DMC,M_plus,S1,1,2,computed,outside-repo: work/audit/C01/M_plus_S1/,work/audit/C01/M_plus_S1/DMC_M_plus_S1.inp,373ffe41aaf782a1754469be00acf2d77a26294facd53d3ee0b9d3b971c52a77,132,work/audit/C01/M_plus_S1/geom.xyz,a9789531f442b34d739cbf04ca917425c3000b711b7568d67b8d1904507d2743,,,work/audit/C01/M_plus_S1/DMC_M_plus_S1.log,0d15cf634a711bbe717af115107071ef5a39098496b38028d48fd0c0e81adedf,81024,! wB97X-D4 def2-TZVP SMD(acetonitrile) SP SlowConv,6.1.1,-343.524458477625,,,,,,true,3,raw ORCA output lives outside the repository and is not mirrored; the sha256 below lets a reviewer verify a recovered copy
audit/C01/M_plus_S2,wp1_method_audit,C01,DMC,M_plus,S2,1,2,computed,outside-repo: work/audit/C01/M_plus_S2/,work/audit/C01/M_plus_S2/DMC_M_plus_S2.inp,096850a9428cef7ab2404ceb623d298e0f09b68585875343e7f948eda8aa7f86,133,work/audit/C01/M_plus_S2/geom.xyz,a9789531f442b34d739cbf04ca917425c3000b711b7568d67b8d1904507d2743,,,work/audit/C01/M_plus_S2/DMC_M_plus_S2.log,5388662887e23a5c70e505ed4639e2ce5de417ec3e6318e3e264f2446c6e1d22,81616,! wB97X-D4 def2-TZVPD SMD(acetonitrile) SP SlowConv,6.1.1,-343.525676645443,,,,,,true,3,raw ORCA output lives outside the repository and is not mirrored; the sha256 below lets a reviewer verify a recovered copy
audit/C01/M_plus_S3,wp1_method_audit,C01,DMC,M_plus,S3,1,2,computed,outside-repo: work/audit/C01/M_plus_S3/,work/audit/C01/M_plus_S3/DMC_M_plus_S3.inp,5efb38a30b57bd2ebb6734d97732fd4721ea88365a1636f316051ccd6ecf8581,131,work/audit/C01/M_plus_S3/geom.xyz,a9789531f442b34d739cbf04ca917425c3000b711b7568d67b8d1904507d2743,,,work/audit/C01/M_plus_S3/DMC_M_plus_S3.log,793d268e0f6853af7933e948156fd21683b7b433f7c7543202812d4aa2cb906b,80483,! PBE0 D4 def2-TZVP SMD(acetonitrile) SP SlowConv,6.1.1,-343.071252301771,,,,,,true,3,raw ORCA output lives outside the repository and is not mirrored; the sha256 below lets a reviewer verify a recovered copy
audit/C01/M_plus_S4,wp1_method_audit,C01,DMC,M_plus,S4,1,2,computed,outside-repo: work/audit/C01/M_plus_S4/,work/audit/C01/M_plus_S4/DMC_M_plus_S4.inp,301a0bb71c67f3cace0ea29bc3eb076cc572e9ea74f73d7d7c2775d3e25126f7,132,work/audit/C01/M_plus_S4/geom.xyz,a9789531f442b34d739cbf04ca917425c3000b711b7568d67b8d1904507d2743,,,work/audit/C01/M_plus_S4/DMC_M_plus_S4.log,e8d4bfdf1d892a4feecf9c6c81cd0e0e538c2dc6fb7fba2f287656dd8949a2a6,81076,! PBE0 D4 def2-TZVPD SMD(acetonitrile) SP SlowConv,6.1.1,-343.072381637798,,,,,,true,3,raw ORCA output lives outside the repository and is not mirrored; the sha256 below lets a reviewer verify a recovered copy
audit/C01/M_plus_relaxed_S1,wp1_method_audit,C01,DMC,M_plus_relaxed,S1,1,2,computed,outside-repo: work/audit/C01/M_plus_relaxed_S1/,work/audit/C01/M_plus_relaxed_S1/DMC_M_plus_relaxed_S1.inp,373ffe41aaf782a1754469be00acf2d77a26294facd53d3ee0b9d3b971c52a77,132,work/audit/C01/M_plus_relaxed_S1/geom.xyz,d58d6b9dcdd59c35d1eea471c0a414793a0388729c562fef032e346004e9b953,,,work/audit/C01/M_plus_relaxed_S1/DMC_M_plus_relaxed_S1.log,2c202e7ff4b76603d38e93f96d260f296a73c65d8a3747f9dc4460759e7f5e24,81143,! wB97X-D4 def2-TZVP SMD(acetonitrile) SP SlowConv,6.1.1,-343.551839823128,,,,,,true,3,raw ORCA output lives outside the repository and is not mirrored; the sha256 below lets a reviewer verify a recovered copy
audit/C01/M_plus_relaxed_S2,wp1_method_audit,C01,DMC,M_plus_relaxed,S2,1,2,computed,outside-repo: work/audit/C01/M_plus_relaxed_S2/,work/audit/C01/M_plus_relaxed_S2/DMC_M_plus_relaxed_S2.inp,096850a9428cef7ab2404ceb623d298e0f09b68585875343e7f948eda8aa7f86,133,work/audit/C01/M_plus_relaxed_S2/geom.xyz,d58d6b9dcdd59c35d1eea471c0a414793a0388729c562fef032e346004e9b953,,,work/audit/C01/M_plus_relaxed_S2/DMC_M_plus_relaxed_S2.log,de97b89e2666356f073db3d95f40ea7427391fbeb127b0c0343429752d1f8e29,81735,! wB97X-D4 def2-TZVPD SMD(acetonitrile) SP SlowConv,6.1.1,-343.552861633422,,,,,,true,3,raw ORCA output lives outside the repository and is not mirrored; the sha256 below lets a reviewer verify a recovered copy
audit/C01/M_plus_relaxed_S3,wp1_method_audit,C01,DMC,M_plus_relaxed,S3,1,2,computed,outside-repo: work/audit/C01/M_plus_relaxed_S3/,work/audit/C01/M_plus_relaxed_S3/DMC_M_plus_relaxed_S3.inp,5efb38a30b57bd2ebb6734d97732fd4721ea88365a1636f316051ccd6ecf8581,131,work/audit/C01/M_plus_relaxed_S3/geom.xyz,d58d6b9dcdd59c35d1eea471c0a414793a0388729c562fef032e346004e9b953,,,work/audit/C01/M_plus_relaxed_S3/DMC_M_plus_relaxed_S3.log,0bfa447474218b66595933c8b9efac37e6cfeec96035c128155d3e0ff93c7c95,80452,! PBE0 D4 def2-TZVP SMD(acetonitrile) SP SlowConv,6.1.1,-343.088465037148,,,,,,true,3,raw ORCA output lives outside the repository and is not mirrored; the sha256 below lets a reviewer verify a recovered copy
audit/C01/M_plus_relaxed_S4,wp1_method_audit,C01,DMC,M_plus_relaxed,S4,1,2,computed,outside-repo: work/audit/C01/M_plus_relaxed_S4/,work/audit/C01/M_plus_relaxed_S4/DMC_M_plus_relaxed_S4.inp,301a0bb71c67f3cace0ea29bc3eb076cc572e9ea74f73d7d7c2775d3e25126f7,132,work/audit/C01/M_plus_relaxed_S4/geom.xyz,d58d6b9dcdd59c35d1eea471c0a414793a0388729c562fef032e346004e9b953,,,work/audit/C01/M_plus_relaxed_S4/DMC_M_plus_relaxed_S4.log,fc5707bed267031b4ac123ccf74b921536126fd932d2d5d10f0da5a3028009a7,81044,! PBE0 D4 def2-TZVPD SMD(acetonitrile) SP SlowConv,6.1.1,-343.089441221543,,,,,,true,3,raw ORCA output lives outside the repository and is not mirrored; the sha256 below lets a reviewer verify a recovered copy
audit/C02/LiM_2plus_S1,wp1_method_audit,C02,EMC,LiM_2plus,S1,2,2,computed,outside-repo: work/audit/C02/LiM_2plus_S1/,work/audit/C02/LiM_2plus_S1/EMC_LiM_2plus_S1.inp,bc666ee1ff3290adee07ba4de2e602065b1c46c856907fcd375a5445b3f4a1ee,132,work/audit/C02/LiM_2plus_S1/geom.xyz,2eaaddd43f72a27bac5ad03bb2fbc68cd28b093326bdf0e6a5c79be372c2a2c8,,,work/audit/C02/LiM_2plus_S1/EMC_LiM_2plus_S1.log,7a885bd099f5bb1b52055e878022e789a232109c9e32cd1d450ee9894916b5aa,88860,! wB97X-D4 def2-TZVP SMD(acetonitrile) SP SlowConv,6.1.1,-390.315709390891,,,,,,true,3,raw ORCA output lives outside the repository and is not mirrored; the sha256 below lets a reviewer verify a recovered copy
audit/C02/LiM_2plus_S2,wp1_method_audit,C02,EMC,LiM_2plus,S2,2,2,computed,outside-repo: work/audit/C02/LiM_2plus_S2/,work/audit/C02/LiM_2plus_S2/EMC_LiM_2plus_S2.inp,16da6d66451efb6e422df5c69164057e79e1511386d7d11bc294fbece2643b9f,133,work/audit/C02/LiM_2plus_S2/geom.xyz,2eaaddd43f72a27bac5ad03bb2fbc68cd28b093326bdf0e6a5c79be372c2a2c8,,,work/audit/C02/LiM_2plus_S2/EMC_LiM_2plus_S2.log,fac9000cb707c93744899b41741d8b3e2d474274f224c70a09ebc7e4f9c84e83,89470,! wB97X-D4 def2-TZVPD SMD(acetonitrile) SP SlowConv,6.1.1,-390.316843320222,,,,,,true,3,raw ORCA output lives outside the repository and is not mirrored; the sha256 below lets a reviewer verify a recovered copy
audit/C02/LiM_2plus_S3,wp1_method_audit,C02,EMC,LiM_2plus,S3,2,2,computed,outside-repo: work/audit/C02/LiM_2plus_S3/,work/audit/C02/LiM_2plus_S3/EMC_LiM_2plus_S3.inp,150c7f857835ba5d2d641d1c7f2bf0cc891ecd1cefe437671afe2a966d55e71e,131,work/audit/C02/LiM_2plus_S3/geom.xyz,2eaaddd43f72a27bac5ad03bb2fbc68cd28b093326bdf0e6a5c79be372c2a2c8,,,work/audit/C02/LiM_2plus_S3/EMC_LiM_2plus_S3.log,86853fda0516e49964fe8bc2621279142f4a21cc42a51e2db1d0e405e1bd7c51,87748,! PBE0 D4 def2-TZVP SMD(acetonitrile) SP SlowConv,6.1.1,-389.766104290570,,,,,,true,3,raw ORCA output lives outside the repository and is not mirrored; the sha256 below lets a reviewer verify a recovered copy
audit/C02/LiM_2plus_S4,wp1_method_audit,C02,EMC,LiM_2plus,S4,2,2,computed,outside-repo: work/audit/C02/LiM_2plus_S4/,work/audit/C02/LiM_2plus_S4/EMC_LiM_2plus_S4.inp,40930db242f22aeeeb9cbe36867615a377429f44006fb1be52375e5220a6fee0,132,work/audit/C02/LiM_2plus_S4/geom.xyz,2eaaddd43f72a27bac5ad03bb2fbc68cd28b093326bdf0e6a5c79be372c2a2c8,,,work/audit/C02/LiM_2plus_S4/EMC_LiM_2plus_S4.log,46fec91445bc596fcc0963de14c55b010c62f0cf42143bf62baccdf60d39a0fb,88367,! PBE0 D4 def2-TZVPD SMD(acetonitrile) SP SlowConv,6.1.1,-389.767187069562,,,,,,true,3,raw ORCA output lives outside the repository and is not mirrored; the sha256 below lets a reviewer verify a recovered copy
audit/C02/LiM_plus_S1,wp1_method_audit,C02,EMC,LiM_plus,S1,1,1,computed,outside-repo: work/audit/C02/LiM_plus_S1/,work/audit/C02/LiM_plus_S1/EMC_LiM_plus_S1.inp,940ac16d205b0345ef8bc9462d4acffb0e254a9956d979607932c5ae1022f355,132,work/audit/C02/LiM_plus_S1/geom.xyz,2eaaddd43f72a27bac5ad03bb2fbc68cd28b093326bdf0e6a5c79be372c2a2c8,,,work/audit/C02/LiM_plus_S1/EMC_LiM_plus_S1.log,d7e53004472e9d58f6c409c411f6611537aef4f030774a6658e149330b888814,74228,! wB97X-D4 def2-TZVP SMD(acetonitrile) SP SlowConv,6.1.1,-390.665656103452,,,,,,true,3,raw ORCA output lives outside the repository and is not mirrored; the sha256 below lets a reviewer verify a recovered copy
audit/C02/LiM_plus_S2,wp1_method_audit,C02,EMC,LiM_plus,S2,1,1,computed,outside-repo: work/audit/C02/LiM_plus_S2/,work/audit/C02/LiM_plus_S2/EMC_LiM_plus_S2.inp,96562bb7ec7d71bd3fc547df1da20086d74000dcf862e543a41de9060c6cebd1,133,work/audit/C02/LiM_plus_S2/geom.xyz,2eaaddd43f72a27bac5ad03bb2fbc68cd28b093326bdf0e6a5c79be372c2a2c8,,,work/audit/C02/LiM_plus_S2/EMC_LiM_plus_S2.log,646531eb985b3ab8836f1e6d250c30b418330212e129e3753c548a13f3711c5e,74822,! wB97X-D4 def2-TZVPD SMD(acetonitrile) SP SlowConv,6.1.1,-390.667188942774,,,,,,true,3,raw ORCA output lives outside the repository and is not mirrored; the sha256 below lets a reviewer verify a recovered copy
audit/C02/LiM_plus_S3,wp1_method_audit,C02,EMC,LiM_plus,S3,1,1,computed,outside-repo: work/audit/C02/LiM_plus_S3/,work/audit/C02/LiM_plus_S3/EMC_LiM_plus_S3.inp,1b8bba1a5f865a2a07a95d3d7ad460210620559a80a18e31bb088bc39f69bc49,131,work/audit/C02/LiM_plus_S3/geom.xyz,2eaaddd43f72a27bac5ad03bb2fbc68cd28b093326bdf0e6a5c79be372c2a2c8,,,work/audit/C02/LiM_plus_S3/EMC_LiM_plus_S3.log,42935c37f1d17dff4030e33cbb492a22119512a72eb414f76b6f284bedeb8e3b,73690,! PBE0 D4 def2-TZVP SMD(acetonitrile) SP SlowConv,6.1.1,-390.099330478337,,,,,,true,3,raw ORCA output lives outside the repository and is not mirrored; the sha256 below lets a reviewer verify a recovered copy
audit/C02/LiM_plus_S4,wp1_method_audit,C02,EMC,LiM_plus,S4,1,1,computed,outside-repo: work/audit/C02/LiM_plus_S4/,work/audit/C02/LiM_plus_S4/EMC_LiM_plus_S4.inp,dbd3ce5861e06687443e45f47fa38e55f7beee622b5abe841639abd259279f54,132,work/audit/C02/LiM_plus_S4/geom.xyz,2eaaddd43f72a27bac5ad03bb2fbc68cd28b093326bdf0e6a5c79be372c2a2c8,,,work/audit/C02/LiM_plus_S4/EMC_LiM_plus_S4.log,a2b287a3838109991b3d72690c14bf83052ad14dc4094227145d6be834a84975,74309,! PBE0 D4 def2-TZVPD SMD(acetonitrile) SP SlowConv,6.1.1,-390.100795431588,,,,,,true,3,raw ORCA output lives outside the repository and is not mirrored; the sha256 below lets a reviewer verify a recovered copy
audit/C02/M_S1,wp1_method_audit,C02,EMC,M,S1,0,1,computed,outside-repo: work/audit/C02/M_S1/,work/audit/C02/M_S1/EMC_M_S1.inp,469e3d450e29930d6288147edafd2faba75377b829f68047408b83ec9795d68b,132,work/audit/C02/M_S1/geom.xyz,7d7c9118adc0960eb22f2c631846bca76c75976bc77e25e61d632e0153ed054a,,,work/audit/C02/M_S1/EMC_M_S1.log,b35a543f9798e158b31dff90c1a7555bd07eb8aaa58940d6f2cb9654303fbe06,73266,! wB97X-D4 def2-TZVP SMD(acetonitrile) SP SlowConv,6.1.1,-383.211538386603,,,,,,true,3,raw ORCA output lives outside the repository and is not mirrored; the sha256 below lets a reviewer verify a recovered copy
audit/C02/M_S2,wp1_method_audit,C02,EMC,M,S2,0,1,computed,outside-repo: work/audit/C02/M_S2/,work/audit/C02/M_S2/EMC_M_S2.inp,d2a339d035acbe27215fa6c60d781018a3e03cde7b1e81e01affac18a0882de7,133,work/audit/C02/M_S2/geom.xyz,7d7c9118adc0960eb22f2c631846bca76c75976bc77e25e61d632e0153ed054a,,,work/audit/C02/M_S2/EMC_M_S2.log,e5486aa870a5c9fb2bbce2eaba669f3a8be3b6f9843b0e42e6a0e96d3e160b0c,73888,! wB97X-D4 def2-TZVPD SMD(acetonitrile) SP SlowConv,6.1.1,-383.213500883226,,,,,,true,3,raw ORCA output lives outside the repository and is not mirrored; the sha256 below lets a reviewer verify a recovered copy
audit/C02/M_S3,wp1_method_audit,C02,EMC,M,S3,0,1,computed,outside-repo: work/audit/C02/M_S3/,work/audit/C02/M_S3/EMC_M_S3.inp,91f14bba279913a02fd5effa686904b52f76ff8bc4fd2434668564a3d51783d5,131,work/audit/C02/M_S3/geom.xyz,7d7c9118adc0960eb22f2c631846bca76c75976bc77e25e61d632e0153ed054a,,,work/audit/C02/M_S3/EMC_M_S3.log,29e9a9e4b9597e0d1e63ca3c0c23b92ae673e566ed046a3578db14614778cb8d,72726,! PBE0 D4 def2-TZVP SMD(acetonitrile) SP SlowConv,6.1.1,-382.670744787817,,,,,,true,3,raw ORCA output lives outside the repository and is not mirrored; the sha256 below lets a reviewer verify a recovered copy
audit/C02/M_S4,wp1_method_audit,C02,EMC,M,S4,0,1,computed,outside-repo: work/audit/C02/M_S4/,work/audit/C02/M_S4/EMC_M_S4.inp,df0016d99252ea91b3f6030e4db01cadf46104429465d79f51f44adbc1ebf4ad,132,work/audit/C02/M_S4/geom.xyz,7d7c9118adc0960eb22f2c631846bca76c75976bc77e25e61d632e0153ed054a,,,work/audit/C02/M_S4/EMC_M_S4.log,cb86d9fdd3c0fe83ca4dc606bf0322281235d8a15a822682858f9ae0f7f1fbd9,73348,! PBE0 D4 def2-TZVPD SMD(acetonitrile) SP SlowConv,6.1.1,-382.672582085988,,,,,,true,3,raw ORCA output lives outside the repository and is not mirrored; the sha256 below lets a reviewer verify a recovered copy
audit/C02/M_plus_S1,wp1_method_audit,C02,EMC,M_plus,S1,1,2,computed,outside-repo: work/audit/C02/M_plus_S1/,work/audit/C02/M_plus_S1/EMC_M_plus_S1.inp,373ffe41aaf782a1754469be00acf2d77a26294facd53d3ee0b9d3b971c52a77,132,work/audit/C02/M_plus_S1/geom.xyz,6eb80d7855d2736fe94c463eb274b5fed9707bd17a401c3885c2fb6aaa83dfdf,,,work/audit/C02/M_plus_S1/EMC_M_plus_S1.log,0ac3d923f75b65ba2497fb952b031f196a25bac7121d7f500240c89a88c1c134,94062,! wB97X-D4 def2-TZVP SMD(acetonitrile) SP SlowConv,6.1.1,-382.889939158368,,,,,,true,3,raw ORCA output lives outside the repository and is not mirrored; the sha256 below lets a reviewer verify a recovered copy
audit/C02/M_plus_S2,wp1_method_audit,C02,EMC,M_plus,S2,1,2,computed,outside-repo: work/audit/C02/M_plus_S2/,work/audit/C02/M_plus_S2/EMC_M_plus_S2.inp,096850a9428cef7ab2404ceb623d298e0f09b68585875343e7f948eda8aa7f86,133,work/audit/C02/M_plus_S2/geom.xyz,6eb80d7855d2736fe94c463eb274b5fed9707bd17a401c3885c2fb6aaa83dfdf,,,work/audit/C02/M_plus_S2/EMC_M_plus_S2.log,9d82a209f1c1a267414774ac72b12df539e2ca91b6300b5664362431b9f22690,93775,! wB97X-D4 def2-TZVPD SMD(acetonitrile) SP SlowConv,6.1.1,-382.891126329972,,,,,,true,3,raw ORCA output lives outside the repository and is not mirrored; the sha256 below lets a reviewer verify a recovered copy
audit/C02/M_plus_S3,wp1_method_audit,C02,EMC,M_plus,S3,1,2,computed,outside-repo: work/audit/C02/M_plus_S3/,work/audit/C02/M_plus_S3/EMC_M_plus_S3.inp,5efb38a30b57bd2ebb6734d97732fd4721ea88365a1636f316051ccd6ecf8581,131,work/audit/C02/M_plus_S3/geom.xyz,6eb80d7855d2736fe94c463eb274b5fed9707bd17a401c3885c2fb6aaa83dfdf,,,work/audit/C02/M_plus_S3/EMC_M_plus_S3.log,125a9a80e7a6bf2a8d5a2841f38607416c2155aa5b0ab268cf5d4b2ebdfaf74f,86783,! PBE0 D4 def2-TZVP SMD(acetonitrile) SP SlowConv,6.1.1,-382.361287902109,,,,,,true,3,raw ORCA output lives outside the repository and is not mirrored; the sha256 below lets a reviewer verify a recovered copy
audit/C02/M_plus_S4,wp1_method_audit,C02,EMC,M_plus,S4,1,2,computed,outside-repo: work/audit/C02/M_plus_S4/,work/audit/C02/M_plus_S4/EMC_M_plus_S4.inp,301a0bb71c67f3cace0ea29bc3eb076cc572e9ea74f73d7d7c2775d3e25126f7,132,work/audit/C02/M_plus_S4/geom.xyz,6eb80d7855d2736fe94c463eb274b5fed9707bd17a401c3885c2fb6aaa83dfdf,,,work/audit/C02/M_plus_S4/EMC_M_plus_S4.log,a8789c839060f5ad7d613e750a8db4507bf5f9260a8dd2b3afa5168a49c041c0,87320,! PBE0 D4 def2-TZVPD SMD(acetonitrile) SP SlowConv,6.1.1,-382.362441800872,,,,,,true,3,raw ORCA output lives outside the repository and is not mirrored; the sha256 below lets a reviewer verify a recovered copy
audit/C02/M_plus_relaxed_S1,wp1_method_audit,C02,EMC,M_plus_relaxed,S1,1,2,computed,outside-repo: work/audit/C02/M_plus_relaxed_S1/,work/audit/C02/M_plus_relaxed_S1/EMC_M_plus_relaxed_S1.inp,373ffe41aaf782a1754469be00acf2d77a26294facd53d3ee0b9d3b971c52a77,132,work/audit/C02/M_plus_relaxed_S1/geom.xyz,be70bdb39da6148e1fc4e20424517287e7fa9954fbf2427ed234cc8b663c1980,,,work/audit/C02/M_plus_relaxed_S1/EMC_M_plus_relaxed_S1.log,eac31bfdd57c10f445670a5eb23396afd821e8aa759ed9960816a17c552c442f,86208,! wB97X-D4 def2-TZVP SMD(acetonitrile) SP SlowConv,6.1.1,-382.939688730711,,,,,,true,3,raw ORCA output lives outside the repository and is not mirrored; the sha256 below lets a reviewer verify a recovered copy
audit/C02/M_plus_relaxed_S2,wp1_method_audit,C02,EMC,M_plus_relaxed,S2,1,2,computed,outside-repo: work/audit/C02/M_plus_relaxed_S2/,work/audit/C02/M_plus_relaxed_S2/EMC_M_plus_relaxed_S2.inp,096850a9428cef7ab2404ceb623d298e0f09b68585875343e7f948eda8aa7f86,133,work/audit/C02/M_plus_relaxed_S2/geom.xyz,be70bdb39da6148e1fc4e20424517287e7fa9954fbf2427ed234cc8b663c1980,,,work/audit/C02/M_plus_relaxed_S2/EMC_M_plus_relaxed_S2.log,8720f7ff2755cce962a335bcd6ebdc2968ba8dcc200ea9f18d6101c75cd54f5a,86830,! wB97X-D4 def2-TZVPD SMD(acetonitrile) SP SlowConv,6.1.1,-382.941007314195,,,,,,true,3,raw ORCA output lives outside the repository and is not mirrored; the sha256 below lets a reviewer verify a recovered copy
audit/C02/M_plus_relaxed_S3,wp1_method_audit,C02,EMC,M_plus_relaxed,S3,1,2,computed,outside-repo: work/audit/C02/M_plus_relaxed_S3/,work/audit/C02/M_plus_relaxed_S3/EMC_M_plus_relaxed_S3.inp,5efb38a30b57bd2ebb6734d97732fd4721ea88365a1636f316051ccd6ecf8581,131,work/audit/C02/M_plus_relaxed_S3/geom.xyz,be70bdb39da6148e1fc4e20424517287e7fa9954fbf2427ed234cc8b663c1980,,,work/audit/C02/M_plus_relaxed_S3/EMC_M_plus_relaxed_S3.log,8cafb811ed010141302be0625365978cffaba9aa300c5366282672f66d6f529b,85415,! PBE0 D4 def2-TZVP SMD(acetonitrile) SP SlowConv,6.1.1,-382.407889717145,,,,,,true,3,raw ORCA output lives outside the repository and is not mirrored; the sha256 below lets a reviewer verify a recovered copy
audit/C02/M_plus_relaxed_S4,wp1_method_audit,C02,EMC,M_plus_relaxed,S4,1,2,computed,outside-repo: work/audit/C02/M_plus_relaxed_S4/,work/audit/C02/M_plus_relaxed_S4/EMC_M_plus_relaxed_S4.inp,301a0bb71c67f3cace0ea29bc3eb076cc572e9ea74f73d7d7c2775d3e25126f7,132,work/audit/C02/M_plus_relaxed_S4/geom.xyz,be70bdb39da6148e1fc4e20424517287e7fa9954fbf2427ed234cc8b663c1980,,,work/audit/C02/M_plus_relaxed_S4/EMC_M_plus_relaxed_S4.log,9eb7721e435f559d9f0d47389cee95ec53eb8ca62a1a2ee4b10162e377b2cbd4,86036,! PBE0 D4 def2-TZVPD SMD(acetonitrile) SP SlowConv,6.1.1,-382.409180888029,,,,,,true,3,raw ORCA output lives outside the repository and is not mirrored; the sha256 below lets a reviewer verify a recovered copy
audit/C04/LiM_2plus_S1,wp1_method_audit,C04,EC,LiM_2plus,S1,2,2,computed,outside-repo: work/audit/C04/LiM_2plus_S1/,work/audit/C04/LiM_2plus_S1/EC_LiM_2plus_S1.inp,bc666ee1ff3290adee07ba4de2e602065b1c46c856907fcd375a5445b3f4a1ee,132,work/audit/C04/LiM_2plus_S1/geom.xyz,fed0aa67fa3e2b6e39027dfd95800f3e3731766a6facb99b3ec731d165f44267,,,work/audit/C04/LiM_2plus_S1/EC_LiM_2plus_S1.log,0f5e41024827fa72287a38bbe9bc2ba5e7f88e8c75ef7c78f58de1785678fa98,80357,! wB97X-D4 def2-TZVP SMD(acetonitrile) SP SlowConv,6.1.1,-349.756680339074,,,,,,true,3,raw ORCA output lives outside the repository and is not mirrored; the sha256 below lets a reviewer verify a recovered copy
audit/C04/LiM_2plus_S2,wp1_method_audit,C04,EC,LiM_2plus,S2,2,2,computed,outside-repo: work/audit/C04/LiM_2plus_S2/,work/audit/C04/LiM_2plus_S2/EC_LiM_2plus_S2.inp,16da6d66451efb6e422df5c69164057e79e1511386d7d11bc294fbece2643b9f,133,work/audit/C04/LiM_2plus_S2/geom.xyz,fed0aa67fa3e2b6e39027dfd95800f3e3731766a6facb99b3ec731d165f44267,,,work/audit/C04/LiM_2plus_S2/EC_LiM_2plus_S2.log,e482c52dfbc51ce64f0598b675d1d1194fef342cf5436aa81282ad639e4973ed,80980,! wB97X-D4 def2-TZVPD SMD(acetonitrile) SP SlowConv,6.1.1,-349.757669736449,,,,,,true,3,raw ORCA output lives outside the repository and is not mirrored; the sha256 below lets a reviewer verify a recovered copy
audit/C04/LiM_2plus_S3,wp1_method_audit,C04,EC,LiM_2plus,S3,2,2,computed,outside-repo: work/audit/C04/LiM_2plus_S3/,work/audit/C04/LiM_2plus_S3/EC_LiM_2plus_S3.inp,150c7f857835ba5d2d641d1c7f2bf0cc891ecd1cefe437671afe2a966d55e71e,131,work/audit/C04/LiM_2plus_S3/geom.xyz,fed0aa67fa3e2b6e39027dfd95800f3e3731766a6facb99b3ec731d165f44267,,,work/audit/C04/LiM_2plus_S3/EC_LiM_2plus_S3.log,b02957d074a181a2f7ea1bf70bd1a03e6eefa010e6e5e8aa52866a701a560f2c,79598,! PBE0 D4 def2-TZVP SMD(acetonitrile) SP SlowConv,6.1.1,-349.288074994445,,,,,,true,3,raw ORCA output lives outside the repository and is not mirrored; the sha256 below lets a reviewer verify a recovered copy
audit/C04/LiM_2plus_S4,wp1_method_audit,C04,EC,LiM_2plus,S4,2,2,computed,outside-repo: work/audit/C04/LiM_2plus_S4/,work/audit/C04/LiM_2plus_S4/EC_LiM_2plus_S4.inp,40930db242f22aeeeb9cbe36867615a377429f44006fb1be52375e5220a6fee0,132,work/audit/C04/LiM_2plus_S4/geom.xyz,fed0aa67fa3e2b6e39027dfd95800f3e3731766a6facb99b3ec731d165f44267,,,work/audit/C04/LiM_2plus_S4/EC_LiM_2plus_S4.log,f6be9c582e88f529ef26dd09a125abfa97cc45149a5b9cf83b801367e3c90570,80221,! PBE0 D4 def2-TZVPD SMD(acetonitrile) SP SlowConv,6.1.1,-349.289045078109,,,,,,true,3,raw ORCA output lives outside the repository and is not mirrored; the sha256 below lets a reviewer verify a recovered copy
audit/C04/LiM_plus_S1,wp1_method_audit,C04,EC,LiM_plus,S1,1,1,computed,outside-repo: work/audit/C04/LiM_plus_S1/,work/audit/C04/LiM_plus_S1/EC_LiM_plus_S1.inp,940ac16d205b0345ef8bc9462d4acffb0e254a9956d979607932c5ae1022f355,132,work/audit/C04/LiM_plus_S1/geom.xyz,fed0aa67fa3e2b6e39027dfd95800f3e3731766a6facb99b3ec731d165f44267,,,work/audit/C04/LiM_plus_S1/EC_LiM_plus_S1.log,d7f1cf8e93d12cb0f3e97971973368780ffa1defeedc8e223d9f425134344cac,69300,! wB97X-D4 def2-TZVP SMD(acetonitrile) SP SlowConv,6.1.1,-350.103043323331,,,,,,true,3,raw ORCA output lives outside the repository and is not mirrored; the sha256 below lets a reviewer verify a recovered copy
audit/C04/LiM_plus_S2,wp1_method_audit,C04,EC,LiM_plus,S2,1,1,computed,outside-repo: work/audit/C04/LiM_plus_S2/,work/audit/C04/LiM_plus_S2/EC_LiM_plus_S2.inp,96562bb7ec7d71bd3fc547df1da20086d74000dcf862e543a41de9060c6cebd1,133,work/audit/C04/LiM_plus_S2/geom.xyz,fed0aa67fa3e2b6e39027dfd95800f3e3731766a6facb99b3ec731d165f44267,,,work/audit/C04/LiM_plus_S2/EC_LiM_plus_S2.log,5ee6bb199cfeea7f2b185e401817b5fda80eec66f8dc3a01282411d00926dc9f,69865,! wB97X-D4 def2-TZVPD SMD(acetonitrile) SP SlowConv,6.1.1,-350.104556957626,,,,,,true,3,raw ORCA output lives outside the repository and is not mirrored; the sha256 below lets a reviewer verify a recovered copy
audit/C04/LiM_plus_S3,wp1_method_audit,C04,EC,LiM_plus,S3,1,1,computed,outside-repo: work/audit/C04/LiM_plus_S3/,work/audit/C04/LiM_plus_S3/EC_LiM_plus_S3.inp,1b8bba1a5f865a2a07a95d3d7ad460210620559a80a18e31bb088bc39f69bc49,131,work/audit/C04/LiM_plus_S3/geom.xyz,fed0aa67fa3e2b6e39027dfd95800f3e3731766a6facb99b3ec731d165f44267,,,work/audit/C04/LiM_plus_S3/EC_LiM_plus_S3.log,5bef1c027e0232ce468f08cd210c518e24cc285c734b2c8d105d9c47100da4b3,68760,! PBE0 D4 def2-TZVP SMD(acetonitrile) SP SlowConv,6.1.1,-349.620475058765,,,,,,true,3,raw ORCA output lives outside the repository and is not mirrored; the sha256 below lets a reviewer verify a recovered copy
audit/C04/LiM_plus_S4,wp1_method_audit,C04,EC,LiM_plus,S4,1,1,computed,outside-repo: work/audit/C04/LiM_plus_S4/,work/audit/C04/LiM_plus_S4/EC_LiM_plus_S4.inp,dbd3ce5861e06687443e45f47fa38e55f7beee622b5abe841639abd259279f54,132,work/audit/C04/LiM_plus_S4/geom.xyz,fed0aa67fa3e2b6e39027dfd95800f3e3731766a6facb99b3ec731d165f44267,,,work/audit/C04/LiM_plus_S4/EC_LiM_plus_S4.log,f464a552496e83c3040b15595fcacb371fcb17889a9637ce62e731ef3592d7d0,69325,! PBE0 D4 def2-TZVPD SMD(acetonitrile) SP SlowConv,6.1.1,-349.621932340489,,,,,,true,3,raw ORCA output lives outside the repository and is not mirrored; the sha256 below lets a reviewer verify a recovered copy
audit/C04/M_S1,wp1_method_audit,C04,EC,M,S1,0,1,computed,outside-repo: work/audit/C04/M_S1/,work/audit/C04/M_S1/EC_M_S1.inp,469e3d450e29930d6288147edafd2faba75377b829f68047408b83ec9795d68b,132,work/audit/C04/M_S1/geom.xyz,1e21b7cac85d46b69230db477ec77cb48a6f8a6418d23453ac65d5fd9a1e148b,,,work/audit/C04/M_S1/EC_M_S1.log,ac40d20b3aa66e82b7056cd8f27fc278ce3def610a7d140b02a735a0869b1b3b,68338,! wB97X-D4 def2-TZVP SMD(acetonitrile) SP SlowConv,6.1.1,-342.648443929403,,,,,,true,3,raw ORCA output lives outside the repository and is not mirrored; the sha256 below lets a reviewer verify a recovered copy
audit/C04/M_S2,wp1_method_audit,C04,EC,M,S2,0,1,computed,outside-repo: work/audit/C04/M_S2/,work/audit/C04/M_S2/EC_M_S2.inp,d2a339d035acbe27215fa6c60d781018a3e03cde7b1e81e01affac18a0882de7,133,work/audit/C04/M_S2/geom.xyz,1e21b7cac85d46b69230db477ec77cb48a6f8a6418d23453ac65d5fd9a1e148b,,,work/audit/C04/M_S2/EC_M_S2.log,d2094aca90c064c5b03af39c2b8cf8578612cf4cfe29fc91ebc03b7309318d5c,68930,! wB97X-D4 def2-TZVPD SMD(acetonitrile) SP SlowConv,6.1.1,-342.650450696278,,,,,,true,3,raw ORCA output lives outside the repository and is not mirrored; the sha256 below lets a reviewer verify a recovered copy
audit/C04/M_S3,wp1_method_audit,C04,EC,M,S3,0,1,computed,outside-repo: work/audit/C04/M_S3/,work/audit/C04/M_S3/EC_M_S3.inp,91f14bba279913a02fd5effa686904b52f76ff8bc4fd2434668564a3d51783d5,131,work/audit/C04/M_S3/geom.xyz,1e21b7cac85d46b69230db477ec77cb48a6f8a6418d23453ac65d5fd9a1e148b,,,work/audit/C04/M_S3/EC_M_S3.log,de0636215190eba06f5c123b53e57ecce74541579815669816f188fd63611974,67798,! PBE0 D4 def2-TZVP SMD(acetonitrile) SP SlowConv,6.1.1,-342.191432590440,,,,,,true,3,raw ORCA output lives outside the repository and is not mirrored; the sha256 below lets a reviewer verify a recovered copy
audit/C04/M_S4,wp1_method_audit,C04,EC,M,S4,0,1,computed,outside-repo: work/audit/C04/M_S4/,work/audit/C04/M_S4/EC_M_S4.inp,df0016d99252ea91b3f6030e4db01cadf46104429465d79f51f44adbc1ebf4ad,132,work/audit/C04/M_S4/geom.xyz,1e21b7cac85d46b69230db477ec77cb48a6f8a6418d23453ac65d5fd9a1e148b,,,work/audit/C04/M_S4/EC_M_S4.log,723bd8a68f7cf79a4167b983ffc93b8db4887d6f06c86216f68b2b984a4596de,68391,! PBE0 D4 def2-TZVPD SMD(acetonitrile) SP SlowConv,6.1.1,-342.193314204697,,,,,,true,3,raw ORCA output lives outside the repository and is not mirrored; the sha256 below lets a reviewer verify a recovered copy
audit/C04/M_plus_S1,wp1_method_audit,C04,EC,M_plus,S1,1,2,computed,outside-repo: work/audit/C04/M_plus_S1/,work/audit/C04/M_plus_S1/EC_M_plus_S1.inp,373ffe41aaf782a1754469be00acf2d77a26294facd53d3ee0b9d3b971c52a77,132,work/audit/C04/M_plus_S1/geom.xyz,62189fb674384191b1e8783ca93f6954cff229fbaff00c715d5fb79cf6a60b1d,,,work/audit/C04/M_plus_S1/EC_M_plus_S1.log,9227a96dd75475d054d7fb900ab9f02c85f5b64c4c1ee8390bec5abcf18f65f0,78501,! wB97X-D4 def2-TZVP SMD(acetonitrile) SP SlowConv,6.1.1,-342.325847603317,,,,,,true,3,raw ORCA output lives outside the repository and is not mirrored; the sha256 below lets a reviewer verify a recovered copy
audit/C04/M_plus_S2,wp1_method_audit,C04,EC,M_plus,S2,1,2,computed,outside-repo: work/audit/C04/M_plus_S2/,work/audit/C04/M_plus_S2/EC_M_plus_S2.inp,096850a9428cef7ab2404ceb623d298e0f09b68585875343e7f948eda8aa7f86,133,work/audit/C04/M_plus_S2/geom.xyz,62189fb674384191b1e8783ca93f6954cff229fbaff00c715d5fb79cf6a60b1d,,,work/audit/C04/M_plus_S2/EC_M_plus_S2.log,e14ff47293a273b9f5d9ece5c673f96be9078753a69ab1abf9c8082daddc3a43,79181,! wB97X-D4 def2-TZVPD SMD(acetonitrile) SP SlowConv,6.1.1,-342.327007714133,,,,,,true,3,raw ORCA output lives outside the repository and is not mirrored; the sha256 below lets a reviewer verify a recovered copy
audit/C04/M_plus_S3,wp1_method_audit,C04,EC,M_plus,S3,1,2,computed,outside-repo: work/audit/C04/M_plus_S3/,work/audit/C04/M_plus_S3/EC_M_plus_S3.inp,5efb38a30b57bd2ebb6734d97732fd4721ea88365a1636f316051ccd6ecf8581,131,work/audit/C04/M_plus_S3/geom.xyz,62189fb674384191b1e8783ca93f6954cff229fbaff00c715d5fb79cf6a60b1d,,,work/audit/C04/M_plus_S3/EC_M_plus_S3.log,75664e905e2d28f9a39247d44222953e145093d3af19ce54b9ff7d162cfa91af,78080,! PBE0 D4 def2-TZVP SMD(acetonitrile) SP SlowConv,6.1.1,-341.883122714555,,,,,,true,3,raw ORCA output lives outside the repository and is not mirrored; the sha256 below lets a reviewer verify a recovered copy
audit/C04/M_plus_S4,wp1_method_audit,C04,EC,M_plus,S4,1,2,computed,outside-repo: work/audit/C04/M_plus_S4/,work/audit/C04/M_plus_S4/EC_M_plus_S4.inp,301a0bb71c67f3cace0ea29bc3eb076cc572e9ea74f73d7d7c2775d3e25126f7,132,work/audit/C04/M_plus_S4/geom.xyz,62189fb674384191b1e8783ca93f6954cff229fbaff00c715d5fb79cf6a60b1d,,,work/audit/C04/M_plus_S4/EC_M_plus_S4.log,713f9a1b4af9a69f0af9f80e3a4f032108ef3e8128ce2b1403f9ccdb19531c93,78758,! PBE0 D4 def2-TZVPD SMD(acetonitrile) SP SlowConv,6.1.1,-341.884197654566,,,,,,true,3,raw ORCA output lives outside the repository and is not mirrored; the sha256 below lets a reviewer verify a recovered copy
audit/C04/M_plus_relaxed_S1,wp1_method_audit,C04,EC,M_plus_relaxed,S1,1,2,computed,outside-repo: work/audit/C04/M_plus_relaxed_S1/,work/audit/C04/M_plus_relaxed_S1/EC_M_plus_relaxed_S1.inp,373ffe41aaf782a1754469be00acf2d77a26294facd53d3ee0b9d3b971c52a77,132,work/audit/C04/M_plus_relaxed_S1/geom.xyz,7631313894321a0b6bc0aa529d59200f73e85649c272b853966abeef8ca2d72b,,,work/audit/C04/M_plus_relaxed_S1/EC_M_plus_relaxed_S1.log,9b0c32c66dad85329480f785c0b3e0c71005736b01f81afe7df85e19f22dda41,80072,! wB97X-D4 def2-TZVP SMD(acetonitrile) SP SlowConv,6.1.1,-342.341729361672,,,,,,true,3,raw ORCA output lives outside the repository and is not mirrored; the sha256 below lets a reviewer verify a recovered copy
audit/C04/M_plus_relaxed_S2,wp1_method_audit,C04,EC,M_plus_relaxed,S2,1,2,computed,outside-repo: work/audit/C04/M_plus_relaxed_S2/,work/audit/C04/M_plus_relaxed_S2/EC_M_plus_relaxed_S2.inp,096850a9428cef7ab2404ceb623d298e0f09b68585875343e7f948eda8aa7f86,133,work/audit/C04/M_plus_relaxed_S2/geom.xyz,7631313894321a0b6bc0aa529d59200f73e85649c272b853966abeef8ca2d72b,,,work/audit/C04/M_plus_relaxed_S2/EC_M_plus_relaxed_S2.log,ccf5b468659fac421b4317e18c39cfb6188485890a440ee162bc586a745d22dc,80749,! wB97X-D4 def2-TZVPD SMD(acetonitrile) SP SlowConv,6.1.1,-342.342576025035,,,,,,true,3,raw ORCA output lives outside the repository and is not mirrored; the sha256 below lets a reviewer verify a recovered copy
audit/C04/M_plus_relaxed_S3,wp1_method_audit,C04,EC,M_plus_relaxed,S3,1,2,computed,outside-repo: work/audit/C04/M_plus_relaxed_S3/,work/audit/C04/M_plus_relaxed_S3/EC_M_plus_relaxed_S3.inp,5efb38a30b57bd2ebb6734d97732fd4721ea88365a1636f316051ccd6ecf8581,131,work/audit/C04/M_plus_relaxed_S3/geom.xyz,7631313894321a0b6bc0aa529d59200f73e85649c272b853966abeef8ca2d72b,,,work/audit/C04/M_plus_relaxed_S3/EC_M_plus_relaxed_S3.log,6e8da51f3598601f6c43c090068b5436ff1f4ed299c42027333bae0493d8d7a8,80307,! PBE0 D4 def2-TZVP SMD(acetonitrile) SP SlowConv,6.1.1,-341.890795844198,,,,,,true,3,raw ORCA output lives outside the repository and is not mirrored; the sha256 below lets a reviewer verify a recovered copy
audit/C04/M_plus_relaxed_S4,wp1_method_audit,C04,EC,M_plus_relaxed,S4,1,2,computed,outside-repo: work/audit/C04/M_plus_relaxed_S4/,work/audit/C04/M_plus_relaxed_S4/EC_M_plus_relaxed_S4.inp,301a0bb71c67f3cace0ea29bc3eb076cc572e9ea74f73d7d7c2775d3e25126f7,132,work/audit/C04/M_plus_relaxed_S4/geom.xyz,7631313894321a0b6bc0aa529d59200f73e85649c272b853966abeef8ca2d72b,,,work/audit/C04/M_plus_relaxed_S4/EC_M_plus_relaxed_S4.log,c367e4d20ab6317b3f739b94e0cd49e9e11295cc327611bf6d3b9fdcb9280b24,80900,! PBE0 D4 def2-TZVPD SMD(acetonitrile) SP SlowConv,6.1.1,-341.891720450797,,,,,,true,3,raw ORCA output lives outside the repository and is not mirrored; the sha256 below lets a reviewer verify a recovered copy
audit/C08/LiM_2plus_S1,wp1_method_audit,C08,DME,LiM_2plus,S1,2,2,computed,outside-repo: work/audit/C08/LiM_2plus_S1/,work/audit/C08/LiM_2plus_S1/DME_LiM_2plus_S1.inp,bc666ee1ff3290adee07ba4de2e602065b1c46c856907fcd375a5445b3f4a1ee,132,work/audit/C08/LiM_2plus_S1/geom.xyz,d50f69718d3866c8c820b43c66581296e12842954e99dab8e521b859d8886f17,,,work/audit/C08/LiM_2plus_S1/DME_LiM_2plus_S1.log,db5bad7667e0ff3e846aa060e8443c14f425cd351228be491748606ec3b4ed80,87184,! wB97X-D4 def2-TZVP SMD(acetonitrile) SP SlowConv,6.1.1,-316.260841530101,,,,,,true,3,raw ORCA output lives outside the repository and is not mirrored; the sha256 below lets a reviewer verify a recovered copy
audit/C08/LiM_2plus_S2,wp1_method_audit,C08,DME,LiM_2plus,S2,2,2,computed,outside-repo: work/audit/C08/LiM_2plus_S2/,work/audit/C08/LiM_2plus_S2/DME_LiM_2plus_S2.inp,16da6d66451efb6e422df5c69164057e79e1511386d7d11bc294fbece2643b9f,133,work/audit/C08/LiM_2plus_S2/geom.xyz,d50f69718d3866c8c820b43c66581296e12842954e99dab8e521b859d8886f17,,,work/audit/C08/LiM_2plus_S2/DME_LiM_2plus_S2.log,7952295f8cb110b14da6d7bab4067a07a72c6ab2e63082bd62568172cc76c7e4,87836,! wB97X-D4 def2-TZVPD SMD(acetonitrile) SP SlowConv,6.1.1,-316.262309986377,,,,,,true,3,raw ORCA output lives outside the repository and is not mirrored; the sha256 below lets a reviewer verify a recovered copy
audit/C08/LiM_2plus_S3,wp1_method_audit,C08,DME,LiM_2plus,S3,2,2,computed,outside-repo: work/audit/C08/LiM_2plus_S3/,work/audit/C08/LiM_2plus_S3/DME_LiM_2plus_S3.inp,150c7f857835ba5d2d641d1c7f2bf0cc891ecd1cefe437671afe2a966d55e71e,131,work/audit/C08/LiM_2plus_S3/geom.xyz,d50f69718d3866c8c820b43c66581296e12842954e99dab8e521b859d8886f17,,,work/audit/C08/LiM_2plus_S3/DME_LiM_2plus_S3.log,ebff565631a6e21c52105b328f6f3b10e9a7770f57dd4276734233edc524d8c9,86328,! PBE0 D4 def2-TZVP SMD(acetonitrile) SP SlowConv,6.1.1,-315.786091938249,,,,,,true,3,raw ORCA output lives outside the repository and is not mirrored; the sha256 below lets a reviewer verify a recovered copy
audit/C08/LiM_2plus_S4,wp1_method_audit,C08,DME,LiM_2plus,S4,2,2,computed,outside-repo: work/audit/C08/LiM_2plus_S4/,work/audit/C08/LiM_2plus_S4/DME_LiM_2plus_S4.inp,40930db242f22aeeeb9cbe36867615a377429f44006fb1be52375e5220a6fee0,132,work/audit/C08/LiM_2plus_S4/geom.xyz,d50f69718d3866c8c820b43c66581296e12842954e99dab8e521b859d8886f17,,,work/audit/C08/LiM_2plus_S4/DME_LiM_2plus_S4.log,c53d3258a51f7609e62c0a93a4f88346a1862f59891bc8a0073529734d2b9e6a,86947,! PBE0 D4 def2-TZVPD SMD(acetonitrile) SP SlowConv,6.1.1,-315.787507249774,,,,,,true,3,raw ORCA output lives outside the repository and is not mirrored; the sha256 below lets a reviewer verify a recovered copy
audit/C08/LiM_plus_S1,wp1_method_audit,C08,DME,LiM_plus,S1,1,1,computed,outside-repo: work/audit/C08/LiM_plus_S1/,work/audit/C08/LiM_plus_S1/DME_LiM_plus_S1.inp,940ac16d205b0345ef8bc9462d4acffb0e254a9956d979607932c5ae1022f355,132,work/audit/C08/LiM_plus_S1/geom.xyz,d50f69718d3866c8c820b43c66581296e12842954e99dab8e521b859d8886f17,,,work/audit/C08/LiM_plus_S1/DME_LiM_plus_S1.log,3d917880768a5ac8e61e7ed8b5cc6bc985fb1fecf2d4893da361256cd4ed3592,74111,! wB97X-D4 def2-TZVP SMD(acetonitrile) SP SlowConv,6.1.1,-316.575853825302,,,,,,true,3,raw ORCA output lives outside the repository and is not mirrored; the sha256 below lets a reviewer verify a recovered copy
audit/C08/LiM_plus_S2,wp1_method_audit,C08,DME,LiM_plus,S2,1,1,computed,outside-repo: work/audit/C08/LiM_plus_S2/,work/audit/C08/LiM_plus_S2/DME_LiM_plus_S2.inp,96562bb7ec7d71bd3fc547df1da20086d74000dcf862e543a41de9060c6cebd1,133,work/audit/C08/LiM_plus_S2/geom.xyz,d50f69718d3866c8c820b43c66581296e12842954e99dab8e521b859d8886f17,,,work/audit/C08/LiM_plus_S2/DME_LiM_plus_S2.log,05117e69950e163962a49d3e83622990000dd7e263c96c41c68c0fb28c62c7a9,74705,! wB97X-D4 def2-TZVPD SMD(acetonitrile) SP SlowConv,6.1.1,-316.577534532211,,,,,,true,3,raw ORCA output lives outside the repository and is not mirrored; the sha256 below lets a reviewer verify a recovered copy
audit/C08/LiM_plus_S3,wp1_method_audit,C08,DME,LiM_plus,S3,1,1,computed,outside-repo: work/audit/C08/LiM_plus_S3/,work/audit/C08/LiM_plus_S3/DME_LiM_plus_S3.inp,1b8bba1a5f865a2a07a95d3d7ad460210620559a80a18e31bb088bc39f69bc49,131,work/audit/C08/LiM_plus_S3/geom.xyz,d50f69718d3866c8c820b43c66581296e12842954e99dab8e521b859d8886f17,,,work/audit/C08/LiM_plus_S3/DME_LiM_plus_S3.log,41691d8db418c37ee8732d7e7fb9632d038c17cb2180c60deafd7f1cbfb124f4,73309,! PBE0 D4 def2-TZVP SMD(acetonitrile) SP SlowConv,6.1.1,-316.080828876168,,,,,,true,3,raw ORCA output lives outside the repository and is not mirrored; the sha256 below lets a reviewer verify a recovered copy
audit/C08/LiM_plus_S4,wp1_method_audit,C08,DME,LiM_plus,S4,1,1,computed,outside-repo: work/audit/C08/LiM_plus_S4/,work/audit/C08/LiM_plus_S4/DME_LiM_plus_S4.inp,dbd3ce5861e06687443e45f47fa38e55f7beee622b5abe841639abd259279f54,132,work/audit/C08/LiM_plus_S4/geom.xyz,d50f69718d3866c8c820b43c66581296e12842954e99dab8e521b859d8886f17,,,work/audit/C08/LiM_plus_S4/DME_LiM_plus_S4.log,7b035635c814d78f6c729b3f12d9769461540bb6709553a698e4e0fcfd88665e,73901,! PBE0 D4 def2-TZVPD SMD(acetonitrile) SP SlowConv,6.1.1,-316.082469582709,,,,,,true,3,raw ORCA output lives outside the repository and is not mirrored; the sha256 below lets a reviewer verify a recovered copy
audit/C08/M_S1,wp1_method_audit,C08,DME,M,S1,0,1,computed,outside-repo: work/audit/C08/M_S1/,work/audit/C08/M_S1/DME_M_S1.inp,469e3d450e29930d6288147edafd2faba75377b829f68047408b83ec9795d68b,132,work/audit/C08/M_S1/geom.xyz,256f02d02b3d347b22ff7b260c3b8a24f4eed43b5597c5de7d0458c00acabc2f,,,work/audit/C08/M_S1/DME_M_S1.log,68f2dbb71dfcff93f37e0b629a2b0a595864340f583b58e3414fda1cd3458fc4,73124,! wB97X-D4 def2-TZVP SMD(acetonitrile) SP SlowConv,6.1.1,-309.100973556793,,,,,,true,3,raw ORCA output lives outside the repository and is not mirrored; the sha256 below lets a reviewer verify a recovered copy
audit/C08/M_S2,wp1_method_audit,C08,DME,M,S2,0,1,computed,outside-repo: work/audit/C08/M_S2/,work/audit/C08/M_S2/DME_M_S2.inp,d2a339d035acbe27215fa6c60d781018a3e03cde7b1e81e01affac18a0882de7,133,work/audit/C08/M_S2/geom.xyz,256f02d02b3d347b22ff7b260c3b8a24f4eed43b5597c5de7d0458c00acabc2f,,,work/audit/C08/M_S2/DME_M_S2.log,677d986da2efe0129636d434465672a4e4d52fe1368f858a3e3d6997a7a789e2,73714,! wB97X-D4 def2-TZVPD SMD(acetonitrile) SP SlowConv,6.1.1,-309.103516109755,,,,,,true,3,raw ORCA output lives outside the repository and is not mirrored; the sha256 below lets a reviewer verify a recovered copy
audit/C08/M_S3,wp1_method_audit,C08,DME,M,S3,0,1,computed,outside-repo: work/audit/C08/M_S3/,work/audit/C08/M_S3/DME_M_S3.inp,91f14bba279913a02fd5effa686904b52f76ff8bc4fd2434668564a3d51783d5,131,work/audit/C08/M_S3/geom.xyz,256f02d02b3d347b22ff7b260c3b8a24f4eed43b5597c5de7d0458c00acabc2f,,,work/audit/C08/M_S3/DME_M_S3.log,1e8d3e0fdca8a3f575606aa1579c6abbfea54e9d7aaee3664f2e864e807a0bf0,72320,! PBE0 D4 def2-TZVP SMD(acetonitrile) SP SlowConv,6.1.1,-308.633581313762,,,,,,true,3,raw ORCA output lives outside the repository and is not mirrored; the sha256 below lets a reviewer verify a recovered copy
audit/C08/M_S4,wp1_method_audit,C08,DME,M,S4,0,1,computed,outside-repo: work/audit/C08/M_S4/,work/audit/C08/M_S4/DME_M_S4.inp,df0016d99252ea91b3f6030e4db01cadf46104429465d79f51f44adbc1ebf4ad,132,work/audit/C08/M_S4/geom.xyz,256f02d02b3d347b22ff7b260c3b8a24f4eed43b5597c5de7d0458c00acabc2f,,,work/audit/C08/M_S4/DME_M_S4.log,ac73ba3ae88f0c5dab72b65fb602402b0b8c31ef1d460e25dbca6a91ce36a004,72967,! PBE0 D4 def2-TZVPD SMD(acetonitrile) SP SlowConv,6.1.1,-308.636022787278,,,,,,true,3,raw ORCA output lives outside the repository and is not mirrored; the sha256 below lets a reviewer verify a recovered copy
audit/C08/M_plus_S1,wp1_method_audit,C08,DME,M_plus,S1,1,2,computed,outside-repo: work/audit/C08/M_plus_S1/,work/audit/C08/M_plus_S1/DME_M_plus_S1.inp,373ffe41aaf782a1754469be00acf2d77a26294facd53d3ee0b9d3b971c52a77,132,work/audit/C08/M_plus_S1/geom.xyz,132aa805b65a78f8b580c357ef0ddc4f5c431c0b2e5e974166f0a485884d06a9,,,work/audit/C08/M_plus_S1/DME_M_plus_S1.log,9c57fc30768aac65f8d987af30aa5168303337b7d92b72950a4dbfa204c27f8f,86623,! wB97X-D4 def2-TZVP SMD(acetonitrile) SP SlowConv,6.1.1,-308.832125907142,,,,,,true,3,raw ORCA output lives outside the repository and is not mirrored; the sha256 below lets a reviewer verify a recovered copy
audit/C08/M_plus_S2,wp1_method_audit,C08,DME,M_plus,S2,1,2,computed,outside-repo: work/audit/C08/M_plus_S2/,work/audit/C08/M_plus_S2/DME_M_plus_S2.inp,096850a9428cef7ab2404ceb623d298e0f09b68585875343e7f948eda8aa7f86,133,work/audit/C08/M_plus_S2/geom.xyz,132aa805b65a78f8b580c357ef0ddc4f5c431c0b2e5e974166f0a485884d06a9,,,work/audit/C08/M_plus_S2/DME_M_plus_S2.log,e490549d1d6f32937af9a3f1ef4e6abe2d9925422518e763753df10d79d409e1,87255,! wB97X-D4 def2-TZVPD SMD(acetonitrile) SP SlowConv,6.1.1,-308.833663009501,,,,,,true,3,raw ORCA output lives outside the repository and is not mirrored; the sha256 below lets a reviewer verify a recovered copy
audit/C08/M_plus_S3,wp1_method_audit,C08,DME,M_plus,S3,1,2,computed,outside-repo: work/audit/C08/M_plus_S3/,work/audit/C08/M_plus_S3/DME_M_plus_S3.inp,5efb38a30b57bd2ebb6734d97732fd4721ea88365a1636f316051ccd6ecf8581,131,work/audit/C08/M_plus_S3/geom.xyz,132aa805b65a78f8b580c357ef0ddc4f5c431c0b2e5e974166f0a485884d06a9,,,work/audit/C08/M_plus_S3/DME_M_plus_S3.log,cd9d868f63642d57361e259060cc2aa2a45b640af343857ec0d3ea36f12ce50e,85094,! PBE0 D4 def2-TZVP SMD(acetonitrile) SP SlowConv,6.1.1,-308.378335619556,,,,,,true,3,raw ORCA output lives outside the repository and is not mirrored; the sha256 below lets a reviewer verify a recovered copy
audit/C08/M_plus_S4,wp1_method_audit,C08,DME,M_plus,S4,1,2,computed,outside-repo: work/audit/C08/M_plus_S4/,work/audit/C08/M_plus_S4/DME_M_plus_S4.inp,301a0bb71c67f3cace0ea29bc3eb076cc572e9ea74f73d7d7c2775d3e25126f7,132,work/audit/C08/M_plus_S4/geom.xyz,132aa805b65a78f8b580c357ef0ddc4f5c431c0b2e5e974166f0a485884d06a9,,,work/audit/C08/M_plus_S4/DME_M_plus_S4.log,4e642af6765e9c10d1e6218ac82b67a4d4f2b0fa19d35c6ca6b6234141853d21,85770,! PBE0 D4 def2-TZVPD SMD(acetonitrile) SP SlowConv,6.1.1,-308.379724861633,,,,,,true,3,raw ORCA output lives outside the repository and is not mirrored; the sha256 below lets a reviewer verify a recovered copy
audit/C08/M_plus_relaxed_S1,wp1_method_audit,C08,DME,M_plus_relaxed,S1,1,2,computed,outside-repo: work/audit/C08/M_plus_relaxed_S1/,work/audit/C08/M_plus_relaxed_S1/DME_M_plus_relaxed_S1.inp,373ffe41aaf782a1754469be00acf2d77a26294facd53d3ee0b9d3b971c52a77,132,work/audit/C08/M_plus_relaxed_S1/geom.xyz,cf40b4f80a7146c1f047a1e089f0aa54c9ddb5c5107b663e90df3b38f620a772,,,work/audit/C08/M_plus_relaxed_S1/DME_M_plus_relaxed_S1.log,89253238509aca286eb65efc8d09f218ccc8718e25367715a1c327a5547ad359,85476,! wB97X-D4 def2-TZVP SMD(acetonitrile) SP SlowConv,6.1.1,-308.854725576029,,,,,,true,3,raw ORCA output lives outside the repository and is not mirrored; the sha256 below lets a reviewer verify a recovered copy
audit/C08/M_plus_relaxed_S2,wp1_method_audit,C08,DME,M_plus_relaxed,S2,1,2,computed,outside-repo: work/audit/C08/M_plus_relaxed_S2/,work/audit/C08/M_plus_relaxed_S2/DME_M_plus_relaxed_S2.inp,096850a9428cef7ab2404ceb623d298e0f09b68585875343e7f948eda8aa7f86,133,work/audit/C08/M_plus_relaxed_S2/geom.xyz,cf40b4f80a7146c1f047a1e089f0aa54c9ddb5c5107b663e90df3b38f620a772,,,work/audit/C08/M_plus_relaxed_S2/DME_M_plus_relaxed_S2.log,04313193bc00fa8ae7045e93c6c135039e6047e156db7ae4414380627691084c,86123,! wB97X-D4 def2-TZVPD SMD(acetonitrile) SP SlowConv,6.1.1,-308.856064245790,,,,,,true,3,raw ORCA output lives outside the repository and is not mirrored; the sha256 below lets a reviewer verify a recovered copy
audit/C08/M_plus_relaxed_S3,wp1_method_audit,C08,DME,M_plus_relaxed,S3,1,2,computed,outside-repo: work/audit/C08/M_plus_relaxed_S3/,work/audit/C08/M_plus_relaxed_S3/DME_M_plus_relaxed_S3.inp,5efb38a30b57bd2ebb6734d97732fd4721ea88365a1636f316051ccd6ecf8581,131,work/audit/C08/M_plus_relaxed_S3/geom.xyz,cf40b4f80a7146c1f047a1e089f0aa54c9ddb5c5107b663e90df3b38f620a772,,,work/audit/C08/M_plus_relaxed_S3/DME_M_plus_relaxed_S3.log,6ca4ac0ca7e1485b4ee52be8e26e558c1e1329e36decb1131cb2a517571dd26d,84529,! PBE0 D4 def2-TZVP SMD(acetonitrile) SP SlowConv,6.1.1,-308.399693511191,,,,,,true,3,raw ORCA output lives outside the repository and is not mirrored; the sha256 below lets a reviewer verify a recovered copy
audit/C08/M_plus_relaxed_S4,wp1_method_audit,C08,DME,M_plus_relaxed,S4,1,2,computed,outside-repo: work/audit/C08/M_plus_relaxed_S4/,work/audit/C08/M_plus_relaxed_S4/DME_M_plus_relaxed_S4.inp,301a0bb71c67f3cace0ea29bc3eb076cc572e9ea74f73d7d7c2775d3e25126f7,132,work/audit/C08/M_plus_relaxed_S4/geom.xyz,cf40b4f80a7146c1f047a1e089f0aa54c9ddb5c5107b663e90df3b38f620a772,,,work/audit/C08/M_plus_relaxed_S4/DME_M_plus_relaxed_S4.log,a8ae503c451ad0b5c1f30d3d4eea8707a3847b3daa68b69d468ee49b8222e632,85148,! PBE0 D4 def2-TZVPD SMD(acetonitrile) SP SlowConv,6.1.1,-308.400989608490,,,,,,true,3,raw ORCA output lives outside the repository and is not mirrored; the sha256 below lets a reviewer verify a recovered copy
audit/C13/LiM_2plus_S1,wp1_method_audit,C13,GBL,LiM_2plus,S1,2,2,computed,outside-repo: work/audit/C13/LiM_2plus_S1/,work/audit/C13/LiM_2plus_S1/GBL_LiM_2plus_S1.inp,bc666ee1ff3290adee07ba4de2e602065b1c46c856907fcd375a5445b3f4a1ee,132,work/audit/C13/LiM_2plus_S1/geom.xyz,5e4dc76546b045f2d35a16a4e9293a1ee41f091a40ef41288f09e78ce4b2f48b,,,work/audit/C13/LiM_2plus_S1/GBL_LiM_2plus_S1.log,9d64e618bab01fa783bbd1bd02d058a7041bac851d0082f3c6266dc4c41f21a4,82781,! wB97X-D4 def2-TZVP SMD(acetonitrile) SP SlowConv,6.1.1,-313.848757385770,,,,,,true,3,raw ORCA output lives outside the repository and is not mirrored; the sha256 below lets a reviewer verify a recovered copy
audit/C13/LiM_2plus_S2,wp1_method_audit,C13,GBL,LiM_2plus,S2,2,2,computed,outside-repo: work/audit/C13/LiM_2plus_S2/,work/audit/C13/LiM_2plus_S2/GBL_LiM_2plus_S2.inp,16da6d66451efb6e422df5c69164057e79e1511386d7d11bc294fbece2643b9f,133,work/audit/C13/LiM_2plus_S2/geom.xyz,5e4dc76546b045f2d35a16a4e9293a1ee41f091a40ef41288f09e78ce4b2f48b,,,work/audit/C13/LiM_2plus_S2/GBL_LiM_2plus_S2.log,1977d31595e7c9b0ef89211227da9f68bc2d0a47a99a7d4468b0e2ac0ca5dc2b,83372,! wB97X-D4 def2-TZVPD SMD(acetonitrile) SP SlowConv,6.1.1,-313.849635691208,,,,,,true,3,raw ORCA output lives outside the repository and is not mirrored; the sha256 below lets a reviewer verify a recovered copy
audit/C13/LiM_2plus_S3,wp1_method_audit,C13,GBL,LiM_2plus,S3,2,2,computed,outside-repo: work/audit/C13/LiM_2plus_S3/,work/audit/C13/LiM_2plus_S3/GBL_LiM_2plus_S3.inp,150c7f857835ba5d2d641d1c7f2bf0cc891ecd1cefe437671afe2a966d55e71e,131,work/audit/C13/LiM_2plus_S3/geom.xyz,5e4dc76546b045f2d35a16a4e9293a1ee41f091a40ef41288f09e78ce4b2f48b,,,work/audit/C13/LiM_2plus_S3/GBL_LiM_2plus_S3.log,65be8502c54c776ba061852619e4a1110e63923a4e8dda35d4838b49f4680f97,83087,! PBE0 D4 def2-TZVP SMD(acetonitrile) SP SlowConv,6.1.1,-313.395514697701,,,,,,true,3,raw ORCA output lives outside the repository and is not mirrored; the sha256 below lets a reviewer verify a recovered copy
audit/C13/LiM_2plus_S4,wp1_method_audit,C13,GBL,LiM_2plus,S4,2,2,computed,outside-repo: work/audit/C13/LiM_2plus_S4/,work/audit/C13/LiM_2plus_S4/GBL_LiM_2plus_S4.inp,40930db242f22aeeeb9cbe36867615a377429f44006fb1be52375e5220a6fee0,132,work/audit/C13/LiM_2plus_S4/geom.xyz,5e4dc76546b045f2d35a16a4e9293a1ee41f091a40ef41288f09e78ce4b2f48b,,,work/audit/C13/LiM_2plus_S4/GBL_LiM_2plus_S4.log,4c1bf17110eb612a8d66de426a02e03d9bb67e0baffe17bbf67ca3a7bc6c83a5,83705,! PBE0 D4 def2-TZVPD SMD(acetonitrile) SP SlowConv,6.1.1,-313.396297945663,,,,,,true,3,raw ORCA output lives outside the repository and is not mirrored; the sha256 below lets a reviewer verify a recovered copy
audit/C13/LiM_plus_S1,wp1_method_audit,C13,GBL,LiM_plus,S1,1,1,computed,outside-repo: work/audit/C13/LiM_plus_S1/,work/audit/C13/LiM_plus_S1/GBL_LiM_plus_S1.inp,940ac16d205b0345ef8bc9462d4acffb0e254a9956d979607932c5ae1022f355,132,work/audit/C13/LiM_plus_S1/geom.xyz,5e4dc76546b045f2d35a16a4e9293a1ee41f091a40ef41288f09e78ce4b2f48b,,,work/audit/C13/LiM_plus_S1/GBL_LiM_plus_S1.log,245cd057c1e8fc1ef5566fada34995ac16316f8aaab2160f42297a94a3084da5,70876,! wB97X-D4 def2-TZVP SMD(acetonitrile) SP SlowConv,6.1.1,-314.192731703640,,,,,,true,3,raw ORCA output lives outside the repository and is not mirrored; the sha256 below lets a reviewer verify a recovered copy
audit/C13/LiM_plus_S2,wp1_method_audit,C13,GBL,LiM_plus,S2,1,1,computed,outside-repo: work/audit/C13/LiM_plus_S2/,work/audit/C13/LiM_plus_S2/GBL_LiM_plus_S2.inp,96562bb7ec7d71bd3fc547df1da20086d74000dcf862e543a41de9060c6cebd1,133,work/audit/C13/LiM_plus_S2/geom.xyz,5e4dc76546b045f2d35a16a4e9293a1ee41f091a40ef41288f09e78ce4b2f48b,,,work/audit/C13/LiM_plus_S2/GBL_LiM_plus_S2.log,53b81d7a2283e2c510c89d1b6e6d7d887e5fb40e79cdffa48cf934cb19e65b35,71498,! wB97X-D4 def2-TZVPD SMD(acetonitrile) SP SlowConv,6.1.1,-314.193990862615,,,,,,true,3,raw ORCA output lives outside the repository and is not mirrored; the sha256 below lets a reviewer verify a recovered copy
audit/C13/LiM_plus_S3,wp1_method_audit,C13,GBL,LiM_plus,S3,1,1,computed,outside-repo: work/audit/C13/LiM_plus_S3/,work/audit/C13/LiM_plus_S3/GBL_LiM_plus_S3.inp,1b8bba1a5f865a2a07a95d3d7ad460210620559a80a18e31bb088bc39f69bc49,131,work/audit/C13/LiM_plus_S3/geom.xyz,5e4dc76546b045f2d35a16a4e9293a1ee41f091a40ef41288f09e78ce4b2f48b,,,work/audit/C13/LiM_plus_S3/GBL_LiM_plus_S3.log,58b4aa4d9fec2643b66f9e7f715675aa0f4dd9d8f5af5368c926ab7788a464b7,70338,! PBE0 D4 def2-TZVP SMD(acetonitrile) SP SlowConv,6.1.1,-313.724111183296,,,,,,true,3,raw ORCA output lives outside the repository and is not mirrored; the sha256 below lets a reviewer verify a recovered copy
audit/C13/LiM_plus_S4,wp1_method_audit,C13,GBL,LiM_plus,S4,1,1,computed,outside-repo: work/audit/C13/LiM_plus_S4/,work/audit/C13/LiM_plus_S4/GBL_LiM_plus_S4.inp,dbd3ce5861e06687443e45f47fa38e55f7beee622b5abe841639abd259279f54,132,work/audit/C13/LiM_plus_S4/geom.xyz,5e4dc76546b045f2d35a16a4e9293a1ee41f091a40ef41288f09e78ce4b2f48b,,,work/audit/C13/LiM_plus_S4/GBL_LiM_plus_S4.log,9e3bc84b0a91aa0b7f90107b97498f36f360678a7c5e67f84336d66781ae1095,70989,! PBE0 D4 def2-TZVPD SMD(acetonitrile) SP SlowConv,6.1.1,-313.725337033879,,,,,,true,3,raw ORCA output lives outside the repository and is not mirrored; the sha256 below lets a reviewer verify a recovered copy
audit/C13/M_S1,wp1_method_audit,C13,GBL,M,S1,0,1,computed,outside-repo: work/audit/C13/M_S1/,work/audit/C13/M_S1/GBL_M_S1.inp,469e3d450e29930d6288147edafd2faba75377b829f68047408b83ec9795d68b,132,work/audit/C13/M_S1/geom.xyz,48909c590ca479ff34d8d85a0c72193e38a233bc4cbe6c4d07bfffdf60798b3e,,,work/audit/C13/M_S1/GBL_M_S1.log,024c4818cab6a981f5e6134cffd461e88fc1f01bfa5b558159a4c3e0cb394053,69917,! wB97X-D4 def2-TZVP SMD(acetonitrile) SP SlowConv,6.1.1,-306.736607063330,,,,,,true,3,raw ORCA output lives outside the repository and is not mirrored; the sha256 below lets a reviewer verify a recovered copy
audit/C13/M_S2,wp1_method_audit,C13,GBL,M,S2,0,1,computed,outside-repo: work/audit/C13/M_S2/,work/audit/C13/M_S2/GBL_M_S2.inp,d2a339d035acbe27215fa6c60d781018a3e03cde7b1e81e01affac18a0882de7,133,work/audit/C13/M_S2/geom.xyz,48909c590ca479ff34d8d85a0c72193e38a233bc4cbe6c4d07bfffdf60798b3e,,,work/audit/C13/M_S2/GBL_M_S2.log,dc472b26264527328ee2e225998cda0e759bc434987cf12c2b4f5af4ca412b27,70536,! wB97X-D4 def2-TZVPD SMD(acetonitrile) SP SlowConv,6.1.1,-306.738417709651,,,,,,true,3,raw ORCA output lives outside the repository and is not mirrored; the sha256 below lets a reviewer verify a recovered copy
audit/C13/M_S3,wp1_method_audit,C13,GBL,M,S3,0,1,computed,outside-repo: work/audit/C13/M_S3/,work/audit/C13/M_S3/GBL_M_S3.inp,91f14bba279913a02fd5effa686904b52f76ff8bc4fd2434668564a3d51783d5,131,work/audit/C13/M_S3/geom.xyz,48909c590ca479ff34d8d85a0c72193e38a233bc4cbe6c4d07bfffdf60798b3e,,,work/audit/C13/M_S3/GBL_M_S3.log,a96a47dfd9070afc89a1c691fe708eb171c3985d66c6b4fadbde50b07c096a12,69377,! PBE0 D4 def2-TZVP SMD(acetonitrile) SP SlowConv,6.1.1,-306.293464760481,,,,,,true,3,raw ORCA output lives outside the repository and is not mirrored; the sha256 below lets a reviewer verify a recovered copy
audit/C13/M_S4,wp1_method_audit,C13,GBL,M,S4,0,1,computed,outside-repo: work/audit/C13/M_S4/,work/audit/C13/M_S4/GBL_M_S4.inp,df0016d99252ea91b3f6030e4db01cadf46104429465d79f51f44adbc1ebf4ad,132,work/audit/C13/M_S4/geom.xyz,48909c590ca479ff34d8d85a0c72193e38a233bc4cbe6c4d07bfffdf60798b3e,,,work/audit/C13/M_S4/GBL_M_S4.log,2a96666a20927879abcc36b0c38a97e1f5f044569f6421daab9aad48f0b14c25,69997,! PBE0 D4 def2-TZVPD SMD(acetonitrile) SP SlowConv,6.1.1,-306.295169866936,,,,,,true,3,raw ORCA output lives outside the repository and is not mirrored; the sha256 below lets a reviewer verify a recovered copy
audit/C13/M_plus_S1,wp1_method_audit,C13,GBL,M_plus,S1,1,2,computed,outside-repo: work/audit/C13/M_plus_S1/,work/audit/C13/M_plus_S1/GBL_M_plus_S1.inp,373ffe41aaf782a1754469be00acf2d77a26294facd53d3ee0b9d3b971c52a77,132,work/audit/C13/M_plus_S1/geom.xyz,fbf0451ef1aee09d69f32750844809c3ef1d2d7c94b9459e6bc6e4eb1e2799df,,,work/audit/C13/M_plus_S1/GBL_M_plus_S1.log,f2317f74fa33e1ad6f86a9d581b09f95abb3e3cb9d080a9dc6b29ef9a19e6292,82368,! wB97X-D4 def2-TZVP SMD(acetonitrile) SP SlowConv,6.1.1,-306.440615720570,,,,,,true,3,raw ORCA output lives outside the repository and is not mirrored; the sha256 below lets a reviewer verify a recovered copy
audit/C13/M_plus_S2,wp1_method_audit,C13,GBL,M_plus,S2,1,2,computed,outside-repo: work/audit/C13/M_plus_S2/,work/audit/C13/M_plus_S2/GBL_M_plus_S2.inp,096850a9428cef7ab2404ceb623d298e0f09b68585875343e7f948eda8aa7f86,133,work/audit/C13/M_plus_S2/geom.xyz,fbf0451ef1aee09d69f32750844809c3ef1d2d7c94b9459e6bc6e4eb1e2799df,,,work/audit/C13/M_plus_S2/GBL_M_plus_S2.log,e9f0cb903c5b8ef589409c578c37733e6b1dbb6d742ae8e2ee8aa20a1b7055ed,82989,! wB97X-D4 def2-TZVPD SMD(acetonitrile) SP SlowConv,6.1.1,-306.441297422598,,,,,,true,3,raw ORCA output lives outside the repository and is not mirrored; the sha256 below lets a reviewer verify a recovered copy
audit/C13/M_plus_S3,wp1_method_audit,C13,GBL,M_plus,S3,1,2,computed,outside-repo: work/audit/C13/M_plus_S3/,work/audit/C13/M_plus_S3/GBL_M_plus_S3.inp,5efb38a30b57bd2ebb6734d97732fd4721ea88365a1636f316051ccd6ecf8581,131,work/audit/C13/M_plus_S3/geom.xyz,fbf0451ef1aee09d69f32750844809c3ef1d2d7c94b9459e6bc6e4eb1e2799df,,,work/audit/C13/M_plus_S3/GBL_M_plus_S3.log,fbd80f603c4f7c3d34de6c411c5fc12c698c50eedefc53474e486b5f930c472e,82498,! PBE0 D4 def2-TZVP SMD(acetonitrile) SP SlowConv,6.1.1,-306.006696175664,,,,,,true,3,raw ORCA output lives outside the repository and is not mirrored; the sha256 below lets a reviewer verify a recovered copy
audit/C13/M_plus_S4,wp1_method_audit,C13,GBL,M_plus,S4,1,2,computed,outside-repo: work/audit/C13/M_plus_S4/,work/audit/C13/M_plus_S4/GBL_M_plus_S4.inp,301a0bb71c67f3cace0ea29bc3eb076cc572e9ea74f73d7d7c2775d3e25126f7,132,work/audit/C13/M_plus_S4/geom.xyz,fbf0451ef1aee09d69f32750844809c3ef1d2d7c94b9459e6bc6e4eb1e2799df,,,work/audit/C13/M_plus_S4/GBL_M_plus_S4.log,7386f6ab2543c0efd5982aed06184f80b36fef2d81c9e60eaf04c8c7ddb72510,82981,! PBE0 D4 def2-TZVPD SMD(acetonitrile) SP SlowConv,6.1.1,-306.007537605440,,,,,,true,3,raw ORCA output lives outside the repository and is not mirrored; the sha256 below lets a reviewer verify a recovered copy
audit/C13/M_plus_relaxed_S1,wp1_method_audit,C13,GBL,M_plus_relaxed,S1,1,2,computed,outside-repo: work/audit/C13/M_plus_relaxed_S1/,work/audit/C13/M_plus_relaxed_S1/GBL_M_plus_relaxed_S1.inp,373ffe41aaf782a1754469be00acf2d77a26294facd53d3ee0b9d3b971c52a77,132,work/audit/C13/M_plus_relaxed_S1/geom.xyz,15ba4602eaedc3a8d0846f3ae02e1a20c089c7d7900f49f904bc3c35a145dabc,,,work/audit/C13/M_plus_relaxed_S1/GBL_M_plus_relaxed_S1.log,4e7d6a4c9b089c9621c19cbf302689457cbda55576f0c4ab37a069e9b93fba67,81154,! wB97X-D4 def2-TZVP SMD(acetonitrile) SP SlowConv,6.1.1,-306.452715683334,,,,,,true,3,raw ORCA output lives outside the repository and is not mirrored; the sha256 below lets a reviewer verify a recovered copy
audit/C13/M_plus_relaxed_S2,wp1_method_audit,C13,GBL,M_plus_relaxed,S2,1,2,computed,outside-repo: work/audit/C13/M_plus_relaxed_S2/,work/audit/C13/M_plus_relaxed_S2/GBL_M_plus_relaxed_S2.inp,096850a9428cef7ab2404ceb623d298e0f09b68585875343e7f948eda8aa7f86,133,work/audit/C13/M_plus_relaxed_S2/geom.xyz,15ba4602eaedc3a8d0846f3ae02e1a20c089c7d7900f49f904bc3c35a145dabc,,,work/audit/C13/M_plus_relaxed_S2/GBL_M_plus_relaxed_S2.log,c6d006a85cecea2d91cccdb84fafe1905d733e55949d02870277f8dd50e59a4d,81773,! wB97X-D4 def2-TZVPD SMD(acetonitrile) SP SlowConv,6.1.1,-306.453436244297,,,,,,true,3,raw ORCA output lives outside the repository and is not mirrored; the sha256 below lets a reviewer verify a recovered copy
audit/C13/M_plus_relaxed_S3,wp1_method_audit,C13,GBL,M_plus_relaxed,S3,1,2,computed,outside-repo: work/audit/C13/M_plus_relaxed_S3/,work/audit/C13/M_plus_relaxed_S3/GBL_M_plus_relaxed_S3.inp,5efb38a30b57bd2ebb6734d97732fd4721ea88365a1636f316051ccd6ecf8581,131,work/audit/C13/M_plus_relaxed_S3/geom.xyz,15ba4602eaedc3a8d0846f3ae02e1a20c089c7d7900f49f904bc3c35a145dabc,,,work/audit/C13/M_plus_relaxed_S3/GBL_M_plus_relaxed_S3.log,8a88e78b78868769d62c61d760ec5dc7e9b58e9b9540a8a223d30df8942e97ce,80390,! PBE0 D4 def2-TZVP SMD(acetonitrile) SP SlowConv,6.1.1,-306.018379918078,,,,,,true,3,raw ORCA output lives outside the repository and is not mirrored; the sha256 below lets a reviewer verify a recovered copy
audit/C13/M_plus_relaxed_S4,wp1_method_audit,C13,GBL,M_plus_relaxed,S4,1,2,computed,outside-repo: work/audit/C13/M_plus_relaxed_S4/,work/audit/C13/M_plus_relaxed_S4/GBL_M_plus_relaxed_S4.inp,301a0bb71c67f3cace0ea29bc3eb076cc572e9ea74f73d7d7c2775d3e25126f7,132,work/audit/C13/M_plus_relaxed_S4/geom.xyz,15ba4602eaedc3a8d0846f3ae02e1a20c089c7d7900f49f904bc3c35a145dabc,,,work/audit/C13/M_plus_relaxed_S4/GBL_M_plus_relaxed_S4.log,8516062e476a4a3b79bbeb9befad4b6b955c3eb11f55b47d2b481dbd01fb615d,81096,! PBE0 D4 def2-TZVPD SMD(acetonitrile) SP SlowConv,6.1.1,-306.019100747767,,,,,,true,3,raw ORCA output lives outside the repository and is not mirrored; the sha256 below lets a reviewer verify a recovered copy
audit/C14/LiM_2plus_S1,wp1_method_audit,C14,SL,LiM_2plus,S1,2,2,computed,outside-repo: work/audit/C14/LiM_2plus_S1/,work/audit/C14/LiM_2plus_S1/SL_LiM_2plus_S1.inp,bc666ee1ff3290adee07ba4de2e602065b1c46c856907fcd375a5445b3f4a1ee,132,work/audit/C14/LiM_2plus_S1/geom.xyz,22b5794c182f53c6e0157c39475ea6f442f7d2834715c668e39606657f8949e1,,,work/audit/C14/LiM_2plus_S1/SL_LiM_2plus_S1.log,2549b9b346d0c549f66cf72e007a2ba5fc4c8868a55636998aef8506f460c99f,88542,! wB97X-D4 def2-TZVP SMD(acetonitrile) SP SlowConv,6.1.1,-713.265789352465,,,,,,true,3,raw ORCA output lives outside the repository and is not mirrored; the sha256 below lets a reviewer verify a recovered copy
audit/C14/LiM_2plus_S2,wp1_method_audit,C14,SL,LiM_2plus,S2,2,2,computed,outside-repo: work/audit/C14/LiM_2plus_S2/,work/audit/C14/LiM_2plus_S2/SL_LiM_2plus_S2.inp,16da6d66451efb6e422df5c69164057e79e1511386d7d11bc294fbece2643b9f,133,work/audit/C14/LiM_2plus_S2/geom.xyz,22b5794c182f53c6e0157c39475ea6f442f7d2834715c668e39606657f8949e1,,,work/audit/C14/LiM_2plus_S2/SL_LiM_2plus_S2.log,ca6f603d31590852b56d72cab9c3a67d7437426e3183bedce6ac3350357e6a9f,89254,! wB97X-D4 def2-TZVPD SMD(acetonitrile) SP SlowConv,6.1.1,-713.267691295074,,,,,,true,3,raw ORCA output lives outside the repository and is not mirrored; the sha256 below lets a reviewer verify a recovered copy
audit/C14/LiM_2plus_S3,wp1_method_audit,C14,SL,LiM_2plus,S3,2,2,computed,outside-repo: work/audit/C14/LiM_2plus_S3/,work/audit/C14/LiM_2plus_S3/SL_LiM_2plus_S3.inp,150c7f857835ba5d2d641d1c7f2bf0cc891ecd1cefe437671afe2a966d55e71e,131,work/audit/C14/LiM_2plus_S3/geom.xyz,22b5794c182f53c6e0157c39475ea6f442f7d2834715c668e39606657f8949e1,,,work/audit/C14/LiM_2plus_S3/SL_LiM_2plus_S3.log,fa145adc0a4b055f4a16e548a8b3231c13907e9f31a79b966f59e1c3a83cc7d3,88034,! PBE0 D4 def2-TZVP SMD(acetonitrile) SP SlowConv,6.1.1,-712.654968007392,,,,,,true,3,raw ORCA output lives outside the repository and is not mirrored; the sha256 below lets a reviewer verify a recovered copy
audit/C14/LiM_2plus_S4,wp1_method_audit,C14,SL,LiM_2plus,S4,2,2,computed,outside-repo: work/audit/C14/LiM_2plus_S4/,work/audit/C14/LiM_2plus_S4/SL_LiM_2plus_S4.inp,40930db242f22aeeeb9cbe36867615a377429f44006fb1be52375e5220a6fee0,132,work/audit/C14/LiM_2plus_S4/geom.xyz,22b5794c182f53c6e0157c39475ea6f442f7d2834715c668e39606657f8949e1,,,work/audit/C14/LiM_2plus_S4/SL_LiM_2plus_S4.log,afced8efe644c142d5ece82c30336524d7145421917346ec039946574bc9dbb4,88859,! PBE0 D4 def2-TZVPD SMD(acetonitrile) SP SlowConv,6.1.1,-712.656818384113,,,,,,true,3,raw ORCA output lives outside the repository and is not mirrored; the sha256 below lets a reviewer verify a recovered copy
audit/C14/LiM_plus_S1,wp1_method_audit,C14,SL,LiM_plus,S1,1,1,computed,outside-repo: work/audit/C14/LiM_plus_S1/,work/audit/C14/LiM_plus_S1/SL_LiM_plus_S1.inp,940ac16d205b0345ef8bc9462d4acffb0e254a9956d979607932c5ae1022f355,132,work/audit/C14/LiM_plus_S1/geom.xyz,22b5794c182f53c6e0157c39475ea6f442f7d2834715c668e39606657f8949e1,,,work/audit/C14/LiM_plus_S1/SL_LiM_plus_S1.log,a866db9538f32e8c0c0f6fed2af99b59692515f734bb473dc21eeed0e3735bcf,74696,! wB97X-D4 def2-TZVP SMD(acetonitrile) SP SlowConv,6.1.1,-713.603210544289,,,,,,true,3,raw ORCA output lives outside the repository and is not mirrored; the sha256 below lets a reviewer verify a recovered copy
audit/C14/LiM_plus_S2,wp1_method_audit,C14,SL,LiM_plus,S2,1,1,computed,outside-repo: work/audit/C14/LiM_plus_S2/,work/audit/C14/LiM_plus_S2/SL_LiM_plus_S2.inp,96562bb7ec7d71bd3fc547df1da20086d74000dcf862e543a41de9060c6cebd1,133,work/audit/C14/LiM_plus_S2/geom.xyz,22b5794c182f53c6e0157c39475ea6f442f7d2834715c668e39606657f8949e1,,,work/audit/C14/LiM_plus_S2/SL_LiM_plus_S2.log,3f86940039f05a7d4c8752ad361480b4eb5afac97bda3d0a061ae8876a6347bb,75379,! wB97X-D4 def2-TZVPD SMD(acetonitrile) SP SlowConv,6.1.1,-713.605506835733,,,,,,true,3,raw ORCA output lives outside the repository and is not mirrored; the sha256 below lets a reviewer verify a recovered copy
audit/C14/LiM_plus_S3,wp1_method_audit,C14,SL,LiM_plus,S3,1,1,computed,outside-repo: work/audit/C14/LiM_plus_S3/,work/audit/C14/LiM_plus_S3/SL_LiM_plus_S3.inp,1b8bba1a5f865a2a07a95d3d7ad460210620559a80a18e31bb088bc39f69bc49,131,work/audit/C14/LiM_plus_S3/geom.xyz,22b5794c182f53c6e0157c39475ea6f442f7d2834715c668e39606657f8949e1,,,work/audit/C14/LiM_plus_S3/SL_LiM_plus_S3.log,b9903b87e4c5d18d3e8535503cecb0f2707e7299dd3fa0e9f7b305c032b59d91,74069,! PBE0 D4 def2-TZVP SMD(acetonitrile) SP SlowConv,6.1.1,-712.978729838478,,,,,,true,3,raw ORCA output lives outside the repository and is not mirrored; the sha256 below lets a reviewer verify a recovered copy
audit/C14/LiM_plus_S4,wp1_method_audit,C14,SL,LiM_plus,S4,1,1,computed,outside-repo: work/audit/C14/LiM_plus_S4/,work/audit/C14/LiM_plus_S4/SL_LiM_plus_S4.inp,dbd3ce5861e06687443e45f47fa38e55f7beee622b5abe841639abd259279f54,132,work/audit/C14/LiM_plus_S4/geom.xyz,22b5794c182f53c6e0157c39475ea6f442f7d2834715c668e39606657f8949e1,,,work/audit/C14/LiM_plus_S4/SL_LiM_plus_S4.log,967a861ae33fee112eb7d41b51bb5d8f9e0e06f765a138f27416108ed5791b2d,74865,! PBE0 D4 def2-TZVPD SMD(acetonitrile) SP SlowConv,6.1.1,-712.980905636808,,,,,,true,3,raw ORCA output lives outside the repository and is not mirrored; the sha256 below lets a reviewer verify a recovered copy
audit/C14/M_S1,wp1_method_audit,C14,SL,M,S1,0,1,computed,outside-repo: work/audit/C14/M_S1/,work/audit/C14/M_S1/SL_M_S1.inp,469e3d450e29930d6288147edafd2faba75377b829f68047408b83ec9795d68b,132,work/audit/C14/M_S1/geom.xyz,f14f195c6d885653633a42d08d00617de0ebfca0d185e708fa57a7f7166115c8,,,work/audit/C14/M_S1/SL_M_S1.log,8e10547acd6e123bfa7c11e38fdb3c3e03c9733aa6537b968bea8199d1e400b0,73707,! wB97X-D4 def2-TZVP SMD(acetonitrile) SP SlowConv,6.1.1,-706.148919933265,,,,,,true,3,raw ORCA output lives outside the repository and is not mirrored; the sha256 below lets a reviewer verify a recovered copy
audit/C14/M_S2,wp1_method_audit,C14,SL,M,S2,0,1,computed,outside-repo: work/audit/C14/M_S2/,work/audit/C14/M_S2/SL_M_S2.inp,d2a339d035acbe27215fa6c60d781018a3e03cde7b1e81e01affac18a0882de7,133,work/audit/C14/M_S2/geom.xyz,f14f195c6d885653633a42d08d00617de0ebfca0d185e708fa57a7f7166115c8,,,work/audit/C14/M_S2/SL_M_S2.log,3fcec04a95d32c0ba675fd4f7cc1ea1b188f35727b7557116d64dd1651e69d99,74415,! wB97X-D4 def2-TZVPD SMD(acetonitrile) SP SlowConv,6.1.1,-706.152019539602,,,,,,true,3,raw ORCA output lives outside the repository and is not mirrored; the sha256 below lets a reviewer verify a recovered copy
audit/C14/M_S3,wp1_method_audit,C14,SL,M,S3,0,1,computed,outside-repo: work/audit/C14/M_S3/,work/audit/C14/M_S3/SL_M_S3.inp,91f14bba279913a02fd5effa686904b52f76ff8bc4fd2434668564a3d51783d5,131,work/audit/C14/M_S3/geom.xyz,f14f195c6d885653633a42d08d00617de0ebfca0d185e708fa57a7f7166115c8,,,work/audit/C14/M_S3/SL_M_S3.log,587023361419e7b7da1c2f113f52dee3666f86dc172b45cf7ea6aa52512d928b,73080,! PBE0 D4 def2-TZVP SMD(acetonitrile) SP SlowConv,6.1.1,-705.550797236237,,,,,,true,3,raw ORCA output lives outside the repository and is not mirrored; the sha256 below lets a reviewer verify a recovered copy
audit/C14/M_S4,wp1_method_audit,C14,SL,M,S4,0,1,computed,outside-repo: work/audit/C14/M_S4/,work/audit/C14/M_S4/SL_M_S4.inp,df0016d99252ea91b3f6030e4db01cadf46104429465d79f51f44adbc1ebf4ad,132,work/audit/C14/M_S4/geom.xyz,f14f195c6d885653633a42d08d00617de0ebfca0d185e708fa57a7f7166115c8,,,work/audit/C14/M_S4/SL_M_S4.log,98268908dcea5ca7a1f6040104abf7bba65f750348fcfbbd527e803b7515fdaa,73902,! PBE0 D4 def2-TZVPD SMD(acetonitrile) SP SlowConv,6.1.1,-705.553666100701,,,,,,true,3,raw ORCA output lives outside the repository and is not mirrored; the sha256 below lets a reviewer verify a recovered copy
audit/C14/M_plus_S1,wp1_method_audit,C14,SL,M_plus,S1,1,2,computed,outside-repo: work/audit/C14/M_plus_S1/,work/audit/C14/M_plus_S1/SL_M_plus_S1.inp,373ffe41aaf782a1754469be00acf2d77a26294facd53d3ee0b9d3b971c52a77,132,work/audit/C14/M_plus_S1/geom.xyz,b9ff8d11ea5a71a8d164696b637dfe187261d16cc6e1652f770605e29f3748ad,,,work/audit/C14/M_plus_S1/SL_M_plus_S1.log,f85c4fa5ac7247ea4f101b706194f1c52cf0657b3ad85200e8675413bb9ca817,86806,! wB97X-D4 def2-TZVP SMD(acetonitrile) SP SlowConv,6.1.1,-705.853511298493,,,,,,true,3,raw ORCA output lives outside the repository and is not mirrored; the sha256 below lets a reviewer verify a recovered copy
audit/C14/M_plus_S2,wp1_method_audit,C14,SL,M_plus,S2,1,2,computed,outside-repo: work/audit/C14/M_plus_S2/,work/audit/C14/M_plus_S2/SL_M_plus_S2.inp,096850a9428cef7ab2404ceb623d298e0f09b68585875343e7f948eda8aa7f86,133,work/audit/C14/M_plus_S2/geom.xyz,b9ff8d11ea5a71a8d164696b637dfe187261d16cc6e1652f770605e29f3748ad,,,work/audit/C14/M_plus_S2/SL_M_plus_S2.log,c1ed7ba5cc979b01d0085e48f5e2d65fcff51f202e0c062380b4781658b52c90,87571,! wB97X-D4 def2-TZVPD SMD(acetonitrile) SP SlowConv,6.1.1,-705.855124087928,,,,,,true,3,raw ORCA output lives outside the repository and is not mirrored; the sha256 below lets a reviewer verify a recovered copy
audit/C14/M_plus_S3,wp1_method_audit,C14,SL,M_plus,S3,1,2,computed,outside-repo: work/audit/C14/M_plus_S3/,work/audit/C14/M_plus_S3/SL_M_plus_S3.inp,5efb38a30b57bd2ebb6734d97732fd4721ea88365a1636f316051ccd6ecf8581,131,work/audit/C14/M_plus_S3/geom.xyz,b9ff8d11ea5a71a8d164696b637dfe187261d16cc6e1652f770605e29f3748ad,,,work/audit/C14/M_plus_S3/SL_M_plus_S3.log,be2cec08c9c170339c70450e42ffeee22da0fa9d263f950b72210f0dbf32021d,86210,! PBE0 D4 def2-TZVP SMD(acetonitrile) SP SlowConv,6.1.1,-705.267521706427,,,,,,true,3,raw ORCA output lives outside the repository and is not mirrored; the sha256 below lets a reviewer verify a recovered copy
audit/C14/M_plus_S4,wp1_method_audit,C14,SL,M_plus,S4,1,2,computed,outside-repo: work/audit/C14/M_plus_S4/,work/audit/C14/M_plus_S4/SL_M_plus_S4.inp,301a0bb71c67f3cace0ea29bc3eb076cc572e9ea74f73d7d7c2775d3e25126f7,132,work/audit/C14/M_plus_S4/geom.xyz,b9ff8d11ea5a71a8d164696b637dfe187261d16cc6e1652f770605e29f3748ad,,,work/audit/C14/M_plus_S4/SL_M_plus_S4.log,2f89f991afa83c2a8009c9b510e6865637bb3ed473381654843eeeb683a83c7b,87037,! PBE0 D4 def2-TZVPD SMD(acetonitrile) SP SlowConv,6.1.1,-705.269026410610,,,,,,true,3,raw ORCA output lives outside the repository and is not mirrored; the sha256 below lets a reviewer verify a recovered copy
audit/C14/M_plus_relaxed_S1,wp1_method_audit,C14,SL,M_plus_relaxed,S1,1,2,computed,outside-repo: work/audit/C14/M_plus_relaxed_S1/,work/audit/C14/M_plus_relaxed_S1/SL_M_plus_relaxed_S1.inp,373ffe41aaf782a1754469be00acf2d77a26294facd53d3ee0b9d3b971c52a77,132,work/audit/C14/M_plus_relaxed_S1/geom.xyz,445c4040afd98299713aefb63f1de27ea5b0ac23c219ec236e76002611e230cf,,,work/audit/C14/M_plus_relaxed_S1/SL_M_plus_relaxed_S1.log,3c5721718f7b382303d3e81e99a760d6b8e2de032d5fee05bcdce84213131fc8,86860,! wB97X-D4 def2-TZVP SMD(acetonitrile) SP SlowConv,6.1.1,-705.858765363890,,,,,,true,3,raw ORCA output lives outside the repository and is not mirrored; the sha256 below lets a reviewer verify a recovered copy
audit/C14/M_plus_relaxed_S2,wp1_method_audit,C14,SL,M_plus_relaxed,S2,1,2,computed,outside-repo: work/audit/C14/M_plus_relaxed_S2/,work/audit/C14/M_plus_relaxed_S2/SL_M_plus_relaxed_S2.inp,096850a9428cef7ab2404ceb623d298e0f09b68585875343e7f948eda8aa7f86,133,work/audit/C14/M_plus_relaxed_S2/geom.xyz,445c4040afd98299713aefb63f1de27ea5b0ac23c219ec236e76002611e230cf,,,work/audit/C14/M_plus_relaxed_S2/SL_M_plus_relaxed_S2.log,7ce3b01ad5776bdab3bdc708157ed99824a294d1cb0768ee6581ac49a0023810,87571,! wB97X-D4 def2-TZVPD SMD(acetonitrile) SP SlowConv,6.1.1,-705.860488117397,,,,,,true,3,raw ORCA output lives outside the repository and is not mirrored; the sha256 below lets a reviewer verify a recovered copy
audit/C14/M_plus_relaxed_S3,wp1_method_audit,C14,SL,M_plus_relaxed,S3,1,2,computed,outside-repo: work/audit/C14/M_plus_relaxed_S3/,work/audit/C14/M_plus_relaxed_S3/SL_M_plus_relaxed_S3.inp,5efb38a30b57bd2ebb6734d97732fd4721ea88365a1636f316051ccd6ecf8581,131,work/audit/C14/M_plus_relaxed_S3/geom.xyz,445c4040afd98299713aefb63f1de27ea5b0ac23c219ec236e76002611e230cf,,,work/audit/C14/M_plus_relaxed_S3/SL_M_plus_relaxed_S3.log,e71b5169c13a6585c133222557a84df2271331bf3f52a0909c047f520434de31,86269,! PBE0 D4 def2-TZVP SMD(acetonitrile) SP SlowConv,6.1.1,-705.271901264114,,,,,,true,3,raw ORCA output lives outside the repository and is not mirrored; the sha256 below lets a reviewer verify a recovered copy
audit/C14/M_plus_relaxed_S4,wp1_method_audit,C14,SL,M_plus_relaxed,S4,1,2,computed,outside-repo: work/audit/C14/M_plus_relaxed_S4/,work/audit/C14/M_plus_relaxed_S4/SL_M_plus_relaxed_S4.inp,301a0bb71c67f3cace0ea29bc3eb076cc572e9ea74f73d7d7c2775d3e25126f7,132,work/audit/C14/M_plus_relaxed_S4/geom.xyz,445c4040afd98299713aefb63f1de27ea5b0ac23c219ec236e76002611e230cf,,,work/audit/C14/M_plus_relaxed_S4/SL_M_plus_relaxed_S4.log,b2da9b74037930b78ba56eeef84524b2420b037618bc16653037ab0cc004cf51,87150,! PBE0 D4 def2-TZVPD SMD(acetonitrile) SP SlowConv,6.1.1,-705.273488655864,,,,,,true,3,raw ORCA output lives outside the repository and is not mirrored; the sha256 below lets a reviewer verify a recovered copy
audit/C16/LiM_2plus_S1,wp1_method_audit,C16,AN,LiM_2plus,S1,2,2,computed,outside-repo: work/audit/C16/LiM_2plus_S1/,work/audit/C16/LiM_2plus_S1/AN_LiM_2plus_S1.inp,bc666ee1ff3290adee07ba4de2e602065b1c46c856907fcd375a5445b3f4a1ee,132,work/audit/C16/LiM_2plus_S1/geom.xyz,cb9301850f33629ccd3b7b96956281258f4efc03e9c067eed7820a72ab4b8157,,,work/audit/C16/LiM_2plus_S1/AN_LiM_2plus_S1.log,209086accabc1979d977a8724eb27652fc339c06ce2293845cc2cafb64d6fedc,69768,! wB97X-D4 def2-TZVP SMD(acetonitrile) SP SlowConv,6.1.1,-139.943857075818,,,,,,true,3,raw ORCA output lives outside the repository and is not mirrored; the sha256 below lets a reviewer verify a recovered copy
audit/C16/LiM_2plus_S2,wp1_method_audit,C16,AN,LiM_2plus,S2,2,2,computed,outside-repo: work/audit/C16/LiM_2plus_S2/,work/audit/C16/LiM_2plus_S2/AN_LiM_2plus_S2.inp,16da6d66451efb6e422df5c69164057e79e1511386d7d11bc294fbece2643b9f,133,work/audit/C16/LiM_2plus_S2/geom.xyz,cb9301850f33629ccd3b7b96956281258f4efc03e9c067eed7820a72ab4b8157,,,work/audit/C16/LiM_2plus_S2/AN_LiM_2plus_S2.log,ef397bc7e13ef6e72bf67d0c38a88956b823019f9258b18f578795ad9941ff30,70445,! wB97X-D4 def2-TZVPD SMD(acetonitrile) SP SlowConv,6.1.1,-139.944112490112,,,,,,true,3,raw ORCA output lives outside the repository and is not mirrored; the sha256 below lets a reviewer verify a recovered copy
audit/C16/LiM_2plus_S3,wp1_method_audit,C16,AN,LiM_2plus,S3,2,2,computed,outside-repo: work/audit/C16/LiM_2plus_S3/,work/audit/C16/LiM_2plus_S3/AN_LiM_2plus_S3.inp,150c7f857835ba5d2d641d1c7f2bf0cc891ecd1cefe437671afe2a966d55e71e,131,work/audit/C16/LiM_2plus_S3/geom.xyz,cb9301850f33629ccd3b7b96956281258f4efc03e9c067eed7820a72ab4b8157,,,work/audit/C16/LiM_2plus_S3/AN_LiM_2plus_S3.log,c9afcf21533440b4ecbf32032e2b2e3e4cd885eab6ce7659d1ba9a5b58476313,69200,! PBE0 D4 def2-TZVP SMD(acetonitrile) SP SlowConv,6.1.1,-139.714417428730,,,,,,true,3,raw ORCA output lives outside the repository and is not mirrored; the sha256 below lets a reviewer verify a recovered copy
audit/C16/LiM_2plus_S4,wp1_method_audit,C16,AN,LiM_2plus,S4,2,2,computed,outside-repo: work/audit/C16/LiM_2plus_S4/,work/audit/C16/LiM_2plus_S4/AN_LiM_2plus_S4.inp,40930db242f22aeeeb9cbe36867615a377429f44006fb1be52375e5220a6fee0,132,work/audit/C16/LiM_2plus_S4/geom.xyz,cb9301850f33629ccd3b7b96956281258f4efc03e9c067eed7820a72ab4b8157,,,work/audit/C16/LiM_2plus_S4/AN_LiM_2plus_S4.log,4c451164f9f850df3d59384ce0c4732070a1e833718839c85d07ebec69289624,69847,! PBE0 D4 def2-TZVPD SMD(acetonitrile) SP SlowConv,6.1.1,-139.714680578036,,,,,,true,3,raw ORCA output lives outside the repository and is not mirrored; the sha256 below lets a reviewer verify a recovered copy
audit/C16/LiM_plus_S1,wp1_method_audit,C16,AN,LiM_plus,S1,1,1,computed,outside-repo: work/audit/C16/LiM_plus_S1/,work/audit/C16/LiM_plus_S1/AN_LiM_plus_S1.inp,940ac16d205b0345ef8bc9462d4acffb0e254a9956d979607932c5ae1022f355,132,work/audit/C16/LiM_plus_S1/geom.xyz,cb9301850f33629ccd3b7b96956281258f4efc03e9c067eed7820a72ab4b8157,,,work/audit/C16/LiM_plus_S1/AN_LiM_plus_S1.log,b0700bfa175630740b37d1c905243136bcf2449437996e011d054f4fed31149e,63111,! wB97X-D4 def2-TZVP SMD(acetonitrile) SP SlowConv,6.1.1,-140.320939029594,,,,,,true,3,raw ORCA output lives outside the repository and is not mirrored; the sha256 below lets a reviewer verify a recovered copy
audit/C16/LiM_plus_S2,wp1_method_audit,C16,AN,LiM_plus,S2,1,1,computed,outside-repo: work/audit/C16/LiM_plus_S2/,work/audit/C16/LiM_plus_S2/AN_LiM_plus_S2.inp,96562bb7ec7d71bd3fc547df1da20086d74000dcf862e543a41de9060c6cebd1,133,work/audit/C16/LiM_plus_S2/geom.xyz,cb9301850f33629ccd3b7b96956281258f4efc03e9c067eed7820a72ab4b8157,,,work/audit/C16/LiM_plus_S2/AN_LiM_plus_S2.log,43d71a5fea5acc528a5e349dcbd642beab8fc6f6dc83b5901c862bb91663d4dd,63673,! wB97X-D4 def2-TZVPD SMD(acetonitrile) SP SlowConv,6.1.1,-140.321219185162,,,,,,true,3,raw ORCA output lives outside the repository and is not mirrored; the sha256 below lets a reviewer verify a recovered copy
audit/C16/LiM_plus_S3,wp1_method_audit,C16,AN,LiM_plus,S3,1,1,computed,outside-repo: work/audit/C16/LiM_plus_S3/,work/audit/C16/LiM_plus_S3/AN_LiM_plus_S3.inp,1b8bba1a5f865a2a07a95d3d7ad460210620559a80a18e31bb088bc39f69bc49,131,work/audit/C16/LiM_plus_S3/geom.xyz,cb9301850f33629ccd3b7b96956281258f4efc03e9c067eed7820a72ab4b8157,,,work/audit/C16/LiM_plus_S3/AN_LiM_plus_S3.log,86156194ac2da3625fe221ef0db48afaf6f5c694a9ca7bec2f5c3ade976f66fb,62570,! PBE0 D4 def2-TZVP SMD(acetonitrile) SP SlowConv,6.1.1,-140.083390919166,,,,,,true,3,raw ORCA output lives outside the repository and is not mirrored; the sha256 below lets a reviewer verify a recovered copy
audit/C16/LiM_plus_S4,wp1_method_audit,C16,AN,LiM_plus,S4,1,1,computed,outside-repo: work/audit/C16/LiM_plus_S4/,work/audit/C16/LiM_plus_S4/AN_LiM_plus_S4.inp,dbd3ce5861e06687443e45f47fa38e55f7beee622b5abe841639abd259279f54,132,work/audit/C16/LiM_plus_S4/geom.xyz,cb9301850f33629ccd3b7b96956281258f4efc03e9c067eed7820a72ab4b8157,,,work/audit/C16/LiM_plus_S4/AN_LiM_plus_S4.log,1487704e92aa450b1a3db843db958c35d6a4325af4eefff1d3aae9a50548b6f3,63133,! PBE0 D4 def2-TZVPD SMD(acetonitrile) SP SlowConv,6.1.1,-140.083683148714,,,,,,true,3,raw ORCA output lives outside the repository and is not mirrored; the sha256 below lets a reviewer verify a recovered copy
audit/C16/M_S1,wp1_method_audit,C16,AN,M,S1,0,1,computed,outside-repo: work/audit/C16/M_S1/,work/audit/C16/M_S1/AN_M_S1.inp,469e3d450e29930d6288147edafd2faba75377b829f68047408b83ec9795d68b,132,work/audit/C16/M_S1/geom.xyz,c7920e4db1754008265868f5cc7a214229498e89a736b567347bb2517e78b81c,,,work/audit/C16/M_S1/AN_M_S1.log,db0cfbad7a682b50d82ace47c16bc6500d3b8108c54a384156e40555b01efc92,62148,! wB97X-D4 def2-TZVP SMD(acetonitrile) SP SlowConv,6.1.1,-132.866713103685,,,,,,true,3,raw ORCA output lives outside the repository and is not mirrored; the sha256 below lets a reviewer verify a recovered copy
audit/C16/M_S2,wp1_method_audit,C16,AN,M,S2,0,1,computed,outside-repo: work/audit/C16/M_S2/,work/audit/C16/M_S2/AN_M_S2.inp,d2a339d035acbe27215fa6c60d781018a3e03cde7b1e81e01affac18a0882de7,133,work/audit/C16/M_S2/geom.xyz,c7920e4db1754008265868f5cc7a214229498e89a736b567347bb2517e78b81c,,,work/audit/C16/M_S2/AN_M_S2.log,9bae5d04ac47b44dcfe1242eb275f77979cf587d614168b732f7a936c2afbb94,62739,! wB97X-D4 def2-TZVPD SMD(acetonitrile) SP SlowConv,6.1.1,-132.867164124598,,,,,,true,3,raw ORCA output lives outside the repository and is not mirrored; the sha256 below lets a reviewer verify a recovered copy
audit/C16/M_S3,wp1_method_audit,C16,AN,M,S3,0,1,computed,outside-repo: work/audit/C16/M_S3/,work/audit/C16/M_S3/AN_M_S3.inp,91f14bba279913a02fd5effa686904b52f76ff8bc4fd2434668564a3d51783d5,131,work/audit/C16/M_S3/geom.xyz,c7920e4db1754008265868f5cc7a214229498e89a736b567347bb2517e78b81c,,,work/audit/C16/M_S3/AN_M_S3.log,f879e9cbc84fca17adb24c9f58d5ccb0f4c7b654c5f8a8e9ee2843da3643e3bf,61901,! PBE0 D4 def2-TZVP SMD(acetonitrile) SP SlowConv,6.1.1,-132.654270869947,,,,,,true,3,raw ORCA output lives outside the repository and is not mirrored; the sha256 below lets a reviewer verify a recovered copy
audit/C16/M_S4,wp1_method_audit,C16,AN,M,S4,0,1,computed,outside-repo: work/audit/C16/M_S4/,work/audit/C16/M_S4/AN_M_S4.inp,df0016d99252ea91b3f6030e4db01cadf46104429465d79f51f44adbc1ebf4ad,132,work/audit/C16/M_S4/geom.xyz,c7920e4db1754008265868f5cc7a214229498e89a736b567347bb2517e78b81c,,,work/audit/C16/M_S4/AN_M_S4.log,1c2c0101edc9dbf5d6b4c6b17fb9ccfe2b0380e2a605020032e703728148f923,62493,! PBE0 D4 def2-TZVPD SMD(acetonitrile) SP SlowConv,6.1.1,-132.654687616699,,,,,,true,3,raw ORCA output lives outside the repository and is not mirrored; the sha256 below lets a reviewer verify a recovered copy
audit/C16/M_plus_S1,wp1_method_audit,C16,AN,M_plus,S1,1,2,computed,outside-repo: work/audit/C16/M_plus_S1/,work/audit/C16/M_plus_S1/AN_M_plus_S1.inp,373ffe41aaf782a1754469be00acf2d77a26294facd53d3ee0b9d3b971c52a77,132,work/audit/C16/M_plus_S1/geom.xyz,122a62a256033562c09bb6fba41da9e5e2b6e5926151dbf7dc4ddddecea6bc3c,,,work/audit/C16/M_plus_S1/AN_M_plus_S1.log,716d8302922d4a2d7259f6e2c18a785d5a2741c4cfeb2ea965618b802da33ff4,68023,! wB97X-D4 def2-TZVP SMD(acetonitrile) SP SlowConv,6.1.1,-132.518205496616,,,,,,true,3,raw ORCA output lives outside the repository and is not mirrored; the sha256 below lets a reviewer verify a recovered copy
audit/C16/M_plus_S2,wp1_method_audit,C16,AN,M_plus,S2,1,2,computed,outside-repo: work/audit/C16/M_plus_S2/,work/audit/C16/M_plus_S2/AN_M_plus_S2.inp,096850a9428cef7ab2404ceb623d298e0f09b68585875343e7f948eda8aa7f86,133,work/audit/C16/M_plus_S2/geom.xyz,122a62a256033562c09bb6fba41da9e5e2b6e5926151dbf7dc4ddddecea6bc3c,,,work/audit/C16/M_plus_S2/AN_M_plus_S2.log,b9d54d1d210afe4257b9b5947485952079956d2f93d0b9ab57ddf7f335392a61,68645,! wB97X-D4 def2-TZVPD SMD(acetonitrile) SP SlowConv,6.1.1,-132.518408073778,,,,,,true,3,raw ORCA output lives outside the repository and is not mirrored; the sha256 below lets a reviewer verify a recovered copy
audit/C16/M_plus_S3,wp1_method_audit,C16,AN,M_plus,S3,1,2,computed,outside-repo: work/audit/C16/M_plus_S3/,work/audit/C16/M_plus_S3/AN_M_plus_S3.inp,5efb38a30b57bd2ebb6734d97732fd4721ea88365a1636f316051ccd6ecf8581,131,work/audit/C16/M_plus_S3/geom.xyz,122a62a256033562c09bb6fba41da9e5e2b6e5926151dbf7dc4ddddecea6bc3c,,,work/audit/C16/M_plus_S3/AN_M_plus_S3.log,119b9037d4eb408bcb361414c51c176e2733e6c4440afb0fc1434141923ffe45,67513,! PBE0 D4 def2-TZVP SMD(acetonitrile) SP SlowConv,6.1.1,-132.313001928392,,,,,,true,3,raw ORCA output lives outside the repository and is not mirrored; the sha256 below lets a reviewer verify a recovered copy
audit/C16/M_plus_S4,wp1_method_audit,C16,AN,M_plus,S4,1,2,computed,outside-repo: work/audit/C16/M_plus_S4/,work/audit/C16/M_plus_S4/AN_M_plus_S4.inp,301a0bb71c67f3cace0ea29bc3eb076cc572e9ea74f73d7d7c2775d3e25126f7,132,work/audit/C16/M_plus_S4/geom.xyz,122a62a256033562c09bb6fba41da9e5e2b6e5926151dbf7dc4ddddecea6bc3c,,,work/audit/C16/M_plus_S4/AN_M_plus_S4.log,e3d4d3d7471fbc7e5d0317a84e6da2700dc0de6755b6b2d2cd06e54f31223feb,68163,! PBE0 D4 def2-TZVPD SMD(acetonitrile) SP SlowConv,6.1.1,-132.313201674480,,,,,,true,3,raw ORCA output lives outside the repository and is not mirrored; the sha256 below lets a reviewer verify a recovered copy
audit/C16/M_plus_relaxed_S1,wp1_method_audit,C16,AN,M_plus_relaxed,S1,1,2,computed,outside-repo: work/audit/C16/M_plus_relaxed_S1/,work/audit/C16/M_plus_relaxed_S1/AN_M_plus_relaxed_S1.inp,373ffe41aaf782a1754469be00acf2d77a26294facd53d3ee0b9d3b971c52a77,132,work/audit/C16/M_plus_relaxed_S1/geom.xyz,283ae17a9e15a857ed57b99b9165c50d8b22c265cdc29978ec04b82d24908673,,,work/audit/C16/M_plus_relaxed_S1/AN_M_plus_relaxed_S1.log,4ac96cee067920a4ceb10a0e447bc36bd1a3e33e3ebe0a0179a2103cf6f5c8a2,68110,! wB97X-D4 def2-TZVP SMD(acetonitrile) SP SlowConv,6.1.1,-132.527159389153,,,,,,true,3,raw ORCA output lives outside the repository and is not mirrored; the sha256 below lets a reviewer verify a recovered copy
audit/C16/M_plus_relaxed_S2,wp1_method_audit,C16,AN,M_plus_relaxed,S2,1,2,computed,outside-repo: work/audit/C16/M_plus_relaxed_S2/,work/audit/C16/M_plus_relaxed_S2/AN_M_plus_relaxed_S2.inp,096850a9428cef7ab2404ceb623d298e0f09b68585875343e7f948eda8aa7f86,133,work/audit/C16/M_plus_relaxed_S2/geom.xyz,283ae17a9e15a857ed57b99b9165c50d8b22c265cdc29978ec04b82d24908673,,,work/audit/C16/M_plus_relaxed_S2/AN_M_plus_relaxed_S2.log,702d093e82f5e941c82fffe956727671c7bdf03e0173342e6dbf35b6a74aff39,68701,! wB97X-D4 def2-TZVPD SMD(acetonitrile) SP SlowConv,6.1.1,-132.527372980598,,,,,,true,3,raw ORCA output lives outside the repository and is not mirrored; the sha256 below lets a reviewer verify a recovered copy
audit/C16/M_plus_relaxed_S3,wp1_method_audit,C16,AN,M_plus_relaxed,S3,1,2,computed,outside-repo: work/audit/C16/M_plus_relaxed_S3/,work/audit/C16/M_plus_relaxed_S3/AN_M_plus_relaxed_S3.inp,5efb38a30b57bd2ebb6734d97732fd4721ea88365a1636f316051ccd6ecf8581,131,work/audit/C16/M_plus_relaxed_S3/geom.xyz,283ae17a9e15a857ed57b99b9165c50d8b22c265cdc29978ec04b82d24908673,,,work/audit/C16/M_plus_relaxed_S3/AN_M_plus_relaxed_S3.log,edca360390bff3040dbbdac0f39fe20f264fff34f2834d020d254b07d3d2f331,67482,! PBE0 D4 def2-TZVP SMD(acetonitrile) SP SlowConv,6.1.1,-132.322862737317,,,,,,true,3,raw ORCA output lives outside the repository and is not mirrored; the sha256 below lets a reviewer verify a recovered copy
audit/C16/M_plus_relaxed_S4,wp1_method_audit,C16,AN,M_plus_relaxed,S4,1,2,computed,outside-repo: work/audit/C16/M_plus_relaxed_S4/,work/audit/C16/M_plus_relaxed_S4/AN_M_plus_relaxed_S4.inp,301a0bb71c67f3cace0ea29bc3eb076cc572e9ea74f73d7d7c2775d3e25126f7,132,work/audit/C16/M_plus_relaxed_S4/geom.xyz,283ae17a9e15a857ed57b99b9165c50d8b22c265cdc29978ec04b82d24908673,,,work/audit/C16/M_plus_relaxed_S4/AN_M_plus_relaxed_S4.log,40493d65d1855125e510951700d19abb1190904e16796c185923b9d12031776d,68129,! PBE0 D4 def2-TZVPD SMD(acetonitrile) SP SlowConv,6.1.1,-132.323070399602,,,,,,true,3,raw ORCA output lives outside the repository and is not mirrored; the sha256 below lets a reviewer verify a recovered copy
audit/C17/LiM_2plus_S1,wp1_method_audit,C17,TMP,LiM_2plus,S1,2,2,computed,outside-repo: work/audit/C17/LiM_2plus_S1/,work/audit/C17/LiM_2plus_S1/TMP_LiM_2plus_S1.inp,bc666ee1ff3290adee07ba4de2e602065b1c46c856907fcd375a5445b3f4a1ee,132,work/audit/C17/LiM_2plus_S1/geom.xyz,46dbea9aad6302e068d908e1ea607504e83390681ac4b3c5300d2fca9941fbca,,,work/audit/C17/LiM_2plus_S1/TMP_LiM_2plus_S1.log,98f8daf26192276a0e1683bdf845527606c5d38dcfa9e5041c2faad487ae68d9,93622,! wB97X-D4 def2-TZVP SMD(acetonitrile) SP SlowConv,6.1.1,-769.539798636419,,,,,,true,3,raw ORCA output lives outside the repository and is not mirrored; the sha256 below lets a reviewer verify a recovered copy
audit/C17/LiM_2plus_S2,wp1_method_audit,C17,TMP,LiM_2plus,S2,2,2,computed,outside-repo: work/audit/C17/LiM_2plus_S2/,work/audit/C17/LiM_2plus_S2/TMP_LiM_2plus_S2.inp,16da6d66451efb6e422df5c69164057e79e1511386d7d11bc294fbece2643b9f,133,work/audit/C17/LiM_2plus_S2/geom.xyz,46dbea9aad6302e068d908e1ea607504e83390681ac4b3c5300d2fca9941fbca,,,work/audit/C17/LiM_2plus_S2/TMP_LiM_2plus_S2.log,5ab0fa3fbff38839475e65ca7e73416df6d335044fe2b59005a390d225c12186,94217,! wB97X-D4 def2-TZVPD SMD(acetonitrile) SP SlowConv,6.1.1,-769.541780102935,,,,,,true,3,raw ORCA output lives outside the repository and is not mirrored; the sha256 below lets a reviewer verify a recovered copy
audit/C17/LiM_2plus_S3,wp1_method_audit,C17,TMP,LiM_2plus,S3,2,2,computed,outside-repo: work/audit/C17/LiM_2plus_S3/,work/audit/C17/LiM_2plus_S3/TMP_LiM_2plus_S3.inp,150c7f857835ba5d2d641d1c7f2bf0cc891ecd1cefe437671afe2a966d55e71e,131,work/audit/C17/LiM_2plus_S3/geom.xyz,46dbea9aad6302e068d908e1ea607504e83390681ac4b3c5300d2fca9941fbca,,,work/audit/C17/LiM_2plus_S3/TMP_LiM_2plus_S3.log,6a12970892b3eed75450887bbcaad3d3142df681bd6dbad6e7c4a04064bd9f02,92770,! PBE0 D4 def2-TZVP SMD(acetonitrile) SP SlowConv,6.1.1,-768.812572078900,,,,,,true,3,raw ORCA output lives outside the repository and is not mirrored; the sha256 below lets a reviewer verify a recovered copy
audit/C17/LiM_2plus_S4,wp1_method_audit,C17,TMP,LiM_2plus,S4,2,2,computed,outside-repo: work/audit/C17/LiM_2plus_S4/,work/audit/C17/LiM_2plus_S4/TMP_LiM_2plus_S4.inp,40930db242f22aeeeb9cbe36867615a377429f44006fb1be52375e5220a6fee0,132,work/audit/C17/LiM_2plus_S4/geom.xyz,46dbea9aad6302e068d908e1ea607504e83390681ac4b3c5300d2fca9941fbca,,,work/audit/C17/LiM_2plus_S4/TMP_LiM_2plus_S4.log,3bfa90104b8161c2a8bcdd02c8228a90ff03bc717d1a0365597a79aa8496446d,93365,! PBE0 D4 def2-TZVPD SMD(acetonitrile) SP SlowConv,6.1.1,-768.814478790532,,,,,,true,3,raw ORCA output lives outside the repository and is not mirrored; the sha256 below lets a reviewer verify a recovered copy
audit/C17/LiM_plus_S1,wp1_method_audit,C17,TMP,LiM_plus,S1,1,1,computed,outside-repo: work/audit/C17/LiM_plus_S1/,work/audit/C17/LiM_plus_S1/TMP_LiM_plus_S1.inp,940ac16d205b0345ef8bc9462d4acffb0e254a9956d979607932c5ae1022f355,132,work/audit/C17/LiM_plus_S1/geom.xyz,46dbea9aad6302e068d908e1ea607504e83390681ac4b3c5300d2fca9941fbca,,,work/audit/C17/LiM_plus_S1/TMP_LiM_plus_S1.log,a9ad1b8c213cb616ca8ccd15954889538261225cc0ed31db21ffc1f5effbe20c,77239,! wB97X-D4 def2-TZVP SMD(acetonitrile) SP SlowConv,6.1.1,-769.886783660897,,,,,,true,3,raw ORCA output lives outside the repository and is not mirrored; the sha256 below lets a reviewer verify a recovered copy
audit/C17/LiM_plus_S2,wp1_method_audit,C17,TMP,LiM_plus,S2,1,1,computed,outside-repo: work/audit/C17/LiM_plus_S2/,work/audit/C17/LiM_plus_S2/TMP_LiM_plus_S2.inp,96562bb7ec7d71bd3fc547df1da20086d74000dcf862e543a41de9060c6cebd1,133,work/audit/C17/LiM_plus_S2/geom.xyz,46dbea9aad6302e068d908e1ea607504e83390681ac4b3c5300d2fca9941fbca,,,work/audit/C17/LiM_plus_S2/TMP_LiM_plus_S2.log,449376258faff1a4ac286fc13012791ca7979c110813adb591cd1d470733b3ff,77832,! wB97X-D4 def2-TZVPD SMD(acetonitrile) SP SlowConv,6.1.1,-769.889313866930,,,,,,true,3,raw ORCA output lives outside the repository and is not mirrored; the sha256 below lets a reviewer verify a recovered copy
audit/C17/LiM_plus_S3,wp1_method_audit,C17,TMP,LiM_plus,S3,1,1,computed,outside-repo: work/audit/C17/LiM_plus_S3/,work/audit/C17/LiM_plus_S3/TMP_LiM_plus_S3.inp,1b8bba1a5f865a2a07a95d3d7ad460210620559a80a18e31bb088bc39f69bc49,131,work/audit/C17/LiM_plus_S3/geom.xyz,46dbea9aad6302e068d908e1ea607504e83390681ac4b3c5300d2fca9941fbca,,,work/audit/C17/LiM_plus_S3/TMP_LiM_plus_S3.log,c07150c0af33427116ed49625f5654e55e05a69a80d60babed6123346b0bfc65,76787,! PBE0 D4 def2-TZVP SMD(acetonitrile) SP SlowConv,6.1.1,-769.140729854139,,,,,,true,3,raw ORCA output lives outside the repository and is not mirrored; the sha256 below lets a reviewer verify a recovered copy
audit/C17/LiM_plus_S4,wp1_method_audit,C17,TMP,LiM_plus,S4,1,1,computed,outside-repo: work/audit/C17/LiM_plus_S4/,work/audit/C17/LiM_plus_S4/TMP_LiM_plus_S4.inp,dbd3ce5861e06687443e45f47fa38e55f7beee622b5abe841639abd259279f54,132,work/audit/C17/LiM_plus_S4/geom.xyz,46dbea9aad6302e068d908e1ea607504e83390681ac4b3c5300d2fca9941fbca,,,work/audit/C17/LiM_plus_S4/TMP_LiM_plus_S4.log,b8529eba3a2b6dde84231c7e0e7b811d7e4a15a907007d2f25a664f6eaa56952,77380,! PBE0 D4 def2-TZVPD SMD(acetonitrile) SP SlowConv,6.1.1,-769.143195125033,,,,,,true,3,raw ORCA output lives outside the repository and is not mirrored; the sha256 below lets a reviewer verify a recovered copy
audit/C17/M_S1,wp1_method_audit,C17,TMP,M,S1,0,1,computed,outside-repo: work/audit/C17/M_S1/,work/audit/C17/M_S1/TMP_M_S1.inp,469e3d450e29930d6288147edafd2faba75377b829f68047408b83ec9795d68b,132,work/audit/C17/M_S1/geom.xyz,5a89ac6889522d5f340b3370bb3f207baa61bd2331eb7686e2d48dbeecdf2e02,,,work/audit/C17/M_S1/TMP_M_S1.log,15cea58092e9dc11845437842d12c8cc34c6ef8354bcccd5ef4974db8cadc956,76276,! wB97X-D4 def2-TZVP SMD(acetonitrile) SP SlowConv,6.1.1,-762.424652667741,,,,,,true,3,raw ORCA output lives outside the repository and is not mirrored; the sha256 below lets a reviewer verify a recovered copy
audit/C17/M_S2,wp1_method_audit,C17,TMP,M,S2,0,1,computed,outside-repo: work/audit/C17/M_S2/,work/audit/C17/M_S2/TMP_M_S2.inp,d2a339d035acbe27215fa6c60d781018a3e03cde7b1e81e01affac18a0882de7,133,work/audit/C17/M_S2/geom.xyz,5a89ac6889522d5f340b3370bb3f207baa61bd2331eb7686e2d48dbeecdf2e02,,,work/audit/C17/M_S2/TMP_M_S2.log,74b4becd36b74e397a9473527df7721963a26bc7faafea1f5fab2b7a93354dea,76870,! wB97X-D4 def2-TZVPD SMD(acetonitrile) SP SlowConv,6.1.1,-762.427857035755,,,,,,true,3,raw ORCA output lives outside the repository and is not mirrored; the sha256 below lets a reviewer verify a recovered copy
audit/C17/M_S3,wp1_method_audit,C17,TMP,M,S3,0,1,computed,outside-repo: work/audit/C17/M_S3/,work/audit/C17/M_S3/TMP_M_S3.inp,91f14bba279913a02fd5effa686904b52f76ff8bc4fd2434668564a3d51783d5,131,work/audit/C17/M_S3/geom.xyz,5a89ac6889522d5f340b3370bb3f207baa61bd2331eb7686e2d48dbeecdf2e02,,,work/audit/C17/M_S3/TMP_M_S3.log,45f6b214e2dcfe26c9b5158adf93a172445602825e92756e396d7d02427eb550,75737,! PBE0 D4 def2-TZVP SMD(acetonitrile) SP SlowConv,6.1.1,-761.704847405518,,,,,,true,3,raw ORCA output lives outside the repository and is not mirrored; the sha256 below lets a reviewer verify a recovered copy
audit/C17/M_S4,wp1_method_audit,C17,TMP,M,S4,0,1,computed,outside-repo: work/audit/C17/M_S4/,work/audit/C17/M_S4/TMP_M_S4.inp,df0016d99252ea91b3f6030e4db01cadf46104429465d79f51f44adbc1ebf4ad,132,work/audit/C17/M_S4/geom.xyz,5a89ac6889522d5f340b3370bb3f207baa61bd2331eb7686e2d48dbeecdf2e02,,,work/audit/C17/M_S4/TMP_M_S4.log,a80d674f0b4fa2ede5ba1f7b272d6e7ce4a06b3aac83fc70d9528ad861ae4370,76331,! PBE0 D4 def2-TZVPD SMD(acetonitrile) SP SlowConv,6.1.1,-761.707883052953,,,,,,true,3,raw ORCA output lives outside the repository and is not mirrored; the sha256 below lets a reviewer verify a recovered copy
audit/C17/M_plus_S1,wp1_method_audit,C17,TMP,M_plus,S1,1,2,computed,outside-repo: work/audit/C17/M_plus_S1/,work/audit/C17/M_plus_S1/TMP_M_plus_S1.inp,373ffe41aaf782a1754469be00acf2d77a26294facd53d3ee0b9d3b971c52a77,132,work/audit/C17/M_plus_S1/geom.xyz,054c758e86e5fccf0d87be81c1bcd17117ea07e8a156b90ab4ddf356f7e4e8b5,,,work/audit/C17/M_plus_S1/TMP_M_plus_S1.log,5849ad991828e5d3e4be18091fcc3b7fbf793ee5e0e0db0aad377399476878dc,92676,! wB97X-D4 def2-TZVP SMD(acetonitrile) SP SlowConv,6.1.1,-762.099314331015,,,,,,true,3,raw ORCA output lives outside the repository and is not mirrored; the sha256 below lets a reviewer verify a recovered copy
audit/C17/M_plus_S2,wp1_method_audit,C17,TMP,M_plus,S2,1,2,computed,outside-repo: work/audit/C17/M_plus_S2/,work/audit/C17/M_plus_S2/TMP_M_plus_S2.inp,096850a9428cef7ab2404ceb623d298e0f09b68585875343e7f948eda8aa7f86,133,work/audit/C17/M_plus_S2/geom.xyz,054c758e86e5fccf0d87be81c1bcd17117ea07e8a156b90ab4ddf356f7e4e8b5,,,work/audit/C17/M_plus_S2/TMP_M_plus_S2.log,f95ba8ba5ff29b981a93266cc01fe693fa6d64e231656b266be67070cd450320,93268,! wB97X-D4 def2-TZVPD SMD(acetonitrile) SP SlowConv,6.1.1,-762.101325971788,,,,,,true,3,raw ORCA output lives outside the repository and is not mirrored; the sha256 below lets a reviewer verify a recovered copy
audit/C17/M_plus_S3,wp1_method_audit,C17,TMP,M_plus,S3,1,2,computed,outside-repo: work/audit/C17/M_plus_S3/,work/audit/C17/M_plus_S3/TMP_M_plus_S3.inp,5efb38a30b57bd2ebb6734d97732fd4721ea88365a1636f316051ccd6ecf8581,131,work/audit/C17/M_plus_S3/geom.xyz,054c758e86e5fccf0d87be81c1bcd17117ea07e8a156b90ab4ddf356f7e4e8b5,,,work/audit/C17/M_plus_S3/TMP_M_plus_S3.log,4b7e4effbc5e8b65927d9aa55a224826a72a280dc1e28cc74c317184a6116978,91863,! PBE0 D4 def2-TZVP SMD(acetonitrile) SP SlowConv,6.1.1,-761.395202304643,,,,,,true,3,raw ORCA output lives outside the repository and is not mirrored; the sha256 below lets a reviewer verify a recovered copy
audit/C17/M_plus_S4,wp1_method_audit,C17,TMP,M_plus,S4,1,2,computed,outside-repo: work/audit/C17/M_plus_S4/,work/audit/C17/M_plus_S4/TMP_M_plus_S4.inp,301a0bb71c67f3cace0ea29bc3eb076cc572e9ea74f73d7d7c2775d3e25126f7,132,work/audit/C17/M_plus_S4/geom.xyz,054c758e86e5fccf0d87be81c1bcd17117ea07e8a156b90ab4ddf356f7e4e8b5,,,work/audit/C17/M_plus_S4/TMP_M_plus_S4.log,653966d218a8c8a872a4338663813b7d53211d60c2ff6675719e683c8e91df43,92134,! PBE0 D4 def2-TZVPD SMD(acetonitrile) SP SlowConv,6.1.1,-761.397182769384,,,,,,true,3,raw ORCA output lives outside the repository and is not mirrored; the sha256 below lets a reviewer verify a recovered copy
audit/C17/M_plus_relaxed_S1,wp1_method_audit,C17,TMP,M_plus_relaxed,S1,1,2,computed,outside-repo: work/audit/C17/M_plus_relaxed_S1/,work/audit/C17/M_plus_relaxed_S1/TMP_M_plus_relaxed_S1.inp,373ffe41aaf782a1754469be00acf2d77a26294facd53d3ee0b9d3b971c52a77,132,work/audit/C17/M_plus_relaxed_S1/geom.xyz,b963f2d2bfbf41311db4de468f41e57e3109e7f1d45b03bce807c247dd39e85c,,,work/audit/C17/M_plus_relaxed_S1/TMP_M_plus_relaxed_S1.log,e1362e784ee2832773b91d781113b709573ab79c040261f8a608222a4a4ae41b,92287,! wB97X-D4 def2-TZVP SMD(acetonitrile) SP SlowConv,6.1.1,-762.130770657087,,,,,,true,3,raw ORCA output lives outside the repository and is not mirrored; the sha256 below lets a reviewer verify a recovered copy
audit/C17/M_plus_relaxed_S2,wp1_method_audit,C17,TMP,M_plus_relaxed,S2,1,2,computed,outside-repo: work/audit/C17/M_plus_relaxed_S2/,work/audit/C17/M_plus_relaxed_S2/TMP_M_plus_relaxed_S2.inp,096850a9428cef7ab2404ceb623d298e0f09b68585875343e7f948eda8aa7f86,133,work/audit/C17/M_plus_relaxed_S2/geom.xyz,b963f2d2bfbf41311db4de468f41e57e3109e7f1d45b03bce807c247dd39e85c,,,work/audit/C17/M_plus_relaxed_S2/TMP_M_plus_relaxed_S2.log,81703c0d46e5308366b8e1a7b9e3e2ce9d7ccea54c51cdd264114852ac8e20ad,92846,! wB97X-D4 def2-TZVPD SMD(acetonitrile) SP SlowConv,6.1.1,-762.132741167879,,,,,,true,3,raw ORCA output lives outside the repository and is not mirrored; the sha256 below lets a reviewer verify a recovered copy
audit/C17/M_plus_relaxed_S3,wp1_method_audit,C17,TMP,M_plus_relaxed,S3,1,2,computed,outside-repo: work/audit/C17/M_plus_relaxed_S3/,work/audit/C17/M_plus_relaxed_S3/TMP_M_plus_relaxed_S3.inp,5efb38a30b57bd2ebb6734d97732fd4721ea88365a1636f316051ccd6ecf8581,131,work/audit/C17/M_plus_relaxed_S3/geom.xyz,b963f2d2bfbf41311db4de468f41e57e3109e7f1d45b03bce807c247dd39e85c,,,work/audit/C17/M_plus_relaxed_S3/TMP_M_plus_relaxed_S3.log,d1c25bcf1665487828c708d15377224ef8b2fa389b865dd0ae1e688d15c3f3f6,91059,! PBE0 D4 def2-TZVP SMD(acetonitrile) SP SlowConv,6.1.1,-761.421577803439,,,,,,true,3,raw ORCA output lives outside the repository and is not mirrored; the sha256 below lets a reviewer verify a recovered copy
audit/C17/M_plus_relaxed_S4,wp1_method_audit,C17,TMP,M_plus_relaxed,S4,1,2,computed,outside-repo: work/audit/C17/M_plus_relaxed_S4/,work/audit/C17/M_plus_relaxed_S4/TMP_M_plus_relaxed_S4.inp,301a0bb71c67f3cace0ea29bc3eb076cc572e9ea74f73d7d7c2775d3e25126f7,132,work/audit/C17/M_plus_relaxed_S4/geom.xyz,b963f2d2bfbf41311db4de468f41e57e3109e7f1d45b03bce807c247dd39e85c,,,work/audit/C17/M_plus_relaxed_S4/TMP_M_plus_relaxed_S4.log,4aba3b1fc126551f1d1ebd1b9d0fba9b545b1ecd33123302edc5336adccba45e,91728,! PBE0 D4 def2-TZVPD SMD(acetonitrile) SP SlowConv,6.1.1,-761.423507839138,,,,,,true,3,raw ORCA output lives outside the repository and is not mirrored; the sha256 below lets a reviewer verify a recovered copy
wp2prod/DMC/M,wp2_production,C01,DMC,M,,0,1,computed,outside-repo: work/wp2prod/DMC/M/,work/wp2prod/DMC/M/DMC_M.inp,215d0244775272e6d10d792a710cb1db9c5206c1bbb45d3c9e91c7061eae7999,159,work/wp2prod/DMC/M/geom.xyz,3923b71c26128eb0ce172d42207cecc110da5a58ef42b538afe06e859da1e353,work/wp2prod/DMC/M/DMC_M_opt.xyz,d6bdecef0feed0219d84d5b9e9b61fd38ac60f513bb3813d2c63728ad3673d23,work/wp2prod/DMC/M/DMC_M.log,d81ed2d8871ab4d24c836320a192a38613c86fe93a0e40602e874b9b38017124,292034,! wB97X-D4 def2-TZVP Opt NumFreq SMD(acetonitrile) TightOpt TightSCF SlowConv,6.1.1,-343.85476184,-343.78955915,36,0,116.03,true,true,4,raw ORCA output lives outside the repository and is not mirrored; the sha256 below lets a reviewer verify a recovered copy
wp2prod/DMC/M_plus,wp2_production,,DMC,M,plus,,,in_flight,outside-repo: work/wp2prod/DMC/M_plus/,work/wp2prod/DMC/M_plus/DMC_M_plus.inp,1203a258116022e30372f51473c7e3ce90f3ce8e0a9400b42a2db9a43e98c35d,160,work/wp2prod/DMC/M_plus/geom.xyz,a9789531f442b34d739cbf04ca917425c3000b711b7568d67b8d1904507d2743,,,,,,! wB97X-D4 def2-TZVPD Opt NumFreq SMD(acetonitrile) TightOpt TightSCF SlowConv,,,,,,,,false,2,raw ORCA log missing next to the job directory; see README notes
wp2prod/EMC/LiM_2plus,wp2_production,C02,EMC,LiM_2plus,2plus,2,2,failed,outside-repo: work/wp2prod/EMC/LiM_2plus/,work/wp2prod/EMC/LiM_2plus/EMC_LiM_2plus.inp,64d0bbedf3e7a1c359550d5f6906fbe85ae71e38a7dedef91a8bcf43a5287549,160,work/wp2prod/EMC/LiM_2plus/geom.xyz,2eaaddd43f72a27bac5ad03bb2fbc68cd28b093326bdf0e6a5c79be372c2a2c8,work/wp2prod/EMC/LiM_2plus/EMC_LiM_2plus_opt.xyz,2dde0a4aefdd136012dc7ca9611c1cd4ee559805d75c1520cc741f4578f21b8e,work/wp2prod/EMC/LiM_2plus/EMC_LiM_2plus.log,8e11d90088e8027b22bbdda18106051168e49e0d17b439f0a86cfff27c10d3a5,28013,! wB97X-D4 def2-TZVPD Opt NumFreq SMD(acetonitrile) TightOpt TightSCF SlowConv,6.1.1,,,0,0,,false,false,4,raw ORCA output lives outside the repository and is not mirrored; the sha256 below lets a reviewer verify a recovered copy
wp2prod/EMC/LiM_plus,wp2_production,C02,EMC,LiM_plus,plus,1,1,failed,outside-repo: work/wp2prod/EMC/LiM_plus/,work/wp2prod/EMC/LiM_plus/EMC_LiM_plus.inp,58a692d60de19d9c1eb6b00bf3dc5bb686756b09daac3c11e0c82c364592e8b0,160,work/wp2prod/EMC/LiM_plus/geom.xyz,2eaaddd43f72a27bac5ad03bb2fbc68cd28b093326bdf0e6a5c79be372c2a2c8,work/wp2prod/EMC/LiM_plus/EMC_LiM_plus_opt.xyz,163d3e9b09173cf3a52627a8aaa971d159578d2a751d845d188b5b9c770eff80,work/wp2prod/EMC/LiM_plus/EMC_LiM_plus.log,76b0eb1a5ff1b4eb0c80abea79b2c14affff06636c6981f8a830546498b6d2b0,107052,! wB97X-D4 def2-TZVPD Opt NumFreq SMD(acetonitrile) TightOpt TightSCF SlowConv,6.1.1,-390.667197372459,,0,0,,false,false,4,raw ORCA output lives outside the repository and is not mirrored; the sha256 below lets a reviewer verify a recovered copy
wp2prod/EMC/M,wp2_production,C02,EMC,M,,0,1,computed,outside-repo: work/wp2prod/EMC/M/,work/wp2prod/EMC/M/EMC_M.inp,215d0244775272e6d10d792a710cb1db9c5206c1bbb45d3c9e91c7061eae7999,159,work/wp2prod/EMC/M/geom.xyz,7d7c9118adc0960eb22f2c631846bca76c75976bc77e25e61d632e0153ed054a,work/wp2prod/EMC/M/EMC_M_opt.xyz,5c3476c22a5d648e2c085cc9544a84166a8a9fd714353f79a4d11ce886928485,work/wp2prod/EMC/M/EMC_M.log,44764976b383775c2eb54b18d12af81d1a624de60277861e7ac84d6aa53df800,390683,! wB97X-D4 def2-TZVP Opt NumFreq SMD(acetonitrile) TightOpt TightSCF SlowConv,6.1.1,-383.21194726,-383.11989357,45,0,77.89,true,true,4,raw ORCA output lives outside the repository and is not mirrored; the sha256 below lets a reviewer verify a recovered copy
wp2prod/EMC/M_plus,wp2_production,C02,EMC,M_plus,plus,1,2,computed,outside-repo: work/wp2prod/EMC/M_plus/,work/wp2prod/EMC/M_plus/EMC_M_plus.inp,1203a258116022e30372f51473c7e3ce90f3ce8e0a9400b42a2db9a43e98c35d,160,work/wp2prod/EMC/M_plus/geom.xyz,6eb80d7855d2736fe94c463eb274b5fed9707bd17a401c3885c2fb6aaa83dfdf,work/wp2prod/EMC/M_plus/EMC_M_plus_opt.xyz,001bc812cb1847aa5395863933dcf691d921713f7c6f4f7a7ddbfbf043f5d79b,work/wp2prod/EMC/M_plus/EMC_M_plus.log,2b63311f62475c30fcab11a0f96c62f0cc53d883d4e06117925d31fdb45305d0,650449,! wB97X-D4 def2-TZVPD Opt NumFreq SMD(acetonitrile) TightOpt TightSCF SlowConv,6.1.1,-382.891126337095,-382.82334006,45,0,62.29,true,true,4,raw ORCA output lives outside the repository and is not mirrored; the sha256 below lets a reviewer verify a recovered copy
wp2prod/GBL/LiM_plus,wp2_production,,GBL,LiM,plus,,,in_flight,outside-repo: work/wp2prod/GBL/LiM_plus/,work/wp2prod/GBL/LiM_plus/GBL_LiM_plus.inp,58a692d60de19d9c1eb6b00bf3dc5bb686756b09daac3c11e0c82c364592e8b0,160,work/wp2prod/GBL/LiM_plus/geom.xyz,5e4dc76546b045f2d35a16a4e9293a1ee41f091a40ef41288f09e78ce4b2f48b,,,,,,! wB97X-D4 def2-TZVPD Opt NumFreq SMD(acetonitrile) TightOpt TightSCF SlowConv,,,,,,,,false,2,raw ORCA log missing next to the job directory; see README notes
wp2prod/GBL/M,wp2_production,C13,GBL,M,,0,1,computed,outside-repo: work/wp2prod/GBL/M/,work/wp2prod/GBL/M/GBL_M.inp,215d0244775272e6d10d792a710cb1db9c5206c1bbb45d3c9e91c7061eae7999,159,work/wp2prod/GBL/M/geom.xyz,48909c590ca479ff34d8d85a0c72193e38a233bc4cbe6c4d07bfffdf60798b3e,work/wp2prod/GBL/M/GBL_M_opt.xyz,7a77af8074be3c4bb6128637698996a77f06b3ccf3d31b54a13f8fdfaf9f78fc,work/wp2prod/GBL/M/GBL_M.log,a23939abde9f9635fe7029bc5fa1e7a5f9d89abb069d891f7d36cdd6085606ac,366519,! wB97X-D4 def2-TZVP Opt NumFreq SMD(acetonitrile) TightOpt TightSCF SlowConv,6.1.1,-306.73708477,-306.66621783,36,0,150.06,true,true,4,raw ORCA output lives outside the repository and is not mirrored; the sha256 below lets a reviewer verify a recovered copy
wp2prod/GBL/M_plus,wp2_production,C13,GBL,M_plus,plus,1,2,computed,outside-repo: work/wp2prod/GBL/M_plus/,work/wp2prod/GBL/M_plus/GBL_M_plus.inp,1203a258116022e30372f51473c7e3ce90f3ce8e0a9400b42a2db9a43e98c35d,160,work/wp2prod/GBL/M_plus/geom.xyz,fbf0451ef1aee09d69f32750844809c3ef1d2d7c94b9459e6bc6e4eb1e2799df,work/wp2prod/GBL/M_plus/GBL_M_plus_opt.xyz,30d7556e33bc0c42a4ea74d472d31885db969aac0e7ec7970b45b1140d09ce18,work/wp2prod/GBL/M_plus/GBL_M_plus.log,1b670d63789154e4ce46f162e5089571e8c84cf38ca711d0af04aa25a6eb0410,537895,! wB97X-D4 def2-TZVPD Opt NumFreq SMD(acetonitrile) TightOpt TightSCF SlowConv,6.1.1,-306.45395804,-306.38572132,36,0,164.90,true,true,4,raw ORCA output lives outside the repository and is not mirrored; the sha256 below lets a reviewer verify a recovered copy
wp2prod/GBL/M_tzvpd,wp2_production,C13,GBL,M_tzvpd,tzvpd,0,1,computed,outside-repo: work/wp2prod/GBL/M_tzvpd/,work/wp2prod/GBL/M_tzvpd/GBL_M_tzvpd.inp,eb3591808fe4735f7d8364e183e9cadaed71274121a445d2a126cecfd5d13195,160,work/wp2prod/GBL/M_tzvpd/geom.xyz,48909c590ca479ff34d8d85a0c72193e38a233bc4cbe6c4d07bfffdf60798b3e,work/wp2prod/GBL/M_tzvpd/GBL_M_tzvpd_opt.xyz,e3efb3a6032b3734e80c357b6f2e1adf3f1388fe11039422bd1a6317aff1b7e9,work/wp2prod/GBL/M_tzvpd/GBL_M_tzvpd.log,10721c76c5a5f1185500327434aadc29140b4929eba13bba33a82f5c2182d0c6,370985,! wB97X-D4 def2-TZVPD Opt NumFreq SMD(acetonitrile) TightOpt TightSCF SlowConv,6.1.1,-306.73892277,-306.66814960,36,0,146.18,true,true,4,raw ORCA output lives outside the repository and is not mirrored; the sha256 below lets a reviewer verify a recovered copy
wp2prod/SL/LiM_2plus,wp2_production,C14,SL,LiM_2plus,2plus,2,2,failed,outside-repo: work/wp2prod/SL/LiM_2plus/,work/wp2prod/SL/LiM_2plus/SL_LiM_2plus.inp,64d0bbedf3e7a1c359550d5f6906fbe85ae71e38a7dedef91a8bcf43a5287549,160,work/wp2prod/SL/LiM_2plus/geom.xyz,22b5794c182f53c6e0157c39475ea6f442f7d2834715c668e39606657f8949e1,work/wp2prod/SL/LiM_2plus/SL_LiM_2plus_opt.xyz,fac9fc7bb8148ff4689dca138ca04a7b70395938c5c7ef0831e91a32a9d0de63,work/wp2prod/SL/LiM_2plus/SL_LiM_2plus.log,66abaa501b24972f355fca3ba789e0f9698b03bcb1d1473fc7083c851015fafd,31432,! wB97X-D4 def2-TZVPD Opt NumFreq SMD(acetonitrile) TightOpt TightSCF SlowConv,6.1.1,,,0,0,,false,false,4,raw ORCA output lives outside the repository and is not mirrored; the sha256 below lets a reviewer verify a recovered copy
wp2prod/SL/LiM_plus,wp2_production,C14,SL,LiM_plus,plus,1,1,failed,outside-repo: work/wp2prod/SL/LiM_plus/,work/wp2prod/SL/LiM_plus/SL_LiM_plus.inp,58a692d60de19d9c1eb6b00bf3dc5bb686756b09daac3c11e0c82c364592e8b0,160,work/wp2prod/SL/LiM_plus/geom.xyz,22b5794c182f53c6e0157c39475ea6f442f7d2834715c668e39606657f8949e1,work/wp2prod/SL/LiM_plus/SL_LiM_plus_opt.xyz,8fe7641631d6589a33b63b5b5a342c71b93303adba1c69a67a4668e4b71406a2,work/wp2prod/SL/LiM_plus/SL_LiM_plus.log,468e97cf9878037d34212e9806e617f652ccec1ed811eef8d9c996e872626e04,50990,! wB97X-D4 def2-TZVPD Opt NumFreq SMD(acetonitrile) TightOpt TightSCF SlowConv,6.1.1,,,0,0,,false,false,4,raw ORCA output lives outside the repository and is not mirrored; the sha256 below lets a reviewer verify a recovered copy
wp2prod/SL/M,wp2_production,C14,SL,M,,0,1,computed,outside-repo: work/wp2prod/SL/M/,work/wp2prod/SL/M/SL_M.inp,215d0244775272e6d10d792a710cb1db9c5206c1bbb45d3c9e91c7061eae7999,159,work/wp2prod/SL/M/geom.xyz,f14f195c6d885653633a42d08d00617de0ebfca0d185e708fa57a7f7166115c8,work/wp2prod/SL/M/SL_M_opt.xyz,8cd57e3b91eea94dad831f3088a70c05e63a44ea7de8b281822e48f0ef85fc3f,work/wp2prod/SL/M/SL_M.log,6025945ecd2517c0d953b5478371fbd955c96e6cb43b5a978ee04a79156b1cf6,405142,! wB97X-D4 def2-TZVP Opt NumFreq SMD(acetonitrile) TightOpt TightSCF SlowConv,6.1.1,-706.15322084,-706.05963738,45,0,37.15,true,true,4,raw ORCA output lives outside the repository and is not mirrored; the sha256 below lets a reviewer verify a recovered copy
wp2prod/SL/M_plus,wp2_production,C14,SL,M_plus,plus,1,2,failed,outside-repo: work/wp2prod/SL/M_plus/,work/wp2prod/SL/M_plus/SL_M_plus.inp,1203a258116022e30372f51473c7e3ce90f3ce8e0a9400b42a2db9a43e98c35d,160,work/wp2prod/SL/M_plus/geom.xyz,b9ff8d11ea5a71a8d164696b637dfe187261d16cc6e1652f770605e29f3748ad,work/wp2prod/SL/M_plus/SL_M_plus_opt.xyz,efff993dff219f7cf1b65096f4d492baeb92351e25b94d3a6dbf61442dfedd9f,work/wp2prod/SL/M_plus/SL_M_plus.log,ef3491269ae14c62a52b281d1a7062c484099b94d74baa980331023bcea3749e,1028887,! wB97X-D4 def2-TZVPD Opt NumFreq SMD(acetonitrile) TightOpt TightSCF SlowConv,6.1.1,-705.855111917128,,0,0,,true,false,4,raw ORCA output lives outside the repository and is not mirrored; the sha256 below lets a reviewer verify a recovered copy
