comparison,scope,axis,n_molecules,common_set_label,rung_lower,rung_upper,i,j,d_lower_ev,d_upper_ev,delta_shift_ev,sigma_ev,z_primary,threshold_ev,resolution_ratio_lower,resolution_ratio_upper,resolved_lower,resolved_upper,resolved_both,decision_state,structurally_non_testable
P0_to_P1v,all,oxidation,18,core18,P0,P1v,AN,DEC,-0.27749999999999986,2.156104106445479,2.433604106445479,1.7208179663910268,1.0,1.7208179663910268,0.16126051995027965,1.2529530424228155,False,True,False,UNRESOLVED,True
P0_to_P1v,all,oxidation,18,core18,P0,P1v,AN,DMC,-0.47219999999999906,1.5605595936404821,2.032759593640481,1.437378093185195,1.0,1.437378093185195,0.3285148161355481,1.085698746237547,False,True,False,UNRESOLVED,True
P0_to_P1v,all,oxidation,18,core18,P0,P1v,AN,DME,0.7616000000000014,3.284418345598896,2.5228183455988944,1.7839019598748054,1.0,1.7839019598748054,0.4269292915926,1.8411428539656949,False,True,False,UNRESOLVED,True
P0_to_P1v,all,oxidation,18,core18,P0,P1v,AN,DMSO,1.1866000000000003,3.3262673251141113,2.139667325114111,1.512973275071469,1.0,1.512973275071469,0.7842835161407251,2.19849707851382,False,True,False,UNRESOLVED,True
P0_to_P1v,all,oxidation,18,core18,P0,P1v,AN,DOL,0.5888000000000009,2.827294537716732,2.238494537716731,1.5828546672685462,1.0,1.5828546672685462,0.3719861413531186,1.7861997037262136,False,True,False,UNRESOLVED,True
P0_to_P1v,all,oxidation,18,core18,P0,P1v,AN,EA,0.2677000000000014,2.1375900826281953,1.869890082628194,1.3222119574998696,1.0,1.3222119574998696,0.20246375664775199,1.616677319020847,False,True,False,UNRESOLVED,True
P0_to_P1v,all,oxidation,18,core18,P0,P1v,AN,EC,-0.7913999999999994,1.3713134696509695,2.162713469650969,1.5292693601536866,1.0,1.5292693601536866,0.5175020311140388,0.8967115312590562,False,False,False,UNRESOLVED,True
P0_to_P1v,all,oxidation,18,core18,P0,P1v,AN,EMC,-0.35779999999999923,1.9388454215690878,2.296645421569087,1.6239735515725386,1.0,1.6239735515725386,0.2203237852325437,1.1938897771405512,False,True,False,UNRESOLVED,True
P0_to_P1v,all,oxidation,18,core18,P0,P1v,AN,FEC,-1.384599999999999,0.8178331012577313,2.2024331012577303,1.5573553810090592,1.0,1.5573553810090592,0.8890713172370929,0.525142245136002,False,False,False,UNRESOLVED,True
P0_to_P1v,all,oxidation,18,core18,P0,P1v,AN,GBL,0.21450000000000102,2.1888954301944246,1.9743954301944235,1.3961083974342077,1.0,1.3961083974342077,0.1536413650932928,1.5678549274663878,False,True,False,UNRESOLVED,True
P0_to_P1v,all,oxidation,18,core18,P0,P1v,AN,MA,0.1772000000000009,1.9383913892479825,1.7611913892479816,1.2453503743046042,1.0,1.2453503743046042,0.14228927348975848,1.5565028358628534,False,True,False,UNRESOLVED,True
P0_to_P1v,all,oxidation,18,core18,P0,P1v,AN,PC,-0.6470999999999982,1.6016034411647624,2.2487034411647606,1.590073452125127,1.0,1.590073452125127,0.40696233191941644,1.0072512304536785,False,True,False,UNRESOLVED,True
P0_to_P1v,all,oxidation,18,core18,P0,P1v,AN,SL,0.36050000000000004,2.3473848546576637,1.9868848546576636,1.404939754165282,1.0,1.404939754165282,0.25659463256784576,1.6708081949409406,False,True,False,UNRESOLVED,True
P0_to_P1v,all,oxidation,18,core18,P0,P1v,AN,SN,-0.31019999999999825,0.5367991935660896,0.8469991935660879,0.598918873430118,1.0,0.598918873430118,0.5179332523342036,0.8962803100388913,False,False,False,UNRESOLVED,True
P0_to_P1v,all,oxidation,18,core18,P0,P1v,AN,TEGDME,1.0042000000000009,4.545113309399526,3.5409133093995253,2.503803812670104,1.0,2.503803812670104,0.4010697623026234,1.8152833246757183,False,True,False,UNRESOLVED,True
P0_to_P1v,all,oxidation,18,core18,P0,P1v,AN,TMP,-0.2925999999999984,2.0836244542144673,2.3762244542144657,1.6802444251963515,1.0,1.6802444251963515,0.17414133063753834,1.2400722317355566,False,True,False,UNRESOLVED,True
P0_to_P1v,all,oxidation,18,core18,P0,P1v,AN,VC,-0.26899999999999835,2.5216036006344815,2.79060360063448,1.973254729612237,1.0,1.973254729612237,0.13632299771700504,1.2778905646560899,False,True,False,UNRESOLVED,True
P0_to_P1v,all,oxidation,18,core18,P0,P1v,DEC,DMC,-0.1946999999999992,-0.595544512804997,-0.4008445128049978,0.2834398732058318,1.0,0.2834398732058318,0.6869181735013323,2.1011317358744273,False,True,False,UNRESOLVED,True
P0_to_P1v,all,oxidation,18,core18,P0,P1v,DEC,DME,1.0391000000000012,1.1283142391534167,0.08921423915341542,0.06308399348377844,1.0,0.06308399348377844,16.471690243693875,17.88590380606697,True,True,True,STABLE,True
P0_to_P1v,all,oxidation,18,core18,P0,P1v,DEC,DMSO,1.4641000000000002,1.1701632186686322,-0.293936781331368,0.2078446913195577,1.0,0.2078446913195577,7.044202046753126,5.629988484380031,True,True,True,STABLE,True
P0_to_P1v,all,oxidation,18,core18,P0,P1v,DEC,DOL,0.8663000000000007,0.6711904312712527,-0.19510956872874807,0.1379632991224805,1.0,0.1379632991224805,6.279206176643546,4.864992614270451,True,True,True,STABLE,True
P0_to_P1v,all,oxidation,18,core18,P0,P1v,DEC,EA,0.5452000000000012,-0.018514023817283842,-0.5637140238172851,0.3986060088911572,1.0,0.3986060088911572,1.3677666363250254,0.046446926048069825,True,False,False,UNRESOLVED,True
P0_to_P1v,all,oxidation,18,core18,P0,P1v,DEC,EC,-0.5138999999999996,-0.7847906367945097,-0.2708906367945101,0.19154860623734016,1.0,0.19154860623734016,2.6828699518870254,4.09708351426012,True,True,True,STABLE,True
P0_to_P1v,all,oxidation,18,core18,P0,P1v,DEC,EMC,-0.08029999999999937,-0.21725868487639133,-0.13695868487639196,0.09684441481848821,1.0,0.09684441481848821,0.8291650081267216,2.2433785704998166,False,True,False,UNRESOLVED,True
P0_to_P1v,all,oxidation,18,core18,P0,P1v,DEC,FEC,-1.107099999999999,-1.3382710051877478,-0.2311710051877487,0.16346258538196765,1.0,0.16346258538196765,6.772803681117653,8.187017243490748,True,True,True,STABLE,True
P0_to_P1v,all,oxidation,18,core18,P0,P1v,DEC,GBL,0.4920000000000009,0.032791323748945445,-0.45920867625105544,0.3247095689568192,1.0,0.3247095689568192,1.5152001882193638,0.10098662584626858,True,False,False,UNRESOLVED,True
P0_to_P1v,all,oxidation,18,core18,P0,P1v,DEC,MA,0.45470000000000077,-0.21771271719749663,-0.6724127171974974,0.47546759208642264,1.0,0.47546759208642264,0.956321750562871,0.4578918118102241,False,False,False,UNRESOLVED,True
P0_to_P1v,all,oxidation,18,core18,P0,P1v,DEC,PC,-0.3695999999999984,-0.5545006652807167,-0.18490066528071836,0.13074451426589997,1.0,0.13074451426589997,2.826887247049839,4.241100809422934,True,True,True,STABLE,True
P0_to_P1v,all,oxidation,18,core18,P0,P1v,DEC,SL,0.6379999999999999,0.19128074821218455,-0.44671925178781535,0.31587821222574497,1.0,0.31587821222574497,2.019765768283024,0.605552205909929,True,False,False,UNRESOLVED,True
P0_to_P1v,all,oxidation,18,core18,P0,P1v,DEC,SN,-0.0326999999999984,-1.6193049128793895,-1.586604912879391,1.121899092960909,1.0,1.121899092960909,0.029147006361950757,1.4433605687350457,False,True,False,UNRESOLVED,True
P0_to_P1v,all,oxidation,18,core18,P0,P1v,DEC,TEGDME,1.2817000000000007,2.389009202954047,1.1073092029540463,0.7829858462790772,1.0,0.7829858462790772,1.6369389128691458,3.0511524752422408,True,True,True,STABLE,True
P0_to_P1v,all,oxidation,18,core18,P0,P1v,DEC,TMP,-0.015099999999998559,-0.07247965223101183,-0.05737965223101327,0.040573541194675294,1.0,0.040573541194675294,0.3721637193940622,1.786377281767157,False,True,False,UNRESOLVED,True
P0_to_P1v,all,oxidation,18,core18,P0,P1v,DEC,VC,0.008500000000001506,0.3654994941890024,0.3569994941890009,0.25243676322121,1.0,0.25243676322121,0.03367179919254854,1.4478853615656435,False,True,False,UNRESOLVED,True
P0_to_P1v,all,oxidation,18,core18,P0,P1v,DMC,DME,1.2338000000000005,1.7238587519584136,0.4900587519584132,0.3465238666896102,1.0,0.3465238666896102,3.5605051155254044,4.974718677898499,True,True,True,STABLE,True
P0_to_P1v,all,oxidation,18,core18,P0,P1v,DMC,DMSO,1.6587999999999994,1.7657077314736291,0.10690773147362975,0.0755951818862741,1.0,0.0755951818862741,21.943197418262837,23.357410980635933,True,True,True,STABLE,True
P0_to_P1v,all,oxidation,18,core18,P0,P1v,DMC,DOL,1.061,1.2667349440762496,0.2057349440762497,0.1454765740833513,1.0,0.1454765740833513,7.29327045735966,8.707484019732755,True,True,True,STABLE,True
P0_to_P1v,all,oxidation,18,core18,P0,P1v,DMC,EA,0.7399000000000004,0.5770304889877131,-0.1628695110122873,0.11516613568532544,1.0,0.11516613568532544,6.424631647116029,5.010418084742934,True,True,True,STABLE,True
P0_to_P1v,all,oxidation,18,core18,P0,P1v,DMC,EC,-0.3192000000000004,-0.18924612398951268,0.1299538760104877,0.09189126696849165,1.0,0.09189126696849165,3.4736706819969085,2.0594571196238136,True,True,True,STABLE,True
P0_to_P1v,all,oxidation,18,core18,P0,P1v,DMC,EMC,0.11439999999999984,0.37828582792860566,0.2638858279286058,0.1865954583873436,1.0,0.1865954583873436,0.6130910204819827,2.027304582855078,False,True,False,UNRESOLVED,True
P0_to_P1v,all,oxidation,18,core18,P0,P1v,DMC,FEC,-0.9123999999999999,-0.7427264923827508,0.1696735076172491,0.11997728782386416,1.0,0.11997728782386416,7.604772674470462,6.190559112097367,True,True,True,STABLE,True
P0_to_P1v,all,oxidation,18,core18,P0,P1v,DMC,GBL,0.6867000000000001,0.6283358365539424,-0.05836416344605766,0.04126969575098739,1.0,0.04126969575098739,16.639327901601273,15.22511433922818,True,True,True,STABLE,True
P0_to_P1v,all,oxidation,18,core18,P0,P1v,DMC,MA,0.6494,0.37783179560750035,-0.2715682043924996,0.19202771888059084,1.0,0.19202771888059084,3.3818034385120113,1.9675898761389163,True,True,True,STABLE,True
P0_to_P1v,all,oxidation,18,core18,P0,P1v,DMC,PC,-0.17489999999999917,0.04104384752428025,0.21594384752427942,0.15269535893993183,1.0,0.15269535893993183,1.1454179171798033,0.2687956451932918,True,False,False,UNRESOLVED,True
P0_to_P1v,all,oxidation,18,core18,P0,P1v,DMC,SL,0.8326999999999991,0.7868252610171815,-0.045874738982817576,0.032438339019913165,1.0,0.032438339019913165,25.670241607895626,24.25602804552253,True,True,True,STABLE,True
P0_to_P1v,all,oxidation,18,core18,P0,P1v,DMC,SN,0.1620000000000008,-1.0237604000743925,-1.1857604000743933,0.8384592197550771,1.0,0.8384592197550771,0.19321154348725839,1.2210020188858366,False,True,False,UNRESOLVED,True
P0_to_P1v,all,oxidation,18,core18,P0,P1v,DMC,TEGDME,1.4764,2.984553715759044,1.5081537157590441,1.066425719484909,1.0,1.066425719484909,1.3844377278457907,2.798651290218886,True,True,True,STABLE,True
P0_to_P1v,all,oxidation,18,core18,P0,P1v,DMC,TMP,0.17960000000000065,0.5230648605739852,0.3434648605739845,0.2428663320111565,1.0,0.2428663320111565,0.7395014307366012,2.153714993109696,False,True,False,UNRESOLVED,True
P0_to_P1v,all,oxidation,18,core18,P0,P1v,DMC,VC,0.2032000000000007,0.9610440069939994,0.7578440069939987,0.5358766364270419,1.0,0.5358766364270419,0.3791917508380977,1.7934053132111927,False,True,False,UNRESOLVED,True
P0_to_P1v,all,oxidation,18,core18,P0,P1v,DME,DMSO,0.42499999999999893,0.04184897951521549,-0.38315102048478344,0.27092868480333615,1.0,0.27092868480333615,1.5686784893541312,0.1544649269810362,True,False,False,UNRESOLVED,True
P0_to_P1v,all,oxidation,18,core18,P0,P1v,DME,DOL,-0.1728000000000005,-0.457123807882164,-0.2843238078821635,0.20104729260625895,1.0,0.20104729260625895,0.8594992638792737,2.273712826252369,False,True,False,UNRESOLVED,True
P0_to_P1v,all,oxidation,18,core18,P0,P1v,DME,EA,-0.4939,-1.1468282629707005,-0.6529282629707005,0.4616900023749357,1.0,0.4616900023749357,1.0697654215152503,2.4839789838883455,True,True,True,STABLE,True
P0_to_P1v,all,oxidation,18,core18,P0,P1v,DME,EC,-1.5530000000000008,-1.9131048759479263,-0.3601048759479255,0.25463259972111857,1.0,0.25463259972111857,6.098983404720739,7.513196967093834,True,True,True,STABLE,True
P0_to_P1v,all,oxidation,18,core18,P0,P1v,DME,EMC,-1.1194000000000006,-1.345572924029808,-0.22617292402980738,0.15992840830226665,1.0,0.15992840830226665,6.999381860190348,8.413595422563443,True,True,True,STABLE,True
P0_to_P1v,all,oxidation,18,core18,P0,P1v,DME,FEC,-2.1462000000000003,-2.4665852443411644,-0.3203852443411641,0.22654657886574608,1.0,0.22654657886574608,9.473548489433872,10.887762051806966,True,True,True,STABLE,True
P0_to_P1v,all,oxidation,18,core18,P0,P1v,DME,GBL,-0.5471000000000004,-1.0955229154044712,-0.5484229154044709,0.38779356244059765,1.0,0.38779356244059765,1.4108021715388979,2.825015733911993,True,True,True,STABLE,True
P0_to_P1v,all,oxidation,18,core18,P0,P1v,DME,MA,-0.5844000000000005,-1.3460269563509133,-0.7616269563509128,0.5385515855702011,1.0,0.5385515855702011,1.0851328185790345,2.4993463809521295,True,True,True,STABLE,True
P0_to_P1v,all,oxidation,18,core18,P0,P1v,DME,PC,-1.4086999999999996,-1.6828149044341334,-0.2741149044341338,0.1938285077496784,1.0,0.1938285077496784,7.267764769768944,8.68197833214204,True,True,True,STABLE,True
P0_to_P1v,all,oxidation,18,core18,P0,P1v,DME,SL,-0.40110000000000134,-0.9370334909412321,-0.5359334909412308,0.37896220570952344,1.0,0.37896220570952344,1.0584168921252444,2.4726304544983395,True,True,True,STABLE,True
P0_to_P1v,all,oxidation,18,core18,P0,P1v,DME,SN,-1.0717999999999996,-2.747619152032806,-1.6758191520328065,1.1849830864446873,1.0,1.1849830864446873,0.9044854835993722,2.3186990459724672,False,True,False,UNRESOLVED,True
P0_to_P1v,all,oxidation,18,core18,P0,P1v,DME,TEGDME,0.24259999999999948,1.2606949638006304,1.018094963800631,0.7199018527952987,1.0,0.7199018527952987,0.33699038147771215,1.7512039438508071,False,True,False,UNRESOLVED,True
P0_to_P1v,all,oxidation,18,core18,P0,P1v,DME,TMP,-1.0541999999999998,-1.2007938913844285,-0.1465938913844287,0.10365753467845373,1.0,0.10365753467845373,10.170027709709036,11.584241272082132,True,True,True,STABLE,True
P0_to_P1v,all,oxidation,18,core18,P0,P1v,DME,VC,-1.0305999999999997,-0.7628147449644143,0.2677852550355855,0.18935276973743156,1.0,0.18935276973743156,5.442751122305179,4.028537559932084,True,True,True,STABLE,True
P0_to_P1v,all,oxidation,18,core18,P0,P1v,DMSO,DOL,-0.5977999999999994,-0.4989727873973795,0.09882721260261995,0.0698813921970772,1.0,0.0698813921970772,8.554494711755364,7.140281149382268,True,True,True,STABLE,True
P0_to_P1v,all,oxidation,18,core18,P0,P1v,DMSO,EA,-0.9188999999999989,-1.188677242485916,-0.26977724248591706,0.19076131757159953,1.0,0.19076131757159953,4.817014328154359,6.231227890527455,True,True,True,STABLE,True
P0_to_P1v,all,oxidation,18,core18,P0,P1v,DMSO,EC,-1.9779999999999998,-1.9549538554631418,0.023046144536857938,0.016296085082217554,1.0,0.016296085082217554,121.37884590197756,119.96463233960446,True,True,True,STABLE,True
P0_to_P1v,all,oxidation,18,core18,P0,P1v,DMSO,EMC,-1.5443999999999996,-1.3874219035450235,0.15697809645497607,0.11100027650106951,1.0,0.11100027650106951,13.913478855028968,12.499265292655874,True,True,True,STABLE,True
P0_to_P1v,all,oxidation,18,core18,P0,P1v,DMSO,FEC,-2.5711999999999993,-2.50843422385638,0.06276577614361933,0.04438210593759006,1.0,0.04438210593759006,57.93325813821477,56.519044575841676,True,True,True,STABLE,True
P0_to_P1v,all,oxidation,18,core18,P0,P1v,DMSO,GBL,-0.9720999999999993,-1.1373718949196867,-0.1652718949196874,0.11686487763726149,1.0,0.11686487763726149,8.318153577478718,9.732367139851814,True,True,True,STABLE,True
P0_to_P1v,all,oxidation,18,core18,P0,P1v,DMSO,MA,-1.0093999999999994,-1.3878759358661288,-0.3784759358661294,0.26762290076686496,1.0,0.26762290076686496,3.771725054573415,5.18593861694651,True,True,True,STABLE,True
P0_to_P1v,all,oxidation,18,core18,P0,P1v,DMSO,PC,-1.8336999999999986,-1.7246638839493489,0.10903611605064967,0.07710017705365774,1.0,0.07710017705365774,23.783343567730565,22.369130005357473,True,True,True,STABLE,True
P0_to_P1v,all,oxidation,18,core18,P0,P1v,DMSO,SL,-0.8261000000000003,-0.9788824704564476,-0.15278247045644733,0.10803352090618726,1.0,0.10803352090618726,7.646700700584944,9.06091426295804,True,True,True,STABLE,True
P0_to_P1v,all,oxidation,18,core18,P0,P1v,DMSO,SN,-1.4967999999999986,-2.7894681315480216,-1.292668131548023,0.9140544016413512,1.0,0.9140544016413512,1.6375392945017513,3.051752856874846,True,True,True,STABLE,True
P0_to_P1v,all,oxidation,18,core18,P0,P1v,DMSO,TEGDME,-0.18239999999999945,1.218845984285415,1.4012459842854144,0.9908305375986349,1.0,0.9908305375986349,0.1840879878834396,1.2301255744896553,False,True,False,UNRESOLVED,True
P0_to_P1v,all,oxidation,18,core18,P0,P1v,DMSO,TMP,-1.4791999999999987,-1.242642870899644,0.23655712910035476,0.16727115012488242,1.0,0.16727115012488242,8.843126856577765,7.428913294204669,True,True,True,STABLE,True
P0_to_P1v,all,oxidation,18,core18,P0,P1v,DMSO,VC,-1.4555999999999987,-0.8046637244796297,0.6509362755203689,0.46028145454076774,1.0,0.46028145454076774,3.1624128794245703,1.7481993170514751,True,True,True,STABLE,True
P0_to_P1v,all,oxidation,18,core18,P0,P1v,DOL,EA,-0.3210999999999995,-0.6897044550885365,-0.368604455088537,0.2606427097686767,1.0,0.2606427097686767,1.2319546565679098,2.6461682189410047,True,True,True,STABLE,True
P0_to_P1v,all,oxidation,18,core18,P0,P1v,DOL,EC,-1.3802000000000003,-1.4559810680657623,-0.07578106806576201,0.05358530711485964,1.0,0.05358530711485964,25.757060550974423,27.17127411334752,True,True,True,STABLE,True
P0_to_P1v,all,oxidation,18,core18,P0,P1v,DOL,EMC,-0.9466000000000001,-0.888449116147644,0.05815088385235612,0.04111888430399232,1.0,0.04111888430399232,23.021052638534083,21.606839076160988,True,True,True,STABLE,True
P0_to_P1v,all,oxidation,18,core18,P0,P1v,DOL,FEC,-1.9733999999999998,-2.0094614364590004,-0.03606143645900062,0.025499286259487136,1.0,0.025499286259487136,77.39040143783579,78.8046150002089,True,True,True,STABLE,True
P0_to_P1v,all,oxidation,18,core18,P0,P1v,DOL,GBL,-0.37429999999999986,-0.6383991075223072,-0.26409910752230736,0.18674626983433867,1.0,0.18674626983433867,2.0043238364655895,3.4185373988386845,True,True,True,STABLE,True
P0_to_P1v,all,oxidation,18,core18,P0,P1v,DOL,MA,-0.41159999999999997,-0.8889031484687493,-0.4773031484687493,0.33750429296394213,1.0,0.33750429296394213,1.2195400431365002,2.6337536055095954,True,True,True,STABLE,True
P0_to_P1v,all,oxidation,18,core18,P0,P1v,DOL,PC,-1.235899999999999,-1.2256910965519694,0.010208903448029716,0.007218784856580539,1.0,0.007218784856580539,171.20609971820545,169.79188615583234,True,True,True,STABLE,True
P0_to_P1v,all,oxidation,18,core18,P0,P1v,DOL,SL,-0.22830000000000084,-0.4799096830590681,-0.2516096830590673,0.17791491310326446,1.0,0.17791491310326446,1.2831976590264365,2.6974112213995314,True,True,True,STABLE,True
P0_to_P1v,all,oxidation,18,core18,P0,P1v,DOL,SN,-0.8989999999999991,-2.290495344150642,-1.391495344150643,0.9839357938384284,1.0,0.9839357938384284,0.9136775037860076,2.327891066159103,False,True,False,UNRESOLVED,True
P0_to_P1v,all,oxidation,18,core18,P0,P1v,DOL,TEGDME,0.4154,1.7178187716827944,1.3024187716827944,0.9209491454015577,1.0,0.9209491454015577,0.4510563933678171,1.8652699557409123,False,True,False,UNRESOLVED,True
P0_to_P1v,all,oxidation,18,core18,P0,P1v,DOL,TMP,-0.8813999999999993,-0.7436700835022645,0.1377299164977348,0.09738975792780523,1.0,0.09738975792780523,9.050232989113484,7.636019426740389,True,True,True,STABLE,True
P0_to_P1v,all,oxidation,18,core18,P0,P1v,DOL,VC,-0.8577999999999992,-0.30569093708225026,0.552109062917749,0.3904000623436905,1.0,0.3904000623436905,2.197233255677175,0.7830196933040801,True,False,False,UNRESOLVED,True
P0_to_P1v,all,oxidation,18,core18,P0,P1v,EA,EC,-1.0591000000000008,-0.7662766129772258,0.292823387022775,0.20705740265381706,1.0,0.20705740265381706,5.115006691022435,3.70079312864934,True,True,True,STABLE,True
P0_to_P1v,all,oxidation,18,core18,P0,P1v,EA,EMC,-0.6255000000000006,-0.19874466105910749,0.4267553389408931,0.30176159407266906,1.0,0.30176159407266906,2.072828392632928,0.6586148302598328,True,False,False,UNRESOLVED,True
P0_to_P1v,all,oxidation,18,core18,P0,P1v,EA,FEC,-1.6523000000000003,-1.319756981370464,0.3325430186295364,0.2351434235091896,1.0,0.2351434235091896,7.026775298844057,5.612561736470962,True,True,True,STABLE,True
P0_to_P1v,all,oxidation,18,core18,P0,P1v,EA,GBL,-0.05320000000000036,0.05130534756622929,0.10450534756622964,0.07389643993433805,1.0,0.07389643993433805,0.7199264274066807,0.6942871349664143,False,False,False,UNRESOLVED,True
P0_to_P1v,all,oxidation,18,core18,P0,P1v,EA,MA,-0.09050000000000047,-0.1991986933802128,-0.10869869338021232,0.07686158319526541,1.0,0.07686158319526541,1.1774412682872653,2.5916548306603606,True,True,True,STABLE,True
P0_to_P1v,all,oxidation,18,core18,P0,P1v,EA,PC,-0.9147999999999996,-0.5359866414634329,0.3788133585365667,0.26786149462525727,1.0,0.26786149462525727,3.4151978479766947,2.0009842856035998,True,True,True,STABLE,True
P0_to_P1v,all,oxidation,18,core18,P0,P1v,EA,SL,0.09279999999999866,0.2097947720294684,0.11699477202946973,0.08272779666541226,1.0,0.08272779666541226,1.121751137351365,2.53596469972446,True,True,True,STABLE,True
P0_to_P1v,all,oxidation,18,core18,P0,P1v,EA,SN,-0.5778999999999996,-1.6007908890621056,-1.022890889062106,0.7232930840697517,1.0,0.7232930840697517,0.7989845509766677,2.2131981133497627,False,True,False,UNRESOLVED,True
P0_to_P1v,all,oxidation,18,core18,P0,P1v,EA,TEGDME,0.7364999999999995,2.407523226771331,1.6710232267713314,1.1815918551702345,1.0,1.1815918551702345,0.6233116763435124,2.0375252387166074,False,True,False,UNRESOLVED,True
P0_to_P1v,all,oxidation,18,core18,P0,P1v,EA,TMP,-0.5602999999999998,-0.053965628413727984,0.5063343715862718,0.35803246769648195,1.0,0.35803246769648195,1.5649418713472318,0.1507283089741368,True,False,False,UNRESOLVED,True
P0_to_P1v,all,oxidation,18,core18,P0,P1v,EA,VC,-0.5366999999999997,0.38401351800628625,0.920713518006286,0.6510427721123673,1.0,0.6510427721123673,0.8243698002492647,0.5898437621238304,False,False,False,UNRESOLVED,True
P0_to_P1v,all,oxidation,18,core18,P0,P1v,EC,EMC,0.4336000000000002,0.5675319519181183,0.13393195191811813,0.09470419141885196,1.0,0.09470419141885196,4.578466839786429,5.992680402159524,True,True,True,STABLE,True
P0_to_P1v,all,oxidation,18,core18,P0,P1v,EC,FEC,-0.5931999999999995,-0.5534803683932381,0.039719631606761396,0.02808602085537251,1.0,0.02808602085537251,21.12082744133289,19.706613878959793,True,True,True,STABLE,True
P0_to_P1v,all,oxidation,18,core18,P0,P1v,EC,GBL,1.0059000000000005,0.8175819605434551,-0.18831803945654535,0.13316096271947903,1.0,0.13316096271947903,7.554015677395336,6.139802115022241,True,True,True,STABLE,True
P0_to_P1v,all,oxidation,18,core18,P0,P1v,EC,MA,0.9686000000000003,0.567077919597013,-0.4015220804029873,0.2839189858490825,1.0,0.2839189858490825,3.411536558935375,1.99732299656228,True,True,True,STABLE,True
P0_to_P1v,all,oxidation,18,core18,P0,P1v,EC,PC,0.1443000000000012,0.23028997151379293,0.08598997151379173,0.06080409197144018,1.0,0.06080409197144018,2.373195541967459,3.7874091043405542,True,True,True,STABLE,True
P0_to_P1v,all,oxidation,18,core18,P0,P1v,EC,SL,1.1518999999999995,0.9760713850066942,-0.17582861499330527,0.12432960598840481,1.0,0.12432960598840481,9.264889008877159,7.850675446504063,True,True,True,STABLE,True
P0_to_P1v,all,oxidation,18,core18,P0,P1v,EC,SN,0.4812000000000012,-0.8345142760848798,-1.315714276084881,0.9303504867235687,1.0,0.9303504867235687,0.5172244297895211,0.896989132583574,False,False,False,UNRESOLVED,True
P0_to_P1v,all,oxidation,18,core18,P0,P1v,EC,TEGDME,1.7956000000000003,3.1737998397485567,1.3781998397485564,0.9745344525164173,1.0,0.9745344525164173,1.8425208009459788,3.2567343633190737,True,True,True,STABLE,True
P0_to_P1v,all,oxidation,18,core18,P0,P1v,EC,TMP,0.498800000000001,0.7123109845634978,0.21351098456349682,0.15097506504266486,1.0,0.15097506504266486,3.303856831318751,4.718070393691846,True,True,True,STABLE,True
P0_to_P1v,all,oxidation,18,core18,P0,P1v,EC,VC,0.5224000000000011,1.150290130983512,0.627890130983511,0.44398536945855016,1.0,0.44398536945855016,1.176615348017164,2.590828910390259,True,True,True,STABLE,True
P0_to_P1v,all,oxidation,18,core18,P0,P1v,EMC,FEC,-1.0267999999999997,-1.1210123203113564,-0.09421232031135673,0.06661817056347945,1.0,0.06661817056347945,15.413212210947425,16.82742577332052,True,True,True,STABLE,True
P0_to_P1v,all,oxidation,18,core18,P0,P1v,EMC,GBL,0.5723000000000003,0.2500500086253368,-0.3222499913746635,0.227865154138331,1.0,0.227865154138331,2.5115731370342473,1.0973595746611522,True,True,True,STABLE,True
P0_to_P1v,all,oxidation,18,core18,P0,P1v,EMC,MA,0.5350000000000001,-0.0004540323211053021,-0.5354540323211054,0.3786231772679345,1.0,0.3786231772679345,1.4130143956332732,0.001199166739821646,True,False,False,UNRESOLVED,True
P0_to_P1v,all,oxidation,18,core18,P0,P1v,EMC,PC,-0.289299999999999,-0.3372419804043254,-0.0479419804043264,0.03390009944741178,1.0,0.03390009944741178,8.533898269200701,9.948111831573796,True,True,True,STABLE,True
P0_to_P1v,all,oxidation,18,core18,P0,P1v,EMC,SL,0.7182999999999993,0.4085394330885759,-0.3097605669114234,0.21903379740725676,1.0,0.21903379740725676,3.2794025785182384,1.8651890161451432,True,True,True,STABLE,True
P0_to_P1v,all,oxidation,18,core18,P0,P1v,EMC,SN,0.047600000000000975,-1.4020462280029982,-1.4496462280029991,1.0250546781424208,1.0,1.0250546781424208,0.04643654725449431,1.3677770151186006,False,True,False,UNRESOLVED,True
P0_to_P1v,all,oxidation,18,core18,P0,P1v,EMC,TEGDME,1.362,2.6062678878304384,1.2442678878304383,0.8798302610975653,1.0,0.8798302610975653,1.5480258638762214,2.9622394262493166,True,True,True,STABLE,True
P0_to_P1v,all,oxidation,18,core18,P0,P1v,EMC,TMP,0.06520000000000081,0.1447790326453795,0.07957903264537869,0.05627087362381291,1.0,0.05627087362381291,1.158681140013601,2.572894702386696,True,True,True,STABLE,True
P0_to_P1v,all,oxidation,18,core18,P0,P1v,EMC,VC,0.08880000000000088,0.5827581790653937,0.49395817906539286,0.3492811780396982,1.0,0.3492811780396982,0.2542364306556139,1.6684499930287089,False,True,False,UNRESOLVED,True
P0_to_P1v,all,oxidation,18,core18,P0,P1v,FEC,GBL,1.5991,1.3710623289366932,-0.22803767106330675,0.16124698357485154,1.0,0.16124698357485154,9.917084738876314,8.50287117650322,True,True,True,STABLE,True
P0_to_P1v,all,oxidation,18,core18,P0,P1v,FEC,MA,1.5617999999999999,1.1205582879902511,-0.4412417120097487,0.312005006704455,1.0,0.312005006704455,5.005688903830335,3.5914753414572402,True,True,True,STABLE,True
P0_to_P1v,all,oxidation,18,core18,P0,P1v,FEC,PC,0.7375000000000007,0.783770339907031,0.04627033990703033,0.03271807111606768,1.0,0.03271807111606768,22.541059874334042,23.955273436707134,True,True,True,STABLE,True
P0_to_P1v,all,oxidation,18,core18,P0,P1v,FEC,SL,1.745099999999999,1.5295517533999323,-0.21554824660006666,0.15241562684377732,1.0,0.15241562684377732,11.449613377168262,10.035399814795168,True,True,True,STABLE,True
P0_to_P1v,all,oxidation,18,core18,P0,P1v,FEC,SN,1.0744000000000007,-0.2810339076916417,-1.3554339076916424,0.9584365075789412,1.0,0.9584365075789412,1.1209923573487295,0.29322120502436566,True,False,False,UNRESOLVED,True
P0_to_P1v,all,oxidation,18,core18,P0,P1v,FEC,TEGDME,2.3888,3.727280208141795,1.338480208141795,0.9464484316610449,1.0,0.9464484316610449,2.5239621305173334,3.938175692890429,True,True,True,STABLE,True
P0_to_P1v,all,oxidation,18,core18,P0,P1v,FEC,TMP,1.0920000000000005,1.265791352956736,0.17379135295673542,0.12288904418729237,1.0,0.12288904418729237,8.886064719778506,10.3002782821516,True,True,True,STABLE,True
P0_to_P1v,all,oxidation,18,core18,P0,P1v,FEC,VC,1.1156000000000006,1.7037704993767502,0.5881704993767496,0.4158993486031777,1.0,0.4158993486031777,2.682379772285791,4.096593334658886,True,True,True,STABLE,True
P0_to_P1v,all,oxidation,18,core18,P0,P1v,GBL,MA,-0.03730000000000011,-0.2505040409464421,-0.21320404094644196,0.15075802312960346,1.0,0.15075802312960346,0.24741635122088393,1.661629913593979,False,True,False,UNRESOLVED,True
P0_to_P1v,all,oxidation,18,core18,P0,P1v,GBL,PC,-0.8615999999999993,-0.5872919890296622,0.2743080109703371,0.1939650546909192,1.0,0.1939650546909192,4.442037259613324,3.027823697240229,True,True,True,STABLE,True
P0_to_P1v,all,oxidation,18,core18,P0,P1v,GBL,SL,0.14599999999999902,0.1584894244632391,0.012489424463240084,0.00883135673107422,1.0,0.00883135673107422,16.53200119142283,17.94621475379592,True,True,True,STABLE,True
P0_to_P1v,all,oxidation,18,core18,P0,P1v,GBL,SN,-0.5246999999999993,-1.652096236628335,-1.1273962366283357,0.7971895240040897,1.0,0.7971895240040897,0.658187274419461,2.072400836792556,False,True,False,UNRESOLVED,True
P0_to_P1v,all,oxidation,18,core18,P0,P1v,GBL,TEGDME,0.7896999999999998,2.3562178792051016,1.5665178792051018,1.1076954152358964,1.0,1.1076954152358964,0.7129216110656413,2.1271351734387363,False,True,False,UNRESOLVED,True
P0_to_P1v,all,oxidation,18,core18,P0,P1v,GBL,TMP,-0.5070999999999994,-0.10527097597995727,0.40182902402004217,0.2841360277621439,1.0,0.2841360277621439,1.7847085566512644,0.37049499427816934,True,False,False,UNRESOLVED,True
P0_to_P1v,all,oxidation,18,core18,P0,P1v,GBL,VC,-0.4834999999999994,0.33270817044005696,0.8162081704400563,0.5771463321780292,1.0,0.5771463321780292,0.837742480620767,0.576471081752328,False,False,False,UNRESOLVED,True
P0_to_P1v,all,oxidation,18,core18,P0,P1v,MA,PC,-0.8242999999999991,-0.3367879480832201,0.48751205191677904,0.3447230778205227,1.0,0.3447230778205227,2.391194709711789,0.9769811473386938,True,False,False,UNRESOLVED,True
P0_to_P1v,all,oxidation,18,core18,P0,P1v,MA,SL,0.18329999999999913,0.4089934654096812,0.22569346540968205,0.15958937986067767,1.0,0.15958937986067767,1.1485726691840081,2.5627862315571033,True,True,True,STABLE,True
P0_to_P1v,all,oxidation,18,core18,P0,P1v,MA,SN,-0.48739999999999917,-1.4015921956818929,-0.9141921956818937,0.6464315008744862,1.0,0.6464315008744862,0.75398553341019,2.1681990957832853,False,True,False,UNRESOLVED,True
P0_to_P1v,all,oxidation,18,core18,P0,P1v,MA,TEGDME,0.827,2.6067219201515437,1.7797219201515437,1.2584534383655,1.0,1.2584534383655,0.6571558190298412,2.071369381402936,False,True,False,UNRESOLVED,True
P0_to_P1v,all,oxidation,18,core18,P0,P1v,MA,TMP,-0.46979999999999933,0.1452330649664848,0.6150330649664841,0.4348940508917474,1.0,0.4348940508917474,1.0802631101452815,0.33395045222781355,True,False,False,UNRESOLVED,True
P0_to_P1v,all,oxidation,18,core18,P0,P1v,MA,VC,-0.44619999999999926,0.583212211386499,1.0294122113864983,0.7279043553076326,1.0,0.7279043553076326,0.6129926229269815,0.8012209394461135,False,False,False,UNRESOLVED,True
P0_to_P1v,all,oxidation,18,core18,P0,P1v,PC,SL,1.0075999999999983,0.7457814134929013,-0.261818586507097,0.185133697959845,1.0,0.185133697959845,5.442553198599987,4.028339636226892,True,True,True,STABLE,True
P0_to_P1v,all,oxidation,18,core18,P0,P1v,PC,SN,0.3369,-1.0648042475986728,-1.4017042475986727,0.9911545786950089,1.0,0.9911545786950089,0.3399066172337872,1.074306945139308,False,True,False,UNRESOLVED,True
P0_to_P1v,all,oxidation,18,core18,P0,P1v,PC,TEGDME,1.651299999999999,2.943509868234764,1.2922098682347647,0.9137303605449771,1.0,0.9137303605449771,1.8072071054037349,3.22142066777683,True,True,True,STABLE,True
P0_to_P1v,all,oxidation,18,core18,P0,P1v,PC,TMP,0.3544999999999998,0.4820210130497049,0.1275210130497051,0.0901709730712247,1.0,0.0901709730712247,3.9314203665073637,5.345633928880459,True,True,True,STABLE,True
P0_to_P1v,all,oxidation,18,core18,P0,P1v,PC,VC,0.3780999999999999,0.9200001594697191,0.5419001594697193,0.38318127748711,1.0,0.38318127748711,0.9867392333977459,2.400952795770841,False,True,False,UNRESOLVED,True
P0_to_P1v,all,oxidation,18,core18,P0,P1v,SL,SN,-0.6706999999999983,-1.810585661091574,-1.1398856610915757,0.8060208807351639,1.0,0.8060208807351639,0.8321124378170691,2.246326000190164,False,True,False,UNRESOLVED,True
P0_to_P1v,all,oxidation,18,core18,P0,P1v,SL,TEGDME,0.6437000000000008,2.1977284547418625,1.5540284547418617,1.0988640585048222,1.0,1.0988640585048222,0.5857867449735832,2.0000003073466783,False,True,False,UNRESOLVED,True
P0_to_P1v,all,oxidation,18,core18,P0,P1v,SL,TMP,-0.6530999999999985,-0.2637604004431964,0.3893395995568021,0.2753046710310697,1.0,0.2753046710310697,2.372280853623048,0.958067291249953,True,False,False,UNRESOLVED,True
P0_to_P1v,all,oxidation,18,core18,P0,P1v,SL,VC,-0.6294999999999984,0.17421874597681786,0.8037187459768163,0.568314975446955,1.0,0.568314975446955,1.1076604122650895,0.3065531501080055,True,False,False,UNRESOLVED,True
P0_to_P1v,all,oxidation,18,core18,P0,P1v,SN,TEGDME,1.3143999999999991,4.0083141158334366,2.6939141158334374,1.904884939239986,1.0,1.904884939239986,0.6900154297636584,2.104228992136753,False,True,False,UNRESOLVED,True
P0_to_P1v,all,oxidation,18,core18,P0,P1v,SN,TMP,0.017599999999999838,1.5468252606483777,1.5292252606483778,1.0813255517662337,1.0,1.0813255517662337,0.016276319348277727,1.4304898817213727,False,True,False,UNRESOLVED,True
P0_to_P1v,all,oxidation,18,core18,P0,P1v,SN,VC,0.0411999999999999,1.984804407068392,1.943604407068392,1.3743358561821188,1.0,1.3743358561821188,0.029978116204035298,1.4441916785771305,False,True,False,UNRESOLVED,True
P0_to_P1v,all,oxidation,18,core18,P0,P1v,TEGDME,TMP,-1.2967999999999993,-2.461488855185059,-1.1646888551850596,0.8235593874737525,1.0,0.8235593874737525,1.574628399268085,2.98884196164118,True,True,True,STABLE,True
P0_to_P1v,all,oxidation,18,core18,P0,P1v,TEGDME,VC,-1.2731999999999992,-2.0235097087650447,-0.7503097087650454,0.5305490830578672,1.0,0.5305490830578672,2.3997779671237898,3.8139915294968847,True,True,True,STABLE,True
P0_to_P1v,all,oxidation,18,core18,P0,P1v,TMP,VC,0.023600000000000065,0.43797914642001423,0.41437914642001417,0.29301030441588527,1.0,0.29301030441588527,0.08054324248782499,1.49475680486092,False,True,False,UNRESOLVED,True
P0_to_P1v,all,reduction,18,core18,P0,P1v,AN,DEC,0.1506999999999996,-0.17269229869486846,-0.3233922986948681,0.2286728873906467,1.0,0.2286728873906467,0.6590199726763218,0.7551935896967732,False,False,False,UNRESOLVED,True
P0_to_P1v,all,reduction,18,core18,P0,P1v,AN,DMC,0.31259999999999977,-0.26825824236698415,-0.5808582423669839,0.4107288020857935,1.0,0.4107288020857935,0.7610861434906226,0.6531274188824724,False,False,False,UNRESOLVED,True
P0_to_P1v,all,reduction,18,core18,P0,P1v,AN,DME,-6.2183,-0.5328989284042187,5.6854010715957815,4.0201856514906416,1.0,4.0201856514906416,1.5467693631746389,0.13255580080154397,True,False,False,UNRESOLVED,True
P0_to_P1v,all,reduction,18,core18,P0,P1v,AN,DMSO,-0.1394000000000002,0.41708598383627793,0.5564859838362781,0.39349501280589977,1.0,0.39349501280589977,0.3542611607856956,1.0599524015873993,False,True,False,UNRESOLVED,True
P0_to_P1v,all,reduction,18,core18,P0,P1v,AN,DOL,-5.420100000000001,-0.8906993111750241,4.5294006888249765,3.2027699417791604,1.0,3.2027699417791604,1.692316369432735,0.27810280705963997,True,False,False,UNRESOLVED,True
P0_to_P1v,all,reduction,18,core18,P0,P1v,AN,EA,0.6597999999999997,0.4598215894764093,-0.19997841052359044,0.14140609017213804,1.0,0.14140609017213804,4.665994224129983,3.2517806617568885,True,True,True,STABLE,True
P0_to_P1v,all,reduction,18,core18,P0,P1v,AN,EC,0.5831,0.6061189291476352,0.02301892914763526,0.016276840895945565,1.0,0.016276840895945565,35.82390487980046,37.23811844217355,True,True,True,STABLE,True
P0_to_P1v,all,reduction,18,core18,P0,P1v,AN,EMC,0.23430000000000017,-0.1205974225820321,-0.3548974225820323,0.2509503741333828,1.0,0.2509503741333828,0.9336507299864285,0.4805628323866666,False,False,False,UNRESOLVED,True
P0_to_P1v,all,reduction,18,core18,P0,P1v,AN,FEC,1.2366000000000001,0.6400223075833629,-0.5965776924166373,0.4218441318124266,1.0,0.4218441318124266,2.9314144887758107,1.5172009264027155,True,True,True,STABLE,True
P0_to_P1v,all,reduction,18,core18,P0,P1v,AN,GBL,0.7932999999999995,0.6171346500660078,-0.1761653499339917,0.12456771354842663,1.0,0.12456771354842663,6.368423866844101,4.9542103044710055,True,True,True,STABLE,True
P0_to_P1v,all,reduction,18,core18,P0,P1v,AN,MA,0.7424999999999997,0.4602213233250634,-0.28227867667493634,0.1996011664612124,1.0,0.1996011664612124,3.7199181405800372,2.3057045782069423,True,True,True,STABLE,True
P0_to_P1v,all,reduction,18,core18,P0,P1v,AN,PC,0.46199999999999974,0.3106361308493364,-0.15136386915066335,0.10703041830306732,1.0,0.10703041830306732,4.316529892388168,2.9023163300150725,True,True,True,STABLE,True
P0_to_P1v,all,reduction,18,core18,P0,P1v,AN,SL,-1.6477000000000004,0.21868796348345754,1.866387963483458,1.3197355853041035,1.0,1.3197355853041035,1.2485076695270931,0.165705892846002,True,False,False,UNRESOLVED,True
P0_to_P1v,all,reduction,18,core18,P0,P1v,AN,SN,0.7992999999999997,1.3420730346600005,0.5427730346600008,0.3837984934532876,1.0,0.3837984934532876,2.082603276547992,3.4968168389210867,True,True,True,STABLE,True
P0_to_P1v,all,reduction,18,core18,P0,P1v,AN,TEGDME,-5.3126,0.32789727275251535,5.640497272752516,3.988433870827531,1.0,3.988433870827531,1.3320015254252484,0.08221203694784648,True,False,False,UNRESOLVED,True
P0_to_P1v,all,reduction,18,core18,P0,P1v,AN,TMP,-3.5948,0.28324046416964777,3.878040464169648,2.7421887099301845,1.0,2.7421887099301845,1.3109236381078686,0.10328992426522644,True,False,False,UNRESOLVED,True
P0_to_P1v,all,reduction,18,core18,P0,P1v,AN,VC,1.3768000000000002,1.2071022544845507,-0.16969774551544958,0.11999442660604344,1.0,0.11999442660604344,11.473866236472842,10.059652674099747,True,True,True,STABLE,True
P0_to_P1v,all,reduction,18,core18,P0,P1v,DEC,DMC,0.16190000000000015,-0.09556594367211568,-0.25746594367211584,0.1820559146951468,1.0,0.1820559146951468,0.8892872295366082,0.5249263328364868,False,False,False,UNRESOLVED,True
P0_to_P1v,all,reduction,18,core18,P0,P1v,DEC,DME,-6.369,-0.36020662970935025,6.0087933702906495,4.248858538881287,1.0,4.248858538881287,1.4989908328830688,0.08477727050997363,True,False,False,UNRESOLVED,True
P0_to_P1v,all,reduction,18,core18,P0,P1v,DEC,DMSO,-0.2900999999999998,0.5897782825311464,0.8798782825311462,0.6221679001965464,1.0,0.6221679001965464,0.46627284999492186,0.9479407123781732,False,False,False,UNRESOLVED,True
P0_to_P1v,all,reduction,18,core18,P0,P1v,DEC,DOL,-5.5708,-0.7180070124801556,4.852792987519845,3.431442829169807,1.0,3.431442829169807,1.6234570346456225,0.20924347227252743,True,False,False,UNRESOLVED,True
P0_to_P1v,all,reduction,18,core18,P0,P1v,DEC,EA,0.5091000000000001,0.6325138881712777,0.12341388817127763,0.08726679721850866,1.0,0.08726679721850866,5.8338339004840165,7.248047462857111,True,True,True,STABLE,True
P0_to_P1v,all,reduction,18,core18,P0,P1v,DEC,EC,0.43240000000000034,0.7788112278425037,0.34641122784250333,0.24494972828659226,1.0,0.24494972828659226,1.765260174096174,3.179473736469269,True,True,True,STABLE,True
P0_to_P1v,all,reduction,18,core18,P0,P1v,DEC,EMC,0.08360000000000056,0.052094876112836364,-0.0315051238871642,0.022277486742736087,1.0,0.022277486742736087,3.752667478402141,2.3384539160290463,True,True,True,STABLE,True
P0_to_P1v,all,reduction,18,core18,P0,P1v,DEC,FEC,1.0859000000000005,0.8127146062782313,-0.2731853937217692,0.19317124442177988,1.0,0.19317124442177988,5.6214370997631065,4.2072235373900115,True,True,True,STABLE,True
P0_to_P1v,all,reduction,18,core18,P0,P1v,DEC,GBL,0.6425999999999998,0.7898269487608762,0.14722694876087639,0.10410517384222007,1.0,0.10410517384222007,6.172603880129079,7.5868174425021735,True,True,True,STABLE,True
P0_to_P1v,all,reduction,18,core18,P0,P1v,DEC,MA,0.5918000000000001,0.6329136220199318,0.04111362201993174,0.029071720929434296,1.0,0.029071720929434296,20.356552040261892,21.770765602634988,True,True,True,STABLE,True
P0_to_P1v,all,reduction,18,core18,P0,P1v,DEC,PC,0.31130000000000013,0.48332842954420485,0.17202842954420472,0.12164246908757938,1.0,0.12164246908757938,2.5591391093506357,3.9733526717237306,True,True,True,STABLE,True
P0_to_P1v,all,reduction,18,core18,P0,P1v,DEC,SL,-1.7984,0.391380262178326,2.189780262178326,1.5484084726947502,1.0,1.5484084726947502,1.1614506325131253,0.25276292985996973,True,False,False,UNRESOLVED,True
P0_to_P1v,all,reduction,18,core18,P0,P1v,DEC,SN,0.6486000000000001,1.514765333354869,0.8661653333548689,0.6124713808439343,1.0,0.6124713808439343,1.0589882568982791,2.4732018192713743,True,True,True,STABLE,True
P0_to_P1v,all,reduction,18,core18,P0,P1v,DEC,TEGDME,-5.463299999999999,0.5005895714473838,5.963889571447384,4.217106758218177,1.0,4.217106758218177,1.2955090570930594,0.11870450528003569,True,False,False,UNRESOLVED,True
P0_to_P1v,all,reduction,18,core18,P0,P1v,DEC,TMP,-3.7455,0.45593276286451623,4.201432762864516,2.970861597320831,1.0,2.970861597320831,1.2607453687434478,0.15346819362964717,True,False,False,UNRESOLVED,True
P0_to_P1v,all,reduction,18,core18,P0,P1v,DEC,VC,1.2261000000000006,1.3797945531794191,0.1536945531794185,0.10867846078460326,1.0,0.10867846078460326,11.281904354811264,12.696117917184358,True,True,True,STABLE,True
P0_to_P1v,all,reduction,18,core18,P0,P1v,DMC,DME,-6.5309,-0.26464068603723456,6.266259313962765,4.430914453576435,1.0,4.430914453576435,1.4739395374082547,0.05972597503515973,True,False,False,UNRESOLVED,True
P0_to_P1v,all,reduction,18,core18,P0,P1v,DMC,DMSO,-0.45199999999999996,0.6853442262032621,1.137344226203262,0.8042238148916933,1.0,0.8042238148916933,0.5620325979290627,0.8521809644440324,False,False,False,UNRESOLVED,True
P0_to_P1v,all,reduction,18,core18,P0,P1v,DMC,DOL,-5.7327,-0.62244106880804,5.110258931191961,3.613498743864954,1.0,3.613498743864954,1.586467965357136,0.17225440298404107,True,False,False,UNRESOLVED,True
P0_to_P1v,all,reduction,18,core18,P0,P1v,DMC,EA,0.34719999999999995,0.7280798318433934,0.38087983184339347,0.2693227119136555,1.0,0.2693227119136555,1.28915975014878,2.703373312521875,True,True,True,STABLE,True
P0_to_P1v,all,reduction,18,core18,P0,P1v,DMC,EC,0.2705000000000002,0.8743771715146194,0.6038771715146192,0.42700564298173904,1.0,0.42700564298173904,0.6334810896435112,2.0476946520166064,False,True,False,UNRESOLVED,True
P0_to_P1v,all,reduction,18,core18,P0,P1v,DMC,EMC,-0.07829999999999959,0.14766081978495205,0.22596081978495164,0.1597784279524107,1.0,0.1597784279524107,0.49005363867593504,0.9241599236971599,False,False,False,UNRESOLVED,True
P0_to_P1v,all,reduction,18,core18,P0,P1v,DMC,FEC,0.9240000000000004,0.908280549950347,-0.01571945004965336,0.011115329726633103,1.0,0.011115329726633103,83.12843817723483,81.71422461486173,True,True,True,STABLE,True
P0_to_P1v,all,reduction,18,core18,P0,P1v,DMC,GBL,0.4806999999999997,0.8853928924329919,0.4046928924329922,0.2861610885373668,1.0,0.2861610885373668,1.679823076075663,3.0940366384487583,True,True,True,STABLE,True
P0_to_P1v,all,reduction,18,core18,P0,P1v,DMC,MA,0.42989999999999995,0.7284795656920475,0.2985795656920476,0.2111276356245811,1.0,0.2111276356245811,2.0362090388035763,3.450422601176671,True,True,True,STABLE,True
P0_to_P1v,all,reduction,18,core18,P0,P1v,DMC,PC,0.14939999999999998,0.5788943732163205,0.42949437321632056,0.3036983837827262,1.0,0.3036983837827262,0.49193544640950304,1.906149008782598,False,True,False,UNRESOLVED,True
P0_to_P1v,all,reduction,18,core18,P0,P1v,DMC,SL,-1.9603000000000002,0.4869462058504417,2.447246205850442,1.730464387389897,1.0,1.730464387389897,1.1328173028494217,0.28139625952367325,True,False,False,UNRESOLVED,True
P0_to_P1v,all,reduction,18,core18,P0,P1v,DMC,SN,0.4866999999999999,1.6103312770269846,1.1236312770269847,0.7945272955390811,1.0,0.7945272955390811,0.6125654873439904,2.0267790497170854,False,True,False,UNRESOLVED,True
P0_to_P1v,all,reduction,18,core18,P0,P1v,DMC,TEGDME,-5.6251999999999995,0.5961555151194995,6.221355515119499,4.399162672913325,1.0,4.399162672913325,1.2786978837212986,0.13551567865179634,True,False,False,UNRESOLVED,True
P0_to_P1v,all,reduction,18,core18,P0,P1v,DMC,TMP,-3.9074,0.5514987065366319,4.4588987065366315,3.1529175120159776,1.0,3.1529175120159776,1.2392966149950448,0.17491694737805027,True,False,False,UNRESOLVED,True
P0_to_P1v,all,reduction,18,core18,P0,P1v,DMC,VC,1.0642000000000005,1.4753604968515348,0.41116049685153433,0.29073437547975006,1.0,0.29073437547975006,3.6603858702430014,5.074599432616097,True,True,True,STABLE,True
P0_to_P1v,all,reduction,18,core18,P0,P1v,DME,DMSO,6.0789,0.9499849122404966,-5.128915087759504,3.6266906386847415,1.0,3.6266906386847415,1.6761562001341748,0.26194263776107984,True,False,False,UNRESOLVED,True
P0_to_P1v,all,reduction,18,core18,P0,P1v,DME,DOL,0.7982,-0.3578003827708054,-1.1560003827708054,0.8174157097114811,1.0,0.8174157097114811,0.976492120859454,0.43772144151364095,False,False,False,UNRESOLVED,True
P0_to_P1v,all,reduction,18,core18,P0,P1v,DME,EA,6.8781,0.992720517880628,-5.885379482119372,4.161591741662779,1.0,4.161591741662779,1.6527570283124002,0.23854346593930498,True,False,False,UNRESOLVED,True
P0_to_P1v,all,reduction,18,core18,P0,P1v,DME,EC,6.8014,1.139017857551854,-5.662382142448147,4.003908810594695,1.0,4.003908810594695,1.6986900355979377,0.28447647322484276,True,False,False,UNRESOLVED,True
P0_to_P1v,all,reduction,18,core18,P0,P1v,DME,EMC,6.4526,0.4123015058221866,-6.040298494177813,4.271136025624024,1.0,4.271136025624024,1.510745609900649,0.09653204752755405,True,False,False,UNRESOLVED,True
P0_to_P1v,all,reduction,18,core18,P0,P1v,DME,FEC,7.4549,1.1729212359875816,-6.281978764012418,4.4420297833030675,1.0,4.4420297833030675,1.6782642989071945,0.26405073653409955,True,False,False,UNRESOLVED,True
P0_to_P1v,all,reduction,18,core18,P0,P1v,DME,GBL,7.0116,1.1500335784702265,-5.861566421529773,4.144753365039067,1.0,4.144753365039067,1.6916808751861427,0.2774673128130476,True,False,False,UNRESOLVED,True
P0_to_P1v,all,reduction,18,core18,P0,P1v,DME,MA,6.9608,0.9931202517292821,-5.967679748270718,4.219786817951853,1.0,4.219786817951853,1.6495620040299916,0.2353484416568964,True,False,False,UNRESOLVED,True
P0_to_P1v,all,reduction,18,core18,P0,P1v,DME,PC,6.6803,0.8435350592535551,-5.836764940746445,4.127216069793708,1.0,4.127216069793708,1.6185971092940388,0.20438354692094365,True,False,False,UNRESOLVED,True
P0_to_P1v,all,reduction,18,core18,P0,P1v,DME,SL,4.5706,0.7515868918876762,-3.8190131081123235,2.7004500661865376,1.0,2.7004500661865376,1.6925326845441024,0.2783191221710075,True,False,False,UNRESOLVED,True
P0_to_P1v,all,reduction,18,core18,P0,P1v,DME,SN,7.0176,1.8749719630642192,-5.142628036935781,3.6363871580373535,1.0,3.6363871580373535,1.9298275169873742,0.5156139546142791,True,False,False,UNRESOLVED,True
P0_to_P1v,all,reduction,18,core18,P0,P1v,DME,TEGDME,0.9057,0.860796201156734,-0.044903798843265896,0.03175178066310996,1.0,0.03175178066310996,28.524384493883378,27.110170931510282,True,True,True,STABLE,True
P0_to_P1v,all,reduction,18,core18,P0,P1v,DME,TMP,2.6235,0.8161393925738665,-1.8073606074261335,1.2779969415604566,1.0,1.2779969415604566,2.0528218141090857,0.6386082517359909,True,False,False,UNRESOLVED,True
P0_to_P1v,all,reduction,18,core18,P0,P1v,DME,VC,7.5951,1.7400011828887694,-5.855098817111231,4.140180078096684,1.0,4.140180078096684,1.8344854225499307,0.4202718601768355,True,False,False,UNRESOLVED,True
P0_to_P1v,all,reduction,18,core18,P0,P1v,DMSO,DOL,-5.2807,-1.307785295011302,3.9729147049886984,2.8092749289732604,1.0,2.8092749289732604,1.879737702258284,0.46552413988518887,True,False,False,UNRESOLVED,True
P0_to_P1v,all,reduction,18,core18,P0,P1v,DMSO,EA,0.7991999999999999,0.04273560564013135,-0.7564643943598686,0.5349011029780378,1.0,0.5349011029780378,1.4941079679037674,0.07989440553067247,True,False,False,UNRESOLVED,True
P0_to_P1v,all,reduction,18,core18,P0,P1v,DMSO,EC,0.7225000000000001,0.18903294531135728,-0.5334670546886429,0.37721817190995416,1.0,0.37721817190995416,1.9153372074886899,0.5011236451155947,True,False,False,UNRESOLVED,True
P0_to_P1v,all,reduction,18,core18,P0,P1v,DMSO,EMC,0.37370000000000037,-0.53768340641831,-0.9113834064183104,0.6444453869392825,1.0,0.6444453869392825,0.5798784622772218,0.8343351000958732,False,False,False,UNRESOLVED,True
P0_to_P1v,all,reduction,18,core18,P0,P1v,DMSO,FEC,1.3760000000000003,0.22293632374708494,-1.1530636762529154,0.8153391446183264,1.0,0.8153391446183264,1.6876412828726979,0.2734277204996028,True,False,False,UNRESOLVED,True
P0_to_P1v,all,reduction,18,core18,P0,P1v,DMSO,GBL,0.9326999999999996,0.20004866622972983,-0.7326513337702698,0.5180627263543264,1.0,0.5180627263543264,1.800361138821024,0.38614757644792913,True,False,False,UNRESOLVED,True
P0_to_P1v,all,reduction,18,core18,P0,P1v,DMSO,MA,0.8818999999999999,0.04313533948878545,-0.8387646605112145,0.5930961792671121,1.0,0.5930961792671121,1.4869426424054226,0.07272908003232749,True,False,False,UNRESOLVED,True
P0_to_P1v,all,reduction,18,core18,P0,P1v,DMSO,PC,0.6013999999999999,-0.10644985298694154,-0.7078498529869415,0.5005254311089671,1.0,0.5005254311089671,1.201537349795663,0.21267621257743213,True,False,False,UNRESOLVED,True
P0_to_P1v,all,reduction,18,core18,P0,P1v,DMSO,SL,-1.5083000000000002,-0.1983980203528204,1.3099019796471798,0.9262405724982038,1.0,0.9262405724982038,1.6284106362690403,0.21419707389594525,True,False,False,UNRESOLVED,True
P0_to_P1v,all,reduction,18,core18,P0,P1v,DMSO,SN,0.9386999999999999,0.9249870508237226,-0.0137129491762773,0.00969651935261216,1.0,0.00969651935261216,96.80793343099161,95.3937198686185,True,True,True,STABLE,True
P0_to_P1v,all,reduction,18,core18,P0,P1v,DMSO,TEGDME,-5.1732,-0.08918871108376258,5.084011288916237,3.594938858021631,1.0,3.594938858021631,1.4390230833708582,0.02480952099776322,True,False,False,UNRESOLVED,True
P0_to_P1v,all,reduction,18,core18,P0,P1v,DMSO,TMP,-3.4554,-0.13384551966663016,3.32155448033337,2.348693697124285,1.0,2.348693697124285,1.4712007803447313,0.05698721797163639,True,False,False,UNRESOLVED,True
P0_to_P1v,all,reduction,18,core18,P0,P1v,DMSO,VC,1.5162000000000004,0.7900162706482727,-0.7261837293517277,0.5134894394119431,1.0,0.5134894394119431,2.952738427758862,1.5385248653857668,True,True,True,STABLE,True
P0_to_P1v,all,reduction,18,core18,P0,P1v,DOL,EA,6.0799,1.3505209006514334,-4.7293790993485665,3.3441760319512985,1.0,3.3441760319512985,1.8180562093354966,0.40384264696240163,True,False,False,UNRESOLVED,True
P0_to_P1v,all,reduction,18,core18,P0,P1v,DOL,EC,6.0032000000000005,1.4968182403226593,-4.506381759677341,3.1864931008832147,1.0,3.1864931008832147,1.883951984184766,0.4697384218116711,True,False,False,UNRESOLVED,True
P0_to_P1v,all,reduction,18,core18,P0,P1v,DOL,EMC,5.654400000000001,0.770101888592992,-4.884298111407009,3.453720315912543,1.0,3.453720315912543,1.637191052775214,0.22297749040211887,True,False,False,UNRESOLVED,True
P0_to_P1v,all,reduction,18,core18,P0,P1v,DOL,FEC,6.656700000000001,1.530721618758387,-5.125978381241614,3.624614073591587,1.0,3.624614073591587,1.8365265556131212,0.422312993240026,True,False,False,UNRESOLVED,True
P0_to_P1v,all,reduction,18,core18,P0,P1v,DOL,GBL,6.2134,1.5078339612410319,-4.705566038758969,3.327337655327587,1.0,3.327337655327587,1.867378860709065,0.4531652983359697,True,False,False,UNRESOLVED,True
P0_to_P1v,all,reduction,18,core18,P0,P1v,DOL,MA,6.1626,1.3509206345000875,-4.811679365499913,3.4023711082403727,1.0,3.4023711082403727,1.8112662622470814,0.3970526998739865,True,False,False,UNRESOLVED,True
P0_to_P1v,all,reduction,18,core18,P0,P1v,DOL,PC,5.8821,1.2013354420243605,-4.68076455797564,3.3098003600822277,1.0,3.3098003600822277,1.7771766753490434,0.36296311297594847,True,False,False,UNRESOLVED,True
P0_to_P1v,all,reduction,18,core18,P0,P1v,DOL,SL,3.7723999999999998,1.1093872746584816,-2.663012725341518,1.8830343564750565,1.0,1.8830343564750565,2.003362279093908,0.5891487167208131,True,False,False,UNRESOLVED,True
P0_to_P1v,all,reduction,18,core18,P0,P1v,DOL,SN,6.2194,2.2327723458350244,-3.986627654164976,2.8189714483258728,1.0,2.8189714483258728,2.2062656944232515,0.7920521320501562,True,False,False,UNRESOLVED,True
P0_to_P1v,all,reduction,18,core18,P0,P1v,DOL,TEGDME,0.10750000000000001,1.2185965839275394,1.1110965839275395,0.785663929048371,1.0,0.785663929048371,0.13682695109880952,1.5510405134719047,False,True,False,UNRESOLVED,True
P0_to_P1v,all,reduction,18,core18,P0,P1v,DOL,TMP,1.8253,1.1739397753446719,-0.6513602246553281,0.4605812318489755,1.0,0.4605812318489755,3.963035994047008,2.5488224316739125,True,True,True,STABLE,True
P0_to_P1v,all,reduction,18,core18,P0,P1v,DOL,VC,6.796900000000001,2.0978015656595748,-4.699098434340426,3.3227643683852035,1.0,3.3227643683852035,2.045555822335713,0.6313422599626178,True,False,False,UNRESOLVED,True
P0_to_P1v,all,reduction,18,core18,P0,P1v,EA,EC,-0.07669999999999977,0.14629733967122593,0.2229973396712257,0.15768293106808362,1.0,0.15768293106808362,0.486419167125214,0.9277943952478809,False,False,False,UNRESOLVED,True
P0_to_P1v,all,reduction,18,core18,P0,P1v,EA,EMC,-0.42549999999999955,-0.5804190120584414,-0.15491901205844183,0.10954428396124474,1.0,0.10954428396124474,3.8842738718392242,5.298487434212319,True,True,True,STABLE,True
P0_to_P1v,all,reduction,18,core18,P0,P1v,EA,FEC,0.5768000000000004,0.1802007181069536,-0.39659928189304683,0.2804380416402885,1.0,0.2804380416402885,2.0567822989573172,0.6425687365842219,True,False,False,UNRESOLVED,True
P0_to_P1v,all,reduction,18,core18,P0,P1v,EA,GBL,0.13349999999999973,0.15731306058959849,0.023813060589598756,0.016838376623711404,1.0,0.016838376623711404,7.92831773414595,9.342531296519045,True,True,True,STABLE,True
P0_to_P1v,all,reduction,18,core18,P0,P1v,EA,MA,0.0827,0.00039973384865410466,-0.08230026615134589,0.05819507628907437,1.0,0.05819507628907437,1.4210824226641012,0.006868860291006291,True,False,False,UNRESOLVED,True
P0_to_P1v,all,reduction,18,core18,P0,P1v,EA,PC,-0.19779999999999998,-0.1491854586270729,0.04861454137292709,0.03437567186907072,1.0,0.03437567186907072,5.75406935327333,4.339855790900235,True,True,True,STABLE,True
P0_to_P1v,all,reduction,18,core18,P0,P1v,EA,SL,-2.3075,-0.24113362599295174,2.0663663740070484,1.4611416754762416,1.0,1.4611416754762416,1.5792445309917658,0.1650309686186708,True,False,False,UNRESOLVED,True
P0_to_P1v,all,reduction,18,core18,P0,P1v,EA,SN,0.13949999999999996,0.8822514451835912,0.7427514451835913,0.5252045836254257,1.0,0.5252045836254257,0.2656107816825356,1.6798243440556306,False,True,False,UNRESOLVED,True
P0_to_P1v,all,reduction,18,core18,P0,P1v,EA,TEGDME,-5.9723999999999995,-0.13192431672389393,5.840475683276106,4.129839960999669,1.0,4.129839960999669,1.4461577340528036,0.031944171679708463,True,False,False,UNRESOLVED,True
P0_to_P1v,all,reduction,18,core18,P0,P1v,EA,TMP,-4.2546,-0.1765811253067615,4.078018874693239,2.8835948001023226,1.0,2.8835948001023226,1.4754500180985997,0.06123645572550472,True,False,False,UNRESOLVED,True
P0_to_P1v,all,reduction,18,core18,P0,P1v,EA,VC,0.7170000000000005,0.7472806650081414,0.03028066500814086,0.021411663566094606,1.0,0.021411663566094606,33.486421911437596,34.900635473810695,True,True,True,STABLE,True
P0_to_P1v,all,reduction,18,core18,P0,P1v,EC,EMC,-0.3487999999999998,-0.7267163517296673,-0.37791635172966753,0.26722721502932834,1.0,0.26722721502932834,1.3052562777399703,2.7194698401130655,True,True,True,STABLE,True
P0_to_P1v,all,reduction,18,core18,P0,P1v,EC,FEC,0.6535000000000002,0.03390337843572766,-0.6195966215642725,0.43812097270837214,1.0,0.43812097270837214,1.4915971631309954,0.07738360075790043,True,False,False,UNRESOLVED,True
P0_to_P1v,all,reduction,18,core18,P0,P1v,EC,GBL,0.2101999999999995,0.011015720918372551,-0.19918427908162695,0.1408445544443722,1.0,0.1408445544443722,1.4924254674185495,0.07821190504545426,True,False,False,UNRESOLVED,True
P0_to_P1v,all,reduction,18,core18,P0,P1v,EC,MA,0.15939999999999976,-0.14589760582257183,-0.3052976058225716,0.21587800735715795,1.0,0.21587800735715795,0.7383799857679874,0.6758335766051078,False,False,False,UNRESOLVED,True
P0_to_P1v,all,reduction,18,core18,P0,P1v,EC,PC,-0.12110000000000021,-0.2954827982982988,-0.1743827982982986,0.12330725919901289,1.0,0.12330725919901289,0.98209951941718,2.396313081790275,False,True,False,UNRESOLVED,True
P0_to_P1v,all,reduction,18,core18,P0,P1v,EC,SL,-2.2308000000000003,-0.3874309656641777,1.8433690343358227,1.303458744408158,1.0,1.303458744408158,1.711446572106819,0.29723300973372396,True,False,False,UNRESOLVED,True
P0_to_P1v,all,reduction,18,core18,P0,P1v,EC,SN,0.21619999999999973,0.7359541055123653,0.5197541055123656,0.367521652557342,1.0,0.367521652557342,0.5882646600427643,2.0024782224158595,False,True,False,UNRESOLVED,True
P0_to_P1v,all,reduction,18,core18,P0,P1v,EC,TEGDME,-5.8957,-0.27822165639511987,5.61747834360488,3.9721570299315854,1.0,3.9721570299315854,1.4842565275173787,0.07004296514428379,True,False,False,UNRESOLVED,True
P0_to_P1v,all,reduction,18,core18,P0,P1v,EC,TMP,-4.1779,-0.32287846497798744,3.8550215350220127,2.7259118690342388,1.0,2.7259118690342388,1.5326614361454705,0.11844787377237541,True,False,False,UNRESOLVED,True
P0_to_P1v,all,reduction,18,core18,P0,P1v,EC,VC,0.7937000000000003,0.6009833253369155,-0.19271667466308484,0.136271267501989,1.0,0.136271267501989,5.824411958217205,4.41019839584411,True,True,True,STABLE,True
P0_to_P1v,all,reduction,18,core18,P0,P1v,EMC,FEC,1.0023,0.760619730165395,-0.241680269834605,0.1708937576790438,1.0,0.1708937576790438,5.8650474634797565,4.4508339011066615,True,True,True,STABLE,True
P0_to_P1v,all,reduction,18,core18,P0,P1v,EMC,GBL,0.5589999999999993,0.7377320726480399,0.17873207264804059,0.12638266058495615,1.0,0.12638266058495615,4.4230751070811,5.837288669454195,True,True,True,STABLE,True
P0_to_P1v,all,reduction,18,core18,P0,P1v,EMC,MA,0.5081999999999995,0.5808187459070955,0.07261874590709594,0.05134920767217038,1.0,0.05134920767217038,9.89693946680754,11.311153029180634,True,True,True,STABLE,True
P0_to_P1v,all,reduction,18,core18,P0,P1v,EMC,PC,0.22769999999999957,0.4312335534313685,0.20353355343136892,0.14391995583031547,1.0,0.14391995583031547,1.5821294460961512,2.996343008469246,True,True,True,STABLE,True
P0_to_P1v,all,reduction,18,core18,P0,P1v,EMC,SL,-1.8820000000000006,0.33928538606548964,2.22128538606549,1.5706859594374865,1.0,1.5706859594374865,1.1982025997571186,0.21601096261597622,True,False,False,UNRESOLVED,True
P0_to_P1v,all,reduction,18,core18,P0,P1v,EMC,SN,0.5649999999999995,1.4626704572420326,0.8976704572420331,0.6347488675866704,1.0,0.6347488675866704,0.8901158061898438,2.304329368562939,False,True,False,UNRESOLVED,True
P0_to_P1v,all,reduction,18,core18,P0,P1v,EMC,TEGDME,-5.5469,0.44849469533454744,5.995394695334547,4.239384244960913,1.0,4.239384244960913,1.3084211478573209,0.10579241451577422,True,False,False,UNRESOLVED,True
P0_to_P1v,all,reduction,18,core18,P0,P1v,EMC,TMP,-3.8291000000000004,0.40383788675167986,4.23293788675168,2.993139084063567,1.0,2.993139084063567,1.2792923724752243,0.13492118989787089,True,False,False,UNRESOLVED,True
P0_to_P1v,all,reduction,18,core18,P0,P1v,EMC,VC,1.1425,1.3276996770665828,0.1851996770665827,0.13095594752733936,1.0,0.13095594752733936,8.724307842234374,10.13852140460747,True,True,True,STABLE,True
P0_to_P1v,all,reduction,18,core18,P0,P1v,FEC,GBL,-0.4433000000000007,-0.02288765751735511,0.4204123424826456,0.2972764182639999,1.0,0.2972764182639999,1.491204726526013,0.07699116415291793,True,False,False,UNRESOLVED,True
P0_to_P1v,all,reduction,18,core18,P0,P1v,FEC,MA,-0.4941000000000004,-0.1798009842582995,0.31429901574170094,0.22224296535121418,1.0,0.22224296535121418,2.223242473475667,0.8090289111025721,True,False,False,UNRESOLVED,True
P0_to_P1v,all,reduction,18,core18,P0,P1v,FEC,PC,-0.7746000000000004,-0.3293861767340265,0.4452138232659739,0.31481371350935927,1.0,0.31481371350935927,2.4605027251361204,1.0462891627630255,True,True,True,STABLE,True
P0_to_P1v,all,reduction,18,core18,P0,P1v,FEC,SL,-2.8843000000000005,-0.42133434409990533,2.462965655900095,1.7415797171165301,1.0,1.7415797171165301,1.6561400960591288,0.24192653368603373,True,False,False,UNRESOLVED,True
P0_to_P1v,all,reduction,18,core18,P0,P1v,FEC,SN,-0.43730000000000047,0.7020507270766376,1.139350727076638,0.8056426252657142,1.0,0.8056426252657142,0.5427965034195797,0.8714170589535152,False,False,False,UNRESOLVED,True
P0_to_P1v,all,reduction,18,core18,P0,P1v,FEC,TEGDME,-6.5492,-0.3121250348308475,6.237074965169152,4.4102780026399575,1.0,4.4102780026399575,1.4849857528436303,0.0707721904705354,True,False,False,UNRESOLVED,True
P0_to_P1v,all,reduction,18,core18,P0,P1v,FEC,TMP,-4.8314,-0.3567818434137151,4.474618156586285,3.1640328417426113,1.0,3.1640328417426113,1.5269753007175095,0.11276173834441466,True,False,False,UNRESOLVED,True
P0_to_P1v,all,reduction,18,core18,P0,P1v,FEC,VC,0.1402000000000001,0.5670799469011878,0.4268799469011877,0.30184970520638316,1.0,0.30184970520638316,0.4644695607840379,1.8786831231571328,False,True,False,UNRESOLVED,True
P0_to_P1v,all,reduction,18,core18,P0,P1v,GBL,MA,-0.050799999999999734,-0.15691332674094438,-0.10611332674094465,0.07503345291278576,1.0,0.07503345291278576,0.6770313510567947,2.09124491342989,False,True,False,UNRESOLVED,True
P0_to_P1v,all,reduction,18,core18,P0,P1v,GBL,PC,-0.3312999999999997,-0.3064985192166714,0.024801480783328334,0.01753729524535931,1.0,0.01753729524535931,18.891168527693445,17.47695496532035,True,True,True,STABLE,True
P0_to_P1v,all,reduction,18,core18,P0,P1v,GBL,SL,-2.441,-0.3984466865825502,2.0425533134174496,1.4443032988525302,1.0,1.4443032988525302,1.6900882258867131,0.275874663513618,True,False,False,UNRESOLVED,True
P0_to_P1v,all,reduction,18,core18,P0,P1v,GBL,SN,0.006000000000000227,0.7249383845939927,0.7189383845939925,0.5083662070017142,1.0,0.5083662070017142,0.011802515425617178,1.4260160777987123,False,True,False,UNRESOLVED,True
P0_to_P1v,all,reduction,18,core18,P0,P1v,GBL,TEGDME,-6.105899999999999,-0.2892373773134924,5.816662622686507,4.113001584375958,1.0,4.113001584375958,1.4845362625666025,0.07032270019350764,True,False,False,UNRESOLVED,True
P0_to_P1v,all,reduction,18,core18,P0,P1v,GBL,TMP,-4.3881,-0.33389418589636,4.054205814103639,2.866756423478611,1.0,2.866756423478611,1.5306846316142002,0.11647106924110506,True,False,False,UNRESOLVED,True
P0_to_P1v,all,reduction,18,core18,P0,P1v,GBL,VC,0.5835000000000008,0.5899676044185429,0.0064676044185421055,0.0045732869423832,1.0,0.0045732869423832,127.58875779089672,129.00297135326983,True,True,True,STABLE,True
P0_to_P1v,all,reduction,18,core18,P0,P1v,MA,PC,-0.28049999999999997,-0.149585192475727,0.13091480752427298,0.09257074815814507,1.0,0.09257074815814507,3.0301148643716505,1.6159013019985553,True,True,True,STABLE,True
P0_to_P1v,all,reduction,18,core18,P0,P1v,MA,SL,-2.3902,-0.24153335984160584,2.1486666401583943,1.519336751765316,1.0,1.519336751765316,1.5731864560130129,0.15897289363991784,True,False,False,UNRESOLVED,True
P0_to_P1v,all,reduction,18,core18,P0,P1v,MA,SN,0.05679999999999996,0.8818517113349371,0.8250517113349372,0.5833996599144999,1.0,0.5833996599144999,0.09736035843477228,1.5115739208078673,False,True,False,UNRESOLVED,True
P0_to_P1v,all,reduction,18,core18,P0,P1v,MA,TEGDME,-6.0550999999999995,-0.13232405057254804,5.922775949427452,4.188035037288743,1.0,4.188035037288743,1.445809298653805,0.031595736280709864,True,False,False,UNRESOLVED,True
P0_to_P1v,all,reduction,18,core18,P0,P1v,MA,TMP,-4.3373,-0.17698085915541562,4.160319140844584,2.9417898763913968,1.0,2.9417898763913968,1.4743745074411747,0.06016094506807964,True,False,False,UNRESOLVED,True
P0_to_P1v,all,reduction,18,core18,P0,P1v,MA,VC,0.6343000000000005,0.7468809311594873,0.11258093115948675,0.07960673985516897,1.0,0.07960673985516897,7.967918308851767,9.382131871224862,True,True,True,STABLE,True
P0_to_P1v,all,reduction,18,core18,P0,P1v,PC,SL,-2.1097,-0.09194816736587885,2.0177518326341213,1.426766003607171,1.0,1.426766003607171,1.478658725163219,0.06444516279012405,True,False,False,UNRESOLVED,True
P0_to_P1v,all,reduction,18,core18,P0,P1v,PC,SN,0.33729999999999993,1.031436903810664,0.6941369038106642,0.4908289117563549,1.0,0.4908289117563549,0.6872048323172821,2.101418394690377,False,True,False,UNRESOLVED,True
P0_to_P1v,all,reduction,18,core18,P0,P1v,PC,TEGDME,-5.7745999999999995,0.017261141903178956,5.791861141903178,4.095464289130598,1.0,4.095464289130598,1.409998865165506,0.00421469720758894,True,False,False,UNRESOLVED,True
P0_to_P1v,all,reduction,18,core18,P0,P1v,PC,TMP,-4.0568,-0.027395666679688624,4.029404333320311,2.8492191282332517,1.0,2.8492191282332517,1.4238287114531436,0.00961514908004853,True,False,False,UNRESOLVED,True
P0_to_P1v,all,reduction,18,core18,P0,P1v,PC,VC,0.9148000000000005,0.8964661236352143,-0.018333876364786228,0.01296400830297611,1.0,0.01296400830297611,70.56459534895488,69.15038178658179,True,True,True,STABLE,True
P0_to_P1v,all,reduction,18,core18,P0,P1v,SL,SN,2.447,1.123385071176543,-1.323614928823457,0.935937091850816,1.0,0.935937091850816,2.614491958173232,1.200278395800137,True,True,True,STABLE,True
P0_to_P1v,all,reduction,18,core18,P0,P1v,SL,TEGDME,-3.6649,0.10920930926905781,3.7741093092690576,2.6686982855234276,1.0,2.6686982855234276,1.373291248351509,0.04092231402158597,True,False,False,UNRESOLVED,True
P0_to_P1v,all,reduction,18,core18,P0,P1v,SL,TMP,-1.9470999999999998,0.06455250068619023,2.01165250068619,1.422453124626081,1.0,1.422453124626081,1.3688324530988198,0.04538110927427509,True,False,False,UNRESOLVED,True
P0_to_P1v,all,reduction,18,core18,P0,P1v,SL,VC,3.0245000000000006,0.9884142910010931,-2.0360857089989075,1.439730011910147,1.0,1.439730011910147,2.1007410938022164,0.6865275314291216,True,False,False,UNRESOLVED,True
P0_to_P1v,all,reduction,18,core18,P0,P1v,SN,TEGDME,-6.1118999999999994,-1.0141757619074852,5.097724238092514,3.604635377374243,1.0,3.604635377374243,1.695566780030924,0.2813532176578288,True,False,False,UNRESOLVED,True
P0_to_P1v,all,reduction,18,core18,P0,P1v,SN,TMP,-4.3941,-1.0588325704903527,3.3352674295096474,2.358390216476897,1.0,2.358390216476897,1.8631776748820503,0.4489641125089552,True,False,False,UNRESOLVED,True
P0_to_P1v,all,reduction,18,core18,P0,P1v,SN,VC,0.5775000000000006,-0.13497078017544983,-0.7124707801754504,0.5037929200593311,1.0,0.5037929200593311,1.146304318710928,0.2679092436621668,True,False,False,UNRESOLVED,True
P0_to_P1v,all,reduction,18,core18,P0,P1v,TEGDME,TMP,1.7178,-0.04465680858286758,-1.7624568085828676,1.2462451608973466,1.0,1.2462451608973466,1.3783804775322979,0.035833084840797204,True,False,False,UNRESOLVED,True
P0_to_P1v,all,reduction,18,core18,P0,P1v,TEGDME,VC,6.6894,0.8792049817320353,-5.810195018267965,4.108428297433575,1.0,4.108428297433575,1.6282138851440318,0.2140003227709368,True,False,False,UNRESOLVED,True
P0_to_P1v,all,reduction,18,core18,P0,P1v,TMP,VC,4.9716000000000005,0.9238617903149029,-4.047738209685098,2.862183136536228,1.0,2.862183136536228,1.7369957696056297,0.3227822072325347,True,False,False,UNRESOLVED,True
P1v_to_P1a,all,oxidation,12,audit12,P1v,P1a,AN,DMC,1.5605595936404821,1.6548193836701426,0.09425979002966045,0.06665173672319302,1.0,0.06665173672319302,23.41363736884367,24.827850931216766,True,True,True,STABLE,True
P1v_to_P1a,all,oxidation,12,audit12,P1v,P1a,AN,DME,3.284418345598896,3.3829529108804124,0.0985345652815166,0.06967445929182894,1.0,0.06967445929182894,47.139488113459606,48.553701675832706,True,True,True,STABLE,True
P1v_to_P1a,all,oxidation,12,audit12,P1v,P1a,AN,DMSO,3.3262673251141113,3.2980706794445833,-0.028196645669527953,0.019938039359637515,1.0,0.019938039359637515,166.83021159281054,165.41599803043744,True,True,True,STABLE,True
P1v_to_P1a,all,oxidation,12,audit12,P1v,P1a,AN,DOL,2.827294537716732,2.6566079445877584,-0.17068659312897339,0.12069364745912625,1.0,0.12069364745912625,23.42537985418176,22.011166291808667,True,True,True,STABLE,True
P1v_to_P1a,all,oxidation,12,audit12,P1v,P1a,AN,EC,1.3713134696509695,1.4348548080694226,0.06354133841845311,0.04493051128135749,1.0,0.04493051128135749,30.520762629735597,31.934976192108692,True,True,True,STABLE,True
P1v_to_P1a,all,oxidation,12,audit12,P1v,P1a,AN,EMC,1.9388454215690878,2.5777183376939394,0.6388729161248516,0.451751371308307,1.0,0.451751371308307,4.291841806598264,5.706055368971359,True,True,True,STABLE,True
P1v_to_P1a,all,oxidation,12,audit12,P1v,P1a,AN,GBL,2.1888954301944246,2.1219267878272774,-0.06696864236714717,0.04735398114466649,1.0,0.04735398114466649,46.22410570945124,44.809892147078145,True,True,True,STABLE,True
P1v_to_P1a,all,oxidation,12,audit12,P1v,P1a,AN,PC,1.6016034411647624,1.6149079386647074,0.013304497499945,0.009407700402490579,1.0,0.009407700402490579,170.24388242006054,171.65809598243365,True,True,True,STABLE,True
P1v_to_P1a,all,oxidation,12,audit12,P1v,P1a,AN,SL,2.3473848546576637,2.300139748400227,-0.04724510625743683,0.03340733501251257,1.0,0.03340733501251257,70.26555257336334,68.85133901099024,True,True,True,STABLE,True
P1v_to_P1a,all,oxidation,12,audit12,P1v,P1a,AN,SN,0.5367991935660896,0.45826949252301397,-0.07852970104307566,0.055528884132111093,1.0,0.055528884132111093,9.667026484612371,8.252812922239277,True,True,True,STABLE,True
P1v_to_P1a,all,oxidation,12,audit12,P1v,P1a,AN,TMP,2.0836244542144673,2.391354853046975,0.30773039883250775,0.21759825179170705,1.0,0.21759825179170705,9.575556959019083,10.98977052139218,True,True,True,STABLE,True
P1v_to_P1a,all,oxidation,12,audit12,P1v,P1a,DMC,DME,1.7238587519584136,1.7281335272102698,0.0042747752518561555,0.003022722568635919,1.0,0.003022722568635919,570.3000235103776,571.7142370727507,True,True,True,STABLE,True
P1v_to_P1a,all,oxidation,12,audit12,P1v,P1a,DMC,DMSO,1.7657077314736291,1.6432512957744407,-0.1224564356991884,0.08658977608283054,1.0,0.08658977608283054,20.391642193237438,18.977428630864342,True,True,True,STABLE,True
P1v_to_P1a,all,oxidation,12,audit12,P1v,P1a,DMC,DOL,1.2667349440762496,1.0017885609176158,-0.26494638315863384,0.18734538418231927,1.0,0.18734538418231927,6.761495350445884,5.347281788072789,True,True,True,STABLE,True
P1v_to_P1a,all,oxidation,12,audit12,P1v,P1a,DMC,EC,-0.18924612398951268,-0.21996457560072002,-0.030718451611207342,0.021721225441835537,1.0,0.021721225441835537,8.712497575068701,10.126711137441795,True,True,True,STABLE,True
P1v_to_P1a,all,oxidation,12,audit12,P1v,P1a,DMC,EMC,0.37828582792860566,0.9228989540237968,0.5446131260951912,0.385099634585114,1.0,0.385099634585114,0.982306379844143,2.396519942217238,False,True,False,UNRESOLVED,True
P1v_to_P1a,all,oxidation,12,audit12,P1v,P1a,DMC,GBL,0.6283358365539424,0.4671074041571348,-0.16122843239680762,0.11400571786785951,1.0,0.11400571786785951,5.5114414285977045,4.097227866224609,True,True,True,STABLE,True
P1v_to_P1a,all,oxidation,12,audit12,P1v,P1a,DMC,PC,0.04104384752428025,-0.0399114450054352,-0.08095529252971545,0.05724403632070245,1.0,0.05724403632070245,0.7169977898542532,0.6972157725188418,False,False,False,UNRESOLVED,True
P1v_to_P1a,all,oxidation,12,audit12,P1v,P1a,DMC,SL,0.7868252610171815,0.6453203647300843,-0.14150489628709728,0.1000590717357056,1.0,0.1000590717357056,7.863607440767479,6.4493938783943845,True,True,True,STABLE,True
P1v_to_P1a,all,oxidation,12,audit12,P1v,P1a,DMC,SN,-1.0237604000743925,-1.1965498911471286,-0.1727894910727361,0.12218062085530412,1.0,0.12218062085530412,8.379073480783912,9.793287043157006,True,True,True,STABLE,True
P1v_to_P1a,all,oxidation,12,audit12,P1v,P1a,DMC,TMP,0.5230648605739852,0.7365354693768325,0.2134706088028473,0.15094651506851403,1.0,0.15094651506851403,3.4652331015165743,4.879446663889669,True,True,True,STABLE,True
P1v_to_P1a,all,oxidation,12,audit12,P1v,P1a,DME,DMSO,0.04184897951521549,-0.08488223143582907,-0.12673121095104456,0.08961249865146646,1.0,0.08961249865146646,0.466999359966297,0.947214202406798,False,False,False,UNRESOLVED,True
P1v_to_P1a,all,oxidation,12,audit12,P1v,P1a,DME,DOL,-0.457123807882164,-0.726344966292654,-0.26922115841049,0.1903681067509552,1.0,0.1903681067509552,2.4012625627473723,3.815476125120467,True,True,True,STABLE,True
P1v_to_P1a,all,oxidation,12,audit12,P1v,P1a,DME,EC,-1.9131048759479263,-1.9480981028109898,-0.0349932268630635,0.02474394801047146,1.0,0.02474394801047146,77.31607240438406,78.73028596675717,True,True,True,STABLE,True
P1v_to_P1a,all,oxidation,12,audit12,P1v,P1a,DME,EMC,-1.345572924029808,-0.805234573186473,0.540338350843335,0.38207691201647803,1.0,0.38207691201647803,3.521733142492988,2.1075195801198925,True,True,True,STABLE,True
P1v_to_P1a,all,oxidation,12,audit12,P1v,P1a,DME,GBL,-1.0955229154044712,-1.261026123053135,-0.16550320764866377,0.11702844043649543,1.0,0.11702844043649543,9.36116820251867,10.775381764891765,True,True,True,STABLE,True
P1v_to_P1a,all,oxidation,12,audit12,P1v,P1a,DME,PC,-1.6828149044341334,-1.768044972215705,-0.0852300677815716,0.06026675888933837,1.0,0.06026675888933837,27.92277095113266,29.336984513505755,True,True,True,STABLE,True
P1v_to_P1a,all,oxidation,12,audit12,P1v,P1a,DME,SL,-0.9370334909412321,-1.0828131624801856,-0.14577967153895344,0.10308179430434151,1.0,0.10308179430434151,9.090193833594988,10.504407395968082,True,True,True,STABLE,True
P1v_to_P1a,all,oxidation,12,audit12,P1v,P1a,DME,SN,-2.747619152032806,-2.9246834183573984,-0.17706426632459227,0.12520334342394004,1.0,0.12520334342394004,21.94525383183526,23.359467394208355,True,True,True,STABLE,True
P1v_to_P1a,all,oxidation,12,audit12,P1v,P1a,DME,TMP,-1.2007938913844285,-0.9915980578334374,0.20919583355099114,0.1479237924998781,1.0,0.1479237924998781,8.117652144332482,6.703438581959386,True,True,True,STABLE,True
P1v_to_P1a,all,oxidation,12,audit12,P1v,P1a,DMSO,DOL,-0.4989727873973795,-0.6414627348568249,-0.14248994745944543,0.10075560809948873,1.0,0.10075560809948873,4.952307834861963,6.366521397235058,True,True,True,STABLE,True
P1v_to_P1a,all,oxidation,12,audit12,P1v,P1a,DMSO,EC,-1.9549538554631418,-1.8632158713751608,0.09173798408798106,0.064868550640995,1.0,0.064868550640995,30.137159473201933,28.722945910828837,True,True,True,STABLE,True
P1v_to_P1a,all,oxidation,12,audit12,P1v,P1a,DMSO,EMC,-1.3874219035450235,-0.7203523417506439,0.6670695617943796,0.4716894106679445,1.0,0.4716894106679445,2.941388702324988,1.5271751399518925,True,True,True,STABLE,True
P1v_to_P1a,all,oxidation,12,audit12,P1v,P1a,DMSO,GBL,-1.1373718949196867,-1.176143891617306,-0.038771996697619215,0.027415941785028975,1.0,0.027415941785028975,41.48578603784355,42.899999600216645,True,True,True,STABLE,True
P1v_to_P1a,all,oxidation,12,audit12,P1v,P1a,DMSO,PC,-1.7246638839493489,-1.683162740779876,0.041501143169472954,0.029345739762128092,1.0,0.029345739762128092,58.77050290533483,57.35628934296174,True,True,True,STABLE,True
P1v_to_P1a,all,oxidation,12,audit12,P1v,P1a,DMSO,SL,-0.9788824704564476,-0.9979309310443565,-0.019048460587908878,0.013469295652875057,1.0,0.013469295652875057,72.67510459966053,74.08931816203362,True,True,True,STABLE,True
P1v_to_P1a,all,oxidation,12,audit12,P1v,P1a,DMSO,SN,-2.7894681315480216,-2.8398011869215694,-0.05033305537354771,0.03559084477247358,1.0,0.03559084477247358,78.37600229442803,79.79021585680114,True,True,True,STABLE,True
P1v_to_P1a,all,oxidation,12,audit12,P1v,P1a,DMSO,TMP,-1.242642870899644,-0.9067158263976083,0.3359270445020357,0.2375362911513446,1.0,0.2375362911513446,5.231381128654159,3.8171675662810642,True,True,True,STABLE,True
P1v_to_P1a,all,oxidation,12,audit12,P1v,P1a,DOL,EC,-1.4559810680657623,-1.2217531365183358,0.2342279315474265,0.16562415874048375,1.0,0.16562415874048375,8.790873741717457,7.376660179344361,True,True,True,STABLE,True
P1v_to_P1a,all,oxidation,12,audit12,P1v,P1a,DOL,EMC,-0.888449116147644,-0.07888960689381896,0.809559509253825,0.5724450187674333,1.0,0.5724450187674333,1.5520252373941845,0.13781167502108946,True,False,False,UNRESOLVED,True
P1v_to_P1a,all,oxidation,12,audit12,P1v,P1a,DOL,GBL,-0.6383991075223072,-0.534681156760481,0.10371795076182622,0.07333966631445976,1.0,0.07333966631445976,8.70469064837345,7.290477086000355,True,True,True,STABLE,True
P1v_to_P1a,all,oxidation,12,audit12,P1v,P1a,DOL,PC,-1.2256910965519694,-1.041700005923051,0.18399109062891839,0.13010134786161684,1.0,0.13010134786161684,9.421048411087053,8.00683484871396,True,True,True,STABLE,True
P1v_to_P1a,all,oxidation,12,audit12,P1v,P1a,DOL,SL,-0.4799096830590681,-0.35646819618753156,0.12344148687153655,0.08728631244661368,1.0,0.08728631244661368,5.498109263724389,4.0838957013512935,True,True,True,STABLE,True
P1v_to_P1a,all,oxidation,12,audit12,P1v,P1a,DOL,SN,-2.290495344150642,-2.1983384520647444,0.09215689208589772,0.06516476332701515,1.0,0.06516476332701515,35.149292765114346,33.73507920274125,True,True,True,STABLE,True
P1v_to_P1a,all,oxidation,12,audit12,P1v,P1a,DOL,TMP,-0.7436700835022645,-0.26525309154078336,0.47841699196148113,0.3382918992508333,1.0,0.3382918992508333,2.198308872157933,0.784095309784838,True,False,False,UNRESOLVED,True
P1v_to_P1a,all,oxidation,12,audit12,P1v,P1a,EC,EMC,0.5675319519181183,1.1428635296245169,0.5753315777063985,0.4068208600269495,1.0,0.4068208600269495,1.3950414240816527,2.809254986454748,True,True,True,STABLE,True
P1v_to_P1a,all,oxidation,12,audit12,P1v,P1a,EC,GBL,0.8175819605434551,0.6870719797578548,-0.13050998078560028,0.09228449242602398,1.0,0.09228449242602398,8.85936454815348,7.445150985780384,True,True,True,STABLE,True
P1v_to_P1a,all,oxidation,12,audit12,P1v,P1a,EC,PC,0.23028997151379293,0.18005313059528483,-0.05023684091850811,0.03552281087886691,1.0,0.03552281087886691,6.482875814616239,5.068662252243144,True,True,True,STABLE,True
P1v_to_P1a,all,oxidation,12,audit12,P1v,P1a,EC,SL,0.9760713850066942,0.8652849403308043,-0.11078644467588994,0.07833784629387006,1.0,0.07833784629387006,12.459767930626297,11.045554368253201,True,True,True,STABLE,True
P1v_to_P1a,all,oxidation,12,audit12,P1v,P1a,EC,SN,-0.8345142760848798,-0.9765853155464086,-0.14207103946152877,0.10045939541346859,1.0,0.10045939541346859,8.306980871726374,9.72119443409947,True,True,True,STABLE,True
P1v_to_P1a,all,oxidation,12,audit12,P1v,P1a,EC,TMP,0.7123109845634978,0.9565000449775525,0.24418906041405464,0.17266774051034955,1.0,0.17266774051034955,4.125327536331563,5.539541098704658,True,True,True,STABLE,True
P1v_to_P1a,all,oxidation,12,audit12,P1v,P1a,EMC,GBL,0.2500500086253368,-0.45579154986666204,-0.7058415584919988,0.4991053524529735,1.0,0.4991053524529735,0.5009964477367469,0.9132171146363481,False,False,False,UNRESOLVED,True
P1v_to_P1a,all,oxidation,12,audit12,P1v,P1a,EMC,PC,-0.3372419804043254,-0.962810399029232,-0.6255684186249066,0.44234367090581644,1.0,0.44234367090581644,0.7623981139228977,2.176611676295993,False,True,False,UNRESOLVED,True
P1v_to_P1a,all,oxidation,12,audit12,P1v,P1a,EMC,SL,0.4085394330885759,-0.2775785892937126,-0.6861180223822885,0.48515870632081953,1.0,0.48515870632081953,0.8420737951643027,0.5721397672087924,False,False,False,UNRESOLVED,True
P1v_to_P1a,all,oxidation,12,audit12,P1v,P1a,EMC,SN,-1.4020462280029982,-2.1194488451709255,-0.7174026171679273,0.5072802554404181,1.0,0.5072802554404181,2.763849396791028,4.178062959164123,True,True,True,STABLE,True
P1v_to_P1a,all,oxidation,12,audit12,P1v,P1a,EMC,TMP,0.1447790326453795,-0.1863634846469644,-0.3311425172923439,0.23415311951659995,1.0,0.23415311951659995,0.6183092198142404,0.7959043425588547,False,False,False,UNRESOLVED,True
P1v_to_P1a,all,oxidation,12,audit12,P1v,P1a,GBL,PC,-0.5872919890296622,-0.50701884916257,0.08027313986709217,0.05676168154715707,1.0,0.05676168154715707,10.34662774290338,8.932414180530285,True,True,True,STABLE,True
P1v_to_P1a,all,oxidation,12,audit12,P1v,P1a,GBL,SL,0.1584894244632391,0.17821296057294944,0.019723536109710338,0.013946646132153916,1.0,0.013946646132153916,11.363981201031738,12.778194763404834,True,True,True,STABLE,True
P1v_to_P1a,all,oxidation,12,audit12,P1v,P1a,GBL,SN,-1.652096236628335,-1.6636572953042634,-0.011561058675928493,0.008174902987444605,1.0,0.008174902987444605,202.09368100951178,203.5078945718849,True,True,True,STABLE,True
P1v_to_P1a,all,oxidation,12,audit12,P1v,P1a,GBL,TMP,-0.10527097597995727,0.26942806521969764,0.3746990411996549,0.26495223293637354,1.0,0.26495223293637354,0.3973205842172969,1.016892978155798,False,True,False,UNRESOLVED,True
P1v_to_P1a,all,oxidation,12,audit12,P1v,P1a,PC,SL,0.7457814134929013,0.6852318097355194,-0.06054960375738183,0.04281503541500315,1.0,0.04281503541500315,17.41868028985832,16.004466727485223,True,True,True,STABLE,True
P1v_to_P1a,all,oxidation,12,audit12,P1v,P1a,PC,SN,-1.0648042475986728,-1.1566384461416934,-0.09183419854302066,0.06493658453460167,1.0,0.06493658453460167,16.397601679085668,17.811815241458763,True,True,True,STABLE,True
P1v_to_P1a,all,oxidation,12,audit12,P1v,P1a,PC,TMP,0.4820210130497049,0.7764469143822677,0.29442590133256274,0.20819055138921647,1.0,0.20819055138921647,2.3152876527453774,3.7295012151184728,True,True,True,STABLE,True
P1v_to_P1a,all,oxidation,12,audit12,P1v,P1a,SL,SN,-1.810585661091574,-1.8418702558772129,-0.03128459478563883,0.022121549119598523,1.0,0.022121549119598523,81.84714602502638,83.26135958739947,True,True,True,STABLE,True
P1v_to_P1a,all,oxidation,12,audit12,P1v,P1a,SL,TMP,-0.2637604004431964,0.0912151046467482,0.3549755050899446,0.25100558680421964,1.0,0.25100558680421964,1.050814859547032,0.3633987028260631,True,False,False,UNRESOLVED,True
P1v_to_P1a,all,oxidation,12,audit12,P1v,P1a,SN,TMP,1.5468252606483777,1.933085360523961,0.3862600998755834,0.27312713592381815,1.0,0.27312713592381815,5.663389159105103,7.077602721478198,True,True,True,STABLE,True
P1v_to_P2a,all,oxidation,18,core18,P1v,P2a,AN,DEC,2.156104106445479,1.3693553562560883,-0.7867487501893908,0.5563153763489593,1.0,0.5563153763489593,3.8756867023805253,2.4614731400074303,True,True,True,STABLE,True
P1v_to_P2a,all,oxidation,18,core18,P1v,P2a,AN,DMC,1.5605595936404821,1.0637880322290219,-0.4967715614114603,0.351270539774673,1.0,0.351270539774673,4.442614500611191,3.028400938238095,True,True,True,STABLE,True
P1v_to_P2a,all,oxidation,18,core18,P1v,P2a,AN,DME,3.284418345598896,2.7274008008057367,-0.5570175447931591,0.3938708831631243,1.0,0.3938708831631243,8.338819867115264,6.924606304742169,True,True,True,STABLE,True
P1v_to_P2a,all,oxidation,18,core18,P1v,P2a,AN,DMSO,3.3262673251141113,2.8200820209588198,-0.5061853041552915,0.3579270611051817,1.0,0.3579270611051817,9.293142895771837,7.878929333398742,True,True,True,STABLE,True
P1v_to_P2a,all,oxidation,18,core18,P1v,P2a,AN,DOL,2.827294537716732,2.5812566740303486,-0.24603786368638314,0.17397504184129292,1.0,0.17397504184129292,16.251150209786438,14.836936647413342,True,True,True,STABLE,True
P1v_to_P2a,all,oxidation,18,core18,P1v,P2a,AN,EA,2.1375900826281953,1.5093328022185677,-0.6282572804096276,0.4442449833074659,1.0,0.4442449833074659,4.811737133672368,3.3975235712992733,True,True,True,STABLE,True
P1v_to_P2a,all,oxidation,18,core18,P1v,P2a,AN,EC,1.3713134696509695,1.1727226633460361,-0.1985908063049333,0.14042490581952252,1.0,0.14042490581952252,9.765457641918697,8.351244079545602,True,True,True,STABLE,True
P1v_to_P2a,all,oxidation,18,core18,P1v,P2a,AN,EMC,1.9388454215690878,1.2385887112265017,-0.7002567103425861,0.49515626845462657,1.0,0.49515626845462657,3.915623299327681,2.501409736954586,True,True,True,STABLE,True
P1v_to_P2a,all,oxidation,18,core18,P1v,P2a,AN,FEC,0.8178331012577313,0.4024438538566475,-0.41538924740108385,0.29372455366928285,1.0,0.29372455366928285,2.7843538820338627,1.3701403196607675,True,True,True,STABLE,True
P1v_to_P2a,all,oxidation,18,core18,P1v,P2a,AN,GBL,2.1888954301944246,1.622352541959617,-0.5665428882348076,0.4006063181038447,1.0,0.4006063181038447,5.463956336372662,4.049742773999567,True,True,True,STABLE,True
P1v_to_P2a,all,oxidation,18,core18,P1v,P2a,AN,MA,1.9383913892479825,1.432194235921484,-0.5061971533264984,0.35793543973449354,1.0,0.35793543973449354,5.415477692529767,4.001264130156672,True,True,True,STABLE,True
P1v_to_P2a,all,oxidation,18,core18,P1v,P2a,AN,PC,1.6016034411647624,1.2263605582874195,-0.37524288287734286,0.26533678707455854,1.0,0.26533678707455854,6.036115303961672,4.621901741588577,True,True,True,STABLE,True
P1v_to_P2a,all,oxidation,18,core18,P1v,P2a,AN,SL,2.3473848546576637,1.8011409744533022,-0.5462438802043614,0.3862527518741561,1.0,0.3862527518741561,6.07732849350018,4.663114931127085,True,True,True,STABLE,True
P1v_to_P2a,all,oxidation,18,core18,P1v,P2a,AN,SN,0.5367991935660896,0.21972728447555312,-0.3170719090905365,0.2242036970416829,1.0,0.2242036970416829,2.3942477338644887,0.9800341714913937,True,False,False,UNRESOLVED,True
P1v_to_P2a,all,oxidation,18,core18,P1v,P2a,AN,TEGDME,4.545113309399526,3.2829386685370707,-1.2621746408624555,0.8924922475955375,1.0,0.8924922475955375,5.092608167347684,3.6783946049745895,True,True,True,STABLE,True
P1v_to_P2a,all,oxidation,18,core18,P1v,P2a,AN,TMP,2.0836244542144673,1.0960119001758457,-0.9876125540386216,0.698347534145675,1.0,0.698347534145675,2.983649762239762,1.5694361998666673,True,True,True,STABLE,True
P1v_to_P2a,all,oxidation,18,core18,P1v,P2a,AN,VC,2.5216036006344815,2.372746170668818,-0.14885742996566353,0.10525809815872227,1.0,0.10525809815872227,23.95638572941029,22.542172167037194,True,True,True,STABLE,True
P1v_to_P2a,all,oxidation,18,core18,P1v,P2a,DEC,DMC,-0.595544512804997,-0.30556732402706643,0.28997718877793055,0.20504483657428632,1.0,0.20504483657428632,2.9044599354699447,1.4902463730968496,True,True,True,STABLE,True
P1v_to_P2a,all,oxidation,18,core18,P1v,P2a,DEC,DME,1.1283142391534167,1.3580454445496484,0.2297312053962317,0.162444493185835,1.0,0.162444493185835,6.945844805355362,8.360058367728458,True,True,True,STABLE,True
P1v_to_P2a,all,oxidation,18,core18,P1v,P2a,DEC,DMSO,1.1701632186686322,1.4507266647027315,0.28056344603409933,0.19838831524377762,1.0,0.19838831524377762,5.898347476920438,7.3125610392935325,True,True,True,STABLE,True
P1v_to_P2a,all,oxidation,18,core18,P1v,P2a,DEC,DOL,0.6711904312712527,1.2119013177742604,0.5407108865030077,0.3823403345076664,1.0,0.3823403345076664,1.7554790083435323,3.1696925707166272,True,True,True,STABLE,True
P1v_to_P2a,all,oxidation,18,core18,P1v,P2a,DEC,EA,-0.018514023817283842,0.1399774459624794,0.15849146977976325,0.11207039304149337,1.0,0.11207039304149337,0.16519995437536425,1.2490136079977308,False,True,False,UNRESOLVED,True
P1v_to_P2a,all,oxidation,18,core18,P1v,P2a,DEC,EC,-0.7847906367945097,-0.19663269291005214,0.5881579438844575,0.41589047052943684,1.0,0.41589047052943684,1.8870127891977317,0.4727992268246368,True,False,False,UNRESOLVED,True
P1v_to_P2a,all,oxidation,18,core18,P1v,P2a,DEC,EMC,-0.21725868487639133,-0.13076664502958657,0.08649203984680476,0.06115910789433272,1.0,0.06115910789433272,3.552352092050765,2.1381385296776703,True,True,True,STABLE,True
P1v_to_P2a,all,oxidation,18,core18,P1v,P2a,DEC,FEC,-1.3382710051877478,-0.9669115023994408,0.371359502788307,0.2625908226796765,1.0,0.2625908226796765,5.096411944374188,3.6821983820010935,True,True,True,STABLE,True
P1v_to_P2a,all,oxidation,18,core18,P1v,P2a,DEC,GBL,0.032791323748945445,0.2529971857035287,0.22020586195458325,0.15570905824511458,1.0,0.15570905824511458,0.21059355260710583,1.624807114980201,False,True,False,UNRESOLVED,True
P1v_to_P2a,all,oxidation,18,core18,P1v,P2a,DEC,MA,-0.21771271719749663,0.06283887966539581,0.28055159686289244,0.19837993661446576,1.0,0.19837993661446576,1.0974533055759688,0.31676025679712627,True,False,False,UNRESOLVED,True
P1v_to_P2a,all,oxidation,18,core18,P1v,P2a,DEC,PC,-0.5545006652807167,-0.14299479796866876,0.41150586731204797,0.2909785892744008,1.0,0.2909785892744008,1.9056407781185831,0.4914272157454882,True,False,False,UNRESOLVED,True
P1v_to_P2a,all,oxidation,18,core18,P1v,P2a,DEC,SL,0.19128074821218455,0.43178561819721395,0.2405048699850294,0.17006262447480325,1.0,0.17006262447480325,1.1247665311699633,2.538980093543058,True,True,True,STABLE,True
P1v_to_P2a,all,oxidation,18,core18,P1v,P2a,DEC,SN,-1.6193049128793895,-1.1496280717805352,0.4696768410988543,0.3321116793072764,1.0,0.3321116793072764,4.875784303210776,3.461570740837681,True,True,True,STABLE,True
P1v_to_P2a,all,oxidation,18,core18,P1v,P2a,DEC,TEGDME,2.389009202954047,1.9135833122809824,-0.4754258906730646,0.3361768712465782,1.0,0.3361768712465782,7.1064056075462805,5.6921920451731856,True,True,True,STABLE,True
P1v_to_P2a,all,oxidation,18,core18,P1v,P2a,DEC,TMP,-0.07247965223101183,-0.2733434560802426,-0.20086380384923075,0.1420321577967156,1.0,0.1420321577967156,0.5103045208589225,1.9245180832320177,False,True,False,UNRESOLVED,True
P1v_to_P2a,all,oxidation,18,core18,P1v,P2a,DEC,VC,0.3654994941890024,1.0033908144127297,0.6378913202237273,0.45105727819023705,1.0,0.45105727819023705,0.8103172520693703,2.224530814442465,False,True,False,UNRESOLVED,True
P1v_to_P2a,all,oxidation,18,core18,P1v,P2a,DMC,DME,1.7238587519584136,1.6636127685767148,-0.06024598338169884,0.042600343388451305,1.0,0.042600343388451305,40.465841700838055,39.05162813846496,True,True,True,STABLE,True
P1v_to_P2a,all,oxidation,18,core18,P1v,P2a,DMC,DMSO,1.7657077314736291,1.756293988729798,-0.009413742743831222,0.006656521330508713,1.0,0.006656521330508713,265.2598322461453,263.8456186837722,True,True,True,STABLE,True
P1v_to_P2a,all,oxidation,18,core18,P1v,P2a,DMC,DOL,1.2667349440762496,1.5174686418013268,0.25073369772507714,0.17729549793338006,1.0,0.17729549793338006,7.144766555506297,8.558980117879392,True,True,True,STABLE,True
P1v_to_P2a,all,oxidation,18,core18,P1v,P2a,DMC,EA,0.5770304889877131,0.44554476998954584,-0.1314857189981673,0.09297444353279295,1.0,0.09297444353279295,6.2063344190297745,4.7921208566566795,True,True,True,STABLE,True
P1v_to_P2a,all,oxidation,18,core18,P1v,P2a,DMC,EC,-0.18924612398951268,0.10893463111701429,0.298180755106527,0.2108456339551505,1.0,0.2108456339551505,0.8975577081656227,0.5166558542074723,False,False,False,UNRESOLVED,True
P1v_to_P2a,all,oxidation,18,core18,P1v,P2a,DMC,EMC,0.37828582792860566,0.17480067899747986,-0.2034851489311258,0.1438857286799536,1.0,0.1438857286799536,2.6290712178275193,1.2148576554544244,True,True,True,STABLE,True
P1v_to_P2a,all,oxidation,18,core18,P1v,P2a,DMC,FEC,-0.7427264923827508,-0.6613441783723744,0.08138231401037643,0.05754598610539015,1.0,0.05754598610539015,12.906660266843216,11.49244670447012,True,True,True,STABLE,True
P1v_to_P2a,all,oxidation,18,core18,P1v,P2a,DMC,GBL,0.6283358365539424,0.5585645097305951,-0.0697713268233473,0.049335778329171735,1.0,0.049335778329171735,12.735906026690046,11.32169246431695,True,True,True,STABLE,True
P1v_to_P2a,all,oxidation,18,core18,P1v,P2a,DMC,MA,0.37783179560750035,0.36840620369246224,-0.009425591915038112,0.006664899959820546,1.0,0.006664899959820546,56.6897924777964,55.27557891542331,True,True,True,STABLE,True
P1v_to_P2a,all,oxidation,18,core18,P1v,P2a,DMC,PC,0.04104384752428025,0.16257252605839767,0.12152867853411742,0.08593375270011444,1.0,0.08593375270011444,0.47762196150693176,1.8918355238800268,False,True,False,UNRESOLVED,True
P1v_to_P2a,all,oxidation,18,core18,P1v,P2a,DMC,SL,0.7868252610171815,0.7373529422242804,-0.04947231879290115,0.03498221209948307,1.0,0.03498221209948307,22.492152834120184,21.077939271747088,True,True,True,STABLE,True
P1v_to_P2a,all,oxidation,18,core18,P1v,P2a,DMC,SN,-1.0237604000743925,-0.8440607477534687,0.17969965232092378,0.12706684273299013,1.0,0.12706684273299013,8.056865017301602,6.642651454928508,True,True,True,STABLE,True
P1v_to_P2a,all,oxidation,18,core18,P1v,P2a,DMC,TEGDME,2.984553715759044,2.219150636308049,-0.7654030794509952,0.5412217078208645,1.0,0.5412217078208645,5.514475255946094,4.100261693572999,True,True,True,STABLE,True
P1v_to_P2a,all,oxidation,18,core18,P1v,P2a,DMC,TMP,0.5230648605739852,0.03222386794682386,-0.4908409926271613,0.3470769943710019,1.0,0.3470769943710019,1.5070571344606727,0.09284357208757753,True,False,False,UNRESOLVED,True
P1v_to_P2a,all,oxidation,18,core18,P1v,P2a,DMC,VC,0.9610440069939994,1.3089581384397961,0.34791413144579675,0.24601244161595073,1.0,0.24601244161595073,3.906485382126658,5.320698944499753,True,True,True,STABLE,True
P1v_to_P2a,all,oxidation,18,core18,P1v,P2a,DME,DMSO,0.04184897951521549,0.09268122015308311,0.05083224063786762,0.03594382205794259,1.0,0.03594382205794259,1.164288523567516,2.578502085940611,True,True,True,STABLE,True
P1v_to_P2a,all,oxidation,18,core18,P1v,P2a,DME,DOL,-0.457123807882164,-0.14614412677538802,0.310979681106776,0.21989584132183138,1.0,0.21989584132183138,2.0788197045215355,0.6646061421484407,True,False,False,UNRESOLVED,True
P1v_to_P2a,all,oxidation,18,core18,P1v,P2a,DME,EA,-1.1468282629707005,-1.218067998587169,-0.07123973561646846,0.05037410014434166,1.0,0.05037410014434166,22.766228273747526,24.18044183612062,True,True,True,STABLE,True
P1v_to_P2a,all,oxidation,18,core18,P1v,P2a,DME,EC,-1.9131048759479263,-1.5546781374597005,0.3584267384882258,0.2534459773436018,1.0,0.2534459773436018,7.548373408800613,6.134159846427518,True,True,True,STABLE,True
P1v_to_P2a,all,oxidation,18,core18,P1v,P2a,DME,EMC,-1.345572924029808,-1.488812089579235,-0.14323916554942695,0.1012853852915023,1.0,0.1012853852915023,13.284966238290053,14.699179800663147,True,True,True,STABLE,True
P1v_to_P2a,all,oxidation,18,core18,P1v,P2a,DME,FEC,-2.4665852443411644,-2.324956946949089,0.14162829739207528,0.10014632949384146,1.0,0.10014632949384146,24.629811764522515,23.21559820214942,True,True,True,STABLE,True
P1v_to_P2a,all,oxidation,18,core18,P1v,P2a,DME,GBL,-1.0955229154044712,-1.1050482588461197,-0.00952534344164846,0.006735434940720432,1.0,0.006735434940720432,162.65065657174804,164.06487013412115,True,True,True,STABLE,True
P1v_to_P2a,all,oxidation,18,core18,P1v,P2a,DME,MA,-1.3460269563509133,-1.2952065648842526,0.05082039146666073,0.03593544342863075,1.0,0.03593544342863075,37.45680664896142,36.042593086588326,True,True,True,STABLE,True
P1v_to_P2a,all,oxidation,18,core18,P1v,P2a,DME,PC,-1.6828149044341334,-1.5010402425183171,0.18177466191581626,0.12853409608856575,1.0,0.12853409608856575,13.092361915196404,11.67814835282331,True,True,True,STABLE,True
P1v_to_P2a,all,oxidation,18,core18,P1v,P2a,DME,SL,-0.9370334909412321,-0.9262598263524344,0.010773664588797693,0.007618131288968226,1.0,0.007618131288968226,123.00043874252275,121.58622518014964,True,True,True,STABLE,True
P1v_to_P2a,all,oxidation,18,core18,P1v,P2a,DME,SN,-2.747619152032806,-2.5076735163301835,0.23994563570262262,0.1696671861214414,1.0,0.1696671861214414,16.194169390339056,14.779955827965962,True,True,True,STABLE,True
P1v_to_P2a,all,oxidation,18,core18,P1v,P2a,DME,TEGDME,1.2606949638006304,0.5555378677313341,-0.7051570960692963,0.49862136443241317,1.0,0.49862136443241317,2.52836130524751,1.1141477428744146,True,True,True,STABLE,True
P1v_to_P2a,all,oxidation,18,core18,P1v,P2a,DME,TMP,-1.2007938913844285,-1.631388900629891,-0.43059500924546246,0.3044766509825506,1.0,0.3044766509825506,3.943796305921814,5.358009868294909,True,True,True,STABLE,True
P1v_to_P2a,all,oxidation,18,core18,P1v,P2a,DME,VC,-0.7628147449644143,-0.35465463013691867,0.4081601148274956,0.288612785004402,1.0,0.288612785004402,2.643038647621863,1.228825085248768,True,True,True,STABLE,True
P1v_to_P2a,all,oxidation,18,core18,P1v,P2a,DMSO,DOL,-0.4989727873973795,-0.23882534692847113,0.26014744046890836,0.1839520192638888,1.0,0.1839520192638888,2.7125159560307783,1.2983023936576834,True,True,True,STABLE,True
P1v_to_P2a,all,oxidation,18,core18,P1v,P2a,DMSO,EA,-1.188677242485916,-1.310749218740252,-0.12207197625433608,0.08631792220228425,1.0,0.08631792220228425,13.77092047813982,15.185134040512915,True,True,True,STABLE,True
P1v_to_P2a,all,oxidation,18,core18,P1v,P2a,DMSO,EC,-1.9549538554631418,-1.6473593576127836,0.3075944978503582,0.2175021552856592,1.0,0.2175021552856592,8.98820452098775,7.573990958614656,True,True,True,STABLE,True
P1v_to_P2a,all,oxidation,18,core18,P1v,P2a,DMSO,EMC,-1.3874219035450235,-1.581493309732318,-0.19407140618729457,0.13722920734944488,1.0,0.13722920734944488,10.11025225855927,11.524465820932365,True,True,True,STABLE,True
P1v_to_P2a,all,oxidation,18,core18,P1v,P2a,DMSO,FEC,-2.50843422385638,-2.4176381671021723,0.09079605675420765,0.06420250743589886,1.0,0.06420250743589886,39.070658203822546,37.65644464144945,True,True,True,STABLE,True
P1v_to_P2a,all,oxidation,18,core18,P1v,P2a,DMSO,GBL,-1.1373718949196867,-1.1977294789992028,-0.06035758407951608,0.04267925699866302,1.0,0.04267925699866302,26.649289957304465,28.06350351967756,True,True,True,STABLE,True
P1v_to_P2a,all,oxidation,18,core18,P1v,P2a,DMSO,MA,-1.3878759358661288,-1.3878877850373357,-1.1849171206890219e-05,8.378629311832461e-06,1.0,8.378629311832461e-06,165644.7473939614,165646.1616075238,True,True,True,STABLE,True
P1v_to_P2a,all,oxidation,18,core18,P1v,P2a,DMSO,PC,-1.7246638839493489,-1.5937214626714002,0.13094242127794864,0.09259027403062316,1.0,0.09259027403062316,18.626836371376722,17.212622809003626,True,True,True,STABLE,True
P1v_to_P2a,all,oxidation,18,core18,P1v,P2a,DMSO,SL,-0.9788824704564476,-1.0189410465055175,-0.04005857604906993,0.02832569076897436,1.0,0.02832569076897436,34.55811469666382,35.972328259036914,True,True,True,STABLE,True
P1v_to_P2a,all,oxidation,18,core18,P1v,P2a,DMSO,SN,-2.7894681315480216,-2.6003547364832666,0.189113395064755,0.13372336406349883,1.0,0.13372336406349883,20.85999070606268,19.445777143689583,True,True,True,STABLE,True
P1v_to_P2a,all,oxidation,18,core18,P1v,P2a,DMSO,TEGDME,1.218845984285415,0.46285664757825096,-0.755989336707164,0.5345651864903558,1.0,0.5345651864903558,2.2800698868694553,0.8658563244963605,True,False,False,UNRESOLVED,True
P1v_to_P2a,all,oxidation,18,core18,P1v,P2a,DMSO,TMP,-1.242642870899644,-1.724070120782974,-0.4814272498833301,0.3404204730404932,1.0,0.3404204730404932,3.650317678607511,5.064531240980606,True,True,True,STABLE,True
P1v_to_P2a,all,oxidation,18,core18,P1v,P2a,DMSO,VC,-0.8046637244796297,-0.4473358502900018,0.35732787418962797,0.25266896294645946,1.0,0.25266896294645946,3.184655982658772,1.7704424202856772,True,True,True,STABLE,True
P1v_to_P2a,all,oxidation,18,core18,P1v,P2a,DOL,EA,-0.6897044550885365,-1.071923871811781,-0.38221941672324444,0.27026994146617306,1.0,0.27026994146617306,2.5519095884174,3.966123150790495,True,True,True,STABLE,True
P1v_to_P2a,all,oxidation,18,core18,P1v,P2a,DOL,EC,-1.4559810680657623,-1.4085340106843125,0.04744705738144983,0.033550136021770406,1.0,0.033550136021770406,43.39717332653996,41.98295976416687,True,True,True,STABLE,True
P1v_to_P2a,all,oxidation,18,core18,P1v,P2a,DOL,EMC,-0.888449116147644,-1.342667962803847,-0.45421884665620293,0.32118122661333365,1.0,0.32118122661333365,2.7661925496574478,4.180406112030544,True,True,True,STABLE,True
P1v_to_P2a,all,oxidation,18,core18,P1v,P2a,DOL,FEC,-2.0094614364590004,-2.178812820173701,-0.1693513837147007,0.11974951182798992,1.0,0.11974951182798992,16.780539693100565,18.19475325547366,True,True,True,STABLE,True
P1v_to_P2a,all,oxidation,18,core18,P1v,P2a,DOL,GBL,-0.6383991075223072,-0.9589041320707317,-0.32050502454842444,0.2266312762625518,1.0,0.2266312762625518,2.816906466090423,4.231120028463518,True,True,True,STABLE,True
P1v_to_P2a,all,oxidation,18,core18,P1v,P2a,DOL,MA,-0.8889031484687493,-1.1490624381088645,-0.26015928964011525,0.18396039789320062,1.0,0.18396039789320062,4.8320353654856065,6.2462489278587014,True,True,True,STABLE,True
P1v_to_P2a,all,oxidation,18,core18,P1v,P2a,DOL,PC,-1.2256910965519694,-1.3548961157429291,-0.12920501919095972,0.09136174523326564,1.0,0.09136174523326564,13.415802132747396,14.83001569512049,True,True,True,STABLE,True
P1v_to_P2a,all,oxidation,18,core18,P1v,P2a,DOL,SL,-0.4799096830590681,-0.7801156995770464,-0.3002060165179783,0.21227771003286314,1.0,0.21227771003286314,2.2607634262908354,3.6749769886639307,True,True,True,STABLE,True
P1v_to_P2a,all,oxidation,18,core18,P1v,P2a,DOL,SN,-2.290495344150642,-2.3615293895547955,-0.07103404540415337,0.05022865520038996,1.0,0.05022865520038996,45.60136708841967,47.015580650792764,True,True,True,STABLE,True
P1v_to_P2a,all,oxidation,18,core18,P1v,P2a,DOL,TEGDME,1.7178187716827944,0.7016819945067221,-1.0161367771760723,0.7185172057542445,1.0,0.7185172057542445,2.3907830709211195,0.9765695085480242,True,False,False,UNRESOLVED,True
P1v_to_P2a,all,oxidation,18,core18,P1v,P2a,DOL,TMP,-0.7436700835022645,-1.485244773854503,-0.7415746903522384,0.524372492304382,1.0,0.524372492304382,1.418209563652296,2.832423126025391,True,True,True,STABLE,True
P1v_to_P2a,all,oxidation,18,core18,P1v,P2a,DOL,VC,-0.30569093708225026,-0.20851050336153065,0.0971804337207196,0.06871694368257067,1.0,0.06871694368257067,4.448552579613426,3.034339017240331,True,True,True,STABLE,True
P1v_to_P2a,all,oxidation,18,core18,P1v,P2a,EA,EC,-0.7662766129772258,-0.33661013887253155,0.4296664741046943,0.30382007748794343,1.0,0.30382007748794343,2.5221394823968937,1.1079259200237987,True,True,True,STABLE,True
P1v_to_P2a,all,oxidation,18,core18,P1v,P2a,EA,EMC,-0.19874466105910749,-0.270744090992066,-0.07199942993295849,0.05091128514716064,1.0,0.05091128514716064,3.903744729378367,5.317958291751462,True,True,True,STABLE,True
P1v_to_P2a,all,oxidation,18,core18,P1v,P2a,EA,FEC,-1.319756981370464,-1.1068889483619202,0.21286803300854373,0.1505204296381831,1.0,0.1505204296381831,8.767959170345579,7.353745607972483,True,True,True,STABLE,True
P1v_to_P2a,all,oxidation,18,core18,P1v,P2a,EA,GBL,0.05130534756622929,0.11301973974104929,0.06171439217482,0.043638665203621224,1.0,0.043638665203621224,1.1756855377412383,2.5898991001143337,True,True,True,STABLE,True
P1v_to_P2a,all,oxidation,18,core18,P1v,P2a,EA,MA,-0.1991986933802128,-0.0771385662970836,0.12206012708312919,0.08630954357297242,1.0,0.08630954357297242,2.30795674654212,0.8937431841690252,True,False,False,UNRESOLVED,True
P1v_to_P2a,all,oxidation,18,core18,P1v,P2a,EA,PC,-0.5359866414634329,-0.28297224393114817,0.2530143975322847,0.17890819623290738,1.0,0.17890819623290738,2.995875274298062,1.5816617119249667,True,True,True,STABLE,True
P1v_to_P2a,all,oxidation,18,core18,P1v,P2a,EA,SL,0.2097947720294684,0.29180817223473454,0.08201340020526615,0.057992231433309886,1.0,0.057992231433309886,3.617635790937428,5.031849353310523,True,True,True,STABLE,True
P1v_to_P2a,all,oxidation,18,core18,P1v,P2a,EA,SN,-1.6007908890621056,-1.2896055177430146,0.3111853713190911,0.2200412862657831,1.0,0.2200412862657831,7.274956969341404,5.860743406968309,True,True,True,STABLE,True
P1v_to_P2a,all,oxidation,18,core18,P1v,P2a,EA,TEGDME,2.407523226771331,1.773605866318503,-0.6339173604528279,0.44824726428807155,1.0,0.44824726428807155,5.370971378029664,3.9567578156565695,True,True,True,STABLE,True
P1v_to_P2a,all,oxidation,18,core18,P1v,P2a,EA,TMP,-0.053965628413727984,-0.413320902042722,-0.359355273628994,0.254102550838209,1.0,0.254102550838209,0.21237735802222912,1.6265909203953242,False,True,False,UNRESOLVED,True
P1v_to_P2a,all,oxidation,18,core18,P1v,P2a,EA,VC,0.38401351800628625,0.8634133684502503,0.47939985044396405,0.3389868851487437,1.0,0.3389868851487437,1.132827064497747,2.547040626870842,True,True,True,STABLE,True
P1v_to_P2a,all,oxidation,18,core18,P1v,P2a,EC,EMC,0.5675319519181183,0.06586604788046557,-0.5016659040376528,0.3547313626351041,1.0,0.3547313626351041,1.5998922331034837,0.18567867073038863,True,False,False,UNRESOLVED,True
P1v_to_P2a,all,oxidation,18,core18,P1v,P2a,EC,FEC,-0.5534803683932381,-0.7702788094893886,-0.21679844109615054,0.15329964784976033,1.0,0.15329964784976033,3.610447748292746,5.0246613106658415,True,True,True,STABLE,True
P1v_to_P2a,all,oxidation,18,core18,P1v,P2a,EC,GBL,0.8175819605434551,0.44962987861358084,-0.3679520819298743,0.26018141228432223,1.0,0.26018141228432223,3.1423534577866543,1.7281398954135596,True,True,True,STABLE,True
P1v_to_P2a,all,oxidation,18,core18,P1v,P2a,EC,MA,0.567077919597013,0.25947157257544795,-0.3076063470215651,0.21751053391497102,1.0,0.21751053391497102,2.6071285348354416,1.1929149724623465,True,True,True,STABLE,True
P1v_to_P2a,all,oxidation,18,core18,P1v,P2a,EC,PC,0.23028997151379293,0.05363789494138338,-0.17665207657240956,0.12491188125503605,1.0,0.12491188125503605,1.8436194315543413,0.4294058691812463,True,False,False,UNRESOLVED,True
P1v_to_P2a,all,oxidation,18,core18,P1v,P2a,EC,SL,0.9760713850066942,0.6284183111072661,-0.3476530738994281,0.24582784605463356,1.0,0.24582784605463356,3.9705484983575414,2.5563349359844465,True,True,True,STABLE,True
P1v_to_P2a,all,oxidation,18,core18,P1v,P2a,EC,SN,-0.8345142760848798,-0.952995378870483,-0.1184811027856032,0.08377879122216036,1.0,0.08377879122216036,9.960925240278975,11.37513880265207,True,True,True,STABLE,True
P1v_to_P2a,all,oxidation,18,core18,P1v,P2a,EC,TEGDME,3.1737998397485567,2.1102160051910346,-1.0635838345575221,0.752067341776015,1.0,0.752067341776015,4.2201005993074965,2.8058870369344016,True,True,True,STABLE,True
P1v_to_P2a,all,oxidation,18,core18,P1v,P2a,EC,TMP,0.7123109845634978,-0.07671076317019043,-0.7890217477336883,0.5579226283261525,1.0,0.5579226283261525,1.2767200116986337,0.1374935506744612,True,False,False,UNRESOLVED,True
P1v_to_P2a,all,oxidation,18,core18,P1v,P2a,EC,VC,1.150290130983512,1.2000235073227818,0.049733376339269775,0.03516680766080025,1.0,0.03516680766080025,32.709540828345304,34.123754390718396,True,True,True,STABLE,True
P1v_to_P2a,all,oxidation,18,core18,P1v,P2a,EMC,FEC,-1.1210123203113564,-0.8361448573698542,0.2848674629415022,0.20143171478534375,1.0,0.20143171478534375,5.565222544552958,4.151008982179863,True,True,True,STABLE,True
P1v_to_P2a,all,oxidation,18,core18,P1v,P2a,EMC,GBL,0.2500500086253368,0.38376383073311526,0.1337138221077785,0.09454995035078187,1.0,0.09454995035078187,2.6446339495435707,4.058847511916666,True,True,True,STABLE,True
P1v_to_P2a,all,oxidation,18,core18,P1v,P2a,EMC,MA,-0.0004540323211053021,0.19360552469498238,0.19405955701608768,0.13722082872013305,1.0,0.13722082872013305,0.003308771163533182,1.4109047912095618,False,True,False,UNRESOLVED,True
P1v_to_P2a,all,oxidation,18,core18,P1v,P2a,EMC,PC,-0.3372419804043254,-0.012228152939082193,0.3250138274652432,0.22981948138006805,1.0,0.22981948138006805,1.4674212054573628,0.053207643084267814,True,False,False,UNRESOLVED,True
P1v_to_P2a,all,oxidation,18,core18,P1v,P2a,EMC,SL,0.4085394330885759,0.5625522632268005,0.15401283013822464,0.10890351658047052,1.0,0.10890351658047052,3.7513888065010246,5.1656023688741195,True,True,True,STABLE,True
P1v_to_P2a,all,oxidation,18,core18,P1v,P2a,EMC,SN,-1.4020462280029982,-1.0188614267509486,0.38318480125204957,0.2709525714129437,1.0,0.2709525714129437,5.174507924732767,3.7602943623596716,True,True,True,STABLE,True
P1v_to_P2a,all,oxidation,18,core18,P1v,P2a,EMC,TEGDME,2.6062678878304384,2.044349957310569,-0.5619179305198694,0.3973359791409109,1.0,0.3973359791409109,6.559355368384985,5.14514180601189,True,True,True,STABLE,True
P1v_to_P2a,all,oxidation,18,core18,P1v,P2a,EMC,TMP,0.1447790326453795,-0.142576811050656,-0.2873558436960355,0.20319126569104834,1.0,0.20319126569104834,0.7125258664686678,0.7016876959044273,False,False,False,UNRESOLVED,True
P1v_to_P2a,all,oxidation,18,core18,P1v,P2a,EMC,VC,0.5827581790653937,1.1341574594423163,0.5513992803769225,0.38989817029590434,1.0,0.38989817029590434,1.494641994916577,2.908855557289672,True,True,True,STABLE,True
P1v_to_P2a,all,oxidation,18,core18,P1v,P2a,FEC,GBL,1.3710623289366932,1.2199086881029695,-0.15115364083372373,0.10688176443456188,1.0,0.10688176443456188,12.82784145817618,11.413627895803085,True,True,True,STABLE,True
P1v_to_P2a,all,oxidation,18,core18,P1v,P2a,FEC,MA,1.1205582879902511,1.0297503820648366,-0.09080790592541454,0.06421088606521069,1.0,0.06421088606521069,17.45121982668554,16.037006264312446,True,True,True,STABLE,True
P1v_to_P2a,all,oxidation,18,core18,P1v,P2a,FEC,PC,0.783770339907031,0.823916704430772,0.040146364523740985,0.02838776659472429,1.0,0.02838776659472429,27.609440048471107,29.023653610844203,True,True,True,STABLE,True
P1v_to_P2a,all,oxidation,18,core18,P1v,P2a,FEC,SL,1.5295517533999323,1.3986971205966547,-0.13085463280327758,0.09252819820487324,1.0,0.09252819820487324,16.530655336152158,15.116441773779064,True,True,True,STABLE,True
P1v_to_P2a,all,oxidation,18,core18,P1v,P2a,FEC,SN,-0.2810339076916417,-0.18271656938109437,0.09831733831054734,0.06952085662759996,1.0,0.06952085662759996,4.042440230520268,2.6282266681471733,True,True,True,STABLE,True
P1v_to_P2a,all,oxidation,18,core18,P1v,P2a,FEC,TEGDME,3.727280208141795,2.8804948146804232,-0.8467853934613716,0.5987676939262546,1.0,0.5987676939262546,6.224918688750856,4.810705126377761,True,True,True,STABLE,True
P1v_to_P2a,all,oxidation,18,core18,P1v,P2a,FEC,TMP,1.265791352956736,0.6935680463191982,-0.5722233066375377,0.40462298047639206,1.0,0.40462298047639206,3.1283229426722814,1.7141093802991865,True,True,True,STABLE,True
P1v_to_P2a,all,oxidation,18,core18,P1v,P2a,FEC,VC,1.7037704993767502,1.9703023168121705,0.2665318174354203,0.18846645551056057,1.0,0.18846645551056057,9.040179032184753,10.454392594557847,True,True,True,STABLE,True
P1v_to_P2a,all,oxidation,18,core18,P1v,P2a,GBL,MA,-0.2505040409464421,-0.19015830603813288,0.06034573490830919,0.04267087836935119,1.0,0.04267087836935119,5.8706089614121755,4.4563953990390806,True,True,True,STABLE,True
P1v_to_P2a,all,oxidation,18,core18,P1v,P2a,GBL,PC,-0.5872919890296622,-0.39599198367219746,0.19130000535746472,0.13526953102928618,1.0,0.13526953102928618,4.341642826443392,2.927429264070297,True,True,True,STABLE,True
P1v_to_P2a,all,oxidation,18,core18,P1v,P2a,GBL,SL,0.1584894244632391,0.17878843249368526,0.020299008030446153,0.014353566229688659,1.0,0.014353566229688659,11.041815109016074,12.456028671389168,True,True,True,STABLE,True
P1v_to_P2a,all,oxidation,18,core18,P1v,P2a,GBL,SN,-1.652096236628335,-1.4026252574840639,0.24947097914427108,0.17640262106216184,1.0,0.17640262106216184,9.365485765918178,7.951272203545083,True,True,True,STABLE,True
P1v_to_P2a,all,oxidation,18,core18,P1v,P2a,GBL,TEGDME,2.3562178792051016,1.6605861265774537,-0.6956317526276479,0.49188592949169274,1.0,0.49188592949169274,4.790171334317248,3.375957771944153,True,True,True,STABLE,True
P1v_to_P2a,all,oxidation,18,core18,P1v,P2a,GBL,TMP,-0.10527097597995727,-0.5263406417837713,-0.421069665803814,0.2977412160418302,1.0,0.2977412160418302,0.3535653457033223,1.7677789080764175,False,True,False,UNRESOLVED,True
P1v_to_P2a,all,oxidation,18,core18,P1v,P2a,GBL,VC,0.33270817044005696,0.750393628709201,0.41768545826914405,0.2953482199451225,1.0,0.2953482199451225,1.1264945849407055,2.5407081473138002,True,True,True,STABLE,True
P1v_to_P2a,all,oxidation,18,core18,P1v,P2a,MA,PC,-0.3367879480832201,-0.20583367763406457,0.13095427044915553,0.09259865265993499,1.0,0.09259865265993499,3.6370717975785345,2.2228582352054396,True,True,True,STABLE,True
P1v_to_P2a,all,oxidation,18,core18,P1v,P2a,MA,SL,0.4089934654096812,0.36894673853181814,-0.04004672687786304,0.02831731213966253,1.0,0.02831731213966253,14.443230465960296,13.029016903587202,True,True,True,STABLE,True
P1v_to_P2a,all,oxidation,18,core18,P1v,P2a,MA,SN,-1.4015921956818929,-1.212466951445931,0.1891252442359619,0.13373174269281066,1.0,0.13373174269281066,10.480624625534336,9.06641106316124,True,True,True,STABLE,True
P1v_to_P2a,all,oxidation,18,core18,P1v,P2a,MA,TEGDME,2.6067219201515437,1.8507444326155866,-0.7559774875359571,0.5345568078610439,1.0,0.5345568078610439,4.876417027746753,3.462203465373658,True,True,True,STABLE,True
P1v_to_P2a,all,oxidation,18,core18,P1v,P2a,MA,TMP,0.1452330649664848,-0.3361823357456384,-0.4814154007121232,0.34041209441118137,1.0,0.34041209441118137,0.42663896891706443,0.9875745934560307,False,False,False,UNRESOLVED,True
P1v_to_P2a,all,oxidation,18,core18,P1v,P2a,MA,VC,0.583212211386499,0.9405519347473339,0.35733972336083486,0.25267734157577126,1.0,0.25267734157577126,2.3081302334012768,3.7223437957743717,True,True,True,STABLE,True
P1v_to_P2a,all,oxidation,18,core18,P1v,P2a,PC,SL,0.7457814134929013,0.5747804161658827,-0.17100099732701857,0.12091596479959751,1.0,0.12091596479959751,6.167766305540686,4.7535527431675915,True,True,True,STABLE,True
P1v_to_P2a,all,oxidation,18,core18,P1v,P2a,PC,SN,-1.0648042475986728,-1.0066332738118664,0.05817097378680636,0.04113309003287567,1.0,0.04113309003287567,25.886804194570033,24.472590632196937,True,True,True,STABLE,True
P1v_to_P2a,all,oxidation,18,core18,P1v,P2a,PC,TEGDME,2.943509868234764,2.056578110249651,-0.8869317579851126,0.6271554605209789,1.0,0.6271554605209789,4.6934293863750876,3.279215824001993,True,True,True,STABLE,True
P1v_to_P2a,all,oxidation,18,core18,P1v,P2a,PC,TMP,0.4820210130497049,-0.1303486581115738,-0.6123696711612787,0.43301074707111636,1.0,0.43301074707111636,1.1131848719924249,0.30102869038067026,True,False,False,UNRESOLVED,True
P1v_to_P2a,all,oxidation,18,core18,P1v,P2a,PC,VC,0.9200001594697191,1.1463856123813985,0.22638545291167933,0.1600786889158363,1.0,0.1600786889158363,5.747174503368295,7.16138806574139,True,True,True,STABLE,True
P1v_to_P2a,all,oxidation,18,core18,P1v,P2a,SL,SN,-1.810585661091574,-1.5814136899777491,0.22917197111382492,0.1620490548324732,1.0,0.1620490548324732,11.17307140707092,9.758857844697825,True,True,True,STABLE,True
P1v_to_P2a,all,oxidation,18,core18,P1v,P2a,SL,TEGDME,2.1977284547418625,1.4817976940837685,-0.715930760658094,0.5062394957213814,1.0,0.5062394957213814,4.341282087463647,2.9270685250905517,True,True,True,STABLE,True
P1v_to_P2a,all,oxidation,18,core18,P1v,P2a,SL,TMP,-0.2637604004431964,-0.7051290742774565,-0.44136867383426015,0.3120947822715188,1.0,0.3120947822715188,0.8451291576343237,2.2593427200074188,False,True,False,UNRESOLVED,True
P1v_to_P2a,all,oxidation,18,core18,P1v,P2a,SL,VC,0.17421874597681786,0.5716051962155158,0.3973864502386979,0.2809946537154338,1.0,0.2809946537154338,0.6200073334962842,2.034220895869379,False,True,False,UNRESOLVED,True
P1v_to_P2a,all,oxidation,18,core18,P1v,P2a,SN,TEGDME,4.0083141158334366,3.0632113840615176,-0.945102731771919,0.6682885505538546,1.0,0.6682885505538546,5.997879377869759,4.583665815496664,True,True,True,STABLE,True
P1v_to_P2a,all,oxidation,18,core18,P1v,P2a,SN,TMP,1.5468252606483777,0.8762846157002926,-0.6705406449480851,0.47414383710399205,1.0,0.47414383710399205,3.262354457871228,1.8481408954981327,True,True,True,STABLE,True
P1v_to_P2a,all,oxidation,18,core18,P1v,P2a,SN,VC,1.984804407068392,2.153018886193265,0.16821447912487297,0.11894559888296062,1.0,0.11894559888296062,16.686656973507592,18.100870535880688,True,True,True,STABLE,True
P1v_to_P2a,all,oxidation,18,core18,P1v,P2a,TEGDME,TMP,-2.461488855185059,-2.186926768361225,0.2745620868238339,0.19414471344986256,1.0,0.19414471344986256,12.678629314419798,11.264415752046702,True,True,True,STABLE,True
P1v_to_P2a,all,oxidation,18,core18,P1v,P2a,TEGDME,VC,-2.0235097087650447,-0.9101924978682527,1.113317210896792,0.7872341494368152,1.0,0.7872341494368152,2.570403875660954,1.156190313287859,True,True,True,STABLE,True
P1v_to_P2a,all,oxidation,18,core18,P1v,P2a,TMP,VC,0.43797914642001423,1.2767342704929723,0.838755124072958,0.5930894359869526,1.0,0.5930894359869526,0.7384706586303947,2.15268422100349,False,True,False,UNRESOLVED,True
P1v_to_P2a,all,reduction,18,core18,P1v,P2a,AN,DEC,-0.17269229869486846,-0.19871533513067086,-0.026023036435802394,0.018401065530820476,1.0,0.018401065530820476,9.384907542751867,10.799121105124962,True,True,True,STABLE,True
P1v_to_P2a,all,reduction,18,core18,P1v,P2a,AN,DMC,-0.26825824236698415,-0.49753588007950456,-0.2292776377125204,0.16212377240095568,1.0,0.16212377240095568,1.6546508781176301,3.0688644404907253,True,True,True,STABLE,True
P1v_to_P2a,all,reduction,18,core18,P1v,P2a,AN,DME,-0.5328989284042187,-0.8573481501893808,-0.3244492217851621,0.22942024487498625,1.0,0.22942024487498625,2.3228069026541296,3.7370204650272245,True,True,True,STABLE,True
P1v_to_P2a,all,reduction,18,core18,P1v,P2a,AN,DMSO,0.41708598383627793,-0.10925689934649574,-0.5263428831827737,0.3721806219278181,1.0,0.3721806219278181,1.120654755413808,0.29355880695928704,True,False,False,UNRESOLVED,True
P1v_to_P2a,all,reduction,18,core18,P1v,P2a,AN,DOL,-0.8906993111750241,-0.7758549113564867,0.11484439981853745,0.08120725389298693,1.0,0.08120725389298693,10.968223508071919,9.554009945698825,True,True,True,STABLE,True
P1v_to_P2a,all,reduction,18,core18,P1v,P2a,AN,EA,0.4598215894764093,0.21485487912620127,-0.244966710350208,0.1732176220535929,1.0,0.1732176220535929,2.6545889732520527,1.2403754108789575,True,True,True,STABLE,True
P1v_to_P2a,all,reduction,18,core18,P1v,P2a,AN,EC,0.6061189291476352,0.054246913711122,-0.5518720154365132,0.39023244446224553,1.0,0.39023244446224553,1.5532253602923485,0.13901179791925353,True,False,False,UNRESOLVED,True
P1v_to_P2a,all,reduction,18,core18,P1v,P2a,AN,EMC,-0.1205974225820321,-0.08962249625247931,0.030974926329552788,0.021902580454380514,1.0,0.021902580454380514,5.506082848695238,4.091869286322143,True,True,True,STABLE,True
P1v_to_P2a,all,reduction,18,core18,P1v,P2a,AN,FEC,0.6400223075833629,0.09134545497084057,-0.5486768526125223,0.3879731231624064,1.0,0.3879731231624064,1.6496563018759631,0.23544273950286798,True,False,False,UNRESOLVED,True
P1v_to_P2a,all,reduction,18,core18,P1v,P2a,AN,GBL,0.6171346500660078,0.3158671900264531,-0.3012674600395547,0.21302826394481633,1.0,0.21302826394481633,2.896961363896167,1.4827478015230717,True,True,True,STABLE,True
P1v_to_P2a,all,reduction,18,core18,P1v,P2a,AN,MA,0.4602213233250634,0.2404125175639808,-0.21980880576108258,0.15542829711817815,1.0,0.15542829711817815,2.960988004488908,1.5467744421158127,True,True,True,STABLE,True
P1v_to_P2a,all,reduction,18,core18,P1v,P2a,AN,PC,0.3106361308493364,-0.07208865095085004,-0.38272478180018643,0.2706272885390536,1.0,0.2706272885390536,1.147837428096277,0.2663761342768177,True,False,False,UNRESOLVED,True
P1v_to_P2a,all,reduction,18,core18,P1v,P2a,AN,SL,0.21868796348345754,-0.547108334975427,-0.7657962984588845,0.5414997556478345,1.0,0.5414997556478345,0.403856070483034,1.010357491890061,False,True,False,UNRESOLVED,True
P1v_to_P2a,all,reduction,18,core18,P1v,P2a,AN,SN,1.3420730346600005,0.7625723009810932,-0.5795007336789073,0.4097688984869349,1.0,0.4097688984869349,3.275194968714277,1.8609814063411823,True,True,True,STABLE,True
P1v_to_P2a,all,reduction,18,core18,P1v,P2a,AN,TEGDME,0.32789727275251535,-0.8499427856588729,-1.1778400584113884,0.832858692455852,1.0,0.832858692455852,0.3937009671900572,1.0205125951830376,False,True,False,UNRESOLVED,True
P1v_to_P2a,all,reduction,18,core18,P1v,P2a,AN,TMP,0.28324046416964777,-0.3692412983332861,-0.6524817625029339,0.46137427886637494,1.0,0.46137427886637494,0.6139060566306103,0.8003075057424848,False,False,False,UNRESOLVED,True
P1v_to_P2a,all,reduction,18,core18,P1v,P2a,AN,VC,1.2071022544845507,0.739121168687705,-0.4679810857968456,0.330912599233993,1.0,0.330912599233993,3.6477978090855085,2.2335842467124136,True,True,True,STABLE,True
P1v_to_P2a,all,reduction,18,core18,P1v,P2a,DEC,DMC,-0.09556594367211568,-0.2988205449488337,-0.20325460127671802,0.14372270687013522,1.0,0.14372270687013522,0.6649328123110501,2.079146374684145,False,True,False,UNRESOLVED,True
P1v_to_P2a,all,reduction,18,core18,P1v,P2a,DEC,DME,-0.36020662970935025,-0.65863281505871,-0.2984261853493597,0.21101917934416578,1.0,0.21101917934416578,1.7069852646989225,3.1211988270720177,True,True,True,STABLE,True
P1v_to_P2a,all,reduction,18,core18,P1v,P2a,DEC,DMSO,0.5897782825311464,0.08945843578417512,-0.5003198467469713,0.3537795563969976,1.0,0.3537795563969976,1.6670784726444743,0.25286491027137914,True,False,False,UNRESOLVED,True
P1v_to_P2a,all,reduction,18,core18,P1v,P2a,DEC,DOL,-0.7180070124801556,-0.5771395762258158,0.14086743625433984,0.09960831942380742,1.0,0.09960831942380742,7.208303650071868,5.794090087698773,True,True,True,STABLE,True
P1v_to_P2a,all,reduction,18,core18,P1v,P2a,DEC,EA,0.6325138881712777,0.4135702142568721,-0.2189436739144056,0.15481655652277243,1.0,0.15481655652277243,4.085570060319998,2.671356497946903,True,True,True,STABLE,True
P1v_to_P2a,all,reduction,18,core18,P1v,P2a,DEC,EC,0.7788112278425037,0.25296224884179286,-0.5258489790007108,0.37183137893142504,1.0,0.37183137893142504,2.0945279822285676,0.6803144198554727,True,False,False,UNRESOLVED,True
P1v_to_P2a,all,reduction,18,core18,P1v,P2a,DEC,EMC,0.052094876112836364,0.10909283887819154,0.05699796276535518,0.04030364598520099,1.0,0.04030364598520099,1.2925598873105666,2.7067734496836615,True,True,True,STABLE,True
P1v_to_P2a,all,reduction,18,core18,P1v,P2a,DEC,FEC,0.8127146062782313,0.2900607901015114,-0.5226538161767199,0.3695720576315859,1.0,0.3695720576315859,2.1990694087819795,0.7848558464088846,True,False,False,UNRESOLVED,True
P1v_to_P2a,all,reduction,18,core18,P1v,P2a,DEC,GBL,0.7898269487608762,0.5145825251571239,-0.27524442360375234,0.19462719841399592,1.0,0.19462719841399592,4.0581529981273095,2.643939435754214,True,True,True,STABLE,True
P1v_to_P2a,all,reduction,18,core18,P1v,P2a,DEC,MA,0.6329136220199318,0.43912785269465165,-0.1937857693252802,0.13702723158735766,1.0,0.13702723158735766,4.618889360079033,3.2046757977059377,True,True,True,STABLE,True
P1v_to_P2a,all,reduction,18,core18,P1v,P2a,DEC,PC,0.48332842954420485,0.12662668417982081,-0.35670174536438404,0.2522262230082331,1.0,0.2522262230082331,1.9162497213005016,0.5020361589274066,True,False,False,UNRESOLVED,True
P1v_to_P2a,all,reduction,18,core18,P1v,P2a,DEC,SL,0.391380262178326,-0.34839299984475613,-0.7397732620230821,0.523098690117014,1.0,0.523098690117014,0.7481958367947291,0.6660177255783659,False,False,False,UNRESOLVED,True
P1v_to_P2a,all,reduction,18,core18,P1v,P2a,DEC,SN,1.514765333354869,0.9612876361117639,-0.553477697243105,0.3913678329561145,1.0,0.3913678329561145,3.870439023854894,2.456225461481799,True,True,True,STABLE,True
P1v_to_P2a,all,reduction,18,core18,P1v,P2a,DEC,TEGDME,0.5005895714473838,-0.6512274505282021,-1.1518170219755859,0.8144576269250314,1.0,0.8144576269250314,0.6146293617966962,0.7995842005763988,False,False,False,UNRESOLVED,True
P1v_to_P2a,all,reduction,18,core18,P1v,P2a,DEC,TMP,0.45593276286451623,-0.17052596320261526,-0.6264587260671315,0.44297321333555445,1.0,0.44297321333555445,1.029255831140166,0.3849577312329289,True,False,False,UNRESOLVED,True
P1v_to_P2a,all,reduction,18,core18,P1v,P2a,DEC,VC,1.3797945531794191,0.9378365038183759,-0.4419580493610432,0.31251153370317253,1.0,0.31251153370317253,4.415179615386502,3.0009660530134066,True,True,True,STABLE,True
P1v_to_P2a,all,reduction,18,core18,P1v,P2a,DMC,DME,-0.26464068603723456,-0.35981227010987626,-0.0951715840726417,0.06729647247403057,1.0,0.06729647247403057,3.9324599983952844,5.346673560768379,True,True,True,STABLE,True
P1v_to_P2a,all,reduction,18,core18,P1v,P2a,DMC,DMSO,0.6853442262032621,0.3882789807330088,-0.29706524547025326,0.2100568495268624,1.0,0.2100568495268624,3.2626606927931627,1.848447130420068,True,True,True,STABLE,True
P1v_to_P2a,all,reduction,18,core18,P1v,P2a,DMC,DOL,-0.62244106880804,-0.2783190312769821,0.34412203753105786,0.24333102629394263,1.0,0.24333102629394263,2.558001247469915,1.14378768509682,True,True,True,STABLE,True
P1v_to_P2a,all,reduction,18,core18,P1v,P2a,DMC,EA,0.7280798318433934,0.7123907592057058,-0.015689072637687596,0.011093849652637213,1.0,0.011093849652637213,65.62914178941621,64.21492822704312,True,True,True,STABLE,True
P1v_to_P2a,all,reduction,18,core18,P1v,P2a,DMC,EC,0.8743771715146194,0.5517827937906266,-0.3225943777239928,0.22810867206128982,1.0,0.22810867206128982,3.8331605879485617,2.418947025575467,True,True,True,STABLE,True
P1v_to_P2a,all,reduction,18,core18,P1v,P2a,DMC,EMC,0.14766081978495205,0.40791338382702524,0.2602525640420732,0.1840263528553362,1.0,0.1840263528553362,0.802389535486957,2.216603097860052,False,True,False,UNRESOLVED,True
P1v_to_P2a,all,reduction,18,core18,P1v,P2a,DMC,FEC,0.908280549950347,0.5888813350503451,-0.3193992149000019,0.2258493507614507,1.0,0.2258493507614507,4.021621257214513,2.6074076948414184,True,True,True,STABLE,True
P1v_to_P2a,all,reduction,18,core18,P1v,P2a,DMC,GBL,0.8853928924329919,0.8134030701059576,-0.07198982232703433,0.05090449154386069,1.0,0.05090449154386069,17.39321748592879,15.979003923555695,True,True,True,STABLE,True
P1v_to_P2a,all,reduction,18,core18,P1v,P2a,DMC,MA,0.7284795656920475,0.7379483976434853,0.009468831951437773,0.006695475282777499,1.0,0.006695475282777499,108.80177058765136,110.21598415002445,True,True,True,STABLE,True
P1v_to_P2a,all,reduction,18,core18,P1v,P2a,DMC,PC,0.5788943732163205,0.4254472291286545,-0.15344714408766602,0.10850351613809789,1.0,0.10850351613809789,5.335259112520672,3.9210455501475767,True,True,True,STABLE,True
P1v_to_P2a,all,reduction,18,core18,P1v,P2a,DMC,SL,0.4869462058504417,-0.049572454895922435,-0.5365186607463641,0.3793759832468788,1.0,0.3793759832468788,1.2835451566620695,0.13066840571102567,True,False,False,UNRESOLVED,True
P1v_to_P2a,all,reduction,18,core18,P1v,P2a,DMC,SN,1.6103312770269846,1.2601081810605976,-0.350223095966387,0.24764512608597924,1.0,0.24764512608597924,6.502576095391831,5.088362533018736,True,True,True,STABLE,True
P1v_to_P2a,all,reduction,18,core18,P1v,P2a,DMC,TEGDME,0.5961555151194995,-0.3524069055793684,-0.9485624206988679,0.6707349200548962,1.0,0.6707349200548962,0.88880941977899,0.5254041425941051,False,False,False,UNRESOLVED,True
P1v_to_P2a,all,reduction,18,core18,P1v,P2a,DMC,TMP,0.5514987065366319,0.12829458174621844,-0.42320412479041347,0.29925050646541923,1.0,0.29925050646541923,1.8429332436246417,0.4287196812515467,True,False,False,UNRESOLVED,True
P1v_to_P2a,all,reduction,18,core18,P1v,P2a,DMC,VC,1.4753604968515348,1.2366570487672097,-0.2387034480843251,0.16878882683303728,1.0,0.16878882683303728,8.740865876809094,7.326652314435999,True,True,True,STABLE,True
P1v_to_P2a,all,reduction,18,core18,P1v,P2a,DME,DMSO,0.9499849122404966,0.7480912508428851,-0.20189366139761156,0.14276037705283182,1.0,0.14276037705283182,6.65440181549067,5.240188253117575,True,True,True,STABLE,True
P1v_to_P2a,all,reduction,18,core18,P1v,P2a,DME,DOL,-0.3578003827708054,0.08149323883289417,0.43929362160369956,0.3106274987679732,1.0,0.3106274987679732,1.1518631936642176,0.2623503687088775,True,False,False,UNRESOLVED,True
P1v_to_P2a,all,reduction,18,core18,P1v,P2a,DME,EA,0.992720517880628,1.072203029315582,0.079482511434954,0.05620262282139328,1.0,0.05620262282139328,17.663241821211827,19.077455383584923,True,True,True,STABLE,True
P1v_to_P2a,all,reduction,18,core18,P1v,P2a,DME,EC,1.139017857551854,0.9115950639005028,-0.2274227936513511,0.16081219958725926,1.0,0.16081219958725926,7.082907021203977,5.668693458830882,True,True,True,STABLE,True
P1v_to_P2a,all,reduction,18,core18,P1v,P2a,DME,EMC,0.4123015058221866,0.7677256539369015,0.3554241481147149,0.2513228253293668,1.0,0.2513228253293668,1.6405255085042594,3.0547390708773543,True,True,True,STABLE,True
P1v_to_P2a,all,reduction,18,core18,P1v,P2a,DME,FEC,1.1729212359875816,0.9486936051602214,-0.2242276308273602,0.15855287828742015,1.0,0.15855287828742015,7.39766599418866,5.983452431815565,True,True,True,STABLE,True
P1v_to_P2a,all,reduction,18,core18,P1v,P2a,DME,GBL,1.1500335784702265,1.1732153402158338,0.023181761745607377,0.016391980930169872,1.0,0.016391980930169872,70.15830382974393,71.57251739211704,True,True,True,STABLE,True
P1v_to_P2a,all,reduction,18,core18,P1v,P2a,DME,MA,0.9931202517292821,1.0977606677533616,0.10464041602407947,0.07399194775680806,1.0,0.07399194775680806,13.4220044455838,14.836218007956894,True,True,True,STABLE,True
P1v_to_P2a,all,reduction,18,core18,P1v,P2a,DME,PC,0.8435350592535551,0.7852594992385308,-0.05827556001502432,0.04120704366406732,1.0,0.04120704366406732,20.470652205247145,19.05643864287405,True,True,True,STABLE,True
P1v_to_P2a,all,reduction,18,core18,P1v,P2a,DME,SL,0.7515868918876762,0.31023981521395383,-0.4413470766737224,0.31207951077284823,1.0,0.31207951077284823,2.4083186045325804,0.9941050421594853,True,False,False,UNRESOLVED,True
P1v_to_P2a,all,reduction,18,core18,P1v,P2a,DME,SN,1.8749719630642192,1.619920451170474,-0.2550515118937453,0.18034865361194868,1.0,0.18034865361194868,10.396373499402694,8.982159937029598,True,True,True,STABLE,True
P1v_to_P2a,all,reduction,18,core18,P1v,P2a,DME,TEGDME,0.860796201156734,0.007405364530507885,-0.8533908366262262,0.6034384475808656,1.0,0.6034384475808656,1.4264855091809183,0.012271946807823356,True,False,False,UNRESOLVED,True
P1v_to_P2a,all,reduction,18,core18,P1v,P2a,DME,TMP,0.8161393925738665,0.4881068518560947,-0.32803254071777177,0.2319540339913887,1.0,0.2319540339913887,3.518539335272633,2.104325772899538,True,True,True,STABLE,True
P1v_to_P2a,all,reduction,18,core18,P1v,P2a,DME,VC,1.7400011828887694,1.596469318877086,-0.14353186401168339,0.1014923543590067,1.0,0.1014923543590067,17.144160206727502,15.729946644354408,True,True,True,STABLE,True
P1v_to_P2a,all,reduction,18,core18,P1v,P2a,DMSO,DOL,-1.307785295011302,-0.6665980120099909,0.6411872830013111,0.45338787582080503,1.0,0.45338787582080503,2.8844734602655877,1.4702598978924926,True,True,True,STABLE,True
P1v_to_P2a,all,reduction,18,core18,P1v,P2a,DMSO,EA,0.04273560564013135,0.324111778472697,0.28137617283256566,0.1989629998742252,1.0,0.1989629998742252,0.21479172342167505,1.62900528579477,False,True,False,UNRESOLVED,True
P1v_to_P2a,all,reduction,18,core18,P1v,P2a,DMSO,EC,0.18903294531135728,0.16350381305761774,-0.02552913225373954,0.01805182253442744,1.0,0.01805182253442744,10.471682011655282,9.057468449282188,True,True,True,STABLE,True
P1v_to_P2a,all,reduction,18,core18,P1v,P2a,DMSO,EMC,-0.53768340641831,0.019634403094016428,0.5573178095123265,0.3940832023821986,1.0,0.3940832023821986,1.3643905732801112,0.04982298909298385,True,False,False,UNRESOLVED,True
P1v_to_P2a,all,reduction,18,core18,P1v,P2a,DMSO,FEC,0.22293632374708494,0.2006023543173363,-0.022333969429748635,0.015792501234588308,1.0,0.015792501234588308,14.116593719734265,12.702380157361171,True,True,True,STABLE,True
P1v_to_P2a,all,reduction,18,core18,P1v,P2a,DMSO,GBL,0.20004866622972983,0.4251240893729488,0.225075423143219,0.15915235798300176,1.0,0.15915235798300176,1.256963256875503,2.671176819248598,True,True,True,STABLE,True
P1v_to_P2a,all,reduction,18,core18,P1v,P2a,DMSO,MA,0.04313533948878545,0.34966941691047654,0.3065340774216911,0.21675232480963993,1.0,0.21675232480963993,0.19900750557886074,1.6132210679519559,False,True,False,UNRESOLVED,True
P1v_to_P2a,all,reduction,18,core18,P1v,P2a,DMSO,PC,-0.10644985298694154,0.0371682483956457,0.14361810138258724,0.10155333338876452,1.0,0.10155333338876452,1.048216237072517,0.365997325300578,True,False,False,UNRESOLVED,True
P1v_to_P2a,all,reduction,18,core18,P1v,P2a,DMSO,SL,-0.1983980203528204,-0.43785143562893125,-0.23945341527611086,0.16931913372001642,1.0,0.16931913372001642,1.1717401098973752,2.5859536722704703,True,True,True,STABLE,True
P1v_to_P2a,all,reduction,18,core18,P1v,P2a,DMSO,SN,0.9249870508237226,0.8718292003275889,-0.05315785049613364,0.03758827655911678,1.0,0.03758827655911678,24.608392176985124,23.194178614612028,True,True,True,STABLE,True
P1v_to_P2a,all,reduction,18,core18,P1v,P2a,DMSO,TEGDME,-0.08918871108376258,-0.7406858863123772,-0.6514971752286146,0.4606780705280338,1.0,0.4606780705280338,0.19360311851079345,1.6078166808838885,False,True,False,UNRESOLVED,True
P1v_to_P2a,all,reduction,18,core18,P1v,P2a,DMSO,TMP,-0.13384551966663016,-0.2599843989867904,-0.1261388793201602,0.08919365693855685,1.0,0.08919365693855685,1.5006170198720834,2.9148305822451785,True,True,True,STABLE,True
P1v_to_P2a,all,reduction,18,core18,P1v,P2a,DMSO,VC,0.7900162706482727,0.8483780680342008,0.05836179738592806,0.041268022693825054,1.0,0.041268022693825054,19.14354551245517,20.557759074828265,True,True,True,STABLE,True
P1v_to_P2a,all,reduction,18,core18,P1v,P2a,DOL,EA,1.3505209006514334,0.9907097904826879,-0.35981111016874545,0.2544248759465798,1.0,0.2544248759465798,5.308132294952931,3.8939187325798357,True,True,True,STABLE,True
P1v_to_P2a,all,reduction,18,core18,P1v,P2a,DOL,EC,1.4968182403226593,0.8301018250676087,-0.6667164152550507,0.4714396983552325,1.0,0.4714396983552325,3.1749940565989383,1.7607804942258432,True,True,True,STABLE,True
P1v_to_P2a,all,reduction,18,core18,P1v,P2a,DOL,EMC,0.770101888592992,0.6862324151040073,-0.08386947348898466,0.059304673438606424,1.0,0.059304673438606424,12.985517733104446,11.571304170731352,True,True,True,STABLE,True
P1v_to_P2a,all,reduction,18,core18,P1v,P2a,DOL,FEC,1.530721618758387,0.8672003663273272,-0.6635212524310597,0.46918037705539334,1.0,0.46918037705539334,3.2625439886580416,1.8483304262849467,True,True,True,STABLE,True
P1v_to_P2a,all,reduction,18,core18,P1v,P2a,DOL,GBL,1.5078339612410319,1.0917221013829397,-0.4161118598580922,0.29423551783780333,1.0,0.29423551783780333,5.124581737518929,3.7103681751458337,True,True,True,STABLE,True
P1v_to_P2a,all,reduction,18,core18,P1v,P2a,DOL,MA,1.3509206345000875,1.0162674289204674,-0.3346532055796201,0.23663555101116512,1.0,0.23663555101116512,5.708865927911006,4.294652365537911,True,True,True,STABLE,True
P1v_to_P2a,all,reduction,18,core18,P1v,P2a,DOL,PC,1.2013354420243605,0.7037662604056366,-0.4975691816187239,0.3518345424320405,1.0,0.3518345424320405,3.414489759078751,2.0002761967056557,True,True,True,STABLE,True
P1v_to_P2a,all,reduction,18,core18,P1v,P2a,DOL,SL,1.1093872746584816,0.22874657638105966,-0.880640698277422,0.6227070095408215,1.0,0.6227070095408215,1.781555784118335,0.3673422217452399,True,False,False,UNRESOLVED,True
P1v_to_P2a,all,reduction,18,core18,P1v,P2a,DOL,SN,2.2327723458350244,1.5384272123375797,-0.6943451334974446,0.4909761523799217,1.0,0.4909761523799217,4.547618728551372,3.133405166178277,True,True,True,STABLE,True
P1v_to_P2a,all,reduction,18,core18,P1v,P2a,DOL,TEGDME,1.2185965839275394,-0.07408787430238628,-1.2926844582299257,0.9140659463488388,1.0,0.9140659463488388,1.3331604670266115,0.0810530953464837,True,False,False,UNRESOLVED,True
P1v_to_P2a,all,reduction,18,core18,P1v,P2a,DOL,TMP,1.1739397753446719,0.40661361302320054,-0.7673261623214713,0.5425815327593619,1.0,0.5425815327593619,2.1636191143005985,0.7494055519275037,True,False,False,UNRESOLVED,True
P1v_to_P2a,all,reduction,18,core18,P1v,P2a,DOL,VC,2.0978015656595748,1.5149760800441918,-0.5828254856153829,0.41211985312697985,1.0,0.41211985312697985,5.0902705844972065,3.6760570221241116,True,True,True,STABLE,True
P1v_to_P2a,all,reduction,18,core18,P1v,P2a,EA,EC,0.14629733967122593,-0.16060796541507927,-0.3069053050863052,0.21701482240865264,1.0,0.21701482240865264,0.674135241305033,0.7400783210680619,False,False,False,UNRESOLVED,True
P1v_to_P2a,all,reduction,18,core18,P1v,P2a,EA,EMC,-0.5804190120584414,-0.3044773753786806,0.2759416366797608,0.1951202025079734,1.0,0.1951202025079734,2.974674096264958,1.560460533891863,True,True,True,STABLE,True
P1v_to_P2a,all,reduction,18,core18,P1v,P2a,EA,FEC,0.1802007181069536,-0.1235094241553607,-0.3037101422623143,0.2147555011088135,1.0,0.2147555011088135,0.8390970996158488,0.5751164627572463,False,False,False,UNRESOLVED,True
P1v_to_P2a,all,reduction,18,core18,P1v,P2a,EA,GBL,0.15731306058959849,0.10101231090025181,-0.056300749689346674,0.03981064189122344,1.0,0.03981064189122344,3.951532884584796,2.537319322211701,True,True,True,STABLE,True
P1v_to_P2a,all,reduction,18,core18,P1v,P2a,EA,MA,0.00039973384865410466,0.02555763843777953,0.025157904589125424,0.01778932493541475,1.0,0.01778932493541475,0.022470433819459883,1.4366839961925548,False,True,False,UNRESOLVED,True
P1v_to_P2a,all,reduction,18,core18,P1v,P2a,EA,PC,-0.1491854586270729,-0.2869435300770513,-0.13775807144997843,0.09740966648546068,1.0,0.09740966648546068,1.5315262233172746,2.9457397856903698,True,True,True,STABLE,True
P1v_to_P2a,all,reduction,18,core18,P1v,P2a,EA,SL,-0.24113362599295174,-0.7619632141016283,-0.5208295881086765,0.3682821335942416,1.0,0.3682821335942416,0.6547524411233672,2.0689660034964623,False,True,False,UNRESOLVED,True
P1v_to_P2a,all,reduction,18,core18,P1v,P2a,EA,SN,0.8822514451835912,0.5477174218548919,-0.3345340233286993,0.23655127643334195,1.0,0.23655127643334195,3.7296414480866344,2.315427885713539,True,True,True,STABLE,True
P1v_to_P2a,all,reduction,18,core18,P1v,P2a,EA,TEGDME,-0.13192431672389393,-1.064797664785074,-0.9328733480611802,0.6596410704022589,1.0,0.6596410704022589,0.19999409170118004,1.614207654074275,False,True,False,UNRESOLVED,True
P1v_to_P2a,all,reduction,18,core18,P1v,P2a,EA,TMP,-0.1765811253067615,-0.5840961774594874,-0.4075150521527259,0.288156656812782,1.0,0.288156656812782,0.6127955788350496,2.027009141208145,False,True,False,UNRESOLVED,True
P1v_to_P2a,all,reduction,18,core18,P1v,P2a,EA,VC,0.7472806650081414,0.5242662895615038,-0.2230143754466376,0.15769497718040013,1.0,0.15769497718040013,4.738772777482102,3.324559215109007,True,True,True,STABLE,True
P1v_to_P2a,all,reduction,18,core18,P1v,P2a,EC,EMC,-0.7267163517296673,-0.1438694099636013,0.582846941766066,0.41213502491662607,1.0,0.41213502491662607,1.7632967542049607,0.34908319183186565,True,False,False,UNRESOLVED,True
P1v_to_P2a,all,reduction,18,core18,P1v,P2a,EC,FEC,0.03390337843572766,0.037098541259718565,0.0031951628239909047,0.002259321299839128,1.0,0.002259321299839128,15.006001332409742,16.420214894782838,True,True,True,STABLE,True
P1v_to_P2a,all,reduction,18,core18,P1v,P2a,EC,GBL,0.011015720918372551,0.2616202763153311,0.25060455539695853,0.1772041805174292,1.0,0.1772041805174292,0.062164001358247206,1.476377563731342,False,True,False,UNRESOLVED,True
P1v_to_P2a,all,reduction,18,core18,P1v,P2a,EC,MA,-0.14589760582257183,0.1861656038528588,0.3320632096754306,0.23480414734406738,1.0,0.23480414734406738,0.621358725869448,0.7928548365036471,False,False,False,UNRESOLVED,True
P1v_to_P2a,all,reduction,18,core18,P1v,P2a,EC,PC,-0.2954827982982988,-0.12633556466197204,0.16914723363632678,0.11960515592319194,1.0,0.11960515592319194,2.470485457065513,1.0562718946924181,True,True,True,STABLE,True
P1v_to_P2a,all,reduction,18,core18,P1v,P2a,EC,SL,-0.3874309656641777,-0.601355248686549,-0.21392428302237132,0.15126731118558898,1.0,0.15126731118558898,2.5612339019422437,3.975447464315339,True,True,True,STABLE,True
P1v_to_P2a,all,reduction,18,core18,P1v,P2a,EC,SN,0.7359541055123653,0.7083253872699711,-0.027628718242394212,0.01953645402468942,1.0,0.01953645402468942,37.67081296238789,36.2565994000148,True,True,True,STABLE,True
P1v_to_P2a,all,reduction,18,core18,P1v,P2a,EC,TEGDME,-0.27822165639511987,-0.9041896993699949,-0.6259680429748751,0.4426262479936064,1.0,0.4426262479936064,0.6285701710105965,2.0427837333836916,False,True,False,UNRESOLVED,True
P1v_to_P2a,all,reduction,18,core18,P1v,P2a,EC,TMP,-0.32287846497798744,-0.4234882120444081,-0.10060974706642067,0.07114183440412941,1.0,0.07114183440412941,4.538517563995314,5.952731126368409,True,True,True,STABLE,True
P1v_to_P2a,all,reduction,18,core18,P1v,P2a,EC,VC,0.6009833253369155,0.684874254976583,0.0838909296396676,0.05931984522825249,1.0,0.05931984522825249,10.131235559102283,11.545449121475377,True,True,True,STABLE,True
P1v_to_P2a,all,reduction,18,core18,P1v,P2a,EMC,FEC,0.760619730165395,0.18096795122331988,-0.5796517789420751,0.40987570361678693,1.0,0.40987570361678693,1.855732661032614,0.4415190986595189,True,False,False,UNRESOLVED,True
P1v_to_P2a,all,reduction,18,core18,P1v,P2a,EMC,GBL,0.7377320726480399,0.4054896862789324,-0.33224238636910747,0.23493084439919684,1.0,0.23493084439919684,3.140209513717484,1.725995951344389,True,True,True,STABLE,True
P1v_to_P2a,all,reduction,18,core18,P1v,P2a,EMC,MA,0.5808187459070955,0.3300350138164601,-0.25078373209063537,0.17733087757255867,1.0,0.17733087757255867,3.2753390377230907,1.8611254753499955,True,True,True,STABLE,True
P1v_to_P2a,all,reduction,18,core18,P1v,P2a,EMC,PC,0.4312335534313685,0.01753384530162927,-0.4136997081297392,0.2925298689934341,1.0,0.2925298689934341,1.4741522119269388,0.05993864955384375,True,False,False,UNRESOLVED,True
P1v_to_P2a,all,reduction,18,core18,P1v,P2a,EMC,SL,0.33928538606548964,-0.4574858387229477,-0.7967712247884373,0.563402336102215,1.0,0.563402336102215,0.602207985882286,0.8120055764908091,False,False,False,UNRESOLVED,True
P1v_to_P2a,all,reduction,18,core18,P1v,P2a,EMC,SN,1.4626704572420326,0.8521947972335724,-0.6104756600084602,0.43167147894131547,1.0,0.43167147894131547,3.38838799549432,1.9741744331212252,True,True,True,STABLE,True
P1v_to_P2a,all,reduction,18,core18,P1v,P2a,EMC,TEGDME,0.44849469533454744,-0.7603202894063936,-1.208814984740941,0.8547612729102324,1.0,0.8547612729102324,0.5247017027427361,0.889511859630359,False,False,False,UNRESOLVED,True
P1v_to_P2a,all,reduction,18,core18,P1v,P2a,EMC,TMP,0.40383788675167986,-0.2796188020808068,-0.6834566888324867,0.4832768593207554,1.0,0.4832768593207554,0.8356242989148562,0.5785892634582389,False,False,False,UNRESOLVED,True
P1v_to_P2a,all,reduction,18,core18,P1v,P2a,EMC,VC,1.3276996770665828,0.8287436649401844,-0.4989560121263984,0.35281517968837356,1.0,0.35281517968837356,3.763159165201686,2.348945602828591,True,True,True,STABLE,True
P1v_to_P2a,all,reduction,18,core18,P1v,P2a,FEC,GBL,-0.02288765751735511,0.22452173505561251,0.24740939257296762,0.17494485921759007,1.0,0.17494485921759007,0.13082783695226088,1.283385725420834,False,True,False,UNRESOLVED,True
P1v_to_P2a,all,reduction,18,core18,P1v,P2a,FEC,MA,-0.1798009842582995,0.14906706259314023,0.3288680468514397,0.23254482604422824,1.0,0.23254482604422824,0.7731884958132877,0.6410250665598074,False,False,False,UNRESOLVED,True
P1v_to_P2a,all,reduction,18,core18,P1v,P2a,FEC,PC,-0.3293861767340265,-0.1634341059216906,0.16595207081233587,0.11734583462335282,1.0,0.11734583462335282,2.8069694829072,1.392755920534105,True,True,True,STABLE,True
P1v_to_P2a,all,reduction,18,core18,P1v,P2a,FEC,SL,-0.42133434409990533,-0.6384537899462676,-0.21711944584636222,0.1535266324854281,1.0,0.1535266324854281,2.744372994307004,4.158586556680099,True,True,True,STABLE,True
P1v_to_P2a,all,reduction,18,core18,P1v,P2a,FEC,SN,0.7020507270766376,0.6712268460102526,-0.030823881066385006,0.021795775324528466,1.0,0.021795775324528466,32.210403925689484,30.796190363316384,True,True,True,STABLE,True
P1v_to_P2a,all,reduction,18,core18,P1v,P2a,FEC,TEGDME,-0.3121250348308475,-0.9412882406297135,-0.629163205798866,0.44488556929344547,1.0,0.44488556929344547,0.7015849835870279,2.115798545960123,False,True,False,UNRESOLVED,True
P1v_to_P2a,all,reduction,18,core18,P1v,P2a,FEC,TMP,-0.3567818434137151,-0.4605867533041267,-0.10380490989041158,0.07340115570396855,1.0,0.07340115570396855,4.860711524116032,6.274925086489127,True,True,True,STABLE,True
P1v_to_P2a,all,reduction,18,core18,P1v,P2a,FEC,VC,0.5670799469011878,0.6477757137168645,0.0806957668156767,0.05706052392841336,1.0,0.05706052392841336,9.938218366389895,11.352431928762991,True,True,True,STABLE,True
P1v_to_P2a,all,reduction,18,core18,P1v,P2a,GBL,MA,-0.15691332674094438,-0.07545467246247228,0.0814586542784721,0.05759996682663819,1.0,0.05759996682663819,2.724191269297344,1.3099777069242486,True,True,True,STABLE,True
P1v_to_P2a,all,reduction,18,core18,P1v,P2a,GBL,PC,-0.3064985192166714,-0.3879558409773031,-0.08145732176063175,0.057599024594237234,1.0,0.057599024594237234,5.32124495815397,6.7354585205270645,True,True,True,STABLE,True
P1v_to_P2a,all,reduction,18,core18,P1v,P2a,GBL,SL,-0.3984466865825502,-0.86297552500188,-0.4645288384193298,0.32847149170301815,1.0,0.32847149170301815,1.2130327795472702,2.6272463419203653,True,True,True,STABLE,True
P1v_to_P2a,all,reduction,18,core18,P1v,P2a,GBL,SN,0.7249383845939927,0.44670511095464005,-0.2782332736393527,0.19674063454211857,1.0,0.19674063454211857,3.684741519113057,2.270527956739962,True,True,True,STABLE,True
P1v_to_P2a,all,reduction,18,core18,P1v,P2a,GBL,TEGDME,-0.2892373773134924,-1.165809975685326,-0.8765725983718335,0.6198304285110355,1.0,0.6198304285110355,0.4666395259237306,1.8808530882968255,False,True,False,UNRESOLVED,True
P1v_to_P2a,all,reduction,18,core18,P1v,P2a,GBL,TMP,-0.33389418589636,-0.6851084883597391,-0.35121430246337915,0.24834601492155856,1.0,0.24834601492155856,1.3444716880269745,2.7586852504000694,True,True,True,STABLE,True
P1v_to_P2a,all,reduction,18,core18,P1v,P2a,GBL,VC,0.5899676044185429,0.42325397866125203,-0.16671362575729087,0.11788433528917665,1.0,0.11788433528917665,5.0046310476393705,3.590417485266275,True,True,True,STABLE,True
P1v_to_P2a,all,reduction,18,core18,P1v,P2a,MA,PC,-0.149585192475727,-0.31250116851483084,-0.16291597603910385,0.11519899142087543,1.0,0.11519899142087543,1.2984939419236996,2.7127075042967945,True,True,True,STABLE,True
P1v_to_P2a,all,reduction,18,core18,P1v,P2a,MA,SL,-0.24153335984160584,-0.7875208525394077,-0.5459874926978019,0.3860714585296563,1.0,0.3860714585296563,0.6256182748175163,2.0398318371906115,False,True,False,UNRESOLVED,True
P1v_to_P2a,all,reduction,18,core18,P1v,P2a,MA,SN,0.8818517113349371,0.5221597834171123,-0.3596919279178248,0.25434060136875675,1.0,0.25434060136875675,3.4672077780314,2.052994215658305,True,True,True,STABLE,True
P1v_to_P2a,all,reduction,18,core18,P1v,P2a,MA,TEGDME,-0.13232405057254804,-1.0903553032228537,-0.9580312526503056,0.6774303953376737,1.0,0.6774303953376737,0.19533231972354806,1.609545882096643,False,True,False,UNRESOLVED,True
P1v_to_P2a,all,reduction,18,core18,P1v,P2a,MA,TMP,-0.17698085915541562,-0.6096538158972669,-0.43267295674185124,0.30594598174819676,1.0,0.30594598174819676,0.5784709383798231,1.9926845007529181,False,True,False,UNRESOLVED,True
P1v_to_P2a,all,reduction,18,core18,P1v,P2a,MA,VC,0.7468809311594873,0.4987086511237243,-0.24817228003576297,0.17548430211581484,1.0,0.17548430211581484,4.256112496413305,2.8418989340402097,True,True,True,STABLE,True
P1v_to_P2a,all,reduction,18,core18,P1v,P2a,PC,SL,-0.09194816736587885,-0.47501968402457695,-0.3830715166586981,0.27087246710878093,1.0,0.27087246710878093,0.33945187691945433,1.7536654392925495,False,True,False,UNRESOLVED,True
P1v_to_P2a,all,reduction,18,core18,P1v,P2a,PC,SN,1.031436903810664,0.8346609519319432,-0.19677595187872088,0.13914160994788127,1.0,0.13914160994788127,7.41285733431583,5.998643771942734,True,True,True,STABLE,True
P1v_to_P2a,all,reduction,18,core18,P1v,P2a,PC,TEGDME,0.017261141903178956,-0.7778541347080229,-0.7951152766112018,0.5622314039167983,1.0,0.5622314039167983,0.030701134413568518,1.3835124279595266,False,True,False,UNRESOLVED,True
P1v_to_P2a,all,reduction,18,core18,P1v,P2a,PC,TMP,-0.027395666679688624,-0.2971526473824361,-0.26975698070274745,0.19074699032732137,1.0,0.19074699032732137,0.14362306127440191,1.557836623647497,False,True,False,UNRESOLVED,True
P1v_to_P2a,all,reduction,18,core18,P1v,P2a,PC,VC,0.8964661236352143,0.8112098196385551,-0.08525630399665918,0.06028531069493946,1.0,0.06028531069493946,14.870390702165967,13.456177139792871,True,True,True,STABLE,True
P1v_to_P2a,all,reduction,18,core18,P1v,P2a,SL,SN,1.123385071176543,1.30968063595652,0.1862955647799771,0.13173085716089955,1.0,0.13173085716089955,8.527880979354828,9.942094541727922,True,True,True,STABLE,True
P1v_to_P2a,all,reduction,18,core18,P1v,P2a,SL,TEGDME,0.10920930926905781,-0.30283445068344594,-0.41204375995250375,0.2913589368080174,1.0,0.2913589368080174,0.37482738805097354,1.0393861743221215,False,True,False,UNRESOLVED,True
P1v_to_P2a,all,reduction,18,core18,P1v,P2a,SL,TMP,0.06455250068619023,0.17786703664214087,0.11331453595595065,0.08012547678145956,1.0,0.08012547678145956,0.8056426405081585,2.2198562028812536,False,True,False,UNRESOLVED,True
P1v_to_P2a,all,reduction,18,core18,P1v,P2a,SL,VC,0.9884142910010931,1.2862295036631322,0.29781521266203903,0.21058715641384154,1.0,0.21058715641384154,4.6936114615588505,6.107825023931946,True,True,True,STABLE,True
P1v_to_P2a,all,reduction,18,core18,P1v,P2a,SN,TEGDME,-1.0141757619074852,-1.612515086639966,-0.5983393247324809,0.42308979396891694,1.0,0.42308979396891694,2.397069786046395,3.81128334841949,True,True,True,STABLE,True
P1v_to_P2a,all,reduction,18,core18,P1v,P2a,SN,TMP,-1.0588325704903527,-1.1318135993143792,-0.07298102882402646,0.05160538037944,1.0,0.05160538037944,20.517871638675107,21.9320852010482,True,True,True,STABLE,True
P1v_to_P2a,all,reduction,18,core18,P1v,P2a,SN,VC,-0.13497078017544983,-0.02345113229338805,0.11151964788206178,0.0788562992529419,1.0,0.0788562992529419,1.7116042910219944,0.29739072864889937,True,False,False,UNRESOLVED,True
P1v_to_P2a,all,reduction,18,core18,P1v,P2a,TEGDME,TMP,-0.04465680858286758,0.4807014873255868,0.5253582959084544,0.371484413589477,1.0,0.371484413589477,0.12021179610571034,1.2940017662673846,False,True,False,UNRESOLVED,True
P1v_to_P2a,all,reduction,18,core18,P1v,P2a,TEGDME,VC,0.8792049817320353,1.589063954346578,0.7098589726145428,0.5019460932218589,1.0,0.5019460932218589,1.7515924391176185,3.1658060014907137,True,True,True,STABLE,True
P1v_to_P2a,all,reduction,18,core18,P1v,P2a,TMP,VC,0.9238617903149029,1.1083624670209913,0.18450067670608838,0.13046167963238198,1.0,0.13046167963238198,7.081480116752924,8.495693679126019,True,True,True,STABLE,True
P1v_to_P2eps10,all,oxidation,12,audit12,P1v,P2eps@10.0,AN,DMC,1.5605595936404821,1.170092813969882,-0.39046677967060006,0.27610170773315484,1.0,0.27610170773315484,5.6521185850423015,4.237905022669206,True,True,True,STABLE,True
P1v_to_P2eps10,all,oxidation,12,audit12,P1v,P2eps@10.0,AN,DME,3.284418345598896,2.7666203027385494,-0.5177980428603464,0.3661385073916735,1.0,0.3661385073916735,8.970425888816491,7.556212326443395,True,True,True,STABLE,True
P1v_to_P2eps10,all,oxidation,12,audit12,P1v,P2eps@10.0,AN,DMSO,3.3262673251141113,2.9857103658275683,-0.34055695928654295,0.2408101352917855,1.0,0.2408101352917855,13.812821130156047,12.398607567782953,True,True,True,STABLE,True
P1v_to_P2eps10,all,oxidation,12,audit12,P1v,P2eps@10.0,AN,DOL,2.827294537716732,2.6283075615751272,-0.19898697614160454,0.14070504019753433,1.0,0.14070504019753433,20.093768735985027,18.67955517361193,True,True,True,STABLE,True
P1v_to_P2eps10,all,oxidation,12,audit12,P1v,P2eps@10.0,AN,EC,1.3713134696509695,1.1964540969451676,-0.17485937270580187,0.12364424819429841,1.0,0.12364424819429841,11.090798720341967,9.676585157968873,True,True,True,STABLE,True
P1v_to_P2eps10,all,oxidation,12,audit12,P1v,P2eps@10.0,AN,EMC,1.9388454215690878,1.3644003313675377,-0.5744450902015501,0.40619401870083405,1.0,0.40619401870083405,4.773200323752347,3.3589867613792515,True,True,True,STABLE,True
P1v_to_P2eps10,all,oxidation,12,audit12,P1v,P2eps@10.0,AN,GBL,2.1888954301944246,1.724211024195804,-0.4646844059986206,0.3285814945932674,1.0,0.3285814945932674,6.66165157263021,5.247438010257114,True,True,True,STABLE,True
P1v_to_P2eps10,all,oxidation,12,audit12,P1v,P2eps@10.0,AN,PC,1.6016034411647624,1.2734926886084512,-0.32811075255631117,0.23200933811278895,1.0,0.23200933811278895,6.903185251906367,5.488971689533272,True,True,True,STABLE,True
P1v_to_P2eps10,all,oxidation,12,audit12,P1v,P2eps@10.0,AN,SL,2.3473848546576637,1.8700932900075502,-0.47729156465011346,0.3374961019672327,1.0,0.3374961019672327,6.955294715924067,5.541081153550972,True,True,True,STABLE,True
P1v_to_P2eps10,all,oxidation,12,audit12,P1v,P2eps@10.0,AN,SN,0.5367991935660896,0.23563302271609388,-0.30116617084999575,0.21295664167201833,1.0,0.21295664167201833,2.520697121026317,1.106483558653222,True,True,True,STABLE,True
P1v_to_P2eps10,all,oxidation,12,audit12,P1v,P2eps@10.0,AN,TMP,2.0836244542144673,1.2144637993228606,-0.8691606548916067,0.6145893930143956,1.0,0.6145893930143956,3.390270769228297,1.976057206855202,True,True,True,STABLE,True
P1v_to_P2eps10,all,oxidation,12,audit12,P1v,P2eps@10.0,DMC,DME,1.7238587519584136,1.5965274887686673,-0.1273312631897463,0.09003679965851863,1.0,0.09003679965851863,19.14615755442741,17.731943992054315,True,True,True,STABLE,True
P1v_to_P2eps10,all,oxidation,12,audit12,P1v,P2eps@10.0,DMC,DMSO,1.7657077314736291,1.8156175518576863,0.04990982038405711,0.035291572441369365,1.0,0.035291572441369365,50.03199374034797,51.44620730272107,True,True,True,STABLE,True
P1v_to_P2eps10,all,oxidation,12,audit12,P1v,P2eps@10.0,DMC,DOL,1.2667349440762496,1.4582147476052452,0.19147980352899552,0.13539666753562055,1.0,0.13539666753562055,9.355732065879637,10.769945628252733,True,True,True,STABLE,True
P1v_to_P2eps10,all,oxidation,12,audit12,P1v,P2eps@10.0,DMC,EC,-0.18924612398951268,0.026361282975285505,0.2156074069647982,0.15245745953885645,1.0,0.15245745953885645,1.2413044567444074,0.17290910562868766,True,False,False,UNRESOLVED,True
P1v_to_P2eps10,all,oxidation,12,audit12,P1v,P2eps@10.0,DMC,EMC,0.37828582792860566,0.19430751739765562,-0.18397831053095004,0.13009231096767918,1.0,0.13009231096767918,2.9078261821529865,1.4936126197798916,True,True,True,STABLE,True
P1v_to_P2eps10,all,oxidation,12,audit12,P1v,P2eps@10.0,DMC,GBL,0.6283358365539424,0.5541182102259219,-0.07421762632802054,0.052479786860112565,1.0,0.052479786860112565,11.972911365452042,10.558697803078946,True,True,True,STABLE,True
P1v_to_P2eps10,all,oxidation,12,audit12,P1v,P2eps@10.0,DMC,PC,0.04104384752428025,0.10339987463856914,0.06235602711428889,0.044092369620365904,1.0,0.044092369620365904,0.9308605520108504,2.3450741143839453,False,True,False,UNRESOLVED,True
P1v_to_P2eps10,all,oxidation,12,audit12,P1v,P2eps@10.0,DMC,SL,0.7868252610171815,0.7000004760376681,-0.0868247849795134,0.061394394234077825,1.0,0.061394394234077825,12.815913746412422,11.401700184039328,True,True,True,STABLE,True
P1v_to_P2eps10,all,oxidation,12,audit12,P1v,P2eps@10.0,DMC,SN,-1.0237604000743925,-0.9344597912537882,0.08930060882060431,0.06314506606113653,1.0,0.06314506606113653,16.212832829776378,14.798619267403284,True,True,True,STABLE,True
P1v_to_P2eps10,all,oxidation,12,audit12,P1v,P2eps@10.0,DMC,TMP,0.5230648605739852,0.044370985352978565,-0.4786938752210066,0.3384876852812408,1.0,0.3384876852812408,1.5452995288126476,0.1310859664395526,True,False,False,UNRESOLVED,True
P1v_to_P2eps10,all,oxidation,12,audit12,P1v,P2eps@10.0,DME,DMSO,0.04184897951521549,0.2190900630890189,0.17724108357380342,0.125328372099888,1.0,0.125328372099888,0.33391465008307475,1.7481282124561697,False,True,False,UNRESOLVED,True
P1v_to_P2eps10,all,oxidation,12,audit12,P1v,P2eps@10.0,DME,DOL,-0.457123807882164,-0.13831274116342218,0.3188110667187418,0.22543346719413918,1.0,0.22543346719413918,2.0277548563297274,0.6135412939566324,True,False,False,UNRESOLVED,True
P1v_to_P2eps10,all,oxidation,12,audit12,P1v,P2eps@10.0,DME,EC,-1.9131048759479263,-1.5701662057933818,0.3429386701545445,0.24249425919737508,1.0,0.24249425919737508,7.8892790381102555,6.475065475737161,True,True,True,STABLE,True
P1v_to_P2eps10,all,oxidation,12,audit12,P1v,P2eps@10.0,DME,EMC,-1.345572924029808,-1.4022199713710117,-0.05664704734120374,0.04005551130916055,1.0,0.04005551130916055,33.59270372669242,35.00691728906551,True,True,True,STABLE,True
P1v_to_P2eps10,all,oxidation,12,audit12,P1v,P2eps@10.0,DME,GBL,-1.0955229154044712,-1.0424092785427455,0.053113636861725766,0.037557012798406064,1.0,0.037557012798406064,29.169596668533917,27.75538310616082,True,True,True,STABLE,True
P1v_to_P2eps10,all,oxidation,12,audit12,P1v,P2eps@10.0,DME,PC,-1.6828149044341334,-1.4931276141300982,0.1896872903040352,0.13412916927888455,1.0,0.13412916927888455,12.546226249528056,11.132012687154962,True,True,True,STABLE,True
P1v_to_P2eps10,all,oxidation,12,audit12,P1v,P2eps@10.0,DME,SL,-0.9370334909412321,-0.8965270127309992,0.0405064782102329,0.02864240542444081,1.0,0.02864240542444081,32.71490215488862,31.30068859251552,True,True,True,STABLE,True
P1v_to_P2eps10,all,oxidation,12,audit12,P1v,P2eps@10.0,DME,SN,-2.747619152032806,-2.5309872800224555,0.2166318720103506,0.15318186571965517,1.0,0.15318186571965517,17.936974061024586,16.522760498651493,True,True,True,STABLE,True
P1v_to_P2eps10,all,oxidation,12,audit12,P1v,P2eps@10.0,DME,TMP,-1.2007938913844285,-1.5521565034156888,-0.3513626120312603,0.24845088562272216,1.0,0.24845088562272216,4.833123811874267,6.247337374247362,True,True,True,STABLE,True
P1v_to_P2eps10,all,oxidation,12,audit12,P1v,P2eps@10.0,DMSO,DOL,-0.4989727873973795,-0.3574028042524411,0.1415699831449384,0.10010509509425118,1.0,0.10010509509425118,4.98448942011978,3.570275857746685,True,True,True,STABLE,True
P1v_to_P2eps10,all,oxidation,12,audit12,P1v,P2eps@10.0,DMSO,EC,-1.9549538554631418,-1.7892562688824007,0.16569758658074107,0.11716588709748708,1.0,0.11716588709748708,16.685350180778606,15.27113661840551,True,True,True,STABLE,True
P1v_to_P2eps10,all,oxidation,12,audit12,P1v,P2eps@10.0,DMSO,EMC,-1.3874219035450235,-1.6213100344600306,-0.23388813091500715,0.16538388340904855,1.0,0.16538388340904855,8.389099801904363,9.803313364277457,True,True,True,STABLE,True
P1v_to_P2eps10,all,oxidation,12,audit12,P1v,P2eps@10.0,DMSO,GBL,-1.1373718949196867,-1.2614993416317644,-0.12412744671207765,0.08777135930148193,1.0,0.08777135930148193,12.958348873383386,14.37256243575648,True,True,True,STABLE,True
P1v_to_P2eps10,all,oxidation,12,audit12,P1v,P2eps@10.0,DMSO,PC,-1.7246638839493489,-1.712217677219117,0.01244620673023178,0.008800797178996537,1.0,0.008800797178996537,195.96677992595147,194.55256636357836,True,True,True,STABLE,True
P1v_to_P2eps10,all,oxidation,12,audit12,P1v,P2eps@10.0,DMSO,SL,-0.9788824704564476,-1.1156170758200181,-0.13673460536357052,0.09668596667544718,1.0,0.09668596667544718,10.124349004466529,11.538562566839623,True,True,True,STABLE,True
P1v_to_P2eps10,all,oxidation,12,audit12,P1v,P2eps@10.0,DMSO,SN,-2.7894681315480216,-2.7500773431114744,0.0393907884365472,0.027853493619767165,1.0,0.027853493619767165,100.14787263772118,98.73365907534809,True,True,True,STABLE,True
P1v_to_P2eps10,all,oxidation,12,audit12,P1v,P2eps@10.0,DMSO,TMP,-1.242642870899644,-1.7712465665047077,-0.5286036956050637,0.37377925772261017,1.0,0.37377925772261017,3.3245367291671295,4.738750291540224,True,True,True,STABLE,True
P1v_to_P2eps10,all,oxidation,12,audit12,P1v,P2eps@10.0,DOL,EC,-1.4559810680657623,-1.4318534646299597,0.02412760343580267,0.01706079200323591,1.0,0.01706079200323591,85.34076658279447,83.92655302042138,True,True,True,STABLE,True
P1v_to_P2eps10,all,oxidation,12,audit12,P1v,P2eps@10.0,DOL,EMC,-0.888449116147644,-1.2639072302075895,-0.37545811405994556,0.2654889785032997,1.0,0.2654889785032997,3.3464632737535718,4.760676836126667,True,True,True,STABLE,True
P1v_to_P2eps10,all,oxidation,12,audit12,P1v,P2eps@10.0,DOL,GBL,-0.6383991075223072,-0.9040965373793233,-0.26569742985701605,0.1878764543957331,1.0,0.1878764543957331,3.3979729369259695,4.812186499299065,True,True,True,STABLE,True
P1v_to_P2eps10,all,oxidation,12,audit12,P1v,P2eps@10.0,DOL,PC,-1.2256910965519694,-1.354814872966676,-0.12912377641470663,0.09130429791525464,1.0,0.09130429791525464,13.42424315763987,14.838456720012966,True,True,True,STABLE,True
P1v_to_P2eps10,all,oxidation,12,audit12,P1v,P2eps@10.0,DOL,SL,-0.4799096830590681,-0.758214271567577,-0.2783045885085089,0.19679106176969835,1.0,0.19679106176969835,2.4386762220974205,3.852889784470516,True,True,True,STABLE,True
P1v_to_P2eps10,all,oxidation,12,audit12,P1v,P2eps@10.0,DOL,SN,-2.290495344150642,-2.3926745388590334,-0.10217919470839121,0.07225160147448402,1.0,0.07225160147448402,31.701655013965897,33.11586857633899,True,True,True,STABLE,True
P1v_to_P2eps10,all,oxidation,12,audit12,P1v,P2eps@10.0,DOL,TMP,-0.7436700835022645,-1.4138437622522666,-0.6701736787500021,0.47388435281686137,1.0,0.47388435281686137,1.5693071085418708,2.9835206709149658,True,True,True,STABLE,True
P1v_to_P2eps10,all,oxidation,12,audit12,P1v,P2eps@10.0,EC,EMC,0.5675319519181183,0.1679462344223701,-0.3995857174957482,0.2825497705065356,1.0,0.2825497705065356,2.0086087874029643,0.5943952250298691,True,False,False,UNRESOLVED,True
P1v_to_P2eps10,all,oxidation,12,audit12,P1v,P2eps@10.0,EC,GBL,0.8175819605434551,0.5277569272506364,-0.2898250332928187,0.20493724639896901,1.0,0.20493724639896901,3.9894259091966027,2.5752123468235073,True,True,True,STABLE,True
P1v_to_P2eps10,all,oxidation,12,audit12,P1v,P2eps@10.0,EC,PC,0.23028997151379293,0.07703859166328364,-0.1532513798505093,0.10836508991849055,1.0,0.10836508991849055,2.1251306272805306,0.7109170649074357,True,False,False,UNRESOLVED,True
P1v_to_P2eps10,all,oxidation,12,audit12,P1v,P2eps@10.0,EC,SL,0.9760713850066942,0.6736391930623826,-0.3024321919443116,0.21385185377293428,1.0,0.21385185377293428,4.5642409349562,3.1500273725831054,True,True,True,STABLE,True
P1v_to_P2eps10,all,oxidation,12,audit12,P1v,P2eps@10.0,EC,SN,-0.8345142760848798,-0.9608210742290737,-0.12630679814419388,0.08931239347771992,1.0,0.08931239347771992,9.343767909355824,10.75798147172892,True,True,True,STABLE,True
P1v_to_P2eps10,all,oxidation,12,audit12,P1v,P2eps@10.0,EC,TMP,0.7123109845634978,0.01800970237769306,-0.6943012821858048,0.4909451448200972,1.0,0.4909451448200972,1.450897298973225,0.03668373660012987,True,False,False,UNRESOLVED,True
P1v_to_P2eps10,all,oxidation,12,audit12,P1v,P2eps@10.0,EMC,GBL,0.2500500086253368,0.3598106928282663,0.1097606842029295,0.07761252410756661,1.0,0.07761252410756661,3.221773953373575,4.63598751574667,True,True,True,STABLE,True
P1v_to_P2eps10,all,oxidation,12,audit12,P1v,P2eps@10.0,EMC,PC,-0.3372419804043254,-0.09090764275908647,0.24633433764523893,0.1741846805880451,1.0,0.1741846805880451,1.9361173397442364,0.5219037773711415,True,False,False,UNRESOLVED,True
P1v_to_P2eps10,all,oxidation,12,audit12,P1v,P2eps@10.0,EMC,SL,0.4085394330885759,0.5056929586400125,0.09715352555143664,0.06869791673360136,1.0,0.06869791673360136,5.946896973205478,7.3611105355785735,True,True,True,STABLE,True
P1v_to_P2eps10,all,oxidation,12,audit12,P1v,P2eps@10.0,EMC,SN,-1.4020462280029982,-1.1287673086514438,0.27327891935155435,0.19323737702881572,1.0,0.19323737702881572,7.255564371451409,5.841350809078314,True,True,True,STABLE,True
P1v_to_P2eps10,all,oxidation,12,audit12,P1v,P2eps@10.0,EMC,TMP,0.1447790326453795,-0.14993653204467705,-0.29471556469005655,0.20839537431356162,1.0,0.20839537431356162,0.69473246765803,0.719481094715065,False,False,False,UNRESOLVED,True
P1v_to_P2eps10,all,oxidation,12,audit12,P1v,P2eps@10.0,GBL,PC,-0.5872919890296622,-0.45071833558735275,0.13657365344230943,0.09657215648047847,1.0,0.09657215648047847,6.0813800833823155,4.667166521009221,True,True,True,STABLE,True
P1v_to_P2eps10,all,oxidation,12,audit12,P1v,P2eps@10.0,GBL,SL,0.1584894244632391,0.14588226581174624,-0.012607158651492867,0.008914607373965256,1.0,0.008914607373965256,17.778620842697002,16.36440728032391,True,True,True,STABLE,True
P1v_to_P2eps10,all,oxidation,12,audit12,P1v,P2eps@10.0,GBL,SN,-1.652096236628335,-1.48857800147971,0.16351823514862485,0.11562485292124909,1.0,0.11562485292124909,14.28841805968446,12.874204497311364,True,True,True,STABLE,True
P1v_to_P2eps10,all,oxidation,12,audit12,P1v,P2eps@10.0,GBL,TMP,-0.10527097597995727,-0.5097472248729433,-0.40447624889298606,0.2860078984211282,1.0,0.2860078984211282,0.36807017065295355,1.7822837330260486,False,True,False,UNRESOLVED,True
P1v_to_P2eps10,all,oxidation,12,audit12,P1v,P2eps@10.0,PC,SL,0.7457814134929013,0.596600601399099,-0.1491808120938023,0.10548676385444372,1.0,0.10548676385444372,7.069905135415571,5.655691573042476,True,True,True,STABLE,True
P1v_to_P2eps10,all,oxidation,12,audit12,P1v,P2eps@10.0,PC,SN,-1.0648042475986728,-1.0378596658923573,0.026944581706315418,0.01905269644077063,1.0,0.01905269644077063,55.88732549793379,54.473111935560695,True,True,True,STABLE,True
P1v_to_P2eps10,all,oxidation,12,audit12,P1v,P2eps@10.0,PC,TMP,0.4820210130497049,-0.05902888928559058,-0.5410499023352955,0.3825800549016067,1.0,0.3825800549016067,1.2599219611008545,0.1542916012722405,True,False,False,UNRESOLVED,True
P1v_to_P2eps10,all,oxidation,12,audit12,P1v,P2eps@10.0,SL,SN,-1.810585661091574,-1.6344602672914563,0.1761253938001177,0.12453946029521434,1.0,0.12453946029521434,14.53824881527248,13.124035252899386,True,True,True,STABLE,True
P1v_to_P2eps10,all,oxidation,12,audit12,P1v,P2eps@10.0,SL,TMP,-0.2637604004431964,-0.6556294906846896,-0.3918690902414932,0.27709329104716296,1.0,0.27709329104716296,0.9518830262776111,2.366096588650706,False,True,False,UNRESOLVED,True
P1v_to_P2eps10,all,oxidation,12,audit12,P1v,P2eps@10.0,SN,TMP,1.5468252606483777,0.9788307766067668,-0.5679944840416109,0.4016327513423773,1.0,0.4016327513423773,3.8513424402726693,2.4371288778995743,True,True,True,STABLE,True
P1v_to_P2eps10,all,reduction,12,audit12,P1v,P2eps@10.0,AN,DMC,-0.26825824236698415,-0.2116071316324427,0.05665111073454143,0.040058384562144264,1.0,0.040058384562144264,6.69668148876108,5.2824679263879855,True,True,True,STABLE,True
P1v_to_P2eps10,all,reduction,12,audit12,P1v,P2eps@10.0,AN,DME,-0.5328989284042187,-0.7317242419457487,-0.19882531354153,0.14059072747675735,1.0,0.14059072747675735,3.790427277590681,5.204640839963776,True,True,True,STABLE,True
P1v_to_P2eps10,all,reduction,12,audit12,P1v,P2eps@10.0,AN,DMSO,0.41708598383627793,0.10065565757314388,-0.31643032626313405,0.22375002947373376,1.0,0.22375002947373376,1.8640711905928042,0.4498576282197091,True,False,False,UNRESOLVED,True
P1v_to_P2eps10,all,reduction,12,audit12,P1v,P2eps@10.0,AN,DOL,-0.8906993111750241,-0.7369096794370803,0.1537896317379438,0.10874569147808194,1.0,0.10874569147808194,8.190662996101759,6.776449433728663,True,True,True,STABLE,True
P1v_to_P2eps10,all,reduction,12,audit12,P1v,P2eps@10.0,AN,EC,0.6061189291476352,0.17881783240964189,-0.4273010967379933,0.30214750311188404,1.0,0.30214750311188404,2.006036531512199,0.591822969139104,True,False,False,UNRESOLVED,True
P1v_to_P2eps10,all,reduction,12,audit12,P1v,P2eps@10.0,AN,EMC,-0.1205974225820321,-0.04022864217633626,0.08036878040569584,0.056829309620560056,1.0,0.056829309620560056,2.1220990257886507,0.7078854634155558,True,False,False,UNRESOLVED,True
P1v_to_P2eps10,all,reduction,12,audit12,P1v,P2eps@10.0,AN,GBL,0.6171346500660078,0.5787026408907178,-0.038432009175289994,0.027175534302471167,1.0,0.027175534302471167,22.70920023860909,21.294986676235997,True,True,True,STABLE,True
P1v_to_P2eps10,all,reduction,12,audit12,P1v,P2eps@10.0,AN,PC,0.3106361308493364,0.033018429950361305,-0.2776177008989751,0.19630535888308398,1.0,0.19630535888308398,1.5824128929376085,0.16819933056451353,True,False,False,UNRESOLVED,True
P1v_to_P2eps10,all,reduction,12,audit12,P1v,P2eps@10.0,AN,SL,0.21868796348345754,-0.3039898941450131,-0.5226778576284706,0.3695890575051484,1.0,0.3695890575051484,0.5917057311157303,0.8225078312573647,False,False,False,UNRESOLVED,True
P1v_to_P2eps10,all,reduction,12,audit12,P1v,P2eps@10.0,AN,SN,1.3420730346600005,0.8582268982604541,-0.48384613639954643,0.3421308840990305,1.0,0.3421308840990305,3.922688938749928,2.508475376376833,True,True,True,STABLE,True
P1v_to_P2eps10,all,reduction,12,audit12,P1v,P2eps@10.0,AN,TMP,0.28324046416964777,-0.15990308882243454,-0.4431435529920823,0.31334981135980156,1.0,0.31334981135980156,0.9039113920015067,0.5103021703715884,False,False,False,UNRESOLVED,True
P1v_to_P2eps10,all,reduction,12,audit12,P1v,P2eps@10.0,DMC,DME,-0.26464068603723456,-0.520117110313306,-0.2554764242760714,0.18064911203890163,1.0,0.18064911203890163,1.4649431876545613,2.8791567500276565,True,True,True,STABLE,True
P1v_to_P2eps10,all,reduction,12,audit12,P1v,P2eps@10.0,DMC,DMSO,0.6853442262032621,0.3122627892055866,-0.3730814369976755,0.263808414035878,1.0,0.263808414035878,2.597886154268207,1.183672591895112,True,True,True,STABLE,True
P1v_to_P2eps10,all,reduction,12,audit12,P1v,P2eps@10.0,DMC,DOL,-0.62244106880804,-0.5253025478046376,0.09713852100340237,0.06868730691593769,1.0,0.06868730691593769,9.061951862078514,7.647738299705419,True,True,True,STABLE,True
P1v_to_P2eps10,all,reduction,12,audit12,P1v,P2eps@10.0,DMC,EC,0.8743771715146194,0.3904249640420846,-0.48395220747253476,0.3422058876740283,1.0,0.3422058876740283,2.555120186440264,1.1409066240671693,True,True,True,STABLE,True
P1v_to_P2eps10,all,reduction,12,audit12,P1v,P2eps@10.0,DMC,EMC,0.14766081978495205,0.17137848945610645,0.023717669671154407,0.016770925058415792,1.0,0.016770925058415792,8.804572155121198,10.218785717494294,True,True,True,STABLE,True
P1v_to_P2eps10,all,reduction,12,audit12,P1v,P2eps@10.0,DMC,GBL,0.8853928924329919,0.7903097725231605,-0.09508311990983143,0.06723391886461542,1.0,0.06723391886461542,13.168842563168898,11.754629000795802,True,True,True,STABLE,True
P1v_to_P2eps10,all,reduction,12,audit12,P1v,P2eps@10.0,DMC,PC,0.5788943732163205,0.24462556158280402,-0.3342688116335165,0.23636374344522823,1.0,0.23636374344522823,2.449167392504366,1.0349538301312708,True,True,True,STABLE,True
P1v_to_P2eps10,all,reduction,12,audit12,P1v,P2eps@10.0,DMC,SL,0.4869462058504417,-0.09238276251257038,-0.5793289683630121,0.4096474420672927,1.0,0.4096474420672927,1.1886958292551748,0.22551773311792017,True,False,False,UNRESOLVED,True
P1v_to_P2eps10,all,reduction,12,audit12,P1v,P2eps@10.0,DMC,SN,1.6103312770269846,1.0698340298928968,-0.5404972471340879,0.3821892686611748,1.0,0.3821892686611748,4.213439280145263,2.7992257177721673,True,True,True,STABLE,True
P1v_to_P2eps10,all,reduction,12,audit12,P1v,P2eps@10.0,DMC,TMP,0.5514987065366319,0.05170404281000818,-0.49979466372662373,0.35340819592194583,1.0,0.35340819592194583,1.5605147614019586,0.1463011990288635,True,False,False,UNRESOLVED,True
P1v_to_P2eps10,all,reduction,12,audit12,P1v,P2eps@10.0,DME,DMSO,0.9499849122404966,0.8323798995188926,-0.11760501272160406,0.08315930199697642,1.0,0.08315930199697642,11.423675877835494,10.0094623154624,True,True,True,STABLE,True
P1v_to_P2eps10,all,reduction,12,audit12,P1v,P2eps@10.0,DME,DOL,-0.3578003827708054,-0.0051854374913316015,0.3526149452794738,0.2493364189548393,1.0,0.2493364189548393,1.435010514190514,0.020796951817419043,True,False,False,UNRESOLVED,True
P1v_to_P2eps10,all,reduction,12,audit12,P1v,P2eps@10.0,DME,EC,1.139017857551854,0.9105420743553906,-0.22847578319646333,0.1615567756351267,1.0,0.1615567756351267,7.050263618310302,5.636050055937207,True,True,True,STABLE,True
P1v_to_P2eps10,all,reduction,12,audit12,P1v,P2eps@10.0,DME,EMC,0.4123015058221866,0.6914955997694124,0.27919409394722583,0.1974200370973174,1.0,0.1974200370973174,2.0884481225122262,3.5026616848853216,True,True,True,STABLE,True
P1v_to_P2eps10,all,reduction,12,audit12,P1v,P2eps@10.0,DME,GBL,1.1500335784702265,1.3104268828364665,0.16039330436624,0.1134151931742862,1.0,0.1134151931742862,10.140031033610805,11.554244595983901,True,True,True,STABLE,True
P1v_to_P2eps10,all,reduction,12,audit12,P1v,P2eps@10.0,DME,PC,0.8435350592535551,0.76474267189611,-0.07879238735744509,0.05571463140632662,1.0,0.05571463140632662,15.140278917070397,13.726065354697301,True,True,True,STABLE,True
P1v_to_P2eps10,all,reduction,12,audit12,P1v,P2eps@10.0,DME,SL,0.7515868918876762,0.4277343478007356,-0.32385254408694064,0.22899833002839107,1.0,0.22899833002839107,3.282062763490437,1.8678492011173415,True,True,True,STABLE,True
P1v_to_P2eps10,all,reduction,12,audit12,P1v,P2eps@10.0,DME,SN,1.8749719630642192,1.5899511402062028,-0.28502082285801644,0.20154015662227315,1.0,0.20154015662227315,9.303217753166155,7.889004190793061,True,True,True,STABLE,True
P1v_to_P2eps10,all,reduction,12,audit12,P1v,P2eps@10.0,DME,TMP,0.8161393925738665,0.5718211531233142,-0.2443182394505523,0.1727590838830442,1.0,0.1727590838830442,4.7241474904230385,3.3099339280499436,True,True,True,STABLE,True
P1v_to_P2eps10,all,reduction,12,audit12,P1v,P2eps@10.0,DMSO,DOL,-1.307785295011302,-0.8375653370102242,0.47021995800107785,0.33249572095181573,1.0,0.33249572095181573,3.9332394752858257,2.519025912912731,True,True,True,STABLE,True
P1v_to_P2eps10,all,reduction,12,audit12,P1v,P2eps@10.0,DMSO,EC,0.18903294531135728,0.07816217483649801,-0.11087077047485927,0.07839747363815025,1.0,0.07839747363815025,2.411212205432203,0.9969986430591082,True,False,False,UNRESOLVED,True
P1v_to_P2eps10,all,reduction,12,audit12,P1v,P2eps@10.0,DMSO,EMC,-0.53768340641831,-0.14088429974948014,0.3967991066688299,0.28057933909429383,1.0,0.28057933909429383,1.9163328567026514,0.5021192943295564,True,False,False,UNRESOLVED,True
P1v_to_P2eps10,all,reduction,12,audit12,P1v,P2eps@10.0,DMSO,GBL,0.20004866622972983,0.4780469833175739,0.27799831708784406,0.1965744951712626,1.0,0.1965744951712626,1.0176735596112834,2.4318871219843783,True,True,True,STABLE,True
P1v_to_P2eps10,all,reduction,12,audit12,P1v,P2eps@10.0,DMSO,PC,-0.10644985298694154,-0.06763722762278257,0.03881262536415897,0.0274446705906498,1.0,0.0274446705906498,3.8787076214064027,2.4644940590333078,True,True,True,STABLE,True
P1v_to_P2eps10,all,reduction,12,audit12,P1v,P2eps@10.0,DMSO,SL,-0.1983980203528204,-0.40464555171815697,-0.20624753136533658,0.14583902803141466,1.0,0.14583902803141466,1.3603904457597193,2.7746040081328145,True,True,True,STABLE,True
P1v_to_P2eps10,all,reduction,12,audit12,P1v,P2eps@10.0,DMSO,SN,0.9249870508237226,0.7575712406873102,-0.16741581013641238,0.11838085462529674,1.0,0.11838085462529674,7.813654106075887,6.399440543702792,True,True,True,STABLE,True
P1v_to_P2eps10,all,reduction,12,audit12,P1v,P2eps@10.0,DMSO,TMP,-0.13384551966663016,-0.2605587463955784,-0.12671322672894825,0.08959978188606779,1.0,0.08959978188606779,1.4938152398275235,2.9080288022006187,True,True,True,STABLE,True
P1v_to_P2eps10,all,reduction,12,audit12,P1v,P2eps@10.0,DOL,EC,1.4968182403226593,0.9157275118467222,-0.5810907284759371,0.4108931945899659,1.0,0.4108931945899659,3.6428401833628516,2.2286266209897563,True,True,True,STABLE,True
P1v_to_P2eps10,all,reduction,12,audit12,P1v,P2eps@10.0,DOL,EMC,0.770101888592992,0.696681037260744,-0.07342085133224796,0.05191638185752189,1.0,0.05191638185752189,14.833504590255185,13.41929102788209,True,True,True,STABLE,True
P1v_to_P2eps10,all,reduction,12,audit12,P1v,P2eps@10.0,DOL,GBL,1.5078339612410319,1.315612320327798,-0.1922216409132338,0.13592122578055313,1.0,0.13592122578055313,11.093439987625278,9.679226425252182,True,True,True,STABLE,True
P1v_to_P2eps10,all,reduction,12,audit12,P1v,P2eps@10.0,DOL,PC,1.2013354420243605,0.7699281093874416,-0.4314073326369189,0.3050510503611659,1.0,0.3050510503611659,3.9381455681009343,2.5239320057278394,True,True,True,STABLE,True
P1v_to_P2eps10,all,reduction,12,audit12,P1v,P2eps@10.0,DOL,SL,1.1093872746584816,0.4329197852920672,-0.6764674893664144,0.47833474898323036,1.0,0.47833474898323036,2.319269668399891,0.9050561060267956,True,False,False,UNRESOLVED,True
P1v_to_P2eps10,all,reduction,12,audit12,P1v,P2eps@10.0,DOL,SN,2.2327723458350244,1.5951365776975344,-0.63763576813749,0.4508765755771123,1.0,0.4508765755771123,4.952069960558771,3.537856398185676,True,True,True,STABLE,True
P1v_to_P2eps10,all,reduction,12,audit12,P1v,P2eps@10.0,DOL,TMP,1.1739397753446719,0.5770065906146458,-0.5969331847300261,0.42209550283788355,1.0,0.42209550283788355,2.78121839122165,1.367004828848555,True,True,True,STABLE,True
P1v_to_P2eps10,all,reduction,12,audit12,P1v,P2eps@10.0,EC,EMC,-0.7267163517296673,-0.21904647458597815,0.5076698771436892,0.3589768127324441,1.0,0.3589768127324441,2.0244102848818546,0.6101967225087596,True,False,False,UNRESOLVED,True
P1v_to_P2eps10,all,reduction,12,audit12,P1v,P2eps@10.0,EC,GBL,0.011015720918372551,0.3998848084810759,0.38886908756270333,0.2749719688094128,1.0,0.2749719688094128,0.040061250483345495,1.4542748128564407,False,True,False,UNRESOLVED,True
P1v_to_P2eps10,all,reduction,12,audit12,P1v,P2eps@10.0,EC,PC,-0.2954827982982988,-0.14579940245928058,0.14968339583901824,0.10584214422880005,1.0,0.10584214422880005,2.791731029745114,1.3775174673720187,True,True,True,STABLE,True
P1v_to_P2eps10,all,reduction,12,audit12,P1v,P2eps@10.0,EC,SL,-0.3874309656641777,-0.482807726554655,-0.09537676089047731,0.06744155439326441,1.0,0.06744155439326441,5.744692113781879,7.158905676154974,True,True,True,STABLE,True
P1v_to_P2eps10,all,reduction,12,audit12,P1v,P2eps@10.0,EC,SN,0.7359541055123653,0.6794090658508122,-0.05654503966155311,0.03998338098714649,1.0,0.03998338098714649,18.40650008434638,16.992286521973284,True,True,True,STABLE,True
P1v_to_P2eps10,all,reduction,12,audit12,P1v,P2eps@10.0,EC,TMP,-0.32287846497798744,-0.3387209212320764,-0.015842456254088977,0.011202308247917545,1.0,0.011202308247917545,28.822494242470874,30.23670780484397,True,True,True,STABLE,True
P1v_to_P2eps10,all,reduction,12,audit12,P1v,P2eps@10.0,EMC,GBL,0.7377320726480399,0.618931283067054,-0.11880078958098583,0.08400484392303122,1.0,0.08400484392303122,8.782018252709108,7.367804690336012,True,True,True,STABLE,True
P1v_to_P2eps10,all,reduction,12,audit12,P1v,P2eps@10.0,EMC,PC,0.4312335534313685,0.07324707212669757,-0.3579864813046709,0.253134668503644,1.0,0.253134668503644,1.703573658956006,0.2893600965829109,True,False,False,UNRESOLVED,True
P1v_to_P2eps10,all,reduction,12,audit12,P1v,P2eps@10.0,EMC,SL,0.33928538606548964,-0.26376125196867684,-0.6030466380341665,0.4264183671257085,1.0,0.4264183671257085,0.7956631613981768,0.6185504009749181,False,False,False,UNRESOLVED,True
P1v_to_P2eps10,all,reduction,12,audit12,P1v,P2eps@10.0,EMC,SN,1.4626704572420326,0.8984555404367903,-0.5642149168052423,0.3989601937195906,1.0,0.3989601937195906,3.6662065044766634,2.2519929421035685,True,True,True,STABLE,True
P1v_to_P2eps10,all,reduction,12,audit12,P1v,P2eps@10.0,EMC,TMP,0.40383788675167986,-0.11967444664609828,-0.5235123333977781,0.3701791209803616,1.0,0.3701791209803616,1.0909256191493952,0.3232879432236999,True,False,False,UNRESOLVED,True
P1v_to_P2eps10,all,reduction,12,audit12,P1v,P2eps@10.0,GBL,PC,-0.3064985192166714,-0.5456842109403565,-0.2391856917236851,0.16912982458061282,1.0,0.16912982458061282,1.8122085798686802,3.226422142241775,True,True,True,STABLE,True
P1v_to_P2eps10,all,reduction,12,audit12,P1v,P2eps@10.0,GBL,SL,-0.3984466865825502,-0.8826925350357309,-0.48424584845318064,0.34241352320267726,1.0,0.34241352320267726,1.1636417944471968,2.577855356820292,True,True,True,STABLE,True
P1v_to_P2eps10,all,reduction,12,audit12,P1v,P2eps@10.0,GBL,SN,0.7249383845939927,0.2795242573697363,-0.44541412722425644,0.3149553497965593,1.0,0.3149553497965593,2.301717957997081,0.8875043956239854,True,False,False,UNRESOLVED,True
P1v_to_P2eps10,all,reduction,12,audit12,P1v,P2eps@10.0,GBL,TMP,-0.33389418589636,-0.7386057297131523,-0.4047115438167923,0.2861742770573304,1.0,0.2861742770573304,1.166751216530442,2.580964778903537,True,True,True,STABLE,True
P1v_to_P2eps10,all,reduction,12,audit12,P1v,P2eps@10.0,PC,SL,-0.09194816736587885,-0.3370083240953744,-0.24506015672949555,0.17328369862206444,1.0,0.17328369862206444,0.5306221421694134,1.9448357045425084,False,True,False,UNRESOLVED,True
P1v_to_P2eps10,all,reduction,12,audit12,P1v,P2eps@10.0,PC,SN,1.031436903810664,0.8252084683100928,-0.20622843550057135,0.14582552521594655,1.0,0.14582552521594655,7.073088900473734,5.658875338100639,True,True,True,STABLE,True
P1v_to_P2eps10,all,reduction,12,audit12,P1v,P2eps@10.0,PC,TMP,-0.027395666679688624,-0.19292151877279584,-0.16552585209310722,0.11704445247671759,1.0,0.11704445247671759,0.2340620687267357,1.6482756310998308,False,True,False,UNRESOLVED,True
P1v_to_P2eps10,all,reduction,12,audit12,P1v,P2eps@10.0,SL,SN,1.123385071176543,1.1622167924054672,0.0388317212289242,0.027458173406117916,1.0,0.027458173406117916,40.91259293038929,42.32680649276238,True,True,True,STABLE,True
P1v_to_P2eps10,all,reduction,12,audit12,P1v,P2eps@10.0,SL,TMP,0.06455250068619023,0.14408680532257856,0.07953430463638833,0.05623924614534685,1.0,0.05623924614534685,1.1478194519065616,2.5620330142796566,True,True,True,STABLE,True
P1v_to_P2eps10,all,reduction,12,audit12,P1v,P2eps@10.0,SN,TMP,-1.0588325704903527,-1.0181299870828886,0.04070258340746413,0.02878107273922894,1.0,0.02878107273922894,36.78919754256246,35.37498398018936,True,True,True,STABLE,True
P0_to_P2a,all,oxidation,18,core18,P0,P2a,AN,DEC,-0.27749999999999986,1.3693553562560883,1.6468553562560881,1.1645025900420674,1.0,1.1645025900420674,0.23829916942475435,1.1759143929483409,False,True,False,UNRESOLVED,True
P0_to_P2a,all,oxidation,18,core18,P0,P2a,AN,DMC,-0.47219999999999906,1.0637880322290219,1.535988032229021,1.086107553410522,1.0,1.086107553410522,0.4347635724631767,0.9794499899099183,False,False,False,UNRESOLVED,True
P0_to_P2a,all,oxidation,18,core18,P0,P2a,AN,DME,0.7616000000000014,2.7274008008057367,1.9658008008057353,1.390031076711681,1.0,1.390031076711681,0.5479014194428488,1.9621149818159438,False,True,False,UNRESOLVED,True
P0_to_P2a,all,oxidation,18,core18,P0,P2a,AN,DMSO,1.1866000000000003,2.8200820209588198,1.6334820209588194,1.1550462139662874,1.0,1.1550462139662874,1.0273182022088632,2.441531764581958,True,True,True,STABLE,True
P0_to_P2a,all,oxidation,18,core18,P0,P2a,AN,DOL,0.5888000000000009,2.5812566740303486,1.9924566740303478,1.4088796254272533,1.0,1.4088796254272533,0.4179207289064478,1.8321342912795429,False,True,False,UNRESOLVED,True
P0_to_P2a,all,oxidation,18,core18,P0,P2a,AN,EA,0.2677000000000014,1.5093328022185677,1.2416328022185663,0.8779669741924037,1.0,0.8779669741924037,0.3049089633995,1.719122525772595,False,True,False,UNRESOLVED,True
P0_to_P2a,all,oxidation,18,core18,P0,P2a,AN,EC,-0.7913999999999994,1.1727226633460361,1.9641226633460356,1.3888444543341643,1.0,1.3888444543341643,0.5698262303818682,0.8443873319912267,False,False,False,UNRESOLVED,True
P0_to_P2a,all,oxidation,18,core18,P0,P2a,AN,EMC,-0.35779999999999923,1.2385887112265017,1.596388711226501,1.128817283117912,1.0,1.128817283117912,0.31696892433443086,1.0972446380386642,False,True,False,UNRESOLVED,True
P0_to_P2a,all,oxidation,18,core18,P0,P2a,AN,FEC,-1.384599999999999,0.4024438538566475,1.7870438538566464,1.2636308273397763,1.0,1.2636308273397763,1.0957314193694447,0.31848214300365024,True,False,False,UNRESOLVED,True
P0_to_P2a,all,oxidation,18,core18,P0,P2a,AN,GBL,0.21450000000000102,1.622352541959617,1.407852541959616,0.9955020793303628,1.0,0.9955020793303628,0.2154691632028405,1.6296827255759356,False,True,False,UNRESOLVED,True
P0_to_P2a,all,oxidation,18,core18,P0,P2a,AN,MA,0.1772000000000009,1.432194235921484,1.2549942359214832,0.8874149345701106,1.0,0.8874149345701106,0.1996811109403311,1.6138946733134263,False,True,False,UNRESOLVED,True
P0_to_P2a,all,oxidation,18,core18,P0,P2a,AN,PC,-0.6470999999999982,1.2263605582874195,1.8734605582874178,1.3247366650505683,1.0,1.3247366650505683,0.4884744395410064,0.9257391228320886,False,False,False,UNRESOLVED,True
P0_to_P2a,all,oxidation,18,core18,P0,P2a,AN,SL,0.36050000000000004,1.8011409744533022,1.4406409744533022,1.0186870022911256,1.0,1.0186870022911256,0.3538869144194445,1.7681004767925397,False,True,False,UNRESOLVED,True
P0_to_P2a,all,oxidation,18,core18,P0,P2a,AN,SN,-0.31019999999999825,0.21972728447555312,0.5299272844755514,0.37471517638843505,1.0,0.37471517638843505,0.8278287604728359,0.5863848019002591,False,False,False,UNRESOLVED,True
P0_to_P2a,all,oxidation,18,core18,P0,P2a,AN,TEGDME,1.0042000000000009,3.2829386685370707,2.27873866853707,1.6113115650745666,1.0,1.6113115650745666,0.6232190110008485,2.0374325733739433,False,True,False,UNRESOLVED,True
P0_to_P2a,all,oxidation,18,core18,P0,P2a,AN,TMP,-0.2925999999999984,1.0960119001758457,1.3886119001758441,0.9818968910506766,1.0,0.9818968910506766,0.2979946292394331,1.116218933133662,False,True,False,UNRESOLVED,True
P0_to_P2a,all,oxidation,18,core18,P0,P2a,AN,VC,-0.26899999999999835,2.372746170668818,2.6417461706688163,1.8679966314535146,1.0,1.8679966314535146,0.14400454233725551,1.2702090200358396,False,True,False,UNRESOLVED,True
P0_to_P2a,all,oxidation,18,core18,P0,P2a,DEC,DMC,-0.1946999999999992,-0.30556732402706643,-0.11086732402706723,0.07839503663154548,1.0,0.07839503663154548,2.483575598224207,3.897789160597302,True,True,True,STABLE,True
P0_to_P2a,all,oxidation,18,core18,P0,P2a,DEC,DME,1.0391000000000012,1.3580454445496484,0.31894544454964713,0.22552848666961345,1.0,0.22552848666961345,4.607400224000192,6.021613786373287,True,True,True,STABLE,True
P0_to_P2a,all,oxidation,18,core18,P0,P2a,DEC,DMSO,1.4641000000000002,1.4507266647027315,-0.013373335297268696,0.009456376075780109,1.0,0.009456376075780109,154.82675268699256,153.41253912461949,True,True,True,STABLE,True
P0_to_P2a,all,oxidation,18,core18,P0,P2a,DEC,DOL,0.8663000000000007,1.2119013177742604,0.3456013177742596,0.24437703538518588,1.0,0.24437703538518588,3.5449321112949215,4.959145673668017,True,True,True,STABLE,True
P0_to_P2a,all,oxidation,18,core18,P0,P2a,DEC,EA,0.5452000000000012,0.1399774459624794,-0.40522255403752183,0.28653561584966386,1.0,0.28653561584966386,1.9027303059109077,0.4885167435378125,True,False,False,UNRESOLVED,True
P0_to_P2a,all,oxidation,18,core18,P0,P2a,DEC,EC,-0.5138999999999996,-0.19663269291005214,0.31726730708994744,0.22434186429209665,1.0,0.22434186429209665,2.290700407708539,0.8764868453354443,True,False,False,UNRESOLVED,True
P0_to_P2a,all,oxidation,18,core18,P0,P2a,DEC,EMC,-0.08029999999999937,-0.13076664502958657,-0.0504666450295872,0.03568530692415548,1.0,0.03568530692415548,2.2502258470318517,3.6644394094049466,True,True,True,STABLE,True
P0_to_P2a,all,oxidation,18,core18,P0,P2a,DEC,FEC,-1.107099999999999,-0.9669115023994408,0.1401884976005583,0.09912823729770881,1.0,0.09912823729770881,11.168361610981535,9.75414804860844,True,True,True,STABLE,True
P0_to_P2a,all,oxidation,18,core18,P0,P2a,DEC,GBL,0.4920000000000009,0.2529971857035287,-0.2390028142964722,0.1690005107117046,1.0,0.1690005107117046,2.9112338059101854,1.4970202435370905,True,True,True,STABLE,True
P0_to_P2a,all,oxidation,18,core18,P0,P2a,DEC,MA,0.45470000000000077,0.06283887966539581,-0.39186112033460496,0.2770876554719569,1.0,0.2770876554719569,1.6409969589786342,0.2267833966055392,True,False,False,UNRESOLVED,True
P0_to_P2a,all,oxidation,18,core18,P0,P2a,DEC,PC,-0.3695999999999984,-0.14299479796866876,0.2266052020313296,0.1602340750085008,1.0,0.1602340750085008,2.3066254788838783,0.8924119165107831,True,False,False,UNRESOLVED,True
P0_to_P2a,all,oxidation,18,core18,P0,P2a,DEC,SL,0.6379999999999999,0.43178561819721395,-0.20621438180278595,0.14581558775094172,1.0,0.14581558775094172,4.375389557731831,2.9611759953587358,True,True,True,STABLE,True
P0_to_P2a,all,oxidation,18,core18,P0,P2a,DEC,SN,-0.0326999999999984,-1.1496280717805352,-1.1169280717805368,0.7897874136536325,1.0,0.7897874136536325,0.04140354661860848,1.4556171089917036,False,True,False,UNRESOLVED,True
P0_to_P2a,all,oxidation,18,core18,P0,P2a,DEC,TEGDME,1.2817000000000007,1.9135833122809824,0.6318833122809817,0.446808975032499,1.0,0.446808975032499,2.8685636852007623,4.282777247573858,True,True,True,STABLE,True
P0_to_P2a,all,oxidation,18,core18,P0,P2a,DEC,TMP,-0.015099999999998559,-0.2733434560802426,-0.258243456080244,0.1826056989913909,1.0,0.1826056989913909,0.08269183318703795,1.496905395560133,False,True,False,UNRESOLVED,True
P0_to_P2a,all,oxidation,18,core18,P0,P2a,DEC,VC,0.008500000000001506,1.0033908144127297,0.9948908144127282,0.7034940414114471,1.0,0.7034940414114471,0.012082547256473744,1.4262961096295688,False,True,False,UNRESOLVED,True
P0_to_P2a,all,oxidation,18,core18,P0,P2a,DMC,DME,1.2338000000000005,1.6636127685767148,0.42981276857671435,0.30392352330115896,1.0,0.30392352330115896,4.059573890821946,5.473787453195041,True,True,True,STABLE,True
P0_to_P2a,all,oxidation,18,core18,P0,P2a,DMC,DMSO,1.6587999999999994,1.756293988729798,0.09749398872979853,0.06893866055576538,1.0,0.06893866055576538,24.061970259172277,25.47618382154537,True,True,True,STABLE,True
P0_to_P2a,all,oxidation,18,core18,P0,P2a,DMC,DOL,1.061,1.5174686418013268,0.45646864180132685,0.32277207201673136,1.0,0.32277207201673136,3.287149329155719,4.701362891528814,True,True,True,STABLE,True
P0_to_P2a,all,oxidation,18,core18,P0,P2a,DMC,EA,0.7399000000000004,0.44554476998954584,-0.2943552300104546,0.2081405792181184,1.0,0.2081405792181184,3.554808979486077,2.140595417112982,True,True,True,STABLE,True
P0_to_P2a,all,oxidation,18,core18,P0,P2a,DMC,EC,-0.3192000000000004,0.10893463111701429,0.42813463111701466,0.30273690092364214,1.0,0.30273690092364214,1.0543808799856567,0.35983268238743826,True,False,False,UNRESOLVED,True
P0_to_P2a,all,oxidation,18,core18,P0,P2a,DMC,EMC,0.11439999999999984,0.17480067899747986,0.06040067899748003,0.04270972970739001,1.0,0.04270972970739001,2.678546569687266,4.092760132060361,True,True,True,STABLE,True
P0_to_P2a,all,oxidation,18,core18,P0,P2a,DMC,FEC,-0.9123999999999999,-0.6613441783723744,0.2510558216276255,0.1775232739292543,1.0,0.1775232739292543,5.139607781025969,3.7253942186528737,True,True,True,STABLE,True
P0_to_P2a,all,oxidation,18,core18,P0,P2a,DMC,GBL,0.6867000000000001,0.5585645097305951,-0.12813549026940496,0.09060547408015912,1.0,0.09060547408015912,7.579012272398389,6.164798710025294,True,True,True,STABLE,True
P0_to_P2a,all,oxidation,18,core18,P0,P2a,DMC,MA,0.6494,0.36840620369246224,-0.28099379630753774,0.1986926188404114,1.0,0.1986926188404114,3.268364994079593,1.8541514317064978,True,True,True,STABLE,True
P0_to_P2a,all,oxidation,18,core18,P0,P2a,DMC,PC,-0.17489999999999917,0.16257252605839767,0.33747252605839684,0.23862911164004627,1.0,0.23862911164004627,0.7329365591563799,0.6812770032167151,False,False,False,UNRESOLVED,True
P0_to_P2a,all,oxidation,18,core18,P0,P2a,DMC,SL,0.8326999999999991,0.7373529422242804,-0.09534705777571872,0.06742055111939625,1.0,0.06742055111939625,12.350833479918547,10.936619917545451,True,True,True,STABLE,True
P0_to_P2a,all,oxidation,18,core18,P0,P2a,DMC,SN,0.1620000000000008,-0.8440607477534687,-1.0060607477534695,0.711392377022087,1.0,0.711392377022087,0.22772242890504166,1.1864911334680532,False,True,False,UNRESOLVED,True
P0_to_P2a,all,oxidation,18,core18,P0,P2a,DMC,TEGDME,1.4764,2.219150636308049,0.7427506363080489,0.5252040116640445,1.0,0.5252040116640445,2.811098101330581,4.2253116637036765,True,True,True,STABLE,True
P0_to_P2a,all,oxidation,18,core18,P0,P2a,DMC,TMP,0.17960000000000065,0.03222386794682386,-0.1473761320531768,0.10421066235984541,1.0,0.10421066235984541,1.723432093539829,0.30921853116673403,True,False,False,UNRESOLVED,True
P0_to_P2a,all,oxidation,18,core18,P0,P2a,DMC,VC,0.2032000000000007,1.3089581384397961,1.1057581384397954,0.7818890780429926,1.0,0.7818890780429926,0.2598834102000689,1.6740969725731638,False,True,False,UNRESOLVED,True
P0_to_P2a,all,oxidation,18,core18,P0,P2a,DME,DMSO,0.42499999999999893,0.09268122015308311,-0.3323187798469158,0.23498486274539357,1.0,0.23498486274539357,1.808627138933996,0.39441357656090104,True,False,False,UNRESOLVED,True
P0_to_P2a,all,oxidation,18,core18,P0,P2a,DME,DOL,-0.1728000000000005,-0.14614412677538802,0.026655873224612492,0.018848548715572417,1.0,0.018848548715572417,9.167814594512281,7.753601032139186,True,True,True,STABLE,True
P0_to_P2a,all,oxidation,18,core18,P0,P2a,DME,EA,-0.4939,-1.218067998587169,-0.724167998587169,0.5120641025192774,1.0,0.5120641025192774,0.9645276784099632,2.378741240783058,False,True,False,UNRESOLVED,True
P0_to_P2a,all,oxidation,18,core18,P0,P2a,DME,EC,-1.5530000000000008,-1.5546781374597005,-0.0016781374596996912,0.0011866223775168182,1.0,0.0011866223775168182,1308.756711001761,1310.1709245641339,True,True,True,STABLE,True
P0_to_P2a,all,oxidation,18,core18,P0,P2a,DME,EMC,-1.1194000000000006,-1.488812089579235,-0.3694120895792343,0.26121379359376895,1.0,0.26121379359376895,4.285378595821224,5.699592158194319,True,True,True,STABLE,True
P0_to_P2a,all,oxidation,18,core18,P0,P2a,DME,FEC,-2.1462000000000003,-2.324956946949089,-0.17875694694908884,0.12640024937190464,1.0,0.12640024937190464,16.97939688145143,18.39361044382452,True,True,True,STABLE,True
P0_to_P2a,all,oxidation,18,core18,P0,P2a,DME,GBL,-0.5471000000000004,-1.1050482588461197,-0.5579482588461193,0.3945289973813181,1.0,0.3945289973813181,1.3867168285002387,2.800930390873334,True,True,True,STABLE,True
P0_to_P2a,all,oxidation,18,core18,P0,P2a,DME,MA,-0.5844000000000005,-1.2952065648842526,-0.7108065648842521,0.5026161421415704,1.0,0.5026161421415704,1.1627163375811242,2.5769298999542194,True,True,True,STABLE,True
P0_to_P2a,all,oxidation,18,core18,P0,P2a,DME,PC,-1.4086999999999996,-1.5010402425183171,-0.09234024251831752,0.06529441166111268,1.0,0.06529441166111268,21.574587536087375,22.98880109846047,True,True,True,STABLE,True
P0_to_P2a,all,oxidation,18,core18,P0,P2a,DME,SL,-0.40110000000000134,-0.9262598263524344,-0.5251598263524331,0.3713440744205552,1.0,0.3713440744205552,1.0801303363353172,2.494343898708412,True,True,True,STABLE,True
P0_to_P2a,all,oxidation,18,core18,P0,P2a,DME,SN,-1.0717999999999996,-2.5076735163301835,-1.435873516330184,1.015315900323246,1.0,1.015315900323246,1.0556320448234593,2.469845607196554,True,True,True,STABLE,True
P0_to_P2a,all,oxidation,18,core18,P0,P2a,DME,TEGDME,0.24259999999999948,0.5555378677313341,0.3129378677313346,0.22128048836288555,1.0,0.22128048836288555,1.0963460980895492,2.5105596604626443,True,True,True,STABLE,True
P0_to_P2a,all,oxidation,18,core18,P0,P2a,DME,TMP,-1.0541999999999998,-1.631388900629891,-0.5771889006298911,0.4081341856610044,1.0,0.4081341856610044,2.5829740243215418,3.9971875866946367,True,True,True,STABLE,True
P0_to_P2a,all,oxidation,18,core18,P0,P2a,DME,VC,-1.0305999999999997,-0.35465463013691867,0.6759453698630811,0.4779655547418336,1.0,0.4779655547418336,2.1562223255955417,0.7420087632224468,True,False,False,UNRESOLVED,True
P0_to_P2a,all,oxidation,18,core18,P0,P2a,DMSO,DOL,-0.5977999999999994,-0.23882534692847113,0.3589746530715283,0.253833411460966,1.0,0.253833411460966,2.35508791596542,0.9408743535923253,True,False,False,UNRESOLVED,True
P0_to_P2a,all,oxidation,18,core18,P0,P2a,DMSO,EA,-0.9188999999999989,-1.310749218740252,-0.39184921874025314,0.27707923977388377,1.0,0.27707923977388377,3.3163798224287255,4.7305933848018205,True,True,True,STABLE,True
P0_to_P2a,all,oxidation,18,core18,P0,P2a,DMSO,EC,-1.9779999999999998,-1.6473593576127836,0.33064064238721613,0.23379824036787675,1.0,0.23379824036787675,8.460286086360862,7.046072523987766,True,True,True,STABLE,True
P0_to_P2a,all,oxidation,18,core18,P0,P2a,DMSO,EMC,-1.5443999999999996,-1.581493309732318,-0.0370933097323185,0.026228930848375374,1.0,0.026228930848375374,58.881546065598016,60.295759627971115,True,True,True,STABLE,True
P0_to_P2a,all,oxidation,18,core18,P0,P2a,DMSO,FEC,-2.5711999999999993,-2.4176381671021723,0.153561832897827,0.10858461337348892,1.0,0.10858461337348892,23.679229681981454,22.26501611960836,True,True,True,STABLE,True
P0_to_P2a,all,oxidation,18,core18,P0,P2a,DMSO,GBL,-0.9720999999999993,-1.1977294789992028,-0.2256294789992035,0.1595441346359245,1.0,0.1595441346359245,6.092984879815893,7.507198442188989,True,True,True,STABLE,True
P0_to_P2a,all,oxidation,18,core18,P0,P2a,DMSO,MA,-1.0093999999999994,-1.3878877850373357,-0.37848778503733627,0.26763127939617676,1.0,0.26763127939617676,3.7716069746308554,5.18582053700395,True,True,True,STABLE,True
P0_to_P2a,all,oxidation,18,core18,P0,P2a,DMSO,PC,-1.8336999999999986,-1.5937214626714002,0.2399785373285983,0.16969045108428088,1.0,0.16969045108428088,10.806147242128828,9.391933679755732,True,True,True,STABLE,True
P0_to_P2a,all,oxidation,18,core18,P0,P2a,DMSO,SL,-0.8261000000000003,-1.0189410465055175,-0.19284104650551726,0.13635921167516163,1.0,0.13635921167516163,6.058263243468704,7.472476805841799,True,True,True,STABLE,True
P0_to_P2a,all,oxidation,18,core18,P0,P2a,DMSO,SN,-1.4967999999999986,-2.6003547364832666,-1.103554736483268,0.7803310375778524,1.0,0.7803310375778524,1.9181602780354168,3.3323738404085117,True,True,True,STABLE,True
P0_to_P2a,all,oxidation,18,core18,P0,P2a,DMSO,TEGDME,-0.18239999999999945,0.46285664757825096,0.6452566475782504,0.45626535110827915,1.0,0.45626535110827915,0.3997673712390073,1.0144461911340876,False,True,False,UNRESOLVED,True
P0_to_P2a,all,oxidation,18,core18,P0,P2a,DMSO,TMP,-1.4791999999999987,-1.724070120782974,-0.24487012078297532,0.1731493229156108,1.0,0.1731493229156108,8.542915300459642,9.957128862832736,True,True,True,STABLE,True
P0_to_P2a,all,oxidation,18,core18,P0,P2a,DMSO,VC,-1.4555999999999987,-0.4473358502900018,1.008264149709997,0.7129504174872272,1.0,0.7129504174872272,2.0416567047260004,0.6274431423529055,True,False,False,UNRESOLVED,True
P0_to_P2a,all,oxidation,18,core18,P0,P2a,DOL,EA,-0.3210999999999995,-1.071923871811781,-0.7508238718117815,0.5309126512348498,1.0,0.5309126512348498,0.6048075879396602,2.019021150312755,False,True,False,UNRESOLVED,True
P0_to_P2a,all,oxidation,18,core18,P0,P2a,DOL,EC,-1.3802000000000003,-1.4085340106843125,-0.028334010684312183,0.020035171093089235,1.0,0.020035171093089235,68.88885518307727,70.30306874545037,True,True,True,STABLE,True
P0_to_P2a,all,oxidation,18,core18,P0,P2a,DOL,EMC,-0.9466000000000001,-1.342667962803847,-0.3960679628038468,0.28006234230934135,1.0,0.28006234230934135,3.3799617335001724,4.794175295873267,True,True,True,STABLE,True
P0_to_P2a,all,oxidation,18,core18,P0,P2a,DOL,FEC,-1.9733999999999998,-2.178812820173701,-0.20541282017370133,0.14524879808747707,1.0,0.14524879808747707,13.586343060900967,15.000556623274063,True,True,True,STABLE,True
P0_to_P2a,all,oxidation,18,core18,P0,P2a,DOL,GBL,-0.37429999999999986,-0.9589041320707317,-0.5846041320707318,0.4133775460968905,1.0,0.4133775460968905,0.9054676615460595,2.3196812239191544,False,True,False,UNRESOLVED,True
P0_to_P2a,all,oxidation,18,core18,P0,P2a,DOL,MA,-0.41159999999999997,-1.1490624381088645,-0.7374624381088646,0.5214646908571428,1.0,0.5214646908571428,0.7893151870425669,2.203528749415662,False,True,False,UNRESOLVED,True
P0_to_P2a,all,oxidation,18,core18,P0,P2a,DOL,PC,-1.235899999999999,-1.3548961157429291,-0.11899611574293001,0.08414296037668509,1.0,0.08414296037668509,14.688097429270515,16.10231099164361,True,True,True,STABLE,True
P0_to_P2a,all,oxidation,18,core18,P0,P2a,DOL,SL,-0.22830000000000084,-0.7801156995770464,-0.5518156995770456,0.3901926231361276,1.0,0.3901926231361276,0.585095633446543,1.999309195819638,False,True,False,UNRESOLVED,True
P0_to_P2a,all,oxidation,18,core18,P0,P2a,DOL,SN,-0.8989999999999991,-2.3615293895547955,-1.4625293895547964,1.0341644490388184,1.0,1.0341644490388184,0.8693008165534554,2.2835143789265504,False,True,False,UNRESOLVED,True
P0_to_P2a,all,oxidation,18,core18,P0,P2a,DOL,TEGDME,0.4154,0.7016819945067221,0.2862819945067221,0.20243193964731315,1.0,0.20243193964731315,2.052047718970288,3.466261281343383,True,True,True,STABLE,True
P0_to_P2a,all,oxidation,18,core18,P0,P2a,DOL,TMP,-0.8813999999999993,-1.485244773854503,-0.6038447738545036,0.4269827343765768,1.0,0.4269827343765768,2.0642520857123228,3.4784656480854177,True,True,True,STABLE,True
P0_to_P2a,all,oxidation,18,core18,P0,P2a,DOL,VC,-0.8577999999999992,-0.20851050336153065,0.6492894966384686,0.4591170060262612,1.0,0.4591170060262612,1.8683690404422388,0.45415547806914386,True,False,False,UNRESOLVED,True
P0_to_P2a,all,oxidation,18,core18,P0,P2a,EA,EC,-1.0591000000000008,-0.33661013887253155,0.7224898611274693,0.5108774801417605,1.0,0.5108774801417605,2.0730997962684072,0.6588862338953119,True,False,False,UNRESOLVED,True
P0_to_P2a,all,oxidation,18,core18,P0,P2a,EA,EMC,-0.6255000000000006,-0.270744090992066,0.35475590900793463,0.2508503089255084,1.0,0.2508503089255084,2.4935189543089096,1.0793053919358144,True,True,True,STABLE,True
P0_to_P2a,all,oxidation,18,core18,P0,P2a,EA,FEC,-1.6523000000000003,-1.1068889483619202,0.5454110516380801,0.38566385314737267,1.0,0.38566385314737267,4.284300917795922,2.8700873554228266,True,True,True,STABLE,True
P0_to_P2a,all,oxidation,18,core18,P0,P2a,EA,GBL,-0.05320000000000036,0.11301973974104929,0.16621973974104964,0.11753510513795927,1.0,0.11753510513795927,0.4526307262630663,0.9615828361100287,False,False,False,UNRESOLVED,True
P0_to_P2a,all,oxidation,18,core18,P0,P2a,EA,MA,-0.09050000000000047,-0.0771385662970836,0.01336143370291687,0.009447960377707001,1.0,0.009447960377707001,9.578786995502263,8.164573433129167,True,True,True,STABLE,True
P0_to_P2a,all,oxidation,18,core18,P0,P2a,EA,PC,-0.9147999999999996,-0.28297224393114817,0.6318277560688514,0.44676969085816465,1.0,0.44676969085816465,2.0475874230475046,0.6333738606744095,True,False,False,UNRESOLVED,True
P0_to_P2a,all,oxidation,18,core18,P0,P2a,EA,SL,0.09279999999999866,0.29180817223473454,0.19900817223473588,0.14072002809872217,1.0,0.14072002809872217,0.6594654737767306,2.0736790361498256,False,True,False,UNRESOLVED,True
P0_to_P2a,all,oxidation,18,core18,P0,P2a,EA,SN,-0.5778999999999996,-1.2896055177430146,-0.7117055177430149,0.5032517978039686,1.0,0.5032517978039686,1.1483317149025045,2.5625452772755994,True,True,True,STABLE,True
P0_to_P2a,all,oxidation,18,core18,P0,P2a,EA,TEGDME,0.7364999999999995,1.773605866318503,1.0371058663185035,0.733344590882163,1.0,0.733344590882163,1.0043027645626195,2.4185163269357144,True,True,True,STABLE,True
P0_to_P2a,all,oxidation,18,core18,P0,P2a,EA,TMP,-0.5602999999999998,-0.413320902042722,0.14697909795727782,0.10392991685827298,1.0,0.10392991685827298,5.391132957068262,3.976919394695167,True,True,True,STABLE,True
P0_to_P2a,all,oxidation,18,core18,P0,P2a,EA,VC,-0.5366999999999997,0.8634133684502503,1.40011336845025,0.9900296572611109,1.0,0.9900296572611109,0.5421049723750349,0.8721085899980603,False,False,False,UNRESOLVED,True
P0_to_P2a,all,oxidation,18,core18,P0,P2a,EC,EMC,0.4336000000000002,0.06586604788046557,-0.36773395211953464,0.26002717121625213,1.0,0.26002717121625213,1.667518044256213,0.25330448188311805,True,False,False,UNRESOLVED,True
P0_to_P2a,all,oxidation,18,core18,P0,P2a,EC,FEC,-0.5931999999999995,-0.7702788094893886,-0.17707880948938914,0.12521362699438782,1.0,0.12521362699438782,4.73750353087837,6.151717093251466,True,True,True,STABLE,True
P0_to_P2a,all,oxidation,18,core18,P0,P2a,EC,GBL,1.0059000000000005,0.44962987861358084,-0.5562701213864196,0.39334237500380126,1.0,0.39334237500380126,2.55731409561525,1.1431005332421549,True,True,True,STABLE,True
P0_to_P2a,all,oxidation,18,core18,P0,P2a,EC,MA,0.9686000000000003,0.25947157257544795,-0.7091284274245524,0.5014295197640535,1.0,0.5014295197640535,1.9316772583627961,0.517463695989701,True,False,False,UNRESOLVED,True
P0_to_P2a,all,oxidation,18,core18,P0,P2a,EC,PC,0.1443000000000012,0.05363789494138338,-0.09066210505861783,0.06410778928359585,1.0,0.06410778928359585,2.250896523067677,0.836682960694582,True,False,False,UNRESOLVED,True
P0_to_P2a,all,oxidation,18,core18,P0,P2a,EC,SL,1.1518999999999995,0.6284183111072661,-0.5234816888927334,0.3701574520430384,1.0,0.3701574520430384,3.111918978375903,1.6977054160028084,True,True,True,STABLE,True
P0_to_P2a,all,oxidation,18,core18,P0,P2a,EC,SN,0.4812000000000012,-0.952995378870483,-1.4341953788704842,1.014129277945729,1.0,1.014129277945729,0.4744957181147003,0.939717844258395,False,False,False,UNRESOLVED,True
P0_to_P2a,all,oxidation,18,core18,P0,P2a,EC,TEGDME,1.7956000000000003,2.1102160051910346,0.3146160051910343,0.22246711074040237,1.0,0.22246711074040237,8.071305434875235,9.48551899724833,True,True,True,STABLE,True
P0_to_P2a,all,oxidation,18,core18,P0,P2a,EC,TMP,0.498800000000001,-0.07671076317019043,-0.5755107631701915,0.4069475632834875,1.0,0.4069475632834875,1.2257107426209781,0.18850281975211688,True,False,False,UNRESOLVED,True
P0_to_P2a,all,oxidation,18,core18,P0,P2a,EC,VC,0.5224000000000011,1.2000235073227818,0.6776235073227808,0.47915217711935043,1.0,0.47915217711935043,1.0902590553603562,2.5044726177334513,True,True,True,STABLE,True
P0_to_P2a,all,oxidation,18,core18,P0,P2a,EMC,FEC,-1.0267999999999997,-0.8361448573698542,0.1906551426301455,0.1348135442218643,1.0,0.1348135442218643,7.616445409299398,6.202231846926303,True,True,True,STABLE,True
P0_to_P2a,all,oxidation,18,core18,P0,P2a,EMC,GBL,0.5723000000000003,0.38376383073311526,-0.188536169266885,0.13331520378754913,1.0,0.13331520378754913,4.29283370343878,2.8786201410656855,True,True,True,STABLE,True
P0_to_P2a,all,oxidation,18,core18,P0,P2a,EMC,MA,0.5350000000000001,0.19360552469498238,-0.34139447530501776,0.2414023485478014,1.0,0.2414023485478014,2.2162170468447693,0.8020034844716745,True,False,False,UNRESOLVED,True
P0_to_P2a,all,oxidation,18,core18,P0,P2a,EMC,PC,-0.289299999999999,-0.012228152939082193,0.2770718470609168,0.19591938193265626,1.0,0.19591938193265626,1.4766277697805348,0.06241420740743965,True,False,False,UNRESOLVED,True
P0_to_P2a,all,oxidation,18,core18,P0,P2a,EMC,SL,0.7182999999999993,0.5625522632268005,-0.15574773677319875,0.11013028082678626,1.0,0.11013028082678626,6.522275205397387,5.108061643024292,True,True,True,STABLE,True
P0_to_P2a,all,oxidation,18,core18,P0,P2a,EMC,SN,0.047600000000000975,-1.0188614267509486,-1.0664614267509496,0.754102106729477,1.0,0.754102106729477,0.06312142556721005,1.351092136805885,False,True,False,UNRESOLVED,True
P0_to_P2a,all,oxidation,18,core18,P0,P2a,EMC,TEGDME,1.362,2.044349957310569,0.6823499573105689,0.4824942819566545,1.0,0.4824942819566545,2.8228313804604985,4.2370449428335935,True,True,True,STABLE,True
P0_to_P2a,all,oxidation,18,core18,P0,P2a,EMC,TMP,0.06520000000000081,-0.142576811050656,-0.20777681105065682,0.14692039206723542,1.0,0.14692039206723542,0.4437777430525997,0.9704358193204953,False,False,False,UNRESOLVED,True
P0_to_P2a,all,oxidation,18,core18,P0,P2a,EMC,VC,0.08880000000000088,1.1341574594423163,1.0453574594423154,0.7391793483356025,1.0,0.7391793483356025,0.12013322639485305,1.5343467887679483,False,True,False,UNRESOLVED,True
P0_to_P2a,all,oxidation,18,core18,P0,P2a,FEC,GBL,1.5991,1.2199086881029695,-0.3791913118970305,0.26812874800941344,1.0,0.26812874800941344,5.963925956734259,4.549712394361164,True,True,True,STABLE,True
P0_to_P2a,all,oxidation,18,core18,P0,P2a,FEC,MA,1.5617999999999999,1.0297503820648366,-0.5320496179351633,0.3762158927696657,1.0,0.3762158927696657,4.151339775951985,2.7371262135788896,True,True,True,STABLE,True
P0_to_P2a,all,oxidation,18,core18,P0,P2a,FEC,PC,0.7375000000000007,0.823916704430772,0.08641670443077132,0.06110583771079196,1.0,0.06110583771079196,12.069223295661489,13.483436858034585,True,True,True,STABLE,True
P0_to_P2a,all,oxidation,18,core18,P0,P2a,FEC,SL,1.745099999999999,1.3986971205966547,-0.34640287940334424,0.24494382504865056,1.0,0.24494382504865056,7.124490685378121,5.710277123005026,True,True,True,STABLE,True
P0_to_P2a,all,oxidation,18,core18,P0,P2a,FEC,SN,1.0744000000000007,-0.18271656938109437,-1.257116569381095,0.8889156509513413,1.0,0.8889156509513413,1.2086636103775978,0.20554995199549722,True,False,False,UNRESOLVED,True
P0_to_P2a,all,oxidation,18,core18,P0,P2a,FEC,TEGDME,2.3888,2.8804948146804232,0.4916948146804234,0.3476807377347902,1.0,0.3476807377347902,6.870671109258199,8.284884671631294,True,True,True,STABLE,True
P0_to_P2a,all,oxidation,18,core18,P0,P2a,FEC,TMP,1.0920000000000005,0.6935680463191982,-0.3984319536808023,0.2817339362890997,1.0,0.2817339362890997,3.8759973838559896,2.4617838214828947,True,True,True,STABLE,True
P0_to_P2a,all,oxidation,18,core18,P0,P2a,FEC,VC,1.1156000000000006,1.9703023168121705,0.8547023168121699,0.6043658041137382,1.0,0.6043658041137382,1.8459019229851248,3.26011548535822,True,True,True,STABLE,True
P0_to_P2a,all,oxidation,18,core18,P0,P2a,GBL,MA,-0.03730000000000011,-0.19015830603813288,-0.15285830603813277,0.10808714476025227,1.0,0.10808714476025227,0.34509191710758125,1.7593054794806762,False,True,False,UNRESOLVED,True
P0_to_P2a,all,oxidation,18,core18,P0,P2a,GBL,PC,-0.8615999999999993,-0.39599198367219746,0.4656080163278018,0.32923458572020536,1.0,0.32923458572020536,2.6169790094052146,1.2027654470321194,True,True,True,STABLE,True
P0_to_P2a,all,oxidation,18,core18,P0,P2a,GBL,SL,0.14599999999999902,0.17878843249368526,0.03278843249368624,0.02318492296076288,1.0,0.02318492296076288,6.2971958219176685,7.711409384290763,True,True,True,STABLE,True
P0_to_P2a,all,oxidation,18,core18,P0,P2a,GBL,SN,-0.5246999999999993,-1.4026252574840639,-0.8779252574840646,0.6207869029419278,1.0,0.6207869029419278,0.8452175738782989,2.259431136251394,False,True,False,UNRESOLVED,True
P0_to_P2a,all,oxidation,18,core18,P0,P2a,GBL,TEGDME,0.7896999999999998,1.6605861265774537,0.8708861265774539,0.6158094857442037,1.0,0.6158094857442037,1.2823771284485006,2.6965906908215955,True,True,True,STABLE,True
P0_to_P2a,all,oxidation,18,core18,P0,P2a,GBL,TMP,-0.5070999999999994,-0.5263406417837713,-0.019240641783771828,0.01360518827968629,1.0,0.01360518827968629,37.27254555948653,38.68675912185962,True,True,True,STABLE,True
P0_to_P2a,all,oxidation,18,core18,P0,P2a,GBL,VC,-0.4834999999999994,0.750393628709201,1.2338936287092004,0.8724945521231516,1.0,0.8724945521231516,0.554158187949068,0.8600553744240271,False,False,False,UNRESOLVED,True
P0_to_P2a,all,oxidation,18,core18,P0,P2a,MA,PC,-0.8242999999999991,-0.20583367763406457,0.6184663223659346,0.4373217304804577,1.0,0.4373217304804577,1.8848823247232487,0.4706687623501538,True,False,False,UNRESOLVED,True
P0_to_P2a,all,oxidation,18,core18,P0,P2a,MA,SL,0.18329999999999913,0.36894673853181814,0.185646738531819,0.13127206772101516,1.0,0.13127206772101516,1.3963366554837537,2.8105502178568487,True,True,True,STABLE,True
P0_to_P2a,all,oxidation,18,core18,P0,P2a,MA,SN,-0.48739999999999917,-1.212466951445931,-0.7250669514459318,0.5126997581816756,1.0,0.5126997581816756,0.9506538519319695,2.3648674143050648,False,True,False,UNRESOLVED,True
P0_to_P2a,all,oxidation,18,core18,P0,P2a,MA,TEGDME,0.827,1.8507444326155866,1.0237444326155867,0.723896630504456,1.0,0.723896630504456,1.1424283041954417,2.556641866568537,True,True,True,STABLE,True
P0_to_P2a,all,oxidation,18,core18,P0,P2a,MA,TMP,-0.46979999999999933,-0.3361823357456384,0.13361766425436095,0.09448195648056598,1.0,0.09448195648056598,4.972377980938959,3.5581644185658647,True,True,True,STABLE,True
P0_to_P2a,all,oxidation,18,core18,P0,P2a,MA,VC,-0.44619999999999926,0.9405519347473339,1.3867519347473332,0.9805816968834039,1.0,0.9805816968834039,0.45503602751118316,0.9591775348619119,False,False,False,UNRESOLVED,True
P0_to_P2a,all,oxidation,18,core18,P0,P2a,PC,SL,1.0075999999999983,0.5747804161658827,-0.43281958383411556,0.3060496627594425,1.0,0.3060496627594425,3.292276132295496,1.878062569922401,True,True,True,STABLE,True
P0_to_P2a,all,oxidation,18,core18,P0,P2a,PC,SN,0.3369,-1.0066332738118664,-1.3435332738118664,0.9500214886621332,1.0,0.9500214886621332,0.3546235574886196,1.0595900048844755,False,True,False,UNRESOLVED,True
P0_to_P2a,all,oxidation,18,core18,P0,P2a,PC,TEGDME,1.651299999999999,2.056578110249651,0.4052781102496521,0.2865749000239982,1.0,0.2865749000239982,5.762193408640173,7.176406971013268,True,True,True,STABLE,True
P0_to_P2a,all,oxidation,18,core18,P0,P2a,PC,TMP,0.3544999999999998,-0.1303486581115738,-0.4848486581115736,0.3428397739998917,1.0,0.3428397739998917,1.0340107154548288,0.3802028469182662,True,False,False,UNRESOLVED,True
P0_to_P2a,all,oxidation,18,core18,P0,P2a,PC,VC,0.3780999999999999,1.1463856123813985,0.7682856123813986,0.5432599664029463,1.0,0.5432599664029463,0.6959835500184012,2.1101971123914964,False,True,False,UNRESOLVED,True
P0_to_P2a,all,oxidation,18,core18,P0,P2a,SL,SN,-0.6706999999999983,-1.5814136899777491,-0.9107136899777508,0.6439718259026908,1.0,0.6439718259026908,1.0415051917214564,2.4557187540945513,True,True,True,STABLE,True
P0_to_P2a,all,oxidation,18,core18,P0,P2a,SL,TEGDME,0.6437000000000008,1.4817976940837685,0.8380976940837677,0.5926245627834408,1.0,0.5926245627834408,1.0861851506401774,2.500398713013272,True,True,True,STABLE,True
P0_to_P2a,all,oxidation,18,core18,P0,P2a,SL,TMP,-0.6530999999999985,-0.7051290742774565,-0.052029074277458065,0.03679011124044917,1.0,0.03679011124044917,17.752052874521965,19.166266436895057,True,True,True,STABLE,True
P0_to_P2a,all,oxidation,18,core18,P0,P2a,SL,VC,-0.6294999999999984,0.5716051962155158,1.2011051962155141,0.8493096291623888,1.0,0.8493096291623888,0.7411902307299019,0.6730233316431931,False,False,False,UNRESOLVED,True
P0_to_P2a,all,oxidation,18,core18,P0,P2a,SN,TEGDME,1.3143999999999991,3.0632113840615176,1.7488113840615185,1.2365963886861315,1.0,1.2365963886861315,1.0629175469261503,2.477131109299245,True,True,True,STABLE,True
P0_to_P2a,all,oxidation,18,core18,P0,P2a,SN,TMP,0.017599999999999838,0.8762846157002926,0.8586846157002928,0.6071817146622416,1.0,0.6071817146622416,0.02898638014781165,1.4431999425209066,False,True,False,UNRESOLVED,True
P0_to_P2a,all,oxidation,18,core18,P0,P2a,SN,VC,0.0411999999999999,2.153018886193265,2.111818886193265,1.4932814550650795,1.0,1.4932814550650795,0.02759024419693496,1.44180380657003,False,True,False,UNRESOLVED,True
P0_to_P2a,all,oxidation,18,core18,P0,P2a,TEGDME,TMP,-1.2967999999999993,-2.186926768361225,-0.8901267683612257,0.62941467402389,1.0,0.62941467402389,2.0603269251882397,3.4745404875613346,True,True,True,STABLE,True
P0_to_P2a,all,oxidation,18,core18,P0,P2a,TEGDME,VC,-1.2731999999999992,-0.9101924978682527,0.3630075021317465,0.25668506637894806,1.0,0.25668506637894806,4.960163900304019,3.545950337930925,True,True,True,STABLE,True
P0_to_P2a,all,oxidation,18,core18,P0,P2a,TMP,VC,0.023600000000000065,1.2767342704929723,1.2531342704929722,0.886099740402838,1.0,0.886099740402838,0.02663357060602574,1.4408471329791208,False,True,False,UNRESOLVED,True
P0_to_P2a,all,reduction,18,core18,P0,P2a,AN,DEC,0.1506999999999996,-0.19871533513067086,-0.34941533513067047,0.24707395292146717,1.0,0.24707395292146717,0.6099388390321332,0.804274723340962,False,False,False,UNRESOLVED,True
P0_to_P2a,all,reduction,18,core18,P0,P2a,AN,DMC,0.31259999999999977,-0.49753588007950456,-0.8101358800795043,0.5728525744867492,1.0,0.5728525744867492,0.5456901372575234,0.8685234251155717,False,False,False,UNRESOLVED,True
P0_to_P2a,all,reduction,18,core18,P0,P2a,AN,DME,-6.2183,-0.8573481501893808,5.360951849810619,3.790765406615655,1.0,3.790765406615655,1.6403811191132547,0.22616755674015973,True,False,False,UNRESOLVED,True
P0_to_P2a,all,reduction,18,core18,P0,P2a,AN,DMSO,-0.1394000000000002,-0.10925689934649574,0.03014310065350445,0.021314390878081648,1.0,0.021314390878081648,6.540182208225814,5.125968645852719,True,True,True,STABLE,True
P0_to_P2a,all,reduction,18,core18,P0,P2a,AN,DOL,-5.420100000000001,-0.7758549113564867,4.644245088643514,3.283977195672147,1.0,3.283977195672147,1.6504682210165724,0.2362546586434772,True,False,False,UNRESOLVED,True
P0_to_P2a,all,reduction,18,core18,P0,P2a,AN,EA,0.6597999999999997,0.21485487912620127,-0.44494512087379845,0.31462371222573093,1.0,0.31462371222573093,2.09710830544971,0.6828947430766147,True,False,False,UNRESOLVED,True
P0_to_P2a,all,reduction,18,core18,P0,P2a,AN,EC,0.5831,0.054246913711122,-0.528853086288878,0.3739556035663,1.0,0.3739556035663,1.5592760061332254,0.1450624437601304,True,False,False,UNRESOLVED,True
P0_to_P2a,all,reduction,18,core18,P0,P2a,AN,EMC,0.23430000000000017,-0.08962249625247931,-0.3239224962524795,0.22904779367900227,1.0,0.22904779367900227,1.0229306130246274,0.39128294934846763,True,False,False,UNRESOLVED,True
P0_to_P2a,all,reduction,18,core18,P0,P2a,AN,FEC,1.2366000000000001,0.09134545497084057,-1.1452545450291596,0.8098172549748329,1.0,0.8098172549748329,1.5270111774025246,0.11279761502942952,True,False,False,UNRESOLVED,True
P0_to_P2a,all,reduction,18,core18,P0,P2a,AN,GBL,0.7932999999999995,0.3158671900264531,-0.47743280997354637,0.337595977493243,1.0,0.337595977493243,2.349850273366712,0.9356367109936172,True,False,False,UNRESOLVED,True
P0_to_P2a,all,reduction,18,core18,P0,P2a,AN,MA,0.7424999999999997,0.2404125175639808,-0.5020874824360189,0.3550294635793905,1.0,0.3550294635793905,2.0913757199589837,0.6771621575858887,True,False,False,UNRESOLVED,True
P0_to_P2a,all,reduction,18,core18,P0,P2a,AN,PC,0.46199999999999974,-0.07208865095085004,-0.5340886509508498,0.37765770684212085,1.0,0.37765770684212085,1.2233299933506667,0.1908835690224285,True,False,False,UNRESOLVED,True
P0_to_P2a,all,reduction,18,core18,P0,P2a,AN,SL,-1.6477000000000004,-0.547108334975427,1.1005916650245733,0.778235829656269,1.0,0.778235829656269,2.1172245445545164,0.7030109821814213,True,False,False,UNRESOLVED,True
P0_to_P2a,all,reduction,18,core18,P0,P2a,AN,SN,0.7992999999999997,0.7625723009810932,-0.03672769901890649,0.02597040503364729,1.0,0.02597040503364729,30.777340552233422,29.363126989860326,True,True,True,STABLE,True
P0_to_P2a,all,reduction,18,core18,P0,P2a,AN,TEGDME,-5.3126,-0.8499427856588729,4.462657214341127,3.1555751783716786,1.0,3.1555751783716786,1.6835599533208956,0.26934639094780033,True,False,False,UNRESOLVED,True
P0_to_P2a,all,reduction,18,core18,P0,P2a,AN,TMP,-3.5948,-0.3692412983332861,3.225558701666714,2.2808144310638094,1.0,2.2808144310638094,1.5761036720218078,0.1618901096487126,True,False,False,UNRESOLVED,True
P0_to_P2a,all,reduction,18,core18,P0,P2a,AN,VC,1.3768000000000002,0.739121168687705,-0.6376788313122952,0.45090702584003645,1.0,0.45090702584003645,3.0534010807106675,1.6391875183375726,True,True,True,STABLE,True
P0_to_P2a,all,reduction,18,core18,P0,P2a,DEC,DMC,0.16190000000000015,-0.2988205449488337,-0.46072054494883385,0.325778621565282,1.0,0.325778621565282,0.4969632421615407,0.9172503202115544,False,False,False,UNRESOLVED,True
P0_to_P2a,all,reduction,18,core18,P0,P2a,DEC,DME,-6.369,-0.65863281505871,5.71036718494129,4.037839359537122,1.0,4.037839359537122,1.5773287228370845,0.16311516046398944,True,False,False,UNRESOLVED,True
P0_to_P2a,all,reduction,18,core18,P0,P2a,DEC,DMSO,-0.2900999999999998,0.08945843578417512,0.3795584357841749,0.26838834379954885,1.0,0.26838834379954885,1.0808964200646014,0.3333171423084936,True,False,False,UNRESOLVED,True
P0_to_P2a,all,reduction,18,core18,P0,P2a,DEC,DOL,-5.5708,-0.5771395762258158,4.993660423774184,3.5310511485936145,1.0,3.5310511485936145,1.5776605224817541,0.16344696010865922,True,False,False,UNRESOLVED,True
P0_to_P2a,all,reduction,18,core18,P0,P2a,DEC,EA,0.5091000000000001,0.4135702142568721,-0.09552978574312798,0.06754975930426377,1.0,0.06754975930426377,7.5366663811023455,6.122452818729251,True,True,True,STABLE,True
P0_to_P2a,all,reduction,18,core18,P0,P2a,DEC,EC,0.43240000000000034,0.25296224884179286,-0.17943775115820748,0.12688165064483278,1.0,0.12688165064483278,3.4079001794386703,1.9936866170655754,True,True,True,STABLE,True
P0_to_P2a,all,reduction,18,core18,P0,P2a,DEC,EMC,0.08360000000000056,0.10909283887819154,0.025492838878190982,0.018026159242464902,1.0,0.018026159242464902,4.637704509070401,6.051918071443496,True,True,True,STABLE,True
P0_to_P2a,all,reduction,18,core18,P0,P2a,DEC,FEC,1.0859000000000005,0.2900607901015114,-0.7958392098984891,0.5627433020533658,1.0,0.5627433020533658,1.9296542420633256,0.5154406796902303,True,False,False,UNRESOLVED,True
P0_to_P2a,all,reduction,18,core18,P0,P2a,DEC,GBL,0.6425999999999998,0.5145825251571239,-0.12801747484287596,0.09052202457177584,1.0,0.09052202457177584,7.09882487759071,5.684611315217614,True,True,True,STABLE,True
P0_to_P2a,all,reduction,18,core18,P0,P2a,DEC,MA,0.5918000000000001,0.43912785269465165,-0.15267214730534845,0.10795551065792337,1.0,0.10795551065792337,5.481887829471029,4.067674267097934,True,True,True,STABLE,True
P0_to_P2a,all,reduction,18,core18,P0,P2a,DEC,PC,0.31130000000000013,0.12662668417982081,-0.18467331582017932,0.13058375392065372,1.0,0.13058375392065372,2.3839106370701715,0.9696970746970766,True,False,False,UNRESOLVED,True
P0_to_P2a,all,reduction,18,core18,P0,P2a,DEC,SL,-1.7984,-0.34839299984475613,1.4500070001552439,1.0253097825777362,1.0,1.0253097825777362,1.7540064774166437,0.33979291504354875,True,False,False,UNRESOLVED,True
P0_to_P2a,all,reduction,18,core18,P0,P2a,DEC,SN,0.6486000000000001,0.9612876361117639,0.31268763611176387,0.2211035478878198,1.0,0.2211035478878198,2.9334671749775674,4.347680737350663,True,True,True,STABLE,True
P0_to_P2a,all,reduction,18,core18,P0,P2a,DEC,TEGDME,-5.463299999999999,-0.6512274505282021,4.8120725494717975,3.402649131293146,1.0,3.402649131293146,1.6056019263801442,0.19138836400704912,True,False,False,UNRESOLVED,True
P0_to_P2a,all,reduction,18,core18,P0,P2a,DEC,TMP,-3.7455,-0.17052596320261526,3.574974036797385,2.527888383985277,1.0,2.527888383985277,1.481671431273848,0.06745786890075303,True,False,False,UNRESOLVED,True
P0_to_P2a,all,reduction,18,core18,P0,P2a,DEC,VC,1.2261000000000006,0.9378365038183759,-0.2882634961816247,0.20383307291856928,1.0,0.20383307291856928,6.015216188639927,4.6010026262668315,True,True,True,STABLE,True
P0_to_P2a,all,reduction,18,core18,P0,P2a,DMC,DME,-6.5309,-0.35981227010987626,6.171087729890123,4.363617981102403,1.0,4.363617981102403,1.496670888304953,0.08245732593185781,True,False,False,UNRESOLVED,True
P0_to_P2a,all,reduction,18,core18,P0,P2a,DMC,DMSO,-0.45199999999999996,0.3882789807330088,0.8402789807330088,0.5941669653648308,1.0,0.5941669653648308,0.7607289303309931,0.6534846320421019,False,False,False,UNRESOLVED,True
P0_to_P2a,all,reduction,18,core18,P0,P2a,DMC,DOL,-5.7327,-0.2783190312769821,5.454380968723019,3.8568297701588965,1.0,3.8568297701588965,1.486376205751964,0.07216264337886909,True,False,False,UNRESOLVED,True
P0_to_P2a,all,reduction,18,core18,P0,P2a,DMC,EA,0.34719999999999995,0.7123907592057058,0.3651907592057059,0.2582288622610182,1.0,0.2582288622610182,1.3445437390691424,2.7587573014422375,True,True,True,STABLE,True
P0_to_P2a,all,reduction,18,core18,P0,P2a,DMC,EC,0.2705000000000002,0.5517827937906266,0.2812827937906264,0.1988969709204492,1.0,0.1988969709204492,1.3600006010558567,2.774214163428952,True,True,True,STABLE,True
P0_to_P2a,all,reduction,18,core18,P0,P2a,DMC,EMC,-0.07829999999999959,0.40791338382702524,0.48621338382702484,0.3438047808077469,1.0,0.3438047808077469,0.22774552411993473,1.1864680382531603,False,True,False,UNRESOLVED,True
P0_to_P2a,all,reduction,18,core18,P0,P2a,DMC,FEC,0.9240000000000004,0.5888813350503451,-0.33511866494965525,0.2369646804880838,1.0,0.2369646804880838,3.89931528233156,2.4851017199584646,True,True,True,STABLE,True
P0_to_P2a,all,reduction,18,core18,P0,P2a,DMC,GBL,0.4806999999999997,0.8134030701059576,0.3327030701059579,0.23525659699350615,1.0,0.23525659699350615,2.0433008304258884,3.4575143927989833,True,True,True,STABLE,True
P0_to_P2a,all,reduction,18,core18,P0,P2a,DMC,MA,0.42989999999999995,0.7379483976434853,0.30804839764348535,0.2178231109073586,1.0,0.2178231109073586,1.9736197789537533,3.387833341326848,True,True,True,STABLE,True
P0_to_P2a,all,reduction,18,core18,P0,P2a,DMC,PC,0.14939999999999998,0.4254472291286545,0.27604722912865454,0.19519486764462826,1.0,0.19519486764462826,0.7653889766814852,2.1796025390545806,False,True,False,UNRESOLVED,True
P0_to_P2a,all,reduction,18,core18,P0,P2a,DMC,SL,-1.9603000000000002,-0.049572454895922435,1.9107275451040777,1.3510884041430182,1.0,1.3510884041430182,1.4509043183176447,0.03669075594454957,True,False,False,UNRESOLVED,True
P0_to_P2a,all,reduction,18,core18,P0,P2a,DMC,SN,0.4866999999999999,1.2601081810605976,0.7734081810605977,0.5468821694531018,1.0,0.5468821694531018,0.8899540471153305,2.3041676094884256,False,True,False,UNRESOLVED,True
P0_to_P2a,all,reduction,18,core18,P0,P2a,DMC,TEGDME,-5.6251999999999995,-0.3524069055793684,5.272793094420631,3.728427752858428,1.0,3.728427752858428,1.508732466570499,0.0945189041974041,True,False,False,UNRESOLVED,True
P0_to_P2a,all,reduction,18,core18,P0,P2a,DMC,TMP,-3.9074,0.12829458174621844,4.035694581746219,2.853667005550559,1.0,2.853667005550559,1.3692557654414006,0.04495779693169439,True,False,False,UNRESOLVED,True
P0_to_P2a,all,reduction,18,core18,P0,P2a,DMC,VC,1.0642000000000005,1.2366570487672097,0.17245704876720924,0.12194554864671278,1.0,0.12194554864671278,8.72684580790303,10.141059370276125,True,True,True,STABLE,True
P0_to_P2a,all,reduction,18,core18,P0,P2a,DME,DMSO,6.0789,0.7480912508428851,-5.330808749157115,3.769451015737573,1.0,3.769451015737573,1.612675154716272,0.1984615923431771,True,False,False,UNRESOLVED,True
P0_to_P2a,all,reduction,18,core18,P0,P2a,DME,DOL,0.7982,0.08149323883289417,-0.7167067611671059,0.5067882109435079,1.0,0.5067882109435079,1.5750169060048953,0.16080334363180024,True,False,False,UNRESOLVED,True
P0_to_P2a,all,reduction,18,core18,P0,P2a,DME,EA,6.8781,1.072203029315582,-5.805896970684418,4.105389118841385,1.0,4.105389118841385,1.6753832099455468,0.26116964757245154,True,False,False,UNRESOLVED,True
P0_to_P2a,all,reduction,18,core18,P0,P2a,DME,EC,6.8014,0.9115950639005028,-5.889804936099497,4.164721010181955,1.0,4.164721010181955,1.6330985877257718,0.21888502535267676,True,False,False,UNRESOLVED,True
P0_to_P2a,all,reduction,18,core18,P0,P2a,DME,EMC,6.4526,0.7677256539369015,-5.684874346063099,4.019813200294657,1.0,4.019813200294657,1.60519896783438,0.19098540546128517,True,False,False,UNRESOLVED,True
P0_to_P2a,all,reduction,18,core18,P0,P2a,DME,FEC,7.4549,0.9486936051602214,-6.506206394839779,4.6005826615904875,1.0,4.6005826615904875,1.6204251827142988,0.20621162034120355,True,False,False,UNRESOLVED,True
P0_to_P2a,all,reduction,18,core18,P0,P2a,DME,GBL,7.0116,1.1732153402158338,-5.8383846597841655,4.1283613841088975,1.0,4.1283613841088975,1.6983978260695427,0.2841842636964475,True,False,False,UNRESOLVED,True
P0_to_P2a,all,reduction,18,core18,P0,P2a,DME,MA,6.9608,1.0977606677533616,-5.863039332246638,4.145794870195045,1.0,4.145794870195045,1.6790025116878293,0.26478894931473435,True,False,False,UNRESOLVED,True
P0_to_P2a,all,reduction,18,core18,P0,P2a,DME,PC,6.6803,0.7852594992385308,-5.8950405007614695,4.168423113457775,1.0,4.168423113457775,1.6025964299143762,0.18838286754128114,True,False,False,UNRESOLVED,True
P0_to_P2a,all,reduction,18,core18,P0,P2a,DME,SL,4.5706,0.31023981521395383,-4.260360184786046,3.012529576959386,1.0,3.012529576959386,1.5171967223017973,0.10298315992870213,True,False,False,UNRESOLVED,True
P0_to_P2a,all,reduction,18,core18,P0,P2a,DME,SN,7.0176,1.619920451170474,-5.397679548829526,3.816735811649302,1.0,3.816735811649302,1.8386391792120211,0.424425616838926,True,False,False,UNRESOLVED,True
P0_to_P2a,all,reduction,18,core18,P0,P2a,DME,TEGDME,0.9057,0.007405364530507885,-0.8982946354694921,0.6351902282439756,1.0,0.6351902282439756,1.4258720611994709,0.011658498826375987,True,False,False,UNRESOLVED,True
P0_to_P2a,all,reduction,18,core18,P0,P2a,DME,TMP,2.6235,0.4881068518560947,-2.1353931481439052,1.5099509755518452,1.0,1.5099509755518452,1.737473628268748,0.3232600658956528,True,False,False,UNRESOLVED,True
P0_to_P2a,all,reduction,18,core18,P0,P2a,DME,VC,7.5951,1.596469318877086,-5.998630681122915,4.241672432455691,1.0,4.241672432455691,1.7905908862469284,0.3763773238738333,True,False,False,UNRESOLVED,True
P0_to_P2a,all,reduction,18,core18,P0,P2a,DMSO,DOL,-5.2807,-0.6665980120099909,4.61410198799001,3.262662804794066,1.0,3.262662804794066,1.6185245966088457,0.20431103423575075,True,False,False,UNRESOLVED,True
P0_to_P2a,all,reduction,18,core18,P0,P2a,DMSO,EA,0.7991999999999999,0.324111778472697,-0.4750882215273029,0.33593810310381256,1.0,0.33593810310381256,2.379009682486148,0.9647961201130527,True,False,False,UNRESOLVED,True
P0_to_P2a,all,reduction,18,core18,P0,P2a,DMSO,EC,0.7225000000000001,0.16350381305761774,-0.5589961869423824,0.3952699944443816,1.0,0.3952699944443816,1.8278645233762185,0.41365096100312354,True,False,False,UNRESOLVED,True
P0_to_P2a,all,reduction,18,core18,P0,P2a,DMSO,EMC,0.37370000000000037,0.019634403094016428,-0.35406559690598394,0.2503621845570839,1.0,0.2503621845570839,1.4926375589073626,0.07842399653426765,True,False,False,UNRESOLVED,True
P0_to_P2a,all,reduction,18,core18,P0,P2a,DMSO,FEC,1.3760000000000003,0.2006023543173363,-1.175397645682664,0.8311316458529147,1.0,0.8311316458529147,1.655574068038207,0.24136050566511205,True,False,False,UNRESOLVED,True
P0_to_P2a,all,reduction,18,core18,P0,P2a,DMSO,GBL,0.9326999999999996,0.4251240893729488,-0.5075759106270508,0.3589103683713246,1.0,0.3589103683713246,2.598698957158682,1.184485394785587,True,True,True,STABLE,True
P0_to_P2a,all,reduction,18,core18,P0,P2a,DMSO,MA,0.8818999999999999,0.34966941691047654,-0.5322305830895233,0.3763438544574722,1.0,0.3763438544574722,2.3433357275657514,0.9291221651926564,True,False,False,UNRESOLVED,True
P0_to_P2a,all,reduction,18,core18,P0,P2a,DMSO,PC,0.6013999999999999,0.0371682483956457,-0.5642317516043542,0.39897209772020253,1.0,0.39897209772020253,1.5073735818532334,0.09316001948013827,True,False,False,UNRESOLVED,True
P0_to_P2a,all,reduction,18,core18,P0,P2a,DMSO,SL,-1.5083000000000002,-0.43785143562893125,1.0704485643710688,0.7569214387781874,1.0,0.7569214387781874,1.992677076810875,0.57846351443778,True,False,False,UNRESOLVED,True
P0_to_P2a,all,reduction,18,core18,P0,P2a,DMSO,SN,0.9386999999999999,0.8718292003275889,-0.06687079967241094,0.04728479591172894,1.0,0.04728479591172894,19.852047194035926,18.43783363166283,True,True,True,STABLE,True
P0_to_P2a,all,reduction,18,core18,P0,P2a,DMSO,TEGDME,-5.1732,-0.7406858863123772,4.432514113687622,3.1342607874935973,1.0,3.1342607874935973,1.6505327254969422,0.2363191631238472,True,False,False,UNRESOLVED,True
P0_to_P2a,all,reduction,18,core18,P0,P2a,DMSO,TMP,-3.4554,-0.2599843989867904,3.1954156010132095,2.2595000401857277,1.0,2.2595000401857277,1.5292763613830125,0.11506279900991727,True,False,False,UNRESOLVED,True
P0_to_P2a,all,reduction,18,core18,P0,P2a,DMSO,VC,1.5162000000000004,0.8483780680342008,-0.6678219319657996,0.4722214167181181,1.0,0.4722214167181181,3.2107819474546653,1.7965683850815704,True,True,True,STABLE,True
P0_to_P2a,all,reduction,18,core18,P0,P2a,DOL,EA,6.0799,0.9907097904826879,-5.089190209517312,3.598600907897878,1.0,3.598600907897878,1.6895177196938942,0.2753041573207991,True,False,False,UNRESOLVED,True
P0_to_P2a,all,reduction,18,core18,P0,P2a,DOL,EC,6.0032000000000005,0.8301018250676087,-5.173098174932392,3.657932799238447,1.0,3.657932799238447,1.6411455129109587,0.22693195053786372,True,False,False,UNRESOLVED,True
P0_to_P2a,all,reduction,18,core18,P0,P2a,DOL,EMC,5.654400000000001,0.6862324151040073,-4.968167584895993,3.5130249893511496,1.0,3.5130249893511496,1.6095530254239268,0.19533946305083172,True,False,False,UNRESOLVED,True
P0_to_P2a,all,reduction,18,core18,P0,P2a,DOL,FEC,6.656700000000001,0.8672003663273272,-5.789499633672674,4.09379445064698,1.0,4.09379445064698,1.6260464662430671,0.21183290386997217,True,False,False,UNRESOLVED,True
P0_to_P2a,all,reduction,18,core18,P0,P2a,DOL,GBL,6.2134,1.0917221013829397,-5.12167789861706,3.62157317316539,1.0,3.62157317316539,1.7156632498934865,0.30144968752039153,True,False,False,UNRESOLVED,True
P0_to_P2a,all,reduction,18,core18,P0,P2a,DOL,MA,6.1626,1.0162674289204674,-5.146332571079533,3.639006659251538,1.0,3.639006659251538,1.6934841227434052,0.2792705603703102,True,False,False,UNRESOLVED,True
P0_to_P2a,all,reduction,18,core18,P0,P2a,DOL,PC,5.8821,0.7037662604056366,-5.178333739594364,3.661634902514268,1.0,3.661634902514268,1.6064135711512488,0.1922000087781538,True,False,False,UNRESOLVED,True
P0_to_P2a,all,reduction,18,core18,P0,P2a,DOL,SL,3.7723999999999998,0.22874657638105966,-3.54365342361894,2.5057413660158776,1.0,2.5057413660158776,1.5055025435438718,0.09128898117077668,True,False,False,UNRESOLVED,True
P0_to_P2a,all,reduction,18,core18,P0,P2a,DOL,SN,6.2194,1.5384272123375797,-4.68097278766242,3.3099476007057946,1.0,3.3099476007057946,1.8790025554101855,0.4647889930370904,True,False,False,UNRESOLVED,True
P0_to_P2a,all,reduction,18,core18,P0,P2a,DOL,TEGDME,0.10750000000000001,-0.07408787430238628,-0.1815878743023863,0.12840201730046777,1.0,0.12840201730046777,0.8372142608043619,0.576999301568733,False,False,False,UNRESOLVED,True
P0_to_P2a,all,reduction,18,core18,P0,P2a,DOL,TMP,1.8253,0.40661361302320054,-1.4186863869767994,1.0031627646083372,1.0,1.0031627646083372,1.8195452068166107,0.4053316444435155,True,False,False,UNRESOLVED,True
P0_to_P2a,all,reduction,18,core18,P0,P2a,DOL,VC,6.796900000000001,1.5149760800441918,-5.281923919955809,3.734884221512184,1.0,3.734884221512184,1.8198422218421713,0.40562865946907634,True,False,False,UNRESOLVED,True
P0_to_P2a,all,reduction,18,core18,P0,P2a,EA,EC,-0.07669999999999977,-0.16060796541507927,-0.0839079654150795,0.059331891340569015,1.0,0.059331891340569015,1.2927280467048767,2.7069416090779717,True,True,True,STABLE,True
P0_to_P2a,all,reduction,18,core18,P0,P2a,EA,EMC,-0.42549999999999955,-0.3044773753786806,0.12102262462131896,0.08557591854672866,1.0,0.08557591854672866,4.972193196707034,3.5579796343339387,True,True,True,STABLE,True
P0_to_P2a,all,reduction,18,core18,P0,P2a,EA,FEC,0.5768000000000004,-0.1235094241553607,-0.7003094241553611,0.49519354274910204,1.0,0.49519354274910204,1.1647970948850712,0.24941646748802374,True,False,False,UNRESOLVED,True
P0_to_P2a,all,reduction,18,core18,P0,P2a,EA,GBL,0.13349999999999973,0.10101231090025181,-0.03248768909974792,0.02297226526751204,1.0,0.02297226526751204,5.811355495219656,4.397141932846561,True,True,True,STABLE,True
P0_to_P2a,all,reduction,18,core18,P0,P2a,EA,MA,0.0827,0.02555763843777953,-0.05714236156222047,0.04040575135365961,1.0,0.04040575135365961,2.0467383288124337,0.6325247664393384,True,False,False,UNRESOLVED,True
P0_to_P2a,all,reduction,18,core18,P0,P2a,EA,PC,-0.19779999999999998,-0.2869435300770513,-0.08914353007705134,0.06303399461638996,1.0,0.06303399461638996,3.1379892898072566,4.5522028521803515,True,True,True,STABLE,True
P0_to_P2a,all,reduction,18,core18,P0,P2a,EA,SL,-2.3075,-0.7619632141016283,1.545536785898372,1.092859541882,1.0,1.092859541882,2.1114332735076666,0.6972197111345716,True,False,False,UNRESOLVED,True
P0_to_P2a,all,reduction,18,core18,P0,P2a,EA,SN,0.13949999999999996,0.5477174218548919,0.40821742185489196,0.28865330719208365,1.0,0.28865330719208365,0.4832787171468991,1.897492279519994,False,True,False,UNRESOLVED,True
P0_to_P2a,all,reduction,18,core18,P0,P2a,EA,TEGDME,-5.9723999999999995,-1.064797664785074,4.907602335214925,3.47019889059741,1.0,3.47019889059741,1.7210540917935182,0.30684052942042306,True,False,False,UNRESOLVED,True
P0_to_P2a,all,reduction,18,core18,P0,P2a,EA,TMP,-4.2546,-0.5840961774594874,3.6705038225405127,2.5954381432895404,1.0,2.5954381432895404,1.6392607972569846,0.22504723488388956,True,False,False,UNRESOLVED,True
P0_to_P2a,all,reduction,18,core18,P0,P2a,EA,VC,0.7170000000000005,0.5242662895615038,-0.19273371043849674,0.1362833136143055,1.0,0.1362833136143055,5.26109896351051,3.8468854011374147,True,True,True,STABLE,True
P0_to_P2a,all,reduction,18,core18,P0,P2a,EC,EMC,-0.3487999999999998,-0.1438694099636013,0.20493059003639846,0.14490780988729768,1.0,0.14490780988729768,2.4070476275314605,0.9928340651583653,True,False,False,UNRESOLVED,True
P0_to_P2a,all,reduction,18,core18,P0,P2a,EC,FEC,0.6535000000000002,0.037098541259718565,-0.6164014587402816,0.435861651408533,1.0,0.435861651408533,1.4993289680065816,0.08511540563348646,True,False,False,UNRESOLVED,True
P0_to_P2a,all,reduction,18,core18,P0,P2a,EC,GBL,0.2101999999999995,0.2616202763153311,0.05142027631533158,0.03635962607305698,1.0,0.03635962607305698,5.7811375611412235,7.195351123514318,True,True,True,STABLE,True
P0_to_P2a,all,reduction,18,core18,P0,P2a,EC,MA,0.15939999999999976,0.1861656038528588,0.026765603852859032,0.018926139986909403,1.0,0.018926139986909403,8.422213938513167,9.836427500886261,True,True,True,STABLE,True
P0_to_P2a,all,reduction,18,core18,P0,P2a,EC,PC,-0.12110000000000021,-0.12633556466197204,-0.0052355646619718366,0.0037021032758209403,1.0,0.0037021032758209403,32.71113498937879,34.12534855175189,True,True,True,STABLE,True
P0_to_P2a,all,reduction,18,core18,P0,P2a,EC,SL,-2.2308000000000003,-0.601355248686549,1.6294447513134513,1.152191433222569,1.0,1.152191433222569,1.936136596468754,0.521923034095659,True,False,False,UNRESOLVED,True
P0_to_P2a,all,reduction,18,core18,P0,P2a,EC,SN,0.21619999999999973,0.7083253872699711,0.49212538726997135,0.3479851985326526,1.0,0.3479851985326526,0.621290793147666,2.035504355520761,False,True,False,UNRESOLVED,True
P0_to_P2a,all,reduction,18,core18,P0,P2a,EC,TEGDME,-5.8957,-0.9041896993699949,4.991510300630004,3.529530781937979,1.0,3.529530781937979,1.670392005127326,0.2561784427542311,True,False,False,UNRESOLVED,True
P0_to_P2a,all,reduction,18,core18,P0,P2a,EC,TMP,-4.1779,-0.4234882120444081,3.754411787955592,2.6547700346301095,1.0,2.6547700346301095,1.5737332972353326,0.1595197348622375,True,False,False,UNRESOLVED,True
P0_to_P2a,all,reduction,18,core18,P0,P2a,EC,VC,0.7937000000000003,0.684874254976583,-0.10882574502341724,0.07695142227373651,1.0,0.07695142227373651,10.314299288408211,8.900085726035117,True,True,True,STABLE,True
P0_to_P2a,all,reduction,18,core18,P0,P2a,EMC,FEC,1.0023,0.18096795122331988,-0.8213320487766801,0.5807694612958307,1.0,0.5807694612958307,1.7258138845035642,0.3116003221304691,True,False,False,UNRESOLVED,True
P0_to_P2a,all,reduction,18,core18,P0,P2a,EMC,GBL,0.5589999999999993,0.4054896862789324,-0.15351031372106688,0.10854818381424071,1.0,0.10854818381424071,5.149786761578802,3.735573199205708,True,True,True,STABLE,True
P0_to_P2a,all,reduction,18,core18,P0,P2a,EMC,MA,0.5081999999999995,0.3300350138164601,-0.17816498618353943,0.12598166990038828,1.0,0.12598166990038828,4.033920175862292,2.619706613489197,True,True,True,STABLE,True
P0_to_P2a,all,reduction,18,core18,P0,P2a,EMC,PC,0.22769999999999957,0.01753384530162927,-0.2101661546983703,0.14860991316311864,1.0,0.14860991316311864,1.532199266882481,0.11798570450938628,True,False,False,UNRESOLVED,True
P0_to_P2a,all,reduction,18,core18,P0,P2a,EMC,SL,-1.8820000000000006,-0.4574858387229477,1.4245141612770529,1.0072836233352713,1.0,1.0072836233352713,1.8683913412276163,0.4541777788545212,True,False,False,UNRESOLVED,True
P0_to_P2a,all,reduction,18,core18,P0,P2a,EMC,SN,0.5649999999999995,0.8521947972335724,0.2871947972335729,0.2030773886453549,1.0,0.2030773886453549,2.78219059132521,4.196404153698305,True,True,True,STABLE,True
P0_to_P2a,all,reduction,18,core18,P0,P2a,EMC,TEGDME,-5.5469,-0.7603202894063936,4.786579710593607,3.384622972050681,1.0,3.384622972050681,1.6388531442954886,0.22463958192239342,True,False,False,UNRESOLVED,True
P0_to_P2a,all,reduction,18,core18,P0,P2a,EMC,TMP,-3.8291000000000004,-0.2796188020808068,3.5494811979191936,2.509862224742812,1.0,2.509862224742812,1.5256215907996193,0.11140802842652434,True,False,False,UNRESOLVED,True
P0_to_P2a,all,reduction,18,core18,P0,P2a,EMC,VC,1.1425,0.8287436649401844,-0.3137563350598157,0.22185923216103418,1.0,0.22185923216103418,5.149661742138946,3.7354481797658505,True,True,True,STABLE,True
P0_to_P2a,all,reduction,18,core18,P0,P2a,FEC,GBL,-0.4433000000000007,0.22452173505561251,0.6678217350556133,0.47222127748159004,1.0,0.47222127748159004,0.9387548192749174,0.4754587430981775,False,False,False,UNRESOLVED,True
P0_to_P2a,all,reduction,18,core18,P0,P2a,FEC,MA,-0.4941000000000004,0.14906706259314023,0.6431670625931407,0.45478779139544245,1.0,0.45478779139544245,1.0864407738033928,0.32777278856970227,True,False,False,UNRESOLVED,True
P0_to_P2a,all,reduction,18,core18,P0,P2a,FEC,PC,-0.7746000000000004,-0.1634341059216906,0.6111658940783098,0.4321595481327121,1.0,0.4321595481327121,1.7923935809052818,0.37818001853218697,True,False,False,UNRESOLVED,True
P0_to_P2a,all,reduction,18,core18,P0,P2a,FEC,SL,-2.8843000000000005,-0.6384537899462676,2.245846210053733,1.5880530846311018,1.0,1.5880530846311018,1.8162491089962598,0.4020355466231645,True,False,False,UNRESOLVED,True
P0_to_P2a,all,reduction,18,core18,P0,P2a,FEC,SN,-0.43730000000000047,0.6712268460102526,1.108526846010253,0.7838468499411857,1.0,0.7838468499411857,0.557889592887708,0.856323969485387,False,False,False,UNRESOLVED,True
P0_to_P2a,all,reduction,18,core18,P0,P2a,FEC,TEGDME,-6.5492,-0.9412882406297135,5.607911759370286,3.9653924333465116,1.0,3.9653924333465116,1.651589372321704,0.23737580994860893,True,False,False,UNRESOLVED,True
P0_to_P2a,all,reduction,18,core18,P0,P2a,FEC,TMP,-4.8314,-0.4605867533041267,4.370813246695874,3.0906316860386425,1.0,3.0906316860386425,1.563240298682291,0.14902673630919602,True,False,False,UNRESOLVED,True
P0_to_P2a,all,reduction,18,core18,P0,P2a,FEC,VC,0.1402000000000001,0.6477757137168645,0.5075757137168644,0.35891022913479653,1.0,0.35891022913479653,0.3906269273460717,1.8048404897191666,False,True,False,UNRESOLVED,True
P0_to_P2a,all,reduction,18,core18,P0,P2a,GBL,MA,-0.050799999999999734,-0.07545467246247228,-0.02465467246247255,0.017433486086147573,1.0,0.017433486086147573,2.9139324027891798,4.328145965162276,True,True,True,STABLE,True
P0_to_P2a,all,reduction,18,core18,P0,P2a,GBL,PC,-0.3312999999999997,-0.3879558409773031,-0.05665584097730342,0.040061729348877924,1.0,0.040061729348877924,8.269737861660207,9.683951424033303,True,True,True,STABLE,True
P0_to_P2a,all,reduction,18,core18,P0,P2a,GBL,SL,-2.441,-0.86297552500188,1.5780244749981198,1.1158318071495121,1.0,1.1158318071495121,2.1876056806766813,0.7733921183035863,True,False,False,UNRESOLVED,True
P0_to_P2a,all,reduction,18,core18,P0,P2a,GBL,SN,0.006000000000000227,0.44670511095464005,0.4407051109546398,0.31162557245959566,1.0,0.31162557245959566,0.01925387558101692,1.433467437954112,False,True,False,UNRESOLVED,True
P0_to_P2a,all,reduction,18,core18,P0,P2a,GBL,TEGDME,-6.105899999999999,-1.165809975685326,4.9400900243146735,3.4931711558649217,1.0,3.4931711558649217,1.7479532858698865,0.3337397234967913,True,False,False,UNRESOLVED,True
P0_to_P2a,all,reduction,18,core18,P0,P2a,GBL,TMP,-4.3881,-0.6851084883597391,3.7029915116402607,2.6184104085570525,1.0,2.6184104085570525,1.6758640989432148,0.2616505365701197,True,False,False,UNRESOLVED,True
P0_to_P2a,all,reduction,18,core18,P0,P2a,GBL,VC,0.5835000000000008,0.42325397866125203,-0.16024602133874877,0.11331104834679344,1.0,0.11331104834679344,5.14954197770877,3.735328415335675,True,True,True,STABLE,True
P0_to_P2a,all,reduction,18,core18,P0,P2a,MA,PC,-0.28049999999999997,-0.31250116851483084,-0.03200116851483087,0.022628243262730347,1.0,0.022628243262730347,12.396013103765553,13.810226666138648,True,True,True,STABLE,True
P0_to_P2a,all,reduction,18,core18,P0,P2a,MA,SL,-2.3902,-0.7875208525394077,1.6026791474605924,1.1332652932356597,1.0,1.1332652932356597,2.1091266222188665,0.6949130598457715,True,False,False,UNRESOLVED,True
P0_to_P2a,all,reduction,18,core18,P0,P2a,MA,SN,0.05679999999999996,0.5221597834171123,0.46535978341711237,0.32905905854574324,1.0,0.32905905854574324,0.1726133911979939,1.5868269535710888,False,True,False,UNRESOLVED,True
P0_to_P2a,all,reduction,18,core18,P0,P2a,MA,TEGDME,-6.0550999999999995,-1.0903553032228537,4.964744696777146,3.5106046419510695,1.0,3.5106046419510695,1.7248025960094413,0.31058903363634616,True,False,False,UNRESOLVED,True
P0_to_P2a,all,reduction,18,core18,P0,P2a,MA,TMP,-4.3373,-0.6096538158972669,3.727646184102733,2.6358438946432,1.0,2.6358438946432,1.6455071595152706,0.23129359714217537,True,False,False,UNRESOLVED,True
P0_to_P2a,all,reduction,18,core18,P0,P2a,MA,VC,0.6343000000000005,0.4987086511237243,-0.13559134887627622,0.09587756226064587,1.0,0.09587756226064587,6.615729322316707,5.201515759943612,True,True,True,STABLE,True
P0_to_P2a,all,reduction,18,core18,P0,P2a,PC,SL,-2.1097,-0.47501968402457695,1.634680315975423,1.15589353649839,1.0,1.15589353649839,1.8251680915104231,0.4109545291373282,True,False,False,UNRESOLVED,True
P0_to_P2a,all,reduction,18,core18,P0,P2a,PC,SN,0.33729999999999993,0.8346609519319432,0.4973609519319433,0.35168730180847363,1.0,0.35168730180847363,0.9590906417874908,2.373304204160586,False,True,False,UNRESOLVED,True
P0_to_P2a,all,reduction,18,core18,P0,P2a,PC,TEGDME,-5.7745999999999995,-0.7778541347080229,4.9967458652919765,3.5332328852138,1.0,3.5332328852138,1.634367217673672,0.22015365530057723,True,False,False,UNRESOLVED,True
P0_to_P2a,all,reduction,18,core18,P0,P2a,PC,TMP,-4.0568,-0.2971526473824361,3.7596473526175638,2.6584721379059304,1.0,2.6584721379059304,1.5259892861602558,0.11177572378716077,True,False,False,UNRESOLVED,True
P0_to_P2a,all,reduction,18,core18,P0,P2a,PC,VC,0.9148000000000005,0.8112098196385551,-0.1035901803614454,0.07324931899791558,1.0,0.07324931899791558,12.488853309694695,11.074639747321601,True,True,True,STABLE,True
P0_to_P2a,all,reduction,18,core18,P0,P2a,SL,SN,2.447,1.30968063595652,-1.13731936404348,0.8042062346899164,1.0,0.8042062346899164,3.042751839574469,1.6285382772013737,True,True,True,STABLE,True
P0_to_P2a,all,reduction,18,core18,P0,P2a,SL,TEGDME,-3.6649,-0.30283445068344594,3.362065549316554,2.3773393487154104,1.0,2.3773393487154104,1.541597333161679,0.12738377078858423,True,False,False,UNRESOLVED,True
P0_to_P2a,all,reduction,18,core18,P0,P2a,SL,TMP,-1.9470999999999998,0.17786703664214087,2.1249670366421407,1.5025786014075406,1.0,1.5025786014075406,1.2958390317658282,0.11837453060726667,True,False,False,UNRESOLVED,True
P0_to_P2a,all,reduction,18,core18,P0,P2a,SL,VC,3.0245000000000006,1.2862295036631322,-1.7382704963368685,1.2291428554963053,1.0,1.2291428554963053,2.4606578368620653,1.0464442744889701,True,True,True,STABLE,True
P0_to_P2a,all,reduction,18,core18,P0,P2a,SN,TEGDME,-6.1118999999999994,-1.612515086639966,4.499384913360034,3.181545583405326,1.0,3.181545583405326,1.921047440551899,0.5068338781788037,True,False,False,UNRESOLVED,True
P0_to_P2a,all,reduction,18,core18,P0,P2a,SN,TMP,-4.3941,-1.1318135993143792,3.2622864006856207,2.306784836097457,1.0,2.306784836097457,1.9048590623795647,0.4906455000064698,True,False,False,UNRESOLVED,True
P0_to_P2a,all,reduction,18,core18,P0,P2a,SN,VC,0.5775000000000006,-0.02345113229338805,-0.6009511322933886,0.42493662080638916,1.0,0.42493662080638916,1.3590261976105908,0.05518736476250401,True,False,False,UNRESOLVED,True
P0_to_P2a,all,reduction,18,core18,P0,P2a,TEGDME,TMP,1.7178,0.4807014873255868,-1.2370985126744132,0.8747607473078697,1.0,0.8747607473078697,1.9637369478301763,0.5495233854570811,True,False,False,UNRESOLVED,True
P0_to_P2a,all,reduction,18,core18,P0,P2a,TEGDME,VC,6.6894,1.589063954346578,-5.100336045653422,3.6064822042117153,1.0,3.6064822042117153,1.854826842674559,0.44061328030146396,True,False,False,UNRESOLVED,True
P0_to_P2a,all,reduction,18,core18,P0,P2a,TMP,VC,4.9716000000000005,1.1083624670209913,-3.863237532979009,2.7317214569038457,1.0,2.7317214569038457,1.8199512938756393,0.40573773150254416,True,False,False,UNRESOLVED,True
C0_to_C1,all,oxidation,10,subset10,C0,C1,AN,DMC,1.4944379999999988,2.264774000000001,0.7703360000000021,0.5447098093921218,1.0,0.5447098093921218,2.7435489029796294,4.157762465352724,True,True,True,STABLE,True
C0_to_C1,all,oxidation,10,subset10,C0,C1,AN,DME,3.201637999999999,3.172726000000001,-0.028911999999998272,0.02044387125766424,1.0,0.02044387125766424,156.60624935699158,155.1920357946185,True,True,True,STABLE,True
C0_to_C1,all,oxidation,10,subset10,C0,C1,AN,DMSO,3.3168559999999996,3.237954,-0.07890199999999936,0.05579213924918052,1.0,0.05579213924918052,59.45023877263709,58.036025210264,True,True,True,STABLE,True
C0_to_C1,all,oxidation,10,subset10,C0,C1,AN,DOL,2.7105759999999997,1.6603950000000012,-1.0501809999999985,0.7425901065732685,1.0,0.7425901065732685,3.6501644393138135,2.235950876940718,True,True,True,STABLE,True
C0_to_C1,all,oxidation,10,subset10,C0,C1,AN,EC,1.3100039999999993,2.094615000000001,0.7846110000000017,0.5548037586935595,1.0,0.5548037586935595,2.3612024602803157,3.775416022653411,True,True,True,STABLE,True
C0_to_C1,all,oxidation,10,subset10,C0,C1,AN,GBL,2.100923999999999,2.3052469999999996,0.20432300000000048,0.1444781788523793,1.0,0.1444781788523793,14.541462362607852,15.955675924980946,True,True,True,STABLE,True
C0_to_C1,all,oxidation,10,subset10,C0,C1,AN,SL,2.356038,2.5327140000000004,0.1766760000000005,0.12492879767291482,1.0,0.12492879767291482,18.85904646395873,20.273260026331826,True,True,True,STABLE,True
C0_to_C1,all,oxidation,10,subset10,C0,C1,AN,SN,0.550046,0.8779660000000007,0.32792000000000066,0.23187445568669313,1.0,0.23187445568669313,2.372171606273085,3.78638516864618,True,True,True,STABLE,True
C0_to_C1,all,oxidation,10,subset10,C0,C1,AN,TMP,2.1109089999999995,3.187049,1.0761400000000005,0.7609458915060916,1.0,0.7609458915060916,2.774059264347971,4.188272826721066,True,True,True,STABLE,True
C0_to_C1,all,oxidation,10,subset10,C0,C1,DMC,DME,1.7072000000000003,0.9079519999999999,-0.7992480000000004,0.565153680649786,1.0,0.565153680649786,3.0207712670952533,1.6065577047221584,True,True,True,STABLE,True
C0_to_C1,all,oxidation,10,subset10,C0,C1,DMC,DMSO,1.8224180000000008,0.9731799999999993,-0.8492380000000015,0.6005019486413022,1.0,0.6005019486413022,3.0348244566456613,1.6206108942725659,True,True,True,STABLE,True
C0_to_C1,all,oxidation,10,subset10,C0,C1,DMC,DOL,1.2161380000000008,-0.6043789999999998,-1.8205170000000006,1.2872999159653904,1.0,1.2872999159653904,0.9447200181691748,0.4694935442039202,False,False,False,UNRESOLVED,True
C0_to_C1,all,oxidation,10,subset10,C0,C1,DMC,EC,-0.18443399999999954,-0.17015899999999995,0.014274999999999594,0.010093949301437678,1.0,0.010093949301437678,18.27173829511217,16.857524732739073,True,True,True,STABLE,True
C0_to_C1,all,oxidation,10,subset10,C0,C1,DMC,GBL,0.6064860000000003,0.04047299999999865,-0.5660130000000017,0.4002316305397425,1.0,0.4002316305397425,1.5153375038902055,0.10112394151711039,True,False,False,UNRESOLVED,True
C0_to_C1,all,oxidation,10,subset10,C0,C1,DMC,SL,0.861600000000001,0.2679399999999994,-0.5936600000000016,0.41978101171920695,1.0,0.41978101171920695,2.052498745646762,0.6382851832736671,True,False,False,UNRESOLVED,True
C0_to_C1,all,oxidation,10,subset10,C0,C1,DMC,SN,-0.9443919999999988,-1.3868080000000003,-0.4424160000000015,0.31283535370542864,1.0,0.31283535370542864,3.018814813651961,4.433028376025056,True,True,True,STABLE,True
C0_to_C1,all,oxidation,10,subset10,C0,C1,DMC,TMP,0.6164710000000007,0.9222749999999991,0.3058039999999984,0.21623608211396986,1.0,0.21623608211396986,2.850916433433538,4.2651299958066335,True,True,True,STABLE,True
C0_to_C1,all,oxidation,10,subset10,C0,C1,DME,DMSO,0.11521800000000049,0.0652279999999994,-0.04999000000000109,0.03534826799151628,1.0,0.03534826799151628,3.2595090664032886,1.8452955040301937,True,True,True,STABLE,True
C0_to_C1,all,oxidation,10,subset10,C0,C1,DME,DOL,-0.49106199999999944,-1.5123309999999996,-1.0212690000000002,0.7221462353156043,1.0,0.7221462353156043,0.6800035449681288,2.094217107341224,False,True,False,UNRESOLVED,True
C0_to_C1,all,oxidation,10,subset10,C0,C1,DME,EC,-1.8916339999999998,-1.0781109999999998,0.813523,0.5752476299512237,1.0,0.5752476299512237,3.288382083660901,1.8741685212878059,True,True,True,STABLE,True
C0_to_C1,all,oxidation,10,subset10,C0,C1,DME,GBL,-1.100714,-0.8674790000000012,0.23323499999999875,0.16492205011004352,1.0,0.16492205011004352,6.674146963765933,5.259933401392837,True,True,True,STABLE,True
C0_to_C1,all,oxidation,10,subset10,C0,C1,DME,SL,-0.8455999999999992,-0.6400120000000005,0.20558799999999877,0.14537266893057907,1.0,0.14537266893057907,5.816774268647466,4.402560706274371,True,True,True,STABLE,True
C0_to_C1,all,oxidation,10,subset10,C0,C1,DME,SN,-2.651591999999999,-2.29476,0.35683199999999893,0.25231832694435735,1.0,0.25231832694435735,10.50891559131471,9.094702028941613,True,True,True,STABLE,True
C0_to_C1,all,oxidation,10,subset10,C0,C1,DME,TMP,-1.0907289999999996,0.014322999999999197,1.1050519999999988,0.7813897627637559,1.0,0.7813897627637559,1.3958834015717312,0.018330160801363852,True,False,False,UNRESOLVED,True
C0_to_C1,all,oxidation,10,subset10,C0,C1,DMSO,DOL,-0.6062799999999999,-1.577558999999999,-0.9712789999999991,0.686797967324088,1.0,0.686797967324088,0.8827632416592562,2.2969768040323513,False,True,False,UNRESOLVED,True
C0_to_C1,all,oxidation,10,subset10,C0,C1,DMSO,EC,-2.0068520000000003,-1.1433389999999992,0.8635130000000011,0.6105958979427399,1.0,0.6105958979427399,3.286710583483477,1.8724970211103817,True,True,True,STABLE,True
C0_to_C1,all,oxidation,10,subset10,C0,C1,DMSO,GBL,-1.2159320000000005,-0.9327070000000006,0.28322499999999984,0.20027031810155982,1.0,0.20027031810155982,6.071453880566489,4.657240318193393,True,True,True,STABLE,True
C0_to_C1,all,oxidation,10,subset10,C0,C1,DMSO,SL,-0.9608179999999997,-0.7052399999999999,0.25557799999999986,0.18072093692209534,1.0,0.18072093692209534,5.316583769229718,3.902370206856623,True,True,True,STABLE,True
C0_to_C1,all,oxidation,10,subset10,C0,C1,DMSO,SN,-2.7668099999999995,-2.3599879999999995,0.406822,0.28766659493587365,1.0,0.28766659493587365,9.618113638174686,8.203900075801592,True,True,True,STABLE,True
C0_to_C1,all,oxidation,10,subset10,C0,C1,DMSO,TMP,-1.205947,-0.0509050000000002,1.155042,0.8167380307552722,1.0,0.8167380307552722,1.4765407689964063,0.06232720662331127,True,False,False,UNRESOLVED,True
C0_to_C1,all,oxidation,10,subset10,C0,C1,DOL,EC,-1.4005720000000004,0.43421999999999983,1.8347920000000002,1.297393865266828,1.0,1.297393865266828,1.0795272256909834,0.3346863366821117,True,False,False,UNRESOLVED,True
C0_to_C1,all,oxidation,10,subset10,C0,C1,DOL,GBL,-0.6096520000000005,0.6448519999999984,1.254503999999999,0.8870682854256479,1.0,0.8870682854256479,0.6872661440122021,0.7269474183608929,False,False,False,UNRESOLVED,True
C0_to_C1,all,oxidation,10,subset10,C0,C1,DOL,SL,-0.3545379999999998,0.8723189999999992,1.226856999999999,0.8675189042461834,1.0,0.8675189042461834,0.4086804313596715,1.0055331310134237,False,True,False,UNRESOLVED,True
C0_to_C1,all,oxidation,10,subset10,C0,C1,DOL,SN,-2.1605299999999996,-0.7824290000000005,1.3781009999999991,0.9744645622599617,1.0,0.9744645622599617,2.2171457882360905,0.8029322258629954,True,False,False,UNRESOLVED,True
C0_to_C1,all,oxidation,10,subset10,C0,C1,DOL,TMP,-0.5996670000000002,1.5266539999999988,2.126320999999999,1.5035359980793603,1.0,1.5035359980793603,0.3988378068539921,1.0153757555191028,False,True,False,UNRESOLVED,True
C0_to_C1,all,oxidation,10,subset10,C0,C1,EC,GBL,0.7909199999999998,0.2106319999999986,-0.5802880000000012,0.4103255798411802,1.0,0.4103255798411802,1.927542514668795,0.5133289522957,True,False,False,UNRESOLVED,True
C0_to_C1,all,oxidation,10,subset10,C0,C1,EC,SL,1.0460340000000006,0.43809899999999935,-0.6079350000000012,0.42987496102064465,1.0,0.42987496102064465,2.4333447975579228,1.0191312351848278,True,True,True,STABLE,True
C0_to_C1,all,oxidation,10,subset10,C0,C1,EC,SN,-0.7599579999999992,-1.2166490000000003,-0.45669100000000107,0.32292930300686634,1.0,0.32292930300686634,2.3533262324721287,3.7675397948452236,True,True,True,STABLE,True
C0_to_C1,all,oxidation,10,subset10,C0,C1,EC,TMP,0.8009050000000002,1.092433999999999,0.2915289999999988,0.2061421328125322,1.0,0.2061421328125322,3.8852076917645535,5.299421254137648,True,True,True,STABLE,True
C0_to_C1,all,oxidation,10,subset10,C0,C1,GBL,SL,0.25511400000000073,0.22746700000000075,-0.027646999999999977,0.019549381179464465,1.0,0.019549381179464465,13.049722528710205,11.635508966337111,True,True,True,STABLE,True
C0_to_C1,all,oxidation,10,subset10,C0,C1,GBL,SN,-1.550877999999999,-1.427280999999999,0.12359700000000018,0.08739627683431385,1.0,0.08739627683431385,17.745355479389115,16.33114191701602,True,True,True,STABLE,True
C0_to_C1,all,oxidation,10,subset10,C0,C1,GBL,TMP,0.009985000000000355,0.8818020000000004,0.8718170000000001,0.6164677126537124,1.0,0.6164677126537124,0.016197117537620688,1.4304106799107157,False,True,False,UNRESOLVED,True
C0_to_C1,all,oxidation,10,subset10,C0,C1,SL,SN,-1.8059919999999998,-1.6547479999999997,0.15124400000000016,0.10694565801377831,1.0,0.10694565801377831,16.887006294050064,15.472792731676968,True,True,True,STABLE,True
C0_to_C1,all,oxidation,10,subset10,C0,C1,SL,TMP,-0.24512900000000037,0.6543349999999997,0.899464,0.6360170938331768,1.0,0.6360170938331768,0.3854125972033955,1.0288009651696994,False,True,False,UNRESOLVED,True
C0_to_C1,all,oxidation,10,subset10,C0,C1,SN,TMP,1.5608629999999994,2.3090829999999993,0.7482199999999999,0.5290714358193985,1.0,0.5290714358193985,2.9501932902172565,4.364406852590352,True,True,True,STABLE,True
C0_to_C1,primary,oxidation,6,subset06,C0,C1,DMC,DME,1.7072000000000003,0.9079519999999999,-0.7992480000000004,0.565153680649786,1.0,0.565153680649786,3.0207712670952533,1.6065577047221584,True,True,True,STABLE,True
C0_to_C1,primary,oxidation,6,subset06,C0,C1,DMC,EC,-0.18443399999999954,-0.17015899999999995,0.014274999999999594,0.010093949301437678,1.0,0.010093949301437678,18.27173829511217,16.857524732739073,True,True,True,STABLE,True
C0_to_C1,primary,oxidation,6,subset06,C0,C1,DMC,GBL,0.6064860000000003,0.04047299999999865,-0.5660130000000017,0.4002316305397425,1.0,0.4002316305397425,1.5153375038902055,0.10112394151711039,True,False,False,UNRESOLVED,True
C0_to_C1,primary,oxidation,6,subset06,C0,C1,DMC,SL,0.861600000000001,0.2679399999999994,-0.5936600000000016,0.41978101171920695,1.0,0.41978101171920695,2.052498745646762,0.6382851832736671,True,False,False,UNRESOLVED,True
C0_to_C1,primary,oxidation,6,subset06,C0,C1,DMC,TMP,0.6164710000000007,0.9222749999999991,0.3058039999999984,0.21623608211396986,1.0,0.21623608211396986,2.850916433433538,4.2651299958066335,True,True,True,STABLE,True
C0_to_C1,primary,oxidation,6,subset06,C0,C1,DME,EC,-1.8916339999999998,-1.0781109999999998,0.813523,0.5752476299512237,1.0,0.5752476299512237,3.288382083660901,1.8741685212878059,True,True,True,STABLE,True
C0_to_C1,primary,oxidation,6,subset06,C0,C1,DME,GBL,-1.100714,-0.8674790000000012,0.23323499999999875,0.16492205011004352,1.0,0.16492205011004352,6.674146963765933,5.259933401392837,True,True,True,STABLE,True
C0_to_C1,primary,oxidation,6,subset06,C0,C1,DME,SL,-0.8455999999999992,-0.6400120000000005,0.20558799999999877,0.14537266893057907,1.0,0.14537266893057907,5.816774268647466,4.402560706274371,True,True,True,STABLE,True
C0_to_C1,primary,oxidation,6,subset06,C0,C1,DME,TMP,-1.0907289999999996,0.014322999999999197,1.1050519999999988,0.7813897627637559,1.0,0.7813897627637559,1.3958834015717312,0.018330160801363852,True,False,False,UNRESOLVED,True
C0_to_C1,primary,oxidation,6,subset06,C0,C1,EC,GBL,0.7909199999999998,0.2106319999999986,-0.5802880000000012,0.4103255798411802,1.0,0.4103255798411802,1.927542514668795,0.5133289522957,True,False,False,UNRESOLVED,True
C0_to_C1,primary,oxidation,6,subset06,C0,C1,EC,SL,1.0460340000000006,0.43809899999999935,-0.6079350000000012,0.42987496102064465,1.0,0.42987496102064465,2.4333447975579228,1.0191312351848278,True,True,True,STABLE,True
C0_to_C1,primary,oxidation,6,subset06,C0,C1,EC,TMP,0.8009050000000002,1.092433999999999,0.2915289999999988,0.2061421328125322,1.0,0.2061421328125322,3.8852076917645535,5.299421254137648,True,True,True,STABLE,True
C0_to_C1,primary,oxidation,6,subset06,C0,C1,GBL,SL,0.25511400000000073,0.22746700000000075,-0.027646999999999977,0.019549381179464465,1.0,0.019549381179464465,13.049722528710205,11.635508966337111,True,True,True,STABLE,True
C0_to_C1,primary,oxidation,6,subset06,C0,C1,GBL,TMP,0.009985000000000355,0.8818020000000004,0.8718170000000001,0.6164677126537124,1.0,0.6164677126537124,0.016197117537620688,1.4304106799107157,False,True,False,UNRESOLVED,True
C0_to_C1,primary,oxidation,6,subset06,C0,C1,SL,TMP,-0.24512900000000037,0.6543349999999997,0.899464,0.6360170938331768,1.0,0.6360170938331768,0.3854125972033955,1.0288009651696994,False,True,False,UNRESOLVED,True
C0_to_C1,all,reduction,10,subset10,C0,C1,AN,DMC,0.033671000000000006,0.11804599999999965,0.08437499999999964,0.0596621346626147,1.0,0.0596621346626147,0.5643613020286186,1.9785748644017136,False,True,False,UNRESOLVED,True
C0_to_C1,all,reduction,10,subset10,C0,C1,AN,DME,-0.45181700000000014,-0.45744700000000016,-0.005630000000000024,0.003981011178080279,1.0,0.003981011178080279,113.49302470883165,114.90723827120475,True,True,True,STABLE,True
C0_to_C1,all,reduction,10,subset10,C0,C1,AN,DMSO,0.4259240000000002,-0.18063800000000008,-0.6065620000000003,0.42890410341007484,1.0,0.42890410341007484,0.9930518188415992,0.42116174353149577,False,False,False,UNRESOLVED,True
C0_to_C1,all,reduction,10,subset10,C0,C1,AN,DOL,-0.8591329999999999,0.1288039999999997,0.9879369999999996,0.698576952085094,1.0,0.698576952085094,1.2298330161561766,0.18438054621691846,True,False,False,UNRESOLVED,True
C0_to_C1,all,reduction,10,subset10,C0,C1,AN,EC,0.7223220000000001,-0.19571899999999998,-0.9180410000000001,0.6491530165072793,1.0,0.6491530165072793,1.1127145397650637,0.3014990226080314,True,False,False,UNRESOLVED,True
C0_to_C1,all,reduction,10,subset10,C0,C1,AN,GBL,0.7087780000000001,-0.1865610000000002,-0.8953390000000003,0.6331002783607825,1.0,0.6331002783607825,1.1195351261496231,0.29467843622347195,True,False,False,UNRESOLVED,True
C0_to_C1,all,reduction,10,subset10,C0,C1,AN,SL,0.30613800000000024,-0.5465960000000001,-0.8527340000000003,0.6029739939483296,1.0,0.6029739939483296,0.5077134388423292,0.9065001235307659,False,False,False,UNRESOLVED,True
C0_to_C1,all,reduction,10,subset10,C0,C1,AN,SN,1.449186,-0.696609,-2.145795,1.5173061955361877,1.0,1.5173061955361877,0.9551045163220234,0.4591090460510717,False,False,False,UNRESOLVED,True
C0_to_C1,all,reduction,10,subset10,C0,C1,AN,TMP,0.4295849999999999,-0.16696299999999997,-0.5965479999999999,0.42182313610327243,1.0,0.42182313610327243,1.018400754326636,0.39581280804645913,True,False,False,UNRESOLVED,True
C0_to_C1,all,reduction,10,subset10,C0,C1,DMC,DME,-0.48548800000000014,-0.5754929999999998,-0.09000499999999967,0.06364314584069498,1.0,0.06364314584069498,7.62828413942994,9.042497701803036,True,True,True,STABLE,True
C0_to_C1,all,reduction,10,subset10,C0,C1,DMC,DMSO,0.3922530000000002,-0.2986839999999997,-0.6909369999999999,0.4885662380726895,1.0,0.4885662380726895,0.8028655470492013,0.6113480153238938,False,False,False,UNRESOLVED,True
C0_to_C1,all,reduction,10,subset10,C0,C1,DMC,DOL,-0.8928039999999999,0.010758000000000045,0.903562,0.6389148174224792,1.0,0.6389148174224792,1.397375637024298,0.016837925348797116,True,False,False,UNRESOLVED,True
C0_to_C1,all,reduction,10,subset10,C0,C1,DMC,EC,0.6886510000000001,-0.3137649999999996,-1.0024159999999998,0.7088151511698941,1.0,0.7088151511698941,0.9715523135522524,0.44266124882084257,False,False,False,UNRESOLVED,True
C0_to_C1,all,reduction,10,subset10,C0,C1,DMC,GBL,0.6751070000000001,-0.30460699999999985,-0.979714,0.6927624130233972,1.0,0.6927624130233972,0.9745144761154921,0.43969908625760284,False,False,False,UNRESOLVED,True
C0_to_C1,all,reduction,10,subset10,C0,C1,DMC,SL,0.27246700000000024,-0.6646419999999997,-0.937109,0.6626361286109443,1.0,0.6626361286109443,0.4111864539761228,1.0030271083969722,False,True,False,UNRESOLVED,True
C0_to_C1,all,reduction,10,subset10,C0,C1,DMC,SN,1.415515,-0.8146549999999997,-2.2301699999999998,1.5769683301988024,1.0,1.5769683301988024,0.897617899416884,0.5165956629562112,False,False,False,UNRESOLVED,True
C0_to_C1,all,reduction,10,subset10,C0,C1,DMC,TMP,0.3959139999999999,-0.2850089999999996,-0.6809229999999995,0.48148527076588715,1.0,0.48148527076588715,0.8222764517183027,0.5919371106547924,False,False,False,UNRESOLVED,True
C0_to_C1,all,reduction,10,subset10,C0,C1,DME,DMSO,0.8777410000000003,0.2768090000000001,-0.6009320000000002,0.42492309223199454,1.0,0.42492309223199454,2.0656467394828746,0.6514331771097795,True,False,False,UNRESOLVED,True
C0_to_C1,all,reduction,10,subset10,C0,C1,DME,DOL,-0.4073159999999998,0.5862509999999999,0.9935669999999996,0.7025579632631742,1.0,0.7025579632631742,0.5797614165643178,0.8344521458087774,False,False,False,UNRESOLVED,True
C0_to_C1,all,reduction,10,subset10,C0,C1,DME,EC,1.1741390000000003,0.2617280000000002,-0.9124110000000001,0.645172005329199,1.0,0.645172005329199,1.819885224872545,0.40567166249944997,True,False,False,UNRESOLVED,True
C0_to_C1,all,reduction,10,subset10,C0,C1,DME,GBL,1.1605950000000003,0.27088599999999996,-0.8897090000000003,0.6291192671827023,1.0,0.6291192671827023,1.8447932856949878,0.43057972332189287,True,False,False,UNRESOLVED,True
C0_to_C1,all,reduction,10,subset10,C0,C1,DME,SL,0.7579550000000004,-0.08914899999999992,-0.8471040000000003,0.5989929827702494,1.0,0.5989929827702494,1.2653821026326157,0.1488314597404792,True,False,False,UNRESOLVED,True
C0_to_C1,all,reduction,10,subset10,C0,C1,DME,SN,1.9010030000000002,-0.23916199999999987,-2.140165,1.5133251843581077,1.0,1.5133251843581077,1.2561761474988802,0.1580374148742148,True,False,False,UNRESOLVED,True
C0_to_C1,all,reduction,10,subset10,C0,C1,DME,TMP,0.881402,0.2904840000000002,-0.5909179999999998,0.4178421249251922,1.0,0.4178421249251922,2.109413932733088,0.6952003703599933,True,False,False,UNRESOLVED,True
C0_to_C1,all,reduction,10,subset10,C0,C1,DMSO,DOL,-1.2850570000000001,0.3094419999999998,1.5944989999999999,1.1274810554951689,1.0,1.1274810554951689,1.1397592835257235,0.27445427884737145,True,False,False,UNRESOLVED,True
C0_to_C1,all,reduction,10,subset10,C0,C1,DMSO,EC,0.29639799999999994,-0.0150809999999999,-0.31147899999999984,0.22024891309720454,1.0,0.22024891309720454,1.345741033778395,0.06847252859469985,True,False,False,UNRESOLVED,True
C0_to_C1,all,reduction,10,subset10,C0,C1,DMSO,GBL,0.28285399999999994,-0.005923000000000123,-0.28877700000000006,0.2041961749507077,1.0,0.2041961749507077,1.3852071424368257,0.02900641993626921,True,False,False,UNRESOLVED,True
C0_to_C1,all,reduction,10,subset10,C0,C1,DMSO,SL,-0.11978599999999995,-0.365958,-0.24617200000000006,0.1740698905382548,1.0,0.1740698905382548,0.6881488787612867,2.1023624411343818,False,True,False,UNRESOLVED,True
C0_to_C1,all,reduction,10,subset10,C0,C1,DMSO,SN,1.023262,-0.515971,-1.5392329999999999,1.088402092126113,1.0,1.088402092126113,0.9401507102959837,0.47406285207711124,False,False,False,UNRESOLVED,True
C0_to_C1,all,reduction,10,subset10,C0,C1,DMSO,TMP,0.0036609999999996923,0.013675000000000104,0.010014000000000411,0.007080967306802377,1.0,0.007080967306802377,0.5170197575241915,1.9312333198972866,False,True,False,UNRESOLVED,True
C0_to_C1,all,reduction,10,subset10,C0,C1,DOL,EC,1.581455,-0.3245229999999997,-1.9059779999999997,1.3477299685923732,1.0,1.3477299685923732,1.1734212615689916,0.2407923008041035,True,False,False,UNRESOLVED,True
C0_to_C1,all,reduction,10,subset10,C0,C1,DOL,GBL,1.567911,-0.3153649999999999,-1.883276,1.3316772304458764,1.0,1.3316772304458764,1.1773956662719443,0.23681789610115087,True,False,False,UNRESOLVED,True
C0_to_C1,all,reduction,10,subset10,C0,C1,DOL,SL,1.1652710000000002,-0.6753999999999998,-1.840671,1.3015509460334236,1.0,1.3015509460334236,0.8952941900209538,0.5189193723521413,False,False,False,UNRESOLVED,True
C0_to_C1,all,reduction,10,subset10,C0,C1,DOL,SN,2.308319,-0.8254129999999997,-3.1337319999999997,2.2158831476212817,1.0,2.2158831476212817,1.0417151294633684,0.37249843290972656,True,False,False,UNRESOLVED,True
C0_to_C1,all,reduction,10,subset10,C0,C1,DOL,TMP,1.2887179999999998,-0.29576699999999967,-1.5844849999999995,1.1204000881883664,1.0,1.1204000881883664,1.1502301843654756,0.2639833780076194,True,False,False,UNRESOLVED,True
C0_to_C1,all,reduction,10,subset10,C0,C1,EC,GBL,-0.013544,0.009157999999999777,0.022701999999999778,0.016052738146496846,1.0,0.016052738146496846,0.8437189890221736,0.5704945733509212,False,False,False,UNRESOLVED,True
C0_to_C1,all,reduction,10,subset10,C0,C1,EC,SL,-0.4161839999999999,-0.3508770000000001,0.06530699999999978,0.046179022558949706,1.0,0.046179022558949706,9.012403834852098,7.598190272479004,True,True,True,STABLE,True
C0_to_C1,all,reduction,10,subset10,C0,C1,EC,SN,0.726864,-0.5008900000000001,-1.227754,0.8681531790289084,1.0,0.8681531790289084,0.837253168632118,0.5769603937409772,False,False,False,UNRESOLVED,True
C0_to_C1,all,reduction,10,subset10,C0,C1,EC,TMP,-0.29273700000000025,0.028756000000000004,0.32149300000000025,0.2273298804040069,1.0,0.2273298804040069,1.287718972445474,0.1264945899276211,True,False,False,UNRESOLVED,True
C0_to_C1,all,reduction,10,subset10,C0,C1,GBL,SL,-0.4026399999999999,-0.3600349999999999,0.042605000000000004,0.03012628441245286,1.0,0.03012628441245286,13.365073318950893,11.950859756577797,True,True,True,STABLE,True
C0_to_C1,all,reduction,10,subset10,C0,C1,GBL,SN,0.740408,-0.5100479999999998,-1.2504559999999998,0.8842059171754053,1.0,0.8842059171754053,0.8373705554530017,0.5768430069200934,False,False,False,UNRESOLVED,True
C0_to_C1,all,reduction,10,subset10,C0,C1,GBL,TMP,-0.27919300000000025,0.019598000000000226,0.2987910000000005,0.21127714225751007,1.0,0.21127714225751007,1.321453882880111,0.09275967949298403,True,False,False,UNRESOLVED,True
C0_to_C1,all,reduction,10,subset10,C0,C1,SL,SN,1.1430479999999998,-0.15001299999999995,-1.2930609999999998,0.9143322015878581,1.0,0.9143322015878581,1.2501451857595594,0.1640683766135357,True,False,False,UNRESOLVED,True
C0_to_C1,all,reduction,10,subset10,C0,C1,SL,TMP,0.12344699999999964,0.3796330000000001,0.25618600000000047,0.1811508578450572,1.0,0.1811508578450572,0.6814596489826558,2.095673211355751,False,True,False,UNRESOLVED,True
C0_to_C1,all,reduction,10,subset10,C0,C1,SN,TMP,-1.0196010000000002,0.5296460000000001,1.5492470000000003,1.0954830594329155,1.0,1.0954830594329155,0.9307318732320734,0.4834816891410215,False,False,False,UNRESOLVED,True
C1_to_C2,all,oxidation,10,subset10,C1,C2,AN,DMC,2.264774000000001,1.860162324714734,-0.40461167528526687,0.28610365934146165,1.0,0.28610365934146165,7.91592112178131,6.501707559408215,True,True,True,STABLE,True
C1_to_C2,all,oxidation,10,subset10,C1,C2,AN,DME,3.172726000000001,2.8394872233601784,-0.3332387766398224,0.23563539871632766,1.0,0.23563539871632766,13.464555908340083,12.050342345966987,True,True,True,STABLE,True
C1_to_C2,all,oxidation,10,subset10,C1,C2,AN,DMSO,3.237954,3.250485230311103,0.012531230311102703,0.008860917929591131,1.0,0.008860917929591131,365.4197032100724,366.8339167724455,True,True,True,STABLE,True
C1_to_C2,all,oxidation,10,subset10,C1,C2,AN,DOL,1.6603950000000012,1.3522512455171398,-0.30814375448286135,0.21789053837511385,1.0,0.21789053837511385,7.620317120615465,6.20610355824237,True,True,True,STABLE,True
C1_to_C2,all,oxidation,10,subset10,C1,C2,AN,EC,2.094615000000001,1.96220886331961,-0.13240613668039103,0.09362527711741736,1.0,0.09362527711741736,22.372323634066277,20.95811007169318,True,True,True,STABLE,True
C1_to_C2,all,oxidation,10,subset10,C1,C2,AN,GBL,2.3052469999999996,2.1414833054581646,-0.16376369454183504,0.11579841892269395,1.0,0.11579841892269395,19.907413429702896,18.493199867329803,True,True,True,STABLE,True
C1_to_C2,all,oxidation,10,subset10,C1,C2,AN,SL,2.5327140000000004,2.648544154196397,0.11583015419639686,0.08190428749815566,1.0,0.08190428749815566,30.922850040750706,32.3370636031238,True,True,True,STABLE,True
C1_to_C2,all,oxidation,10,subset10,C1,C2,AN,SN,0.8779660000000007,0.8870564138338732,0.009090413833872546,0.006427893265723279,1.0,0.006427893265723279,136.58689771371152,138.00111127608463,True,True,True,STABLE,True
C1_to_C2,all,oxidation,10,subset10,C1,C2,AN,TMP,3.187049,2.43922066150313,-0.7478283384968698,0.5287944893146055,1.0,0.5287944893146055,6.027008723428413,4.612795161055318,True,True,True,STABLE,True
C1_to_C2,all,oxidation,10,subset10,C1,C2,DMC,DME,0.9079519999999999,0.9793248986454444,0.0713728986454445,0.05046826062513395,1.0,0.05046826062513395,17.99055463282256,19.40476819519565,True,True,True,STABLE,True
C1_to_C2,all,oxidation,10,subset10,C1,C2,DMC,DMSO,0.9731799999999993,1.3903229055963688,0.4171429055963696,0.29496457727105274,1.0,0.29496457727105274,3.2993114258113505,4.713524988184446,True,True,True,STABLE,True
C1_to_C2,all,oxidation,10,subset10,C1,C2,DMC,DOL,-0.6043789999999998,-0.5079110791975943,0.09646792080240552,0.06821312096634775,1.0,0.06821312096634775,8.860157568485453,7.445944006112358,True,True,True,STABLE,True
C1_to_C2,all,oxidation,10,subset10,C1,C2,DMC,EC,-0.17015899999999995,0.10204653860487589,0.27220553860487584,0.19247838222404426,1.0,0.19247838222404426,0.884042135193839,0.530171427179256,False,False,False,UNRESOLVED,True
C1_to_C2,all,oxidation,10,subset10,C1,C2,DMC,GBL,0.04047299999999865,0.2813209807434305,0.24084798074343183,0.17030524041876766,1.0,0.17030524041876766,0.23764976286389436,1.6518633252369894,False,True,False,UNRESOLVED,True
C1_to_C2,all,oxidation,10,subset10,C1,C2,DMC,SL,0.2679399999999994,0.7883818294816631,0.5204418294816637,0.3680079468396173,1.0,0.3680079468396173,0.7280821033921074,2.1422956657652024,False,True,False,UNRESOLVED,True
C1_to_C2,all,oxidation,10,subset10,C1,C2,DMC,SN,-1.3868080000000003,-0.9731059108808608,0.4137020891191394,0.2925315526071849,1.0,0.2925315526071849,4.740712540715989,3.3264989783428933,True,True,True,STABLE,True
C1_to_C2,all,oxidation,10,subset10,C1,C2,DMC,TMP,0.9222749999999991,0.5790583367883961,-0.34321666321160293,0.2426908299731439,1.0,0.2426908299731439,3.800205389309756,2.3859918269366607,True,True,True,STABLE,True
C1_to_C2,all,oxidation,10,subset10,C1,C2,DME,DMSO,0.0652279999999994,0.4109980069509245,0.3457700069509251,0.24449631664591878,1.0,0.24449631664591878,0.2667852051712625,1.6809987675443576,False,True,False,UNRESOLVED,True
C1_to_C2,all,oxidation,10,subset10,C1,C2,DME,DOL,-1.5123309999999996,-1.4872359778430386,0.025095022156961022,0.017744860341213798,1.0,0.017744860341213798,85.22642449247657,83.81221093010346,True,True,True,STABLE,True
C1_to_C2,all,oxidation,10,subset10,C1,C2,DME,EC,-1.0781109999999998,-0.8772783600405685,0.20083263995943135,0.1420101215989103,1.0,0.1420101215989103,7.591789851747247,6.177576289374152,True,True,True,STABLE,True
C1_to_C2,all,oxidation,10,subset10,C1,C2,DME,GBL,-0.8674790000000012,-0.6980039179020139,0.16947508209798734,0.11983697979363371,1.0,0.11983697979363371,7.238825623725254,5.824612061352159,True,True,True,STABLE,True
C1_to_C2,all,oxidation,10,subset10,C1,C2,DME,SL,-0.6400120000000005,-0.19094306916378123,0.44906893083621924,0.3175396862144833,1.0,0.3175396862144833,2.0155338931956432,0.6013203308225481,True,False,False,UNRESOLVED,True
C1_to_C2,all,oxidation,10,subset10,C1,C2,DME,SN,-2.29476,-1.9524308095263052,0.3423291904736949,0.24206329198205093,1.0,0.24206329198205093,9.479999966992754,8.065786404619658,True,True,True,STABLE,True
C1_to_C2,all,oxidation,10,subset10,C1,C2,DME,TMP,0.014322999999999197,-0.40026656185704823,-0.41458956185704743,0.2931590905982778,1.0,0.2931590905982778,0.04885743086038669,1.3653561315127085,False,True,False,UNRESOLVED,True
C1_to_C2,all,oxidation,10,subset10,C1,C2,DMSO,DOL,-1.577558999999999,-1.898233984793963,-0.32067498479396406,0.226751456304705,1.0,0.226751456304705,6.957216618181716,8.371430180554812,True,True,True,STABLE,True
C1_to_C2,all,oxidation,10,subset10,C1,C2,DMSO,EC,-1.1433389999999992,-1.288276366991493,-0.14493736699149373,0.1024861950470085,1.0,0.1024861950470085,11.156029350836677,12.570242913209771,True,True,True,STABLE,True
C1_to_C2,all,oxidation,10,subset10,C1,C2,DMSO,GBL,-0.9327070000000006,-1.1090019248529384,-0.17629492485293774,0.12465933685228509,1.0,0.12465933685228509,7.482046861080374,8.89626042345347,True,True,True,STABLE,True
C1_to_C2,all,oxidation,10,subset10,C1,C2,DMSO,SL,-0.7052399999999999,-0.6019410761147057,0.10329892388529416,0.07304336956856453,1.0,0.07304336956856453,9.65508579581619,8.240872233443094,True,True,True,STABLE,True
C1_to_C2,all,oxidation,10,subset10,C1,C2,DMSO,SN,-2.3599879999999995,-2.3634288164772297,-0.0034408164772301575,0.0024330246638678524,1.0,0.0024330246638678524,969.9811247487544,971.3953383111275,True,True,True,STABLE,True
C1_to_C2,all,oxidation,10,subset10,C1,C2,DMSO,TMP,-0.0509050000000002,-0.8112645688079727,-0.7603595688079725,0.5376554072441967,1.0,0.5376554072441967,0.09467960205388533,1.5088931644269803,False,True,False,UNRESOLVED,True
C1_to_C2,all,oxidation,10,subset10,C1,C2,DOL,EC,0.43421999999999983,0.6099576178024702,0.17573761780247033,0.1242652612576965,1.0,0.1242652612576965,3.4942991758535893,4.908512738226684,True,True,True,STABLE,True
C1_to_C2,all,oxidation,10,subset10,C1,C2,DOL,GBL,0.6448519999999984,0.7892320599410247,0.14438005994102632,0.10209211945241992,1.0,0.10209211945241992,6.316373912685122,7.730587475058217,True,True,True,STABLE,True
C1_to_C2,all,oxidation,10,subset10,C1,C2,DOL,SL,0.8723189999999992,1.2962929086792574,0.4239739086792582,0.29979482587326955,1.0,0.29979482587326955,2.909719997531743,4.323933559904837,True,True,True,STABLE,True
C1_to_C2,all,oxidation,10,subset10,C1,C2,DOL,SN,-0.7824290000000005,-0.4651948316832666,0.3172341683167339,0.22431843164083715,1.0,0.22431843164083715,3.488028131601645,2.0738145692285497,True,True,True,STABLE,True
C1_to_C2,all,oxidation,10,subset10,C1,C2,DOL,TMP,1.5266539999999988,1.0869694159859904,-0.43968458401400845,0.31090395093949164,1.0,0.31090395093949164,4.91037182186571,3.496158259492615,True,True,True,STABLE,True
C1_to_C2,all,oxidation,10,subset10,C1,C2,EC,GBL,0.2106319999999986,0.1792744421385546,-0.03135755786144401,0.022173141805276592,1.0,0.022173141805276592,9.499420598567319,8.085207036194223,True,True,True,STABLE,True
C1_to_C2,all,oxidation,10,subset10,C1,C2,EC,SL,0.43809899999999935,0.6863352908767872,0.2482362908767879,0.17552956461557304,1.0,0.17552956461557304,2.4958701456331824,3.9100837080062774,True,True,True,STABLE,True
C1_to_C2,all,oxidation,10,subset10,C1,C2,EC,SN,-1.2166490000000003,-1.0751524494857367,0.14149655051426357,0.10005317038314064,1.0,0.10005317038314064,12.16002446840016,10.745810906027064,True,True,True,STABLE,True
C1_to_C2,all,oxidation,10,subset10,C1,C2,EC,TMP,1.092433999999999,0.47701179818352024,-0.6154222018164788,0.4351692121971881,1.0,0.4351692121971881,2.51036601253166,1.0961524501585649,True,True,True,STABLE,True
C1_to_C2,all,oxidation,10,subset10,C1,C2,GBL,SL,0.22746700000000075,0.5070608487382327,0.2795938487382319,0.1977027064208496,1.0,0.1977027064208496,1.1505507644179231,2.564764326791018,True,True,True,STABLE,True
C1_to_C2,all,oxidation,10,subset10,C1,C2,GBL,SN,-1.427280999999999,-1.2544268916242913,0.17285410837570758,0.12222631218841723,1.0,0.12222631218841723,11.677362872568573,10.263149310195477,True,True,True,STABLE,True
C1_to_C2,all,oxidation,10,subset10,C1,C2,GBL,TMP,0.8818020000000004,0.29773735604496565,-0.5840646439550348,0.41299607039191155,1.0,0.41299607039191155,2.1351341168045903,0.720920554431495,True,False,False,UNRESOLVED,True
C1_to_C2,all,oxidation,10,subset10,C1,C2,SL,SN,-1.6547479999999997,-1.761487740362524,-0.10673974036252432,0.07547639423243238,1.0,0.07547639423243238,21.924046807325496,23.33826036969859,True,True,True,STABLE,True
C1_to_C2,all,oxidation,10,subset10,C1,C2,SL,TMP,0.6543349999999997,-0.209323492693267,-0.8636584926932667,0.6106987768127612,1.0,0.6106987768127612,1.071452940212155,0.3427606221609399,True,False,False,UNRESOLVED,True
C1_to_C2,all,oxidation,10,subset10,C1,C2,SN,TMP,2.3090829999999993,1.552164247669257,-0.7569187523307424,0.5352223825803288,1.0,0.5352223825803288,4.314249693497152,2.9000361311240574,True,True,True,STABLE,True
C1_to_C2,primary,oxidation,6,subset06,C1,C2,DMC,DME,0.9079519999999999,0.9793248986454444,0.0713728986454445,0.05046826062513395,1.0,0.05046826062513395,17.99055463282256,19.40476819519565,True,True,True,STABLE,True
C1_to_C2,primary,oxidation,6,subset06,C1,C2,DMC,EC,-0.17015899999999995,0.10204653860487589,0.27220553860487584,0.19247838222404426,1.0,0.19247838222404426,0.884042135193839,0.530171427179256,False,False,False,UNRESOLVED,True
C1_to_C2,primary,oxidation,6,subset06,C1,C2,DMC,GBL,0.04047299999999865,0.2813209807434305,0.24084798074343183,0.17030524041876766,1.0,0.17030524041876766,0.23764976286389436,1.6518633252369894,False,True,False,UNRESOLVED,True
C1_to_C2,primary,oxidation,6,subset06,C1,C2,DMC,SL,0.2679399999999994,0.7883818294816631,0.5204418294816637,0.3680079468396173,1.0,0.3680079468396173,0.7280821033921074,2.1422956657652024,False,True,False,UNRESOLVED,True
C1_to_C2,primary,oxidation,6,subset06,C1,C2,DMC,TMP,0.9222749999999991,0.5790583367883961,-0.34321666321160293,0.2426908299731439,1.0,0.2426908299731439,3.800205389309756,2.3859918269366607,True,True,True,STABLE,True
C1_to_C2,primary,oxidation,6,subset06,C1,C2,DME,EC,-1.0781109999999998,-0.8772783600405685,0.20083263995943135,0.1420101215989103,1.0,0.1420101215989103,7.591789851747247,6.177576289374152,True,True,True,STABLE,True
C1_to_C2,primary,oxidation,6,subset06,C1,C2,DME,GBL,-0.8674790000000012,-0.6980039179020139,0.16947508209798734,0.11983697979363371,1.0,0.11983697979363371,7.238825623725254,5.824612061352159,True,True,True,STABLE,True
C1_to_C2,primary,oxidation,6,subset06,C1,C2,DME,SL,-0.6400120000000005,-0.19094306916378123,0.44906893083621924,0.3175396862144833,1.0,0.3175396862144833,2.0155338931956432,0.6013203308225481,True,False,False,UNRESOLVED,True
C1_to_C2,primary,oxidation,6,subset06,C1,C2,DME,TMP,0.014322999999999197,-0.40026656185704823,-0.41458956185704743,0.2931590905982778,1.0,0.2931590905982778,0.04885743086038669,1.3653561315127085,False,True,False,UNRESOLVED,True
C1_to_C2,primary,oxidation,6,subset06,C1,C2,EC,GBL,0.2106319999999986,0.1792744421385546,-0.03135755786144401,0.022173141805276592,1.0,0.022173141805276592,9.499420598567319,8.085207036194223,True,True,True,STABLE,True
C1_to_C2,primary,oxidation,6,subset06,C1,C2,EC,SL,0.43809899999999935,0.6863352908767872,0.2482362908767879,0.17552956461557304,1.0,0.17552956461557304,2.4958701456331824,3.9100837080062774,True,True,True,STABLE,True
C1_to_C2,primary,oxidation,6,subset06,C1,C2,EC,TMP,1.092433999999999,0.47701179818352024,-0.6154222018164788,0.4351692121971881,1.0,0.4351692121971881,2.51036601253166,1.0961524501585649,True,True,True,STABLE,True
C1_to_C2,primary,oxidation,6,subset06,C1,C2,GBL,SL,0.22746700000000075,0.5070608487382327,0.2795938487382319,0.1977027064208496,1.0,0.1977027064208496,1.1505507644179231,2.564764326791018,True,True,True,STABLE,True
C1_to_C2,primary,oxidation,6,subset06,C1,C2,GBL,TMP,0.8818020000000004,0.29773735604496565,-0.5840646439550348,0.41299607039191155,1.0,0.41299607039191155,2.1351341168045903,0.720920554431495,True,False,False,UNRESOLVED,True
C1_to_C2,primary,oxidation,6,subset06,C1,C2,SL,TMP,0.6543349999999997,-0.209323492693267,-0.8636584926932667,0.6106987768127612,1.0,0.6106987768127612,1.071452940212155,0.3427606221609399,True,False,False,UNRESOLVED,True
C1_to_C2,all,reduction,10,subset10,C1,C2,AN,DMC,0.11804599999999965,0.18188461139554812,0.06383861139554847,0.04514071501932513,1.0,0.04514071501932513,2.615067128410862,4.029280690783957,True,True,True,STABLE,True
C1_to_C2,all,reduction,10,subset10,C1,C2,AN,DME,-0.45744700000000016,-0.623189862157709,-0.16574286215770884,0.11719790176498313,1.0,0.11719790176498313,3.9032012784436905,5.317414840816785,True,True,True,STABLE,True
C1_to_C2,all,reduction,10,subset10,C1,C2,AN,DMSO,-0.18063800000000008,-0.14716986098697538,0.0334681390130247,0.023665548049803812,1.0,0.023665548049803812,7.632952324613398,6.218738762240303,True,True,True,STABLE,True
C1_to_C2,all,reduction,10,subset10,C1,C2,AN,DOL,0.1288039999999997,0.01748381199562221,-0.11132018800437748,0.07871525982085668,1.0,0.07871525982085668,1.6363282074293721,0.2221146450562771,True,False,False,UNRESOLVED,True
C1_to_C2,all,reduction,10,subset10,C1,C2,AN,EC,-0.19571899999999998,-0.32790568899121375,-0.13218668899121377,0.09347010416828441,1.0,0.09347010416828441,2.093920850324781,3.5081344126978764,True,True,True,STABLE,True
C1_to_C2,all,reduction,10,subset10,C1,C2,AN,GBL,-0.1865610000000002,0.1267875606735016,0.3133485606735018,0.22157089212727746,1.0,0.22157089212727746,0.8419923673585858,0.5722211950145092,False,False,False,UNRESOLVED,True
C1_to_C2,all,reduction,10,subset10,C1,C2,AN,SL,-0.5465960000000001,-0.17241145248192824,0.37418454751807184,0.26458843096524853,1.0,0.26458843096524853,2.0658348439724143,0.6516212815993192,True,False,False,UNRESOLVED,True
C1_to_C2,all,reduction,10,subset10,C1,C2,AN,SN,-0.696609,0.24996840393466657,0.9465774039346666,0.6693313012401605,1.0,0.6693313012401605,1.0407536577316772,0.37345990464141804,True,False,False,UNRESOLVED,True
C1_to_C2,all,reduction,10,subset10,C1,C2,AN,TMP,-0.16696299999999997,-0.11174088399199755,0.05522211600800242,0.03904793270072871,1.0,0.03904793270072871,4.275847361232625,2.8616337988595295,True,True,True,STABLE,True
C1_to_C2,all,reduction,10,subset10,C1,C2,DMC,DME,-0.5754929999999998,-0.8050744735532571,-0.2295814735532573,0.16233861678430825,1.0,0.16233861678430825,3.5450160374634123,4.959229599836507,True,True,True,STABLE,True
C1_to_C2,all,reduction,10,subset10,C1,C2,DMC,DMSO,-0.2986839999999997,-0.3290544723825235,-0.030370472382523772,0.02147516696952132,1.0,0.02147516696952132,13.90834354973387,15.322557112106965,True,True,True,STABLE,True
C1_to_C2,all,reduction,10,subset10,C1,C2,DMC,DOL,0.010758000000000045,-0.1644007993999259,-0.17515879939992596,0.12385597484018182,1.0,0.12385597484018182,0.08685895059872312,1.327354611774372,False,True,False,UNRESOLVED,True
C1_to_C2,all,reduction,10,subset10,C1,C2,DMC,EC,-0.3137649999999996,-0.5097903003867619,-0.19602530038676225,0.13861081918760954,1.0,0.13861081918760954,2.2636400379058372,3.6778536002789326,True,True,True,STABLE,True
C1_to_C2,all,reduction,10,subset10,C1,C2,DMC,GBL,-0.30460699999999985,-0.055097050722046514,0.24950994927795334,0.17643017710795234,1.0,0.17643017710795234,1.7265016959860555,0.31228813361296054,True,False,False,UNRESOLVED,True
C1_to_C2,all,reduction,10,subset10,C1,C2,DMC,SL,-0.6646419999999997,-0.35429606387747636,0.31034593612252337,0.21944771594592338,1.0,0.21944771594592338,3.028703202195924,1.6144896398228292,True,True,True,STABLE,True
C1_to_C2,all,reduction,10,subset10,C1,C2,DMC,SN,-0.8146549999999997,0.06808379253911845,0.8827387925391181,0.6241905862208353,1.0,0.6241905862208353,1.3051382349937892,0.10907532737930585,True,False,False,UNRESOLVED,True
C1_to_C2,all,reduction,10,subset10,C1,C2,DMC,TMP,-0.2850089999999996,-0.2936254953875457,-0.008616495387546053,0.006092782318596423,1.0,0.006092782318596423,46.77813601350792,48.19234957588101,True,True,True,STABLE,True
C1_to_C2,all,reduction,10,subset10,C1,C2,DME,DMSO,0.2768090000000001,0.4760200011707336,0.19921100117073354,0.14086344981478693,1.0,0.14086344981478693,1.9650874684949144,3.3793010308680094,True,True,True,STABLE,True
C1_to_C2,all,reduction,10,subset10,C1,C2,DME,DOL,0.5862509999999999,0.6406736741533312,0.05442267415333135,0.03848264194412645,1.0,0.03848264194412645,15.234167156485432,16.648380718858526,True,True,True,STABLE,True
C1_to_C2,all,reduction,10,subset10,C1,C2,DME,EC,0.2617280000000002,0.29528417316649525,0.03355617316649506,0.02372779759669872,1.0,0.02372779759669872,11.030437988750155,12.44465155112325,True,True,True,STABLE,True
C1_to_C2,all,reduction,10,subset10,C1,C2,DME,GBL,0.27088599999999996,0.7499774228312106,0.47909142283121064,0.33876879389226056,1.0,0.33876879389226056,0.7996191056669478,2.213832668040043,False,True,False,UNRESOLVED,True
C1_to_C2,all,reduction,10,subset10,C1,C2,DME,SL,-0.08914899999999992,0.45077840967578076,0.5399274096757807,0.38178633273023166,1.0,0.38178633273023166,0.23350495383760153,1.1807086085354934,False,True,False,UNRESOLVED,True
C1_to_C2,all,reduction,10,subset10,C1,C2,DME,SN,-0.23916199999999987,0.8731582660923756,1.1123202660923754,0.7865292030051436,1.0,0.7865292030051436,0.3040726257667458,1.1101409366063493,False,True,False,UNRESOLVED,True
C1_to_C2,all,reduction,10,subset10,C1,C2,DME,TMP,0.2904840000000002,0.5114489781657114,0.22096497816571126,0.15624583446571183,1.0,0.15624583446571183,1.859147163784049,3.2733607261571445,True,True,True,STABLE,True
C1_to_C2,all,reduction,10,subset10,C1,C2,DMSO,DOL,0.3094419999999998,0.1646536729825976,-0.14478832701740219,0.10238080787066049,1.0,0.10238080787066049,3.0224610103772904,1.6082474480041955,True,True,True,STABLE,True
C1_to_C2,all,reduction,10,subset10,C1,C2,DMSO,EC,-0.0150809999999999,-0.18073582800423837,-0.16565482800423847,0.11713565221808822,1.0,0.11713565221808822,0.1287481626168047,1.5429617249898997,False,True,False,UNRESOLVED,True
C1_to_C2,all,reduction,10,subset10,C1,C2,DMSO,GBL,-0.005923000000000123,0.273957421660477,0.2798804216604771,0.19790534407747365,1.0,0.19790534407747365,0.029928449014906117,1.3842851133581888,False,True,False,UNRESOLVED,True
C1_to_C2,all,reduction,10,subset10,C1,C2,DMSO,SL,-0.365958,-0.025241591494952864,0.34071640850504714,0.24092288291544472,1.0,0.24092288291544472,1.5189839818098063,0.10477041943671143,True,False,False,UNRESOLVED,True
C1_to_C2,all,reduction,10,subset10,C1,C2,DMSO,SN,-0.515971,0.39713826492164195,0.9131092649216419,0.6456657531903567,1.0,0.6456657531903567,0.7991301961587549,0.6150833662143402,False,False,False,UNRESOLVED,True
C1_to_C2,all,reduction,10,subset10,C1,C2,DMSO,TMP,0.013675000000000104,0.03542897699497782,0.02175397699497772,0.0153823846509249,1.0,0.0153823846509249,0.8890039035123117,2.3032174658854068,False,True,False,UNRESOLVED,True
C1_to_C2,all,reduction,10,subset10,C1,C2,DOL,EC,-0.3245229999999997,-0.34538950098683596,-0.02086650098683629,0.014754844347427727,1.0,0.014754844347427727,21.994335715007058,23.408549277380153,True,True,True,STABLE,True
C1_to_C2,all,reduction,10,subset10,C1,C2,DOL,GBL,-0.3153649999999999,0.1093037486778794,0.4246687486778793,0.30028615194813413,1.0,0.30028615194813413,1.0502149298395558,0.3639986325335392,True,False,False,UNRESOLVED,True
C1_to_C2,all,reduction,10,subset10,C1,C2,DOL,SL,-0.6753999999999998,-0.18989526447755045,0.4855047355224493,0.3433036907861052,1.0,0.3433036907861052,1.9673543225051044,0.5531407601320092,True,False,False,UNRESOLVED,True
C1_to_C2,all,reduction,10,subset10,C1,C2,DOL,SN,-0.8254129999999997,0.23248459193904436,1.057897591939044,0.7480465610610172,1.0,0.7480465610610172,1.1034246301851147,0.3107889321879803,True,False,False,UNRESOLVED,True
C1_to_C2,all,reduction,10,subset10,C1,C2,DOL,TMP,-0.29576699999999967,-0.12922469598761976,0.1665423040123799,0.11776319252158539,1.0,0.11776319252158539,2.511540267098203,1.0973267047251078,True,True,True,STABLE,True
C1_to_C2,all,reduction,10,subset10,C1,C2,EC,GBL,0.009157999999999777,0.45469324966471536,0.4455352496647156,0.31504099629556187,1.0,0.31504099629556187,0.029069232600470896,1.4432827949735658,False,True,False,UNRESOLVED,True
C1_to_C2,all,reduction,10,subset10,C1,C2,EC,SL,-0.3508770000000001,0.1554942365092855,0.5063712365092856,0.358058535133533,1.0,0.358058535133533,0.9799431254142438,0.43427043695885115,False,False,False,UNRESOLVED,True
C1_to_C2,all,reduction,10,subset10,C1,C2,EC,SN,-0.5008900000000001,0.5778740929258803,1.0787640929258804,0.7628014054084449,1.0,0.7628014054084449,0.6566453554602415,0.7575682069128536,False,False,False,UNRESOLVED,True
C1_to_C2,all,reduction,10,subset10,C1,C2,EC,TMP,0.028756000000000004,0.2161648049992162,0.1874088049992162,0.13251803686901312,1.0,0.13251803686901312,0.21699687589262848,1.6312104382657235,False,True,False,UNRESOLVED,True
C1_to_C2,all,reduction,10,subset10,C1,C2,GBL,SL,-0.3600349999999999,-0.29919901315542985,0.060835986844570034,0.04301753883797107,1.0,0.04301753883797107,8.369493228241158,6.955279665868063,True,True,True,STABLE,True
C1_to_C2,all,reduction,10,subset10,C1,C2,GBL,SN,-0.5100479999999998,0.12318084326116496,0.6332288432611648,0.44776040911288306,1.0,0.44776040911288306,1.1391091968370382,0.2751043655360569,True,False,False,UNRESOLVED,True
C1_to_C2,all,reduction,10,subset10,C1,C2,GBL,TMP,0.019598000000000226,-0.23852844466549916,-0.2581264446654994,0.18252295942654875,1.0,0.18252295942654875,0.10737279332733421,1.3068407690457609,False,True,False,UNRESOLVED,True
C1_to_C2,all,reduction,10,subset10,C1,C2,SL,SN,-0.15001299999999995,0.4223798564165948,0.5723928564165948,0.404742870274912,1.0,0.404742870274912,0.37063778269425024,1.0435757796788447,False,True,False,UNRESOLVED,True
C1_to_C2,all,reduction,10,subset10,C1,C2,SL,TMP,0.3796330000000001,0.06067056848993069,-0.3189624315100694,0.2255404982645198,1.0,0.2255404982645198,1.6832143358784133,0.26900077350531815,True,False,False,UNRESOLVED,True
C1_to_C2,all,reduction,10,subset10,C1,C2,SN,TMP,0.5296460000000001,-0.3617092879266641,-0.8913552879266642,0.6302833685394318,1.0,0.6302833685394318,0.8403299633740285,0.5738835989990665,False,False,False,UNRESOLVED,True
