axis,epsilon,name_a,name_b,d_default_ev,d_moread_ev,abs_d_default_ev,abs_d_moread_ev,abs_d_min_ev,flipped,near_degenerate_at_allowance,near_degenerate_at_delta_m
oxidation,5.0,AN,DMC,1.2117208770854617,1.2133819226607603,1.2117208770854617,1.2133819226607603,1.2117208770854617,False,False,False
oxidation,5.0,AN,DME,2.8225081908236085,2.8225124035005695,2.8225081908236085,2.8225124035005695,2.8225081908236085,False,False,False
oxidation,5.0,AN,DMSO,3.024629891122788,3.0246373618724895,3.024629891122788,3.0246373618724895,3.024629891122788,False,False,False
oxidation,5.0,AN,DOL,2.648670757103509,2.6486799030681683,2.648670757103509,2.6486799030681683,2.648670757103509,False,False,False
oxidation,5.0,AN,EC,1.1832176645633599,1.2006350030928914,1.1832176645633599,1.2006350030928914,1.1832176645633599,False,False,False
oxidation,5.0,AN,EMC,1.4268029768104427,1.4268091498512252,1.4268029768104427,1.4268091498512252,1.4268029768104427,False,False,False
oxidation,5.0,AN,GBL,1.777783045867464,1.7777666545982633,1.777783045867464,1.7777666545982633,1.7777666545982633,False,False,False
oxidation,5.0,AN,PC,1.294656636811446,1.2946771279093525,1.294656636811446,1.2946771279093525,1.294656636811446,False,False,False
oxidation,5.0,AN,SL,1.9225005540304831,1.9224794579682332,1.9225005540304831,1.9224794579682332,1.9224794579682332,False,False,False
oxidation,5.0,AN,SN,0.26583027200667075,0.2658214926323694,0.26583027200667075,0.2658214926323694,0.2658214926323694,False,False,True
oxidation,5.0,AN,TMP,1.2854006386616188,1.4376588002229251,1.2854006386616188,1.4376588002229251,1.2854006386616188,False,False,False
oxidation,5.0,DMC,DME,1.6107873137381468,1.6091304808398093,1.6107873137381468,1.6091304808398093,1.6091304808398093,False,False,False
oxidation,5.0,DMC,DMSO,1.8129090140373263,1.8112554392117293,1.8129090140373263,1.8112554392117293,1.8112554392117293,False,False,False
oxidation,5.0,DMC,DOL,1.4369498800180471,1.435297980407408,1.4369498800180471,1.435297980407408,1.435297980407408,False,False,False
oxidation,5.0,DMC,EC,-0.028503212522101862,-0.012746919567868886,0.028503212522101862,0.012746919567868886,0.012746919567868886,False,True,True
oxidation,5.0,DMC,EMC,0.21508209972498094,0.21342722719046492,0.21508209972498094,0.21342722719046492,0.21342722719046492,False,False,True
oxidation,5.0,DMC,GBL,0.5660621687820022,0.564384731937503,0.5660621687820022,0.564384731937503,0.564384731937503,False,False,True
oxidation,5.0,DMC,PC,0.08293575972598433,0.08129520524859224,0.08293575972598433,0.08129520524859224,0.08129520524859224,False,True,True
oxidation,5.0,DMC,SL,0.7107796769450214,0.7090975353074729,0.7107796769450214,0.7090975353074729,0.7090975353074729,False,False,False
oxidation,5.0,DMC,SN,-0.945890605078791,-0.9475604300283909,0.945890605078791,0.9475604300283909,0.945890605078791,False,False,False
oxidation,5.0,DMC,TMP,0.07367976157615708,0.22427687756216486,0.07367976157615708,0.22427687756216486,0.07367976157615708,False,True,True
oxidation,5.0,DME,DMSO,0.20212170029917953,0.20212495837192002,0.20212170029917953,0.20212495837192002,0.20212170029917953,False,False,True
oxidation,5.0,DME,DOL,-0.17383743372009963,-0.17383250043240128,0.17383743372009963,0.17383250043240128,0.17383250043240128,False,False,True
oxidation,5.0,DME,EC,-1.6392905262602486,-1.6218774004076781,1.6392905262602486,1.6218774004076781,1.6218774004076781,False,False,False
oxidation,5.0,DME,EMC,-1.3957052140131658,-1.3957032536493443,1.3957052140131658,1.3957032536493443,1.3957032536493443,False,False,False
oxidation,5.0,DME,GBL,-1.0447251449561445,-1.0447457489023062,1.0447251449561445,1.0447457489023062,1.0447251449561445,False,False,False
oxidation,5.0,DME,PC,-1.5278515540121624,-1.527835275591217,1.5278515540121624,1.527835275591217,1.527835275591217,False,False,False
oxidation,5.0,DME,SL,-0.9000076367931253,-0.9000329455323364,0.9000076367931253,0.9000329455323364,0.9000076367931253,False,False,False
oxidation,5.0,DME,SN,-2.5566779188169377,-2.5566909108682,2.5566779188169377,2.5566909108682,2.5566779188169377,False,False,False
oxidation,5.0,DME,TMP,-1.5371075521619897,-1.3848536032776444,1.5371075521619897,1.3848536032776444,1.3848536032776444,False,False,False
oxidation,5.0,DMSO,DOL,-0.37595913401927916,-0.3759574588043213,0.37595913401927916,0.3759574588043213,0.3759574588043213,False,False,True
oxidation,5.0,DMSO,EC,-1.8414122265594282,-1.8240023587795982,1.8414122265594282,1.8240023587795982,1.8240023587795982,False,False,False
oxidation,5.0,DMSO,EMC,-1.5978269143123454,-1.5978282120212643,1.5978269143123454,1.5978282120212643,1.5978269143123454,False,False,False
oxidation,5.0,DMSO,GBL,-1.246846845255324,-1.2468707072742262,1.246846845255324,1.2468707072742262,1.246846845255324,False,False,False
oxidation,5.0,DMSO,PC,-1.729973254311342,-1.729960233963137,1.729973254311342,1.729960233963137,1.729960233963137,False,False,False
oxidation,5.0,DMSO,SL,-1.1021293370923049,-1.1021579039042564,1.1021293370923049,1.1021579039042564,1.1021293370923049,False,False,False
oxidation,5.0,DMSO,SN,-2.7587996191161173,-2.75881586924012,2.7587996191161173,2.75881586924012,2.7587996191161173,False,False,False
oxidation,5.0,DMSO,TMP,-1.7392292524611692,-1.5869785616495644,1.7392292524611692,1.5869785616495644,1.5869785616495644,False,False,False
oxidation,5.0,DOL,EC,-1.465453092540149,-1.4480448999752769,1.465453092540149,1.4480448999752769,1.4480448999752769,False,False,False
oxidation,5.0,DOL,EMC,-1.2218677802930662,-1.221870753216943,1.2218677802930662,1.221870753216943,1.2218677802930662,False,False,False
oxidation,5.0,DOL,GBL,-0.8708877112360449,-0.8709132484699049,0.8708877112360449,0.8709132484699049,0.8708877112360449,False,False,False
oxidation,5.0,DOL,PC,-1.3540141202920628,-1.3540027751588157,1.3540141202920628,1.3540027751588157,1.3540027751588157,False,False,False
oxidation,5.0,DOL,SL,-0.7261702030730257,-0.7262004450999351,0.7261702030730257,0.7262004450999351,0.7261702030730257,False,False,False
oxidation,5.0,DOL,SN,-2.382840485096838,-2.382858410435799,2.382840485096838,2.382858410435799,2.382840485096838,False,False,False
oxidation,5.0,DOL,TMP,-1.36327011844189,-1.2110211028452431,1.36327011844189,1.2110211028452431,1.2110211028452431,False,False,False
oxidation,5.0,EC,EMC,0.2435853122470828,0.2261741467583338,0.2435853122470828,0.2261741467583338,0.2261741467583338,False,False,True
oxidation,5.0,EC,GBL,0.5945653813041041,0.5771316515053719,0.5945653813041041,0.5771316515053719,0.5771316515053719,False,False,True
oxidation,5.0,EC,PC,0.11143897224808619,0.09404212481646113,0.11143897224808619,0.09404212481646113,0.09404212481646113,False,True,True
oxidation,5.0,EC,SL,0.7392828894671233,0.7218444548753418,0.7392828894671233,0.7218444548753418,0.7218444548753418,False,False,False
oxidation,5.0,EC,SN,-0.9173873925566891,-0.934813510460522,0.9173873925566891,0.934813510460522,0.9173873925566891,False,False,False
oxidation,5.0,EC,TMP,0.10218297409825894,0.23702379713003374,0.10218297409825894,0.23702379713003374,0.10218297409825894,False,True,True
oxidation,5.0,EMC,GBL,0.3509800690570213,0.35095750474703813,0.3509800690570213,0.35095750474703813,0.35095750474703813,False,False,True
oxidation,5.0,EMC,PC,-0.1321463399989966,-0.13213202194187268,0.1321463399989966,0.13213202194187268,0.13213202194187268,False,True,True
oxidation,5.0,EMC,SL,0.4956975772200405,0.49567030811700796,0.4956975772200405,0.49567030811700796,0.49567030811700796,False,False,True
oxidation,5.0,EMC,SN,-1.160972704803772,-1.1609876572188558,1.160972704803772,1.1609876572188558,1.160972704803772,False,False,False
oxidation,5.0,EMC,TMP,-0.14140233814882386,0.010849650371699937,0.14140233814882386,0.010849650371699937,0.010849650371699937,True,True,True
oxidation,5.0,GBL,PC,-0.4831264090560179,-0.4830895266889108,0.4831264090560179,0.4830895266889108,0.4830895266889108,False,False,True
oxidation,5.0,GBL,SL,0.1447175081630192,0.14471280336996983,0.1447175081630192,0.14471280336996983,0.14471280336996983,False,True,True
oxidation,5.0,GBL,SN,-1.5119527738607932,-1.511945161965894,1.5119527738607932,1.511945161965894,1.511945161965894,False,False,False
oxidation,5.0,GBL,TMP,-0.49238240720584514,-0.3401078543753382,0.49238240720584514,0.3401078543753382,0.3401078543753382,False,False,True
oxidation,5.0,PC,SL,0.6278439172190371,0.6278023300588806,0.6278439172190371,0.6278023300588806,0.6278023300588806,False,False,True
oxidation,5.0,PC,SN,-1.0288263648047753,-1.028855635276983,1.0288263648047753,1.028855635276983,1.0288263648047753,False,False,False
oxidation,5.0,PC,TMP,-0.00925599814982725,0.14298167231357262,0.00925599814982725,0.14298167231357262,0.00925599814982725,True,True,True
oxidation,5.0,SL,SN,-1.6566702820238124,-1.6566579653358637,1.6566702820238124,1.6566579653358637,1.6566579653358637,False,False,False
oxidation,5.0,SL,TMP,-0.6370999153688643,-0.484820657745308,0.6370999153688643,0.484820657745308,0.484820657745308,False,False,True
oxidation,5.0,SN,TMP,1.019570366654948,1.1718373075905557,1.019570366654948,1.1718373075905557,1.019570366654948,False,False,False
oxidation,7.0,AN,DMC,1.1878692280195455,1.187979597592264,1.1878692280195455,1.187979597592264,1.1878692280195455,False,False,False
oxidation,7.0,AN,DME,2.7905174102213426,2.7905211966313095,2.7905174102213426,2.7905211966313095,2.7905174102213426,False,False,False
oxidation,7.0,AN,DMSO,3.002442558957018,3.002450718046039,3.002442558957018,3.002450718046039,3.002442558957018,False,False,False
oxidation,7.0,AN,DOL,2.6369713598479443,2.6369801211248243,2.6369713598479443,2.6369801211248243,2.6369713598479443,False,False,False
oxidation,7.0,AN,EC,1.1904107425954287,1.2000701727828087,1.1904107425954287,1.2000701727828087,1.1904107425954287,False,False,False
oxidation,7.0,AN,EMC,1.3910906430770673,1.3910977913183284,1.3910906430770673,1.3910977913183284,1.3910906430770673,False,False,False
oxidation,7.0,AN,GBL,1.7472480359802631,1.7472275991142965,1.7472480359802631,1.7472275991142965,1.7472275991142965,False,False,False
oxidation,7.0,AN,PC,1.281774902646589,1.2817891443503804,1.281774902646589,1.2817891443503804,1.281774902646589,False,False,False
oxidation,7.0,AN,SL,1.8925336816985014,1.8925407397341658,1.8925336816985014,1.8925407397341658,1.8925336816985014,False,False,False
oxidation,7.0,AN,SN,0.24844053937552246,0.24843325246624204,0.24844053937552246,0.24843325246624204,0.24843325246624204,False,False,True
oxidation,7.0,AN,TMP,1.2447988724621712,1.3919106937932657,1.2447988724621712,1.3919106937932657,1.2447988724621712,False,False,False
oxidation,7.0,DMC,DME,1.602648182201797,1.6025415990390455,1.602648182201797,1.6025415990390455,1.6025415990390455,False,False,False
oxidation,7.0,DMC,DMSO,1.8145733309374723,1.8144711204537751,1.8145733309374723,1.8144711204537751,1.8144711204537751,False,False,False
oxidation,7.0,DMC,DOL,1.4491021318283988,1.4490005235325603,1.4491021318283988,1.4490005235325603,1.4490005235325603,False,False,False
oxidation,7.0,DMC,EC,0.0025415145758831414,0.012090575190544683,0.0025415145758831414,0.012090575190544683,0.0025415145758831414,False,True,True
oxidation,7.0,DMC,EMC,0.20322141505752178,0.20311819372606443,0.20322141505752178,0.20311819372606443,0.20311819372606443,False,False,True
oxidation,7.0,DMC,GBL,0.5593788079607176,0.5592480015220325,0.5593788079607176,0.5592480015220325,0.5592480015220325,False,False,True
oxidation,7.0,DMC,PC,0.09390567462704347,0.09380954675811637,0.09390567462704347,0.09380954675811637,0.09380954675811637,False,True,True
oxidation,7.0,DMC,SL,0.7046644536789559,0.7045611421419018,0.7046644536789559,0.7045611421419018,0.7045611421419018,False,False,False
oxidation,7.0,DMC,SN,-0.9394286886440231,-0.939546345126022,0.9394286886440231,0.939546345126022,0.9394286886440231,False,False,False
oxidation,7.0,DMC,TMP,0.056929644442625715,0.2039310962010017,0.056929644442625715,0.2039310962010017,0.056929644442625715,False,True,True
oxidation,7.0,DME,DMSO,0.21192514873567525,0.21192952141472965,0.21192514873567525,0.21192952141472965,0.21192514873567525,False,False,True
oxidation,7.0,DME,DOL,-0.1535460503733983,-0.15354107550648521,0.1535460503733983,0.15354107550648521,0.15354107550648521,False,False,True
oxidation,7.0,DME,EC,-1.600106667625914,-1.5904510238485008,1.600106667625914,1.5904510238485008,1.5904510238485008,False,False,False
oxidation,7.0,DME,EMC,-1.3994267671442753,-1.399423405312981,1.3994267671442753,1.399423405312981,1.399423405312981,False,False,False
oxidation,7.0,DME,GBL,-1.0432693742410795,-1.043293597517013,1.0432693742410795,1.043293597517013,1.0432693742410795,False,False,False
oxidation,7.0,DME,PC,-1.5087425075747536,-1.508732052280929,1.5087425075747536,1.508732052280929,1.508732052280929,False,False,False
oxidation,7.0,DME,SL,-0.8979837285228411,-0.8979804568971437,0.8979837285228411,0.8979804568971437,0.8979804568971437,False,False,False
oxidation,7.0,DME,SN,-2.54207687084582,-2.5420879441650674,2.54207687084582,2.5420879441650674,2.54207687084582,False,False,False
oxidation,7.0,DME,TMP,-1.5457185377591713,-1.3986105028380438,1.5457185377591713,1.3986105028380438,1.3986105028380438,False,False,False
oxidation,7.0,DMSO,DOL,-0.36547119910907355,-0.36547059692121486,0.36547119910907355,0.36547059692121486,0.36547059692121486,False,False,True
oxidation,7.0,DMSO,EC,-1.8120318163615892,-1.8023805452632304,1.8120318163615892,1.8023805452632304,1.8023805452632304,False,False,False
oxidation,7.0,DMSO,EMC,-1.6113519158799505,-1.6113529267277107,1.6113519158799505,1.6113529267277107,1.6113519158799505,False,False,False
oxidation,7.0,DMSO,GBL,-1.2551945229767547,-1.2552231189317427,1.2551945229767547,1.2552231189317427,1.2551945229767547,False,False,False
oxidation,7.0,DMSO,PC,-1.7206676563104288,-1.7206615736956588,1.7206676563104288,1.7206615736956588,1.7206615736956588,False,False,False
oxidation,7.0,DMSO,SL,-1.1099088772585164,-1.1099099783118733,1.1099088772585164,1.1099099783118733,1.1099088772585164,False,False,False
oxidation,7.0,DMSO,SN,-2.7540020195814954,-2.754017465579797,2.7540020195814954,2.754017465579797,2.7540020195814954,False,False,False
oxidation,7.0,DMSO,TMP,-1.7576436864948466,-1.6105400242527734,1.7576436864948466,1.6105400242527734,1.6105400242527734,False,False,False
oxidation,7.0,DOL,EC,-1.4465606172525156,-1.4369099483420156,1.4465606172525156,1.4369099483420156,1.4369099483420156,False,False,False
oxidation,7.0,DOL,EMC,-1.245880716770877,-1.2458823298064958,1.245880716770877,1.2458823298064958,1.245880716770877,False,False,False
oxidation,7.0,DOL,GBL,-0.8897233238676812,-0.8897525220105278,0.8897233238676812,0.8897525220105278,0.8897233238676812,False,False,False
oxidation,7.0,DOL,PC,-1.3551964572013553,-1.355190976774444,1.3551964572013553,1.355190976774444,1.355190976774444,False,False,False
oxidation,7.0,DOL,SL,-0.7444376781494428,-0.7444393813906585,0.7444376781494428,0.7444393813906585,0.7444376781494428,False,False,False
oxidation,7.0,DOL,SN,-2.388530820472422,-2.3885468686585822,2.388530820472422,2.3885468686585822,2.388530820472422,False,False,False
oxidation,7.0,DOL,TMP,-1.392172487385773,-1.2450694273315586,1.392172487385773,1.2450694273315586,1.2450694273315586,False,False,False
oxidation,7.0,EC,EMC,0.20067990048163864,0.19102761853551975,0.20067990048163864,0.19102761853551975,0.19102761853551975,False,False,True
oxidation,7.0,EC,GBL,0.5568372933848345,0.5471574263314878,0.5568372933848345,0.5471574263314878,0.5471574263314878,False,False,True
oxidation,7.0,EC,PC,0.09136416005116033,0.08171897156757169,0.09136416005116033,0.08171897156757169,0.08171897156757169,False,True,True
oxidation,7.0,EC,SL,0.7021229391030728,0.6924705669513571,0.7021229391030728,0.6924705669513571,0.6924705669513571,False,False,False
oxidation,7.0,EC,SN,-0.9419702032199062,-0.9516369203165667,0.9419702032199062,0.9516369203165667,0.9419702032199062,False,False,False
oxidation,7.0,EC,TMP,0.054388129866742574,0.191840521010457,0.054388129866742574,0.191840521010457,0.054388129866742574,False,True,True
oxidation,7.0,EMC,GBL,0.3561573929031958,0.35612980779596803,0.3561573929031958,0.35612980779596803,0.35612980779596803,False,False,True
oxidation,7.0,EMC,PC,-0.10931574043047831,-0.10930864696794806,0.10931574043047831,0.10930864696794806,0.10930864696794806,False,True,True
oxidation,7.0,EMC,SL,0.5014430386214341,0.5014429484158374,0.5014430386214341,0.5014429484158374,0.5014429484158374,False,False,True
oxidation,7.0,EMC,SN,-1.1426501037015449,-1.1426645388520864,1.1426501037015449,1.1426645388520864,1.1426501037015449,False,False,False
oxidation,7.0,EMC,TMP,-0.14629177061489607,0.0008129024749372604,0.14629177061489607,0.0008129024749372604,0.0008129024749372604,True,True,True
oxidation,7.0,GBL,PC,-0.4654731333336741,-0.4654384547639161,0.4654731333336741,0.4654384547639161,0.4654384547639161,False,False,True
oxidation,7.0,GBL,SL,0.14528564571823832,0.14531314061986933,0.14528564571823832,0.14531314061986933,0.14528564571823832,False,True,True
oxidation,7.0,GBL,SN,-1.4988074966047407,-1.4987943466480544,1.4988074966047407,1.4987943466480544,1.4987943466480544,False,False,False
oxidation,7.0,GBL,TMP,-0.5024491635180919,-0.3553169053210308,0.5024491635180919,0.3553169053210308,0.3553169053210308,False,False,True
oxidation,7.0,PC,SL,0.6107587790519124,0.6107515953837854,0.6107587790519124,0.6107515953837854,0.6107515953837854,False,False,True
oxidation,7.0,PC,SN,-1.0333343632710665,-1.0333558918841383,1.0333343632710665,1.0333558918841383,1.0333343632710665,False,False,False
oxidation,7.0,PC,TMP,-0.03697603018441775,0.11012154944288532,0.03697603018441775,0.11012154944288532,0.03697603018441775,True,True,True
oxidation,7.0,SL,SN,-1.644093142322979,-1.6441074872679238,1.644093142322979,1.6441074872679238,1.644093142322979,False,False,False
oxidation,7.0,SL,TMP,-0.6477348092363302,-0.5006300459409001,0.6477348092363302,0.5006300459409001,0.5006300459409001,False,False,True
oxidation,7.0,SN,TMP,0.9963583330866488,1.1434774413270237,0.9963583330866488,1.1434774413270237,0.9963583330866488,False,False,False
oxidation,10.0,AN,DMC,1.170092813969882,1.1701883978542735,1.170092813969882,1.1701883978542735,1.170092813969882,False,False,False
oxidation,10.0,AN,DME,2.7666203027385494,2.766634208707317,2.7666203027385494,2.766634208707317,2.7666203027385494,False,False,False
oxidation,10.0,AN,DMSO,2.9857103658275683,2.9857190764363084,2.9857103658275683,2.9857190764363084,2.9857103658275683,False,False,False
oxidation,10.0,AN,DOL,2.6283075615751272,2.628316244972768,2.6283075615751272,2.628316244972768,2.6283075615751272,False,False,False
oxidation,10.0,AN,EC,1.1964540969451676,1.2015743298858634,1.1964540969451676,1.2015743298858634,1.1964540969451676,False,False,False
oxidation,10.0,AN,EMC,1.3644003313675377,1.3644079458741896,1.3644003313675377,1.3644079458741896,1.3644003313675377,False,False,False
oxidation,10.0,AN,GBL,1.724211024195804,1.724186797135654,1.724211024195804,1.724186797135654,1.724186797135654,False,False,False
oxidation,10.0,AN,PC,1.2734926886084512,1.2735114278650599,1.2734926886084512,1.2735114278650599,1.2734926886084512,False,False,False
oxidation,10.0,AN,SL,1.8700932900075502,1.8700983989972446,1.8700932900075502,1.8700983989972446,1.8700932900075502,False,False,False
oxidation,10.0,AN,SN,0.23563302271609388,0.23563528131538192,0.23563302271609388,0.23563528131538192,0.23563302271609388,False,False,True
oxidation,10.0,AN,TMP,1.2144637993228606,1.3575521665012715,1.2144637993228606,1.3575521665012715,1.2144637993228606,False,False,False
oxidation,10.0,DMC,DME,1.5965274887686673,1.5964458108530435,1.5965274887686673,1.5964458108530435,1.5964458108530435,False,False,False
oxidation,10.0,DMC,DMSO,1.8156175518576863,1.8155306785820349,1.8156175518576863,1.8155306785820349,1.8155306785820349,False,False,False
oxidation,10.0,DMC,DOL,1.4582147476052452,1.4581278471184946,1.4582147476052452,1.4581278471184946,1.4581278471184946,False,False,False
oxidation,10.0,DMC,EC,0.026361282975285505,0.0313859320315899,0.026361282975285505,0.0313859320315899,0.026361282975285505,False,True,True
oxidation,10.0,DMC,EMC,0.19430751739765562,0.19421954801991603,0.19430751739765562,0.19421954801991603,0.19421954801991603,False,False,True
oxidation,10.0,DMC,GBL,0.5541182102259219,0.5539983992813804,0.5541182102259219,0.5539983992813804,0.5539983992813804,False,False,True
oxidation,10.0,DMC,PC,0.10339987463856914,0.10332303001078635,0.10339987463856914,0.10332303001078635,0.10332303001078635,False,True,True
oxidation,10.0,DMC,SL,0.7000004760376681,0.6999100011429711,0.7000004760376681,0.6999100011429711,0.6999100011429711,False,False,True
oxidation,10.0,DMC,SN,-0.9344597912537882,-0.9345531165388916,0.9344597912537882,0.9345531165388916,0.9344597912537882,False,False,False
oxidation,10.0,DMC,TMP,0.044370985352978565,0.187363768646998,0.044370985352978565,0.187363768646998,0.044370985352978565,False,True,True
oxidation,10.0,DME,DMSO,0.2190900630890189,0.21908486772899138,0.2190900630890189,0.21908486772899138,0.21908486772899138,False,False,True
oxidation,10.0,DME,DOL,-0.13831274116342218,-0.13831796373454885,0.13831274116342218,0.13831796373454885,0.13831274116342218,False,True,True
oxidation,10.0,DME,EC,-1.5701662057933818,-1.5650598788214536,1.5701662057933818,1.5650598788214536,1.5650598788214536,False,False,False
oxidation,10.0,DME,EMC,-1.4022199713710117,-1.4022262628331275,1.4022199713710117,1.4022262628331275,1.4022199713710117,False,False,False
oxidation,10.0,DME,GBL,-1.0424092785427455,-1.042447411571663,1.0424092785427455,1.042447411571663,1.0424092785427455,False,False,False
oxidation,10.0,DME,PC,-1.4931276141300982,-1.4931227808422571,1.4931276141300982,1.4931227808422571,1.4931227808422571,False,False,False
oxidation,10.0,DME,SL,-0.8965270127309992,-0.8965358097100724,0.8965270127309992,0.8965358097100724,0.8965270127309992,False,False,False
oxidation,10.0,DME,SN,-2.5309872800224555,-2.530998927391935,2.5309872800224555,2.530998927391935,2.5309872800224555,False,False,False
oxidation,10.0,DME,TMP,-1.5521565034156888,-1.4090820422060455,1.5521565034156888,1.4090820422060455,1.4090820422060455,False,False,False
oxidation,10.0,DMSO,DOL,-0.3574028042524411,-0.35740283146354024,0.3574028042524411,0.35740283146354024,0.3574028042524411,False,False,True
oxidation,10.0,DMSO,EC,-1.7892562688824007,-1.784144746550445,1.7892562688824007,1.784144746550445,1.784144746550445,False,False,False
oxidation,10.0,DMSO,EMC,-1.6213100344600306,-1.6213111305621188,1.6213100344600306,1.6213111305621188,1.6213100344600306,False,False,False
oxidation,10.0,DMSO,GBL,-1.2614993416317644,-1.2615322793006545,1.2614993416317644,1.2615322793006545,1.2614993416317644,False,False,False
oxidation,10.0,DMSO,PC,-1.712217677219117,-1.7122076485712485,1.712217677219117,1.7122076485712485,1.7122076485712485,False,False,False
oxidation,10.0,DMSO,SL,-1.1156170758200181,-1.1156206774390638,1.1156170758200181,1.1156206774390638,1.1156170758200181,False,False,False
oxidation,10.0,DMSO,SN,-2.7500773431114744,-2.7500837951209265,2.7500773431114744,2.7500837951209265,2.7500773431114744,False,False,False
oxidation,10.0,DMSO,TMP,-1.7712465665047077,-1.6281669099350369,1.7712465665047077,1.6281669099350369,1.6281669099350369,False,False,False
oxidation,10.0,DOL,EC,-1.4318534646299597,-1.4267419150869047,1.4318534646299597,1.4267419150869047,1.4267419150869047,False,False,False
oxidation,10.0,DOL,EMC,-1.2639072302075895,-1.2639082990985786,1.2639072302075895,1.2639082990985786,1.2639072302075895,False,False,False
oxidation,10.0,DOL,GBL,-0.9040965373793233,-0.9041294478371142,0.9040965373793233,0.9041294478371142,0.9040965373793233,False,False,False
oxidation,10.0,DOL,PC,-1.354814872966676,-1.3548048171077083,1.354814872966676,1.3548048171077083,1.3548048171077083,False,False,False
oxidation,10.0,DOL,SL,-0.758214271567577,-0.7582178459755236,0.758214271567577,0.7582178459755236,0.758214271567577,False,False,False
oxidation,10.0,DOL,SN,-2.3926745388590334,-2.3926809636573863,2.3926745388590334,2.3926809636573863,2.3926745388590334,False,False,False
oxidation,10.0,DOL,TMP,-1.4138437622522666,-1.2707640784714966,1.4138437622522666,1.2707640784714966,1.2707640784714966,False,False,False
oxidation,10.0,EC,EMC,0.1679462344223701,0.16283361598832613,0.1679462344223701,0.16283361598832613,0.16283361598832613,False,False,True
oxidation,10.0,EC,GBL,0.5277569272506364,0.5226124672497905,0.5277569272506364,0.5226124672497905,0.5226124672497905,False,False,True
oxidation,10.0,EC,PC,0.07703859166328364,0.07193709797919645,0.07703859166328364,0.07193709797919645,0.07193709797919645,False,True,True
oxidation,10.0,EC,SL,0.6736391930623826,0.6685240691113812,0.6736391930623826,0.6685240691113812,0.6685240691113812,False,False,True
oxidation,10.0,EC,SN,-0.9608210742290737,-0.9659390485704815,0.9608210742290737,0.9659390485704815,0.9608210742290737,False,False,False
oxidation,10.0,EC,TMP,0.01800970237769306,0.1559778366154081,0.01800970237769306,0.1559778366154081,0.01800970237769306,False,True,True
oxidation,10.0,EMC,GBL,0.3598106928282663,0.35977885126146436,0.3598106928282663,0.35977885126146436,0.35977885126146436,False,False,True
oxidation,10.0,EMC,PC,-0.09090764275908647,-0.09089651800912968,0.09090764275908647,0.09089651800912968,0.09089651800912968,False,True,True
oxidation,10.0,EMC,SL,0.5056929586400125,0.505690453123055,0.5056929586400125,0.505690453123055,0.505690453123055,False,False,True
oxidation,10.0,EMC,SN,-1.1287673086514438,-1.1287726645588076,1.1287673086514438,1.1287726645588076,1.1287673086514438,False,False,False
oxidation,10.0,EMC,TMP,-0.14993653204467705,-0.006855779372918036,0.14993653204467705,0.006855779372918036,0.006855779372918036,False,True,True
oxidation,10.0,GBL,PC,-0.45071833558735275,-0.45067536927059404,0.45071833558735275,0.45067536927059404,0.45067536927059404,False,False,True
oxidation,10.0,GBL,SL,0.14588226581174624,0.1459116018615907,0.14588226581174624,0.1459116018615907,0.14588226581174624,False,True,True
oxidation,10.0,GBL,SN,-1.48857800147971,-1.488551515820272,1.48857800147971,1.488551515820272,1.488551515820272,False,False,False
oxidation,10.0,GBL,TMP,-0.5097472248729433,-0.3666346306343824,0.5097472248729433,0.3666346306343824,0.3666346306343824,False,False,True
oxidation,10.0,PC,SL,0.596600601399099,0.5965869711321847,0.596600601399099,0.5965869711321847,0.5965869711321847,False,False,True
oxidation,10.0,PC,SN,-1.0378596658923573,-1.037876146549678,1.0378596658923573,1.037876146549678,1.0378596658923573,False,False,False
oxidation,10.0,PC,TMP,-0.05902888928559058,0.08404073863621164,0.05902888928559058,0.08404073863621164,0.05902888928559058,True,True,True
oxidation,10.0,SL,SN,-1.6344602672914563,-1.6344631176818627,1.6344602672914563,1.6344631176818627,1.6344602672914563,False,False,False
oxidation,10.0,SL,TMP,-0.6556294906846896,-0.5125462324959731,0.6556294906846896,0.5125462324959731,0.5125462324959731,False,False,True
oxidation,10.0,SN,TMP,0.9788307766067668,1.1219168851858896,0.9788307766067668,1.1219168851858896,0.9788307766067668,False,False,False
oxidation,14.0,AN,DMC,1.1582965811603891,1.1583863750877548,1.1582965811603891,1.1583863750877548,1.1582965811603891,False,False,False
oxidation,14.0,AN,DME,2.7507472618625215,2.750761590400683,2.7507472618625215,2.750761590400683,2.7507472618625215,False,False,False
oxidation,14.0,AN,DMSO,2.974508183757128,2.974518019965978,2.974508183757128,2.974518019965978,2.974508183757128,False,False,False
oxidation,14.0,AN,DOL,2.6225857554953276,2.6225846934627963,2.6225857554953276,2.6225846934627963,2.6225846934627963,False,False,False
oxidation,14.0,AN,EC,1.2008049015452187,1.2036142823430858,1.2008049015452187,1.2036142823430858,1.2008049015452187,False,False,False
oxidation,14.0,AN,EMC,1.3466532765540773,1.3466611993688762,1.3466532765540773,1.3466611993688762,1.3466532765540773,False,False,False
oxidation,14.0,AN,GBL,1.708785042532397,1.7087585883315386,1.708785042532397,1.7087585883315386,1.7087585883315386,False,False,False
oxidation,14.0,AN,PC,1.2686878019456813,1.268698668895535,1.2686878019456813,1.268698668895535,1.2686878019456813,False,False,False
oxidation,14.0,AN,SL,1.8551492029739416,1.8551546346383532,1.8551492029739416,1.8551546346383532,1.8551492029739416,False,False,False
oxidation,14.0,AN,SN,0.22722863643744695,0.22723018359535452,0.22722863643744695,0.22723018359535452,0.22722863643744695,False,False,True
oxidation,14.0,AN,TMP,1.1942971067931634,1.3346643266137175,1.1942971067931634,1.3346643266137175,1.1942971067931634,False,False,False
oxidation,14.0,DMC,DME,1.5924506807021324,1.592375215312928,1.5924506807021324,1.592375215312928,1.592375215312928,False,False,False
oxidation,14.0,DMC,DMSO,1.8162116025967388,1.8161316448782232,1.8162116025967388,1.8161316448782232,1.8161316448782232,False,False,False
oxidation,14.0,DMC,DOL,1.4642891743349384,1.4641983183750416,1.4642891743349384,1.4641983183750416,1.4641983183750416,False,False,False
oxidation,14.0,DMC,EC,0.042508320384829545,0.04522790725533099,0.042508320384829545,0.04522790725533099,0.042508320384829545,False,True,True
oxidation,14.0,DMC,EMC,0.18835669539368816,0.1882748242811214,0.18835669539368816,0.1882748242811214,0.1882748242811214,False,False,True
oxidation,14.0,DMC,GBL,0.5504884613720078,0.5503722132437838,0.5504884613720078,0.5503722132437838,0.5503722132437838,False,False,True
oxidation,14.0,DMC,PC,0.11039122078529218,0.11031229380778029,0.11039122078529218,0.11031229380778029,0.11031229380778029,False,True,True
oxidation,14.0,DMC,SL,0.6968526218135525,0.6967682595505984,0.6968526218135525,0.6967682595505984,0.6967682595505984,False,False,True
oxidation,14.0,DMC,SN,-0.9310679447229422,-0.9311561914924003,0.9310679447229422,0.9311561914924003,0.9310679447229422,False,False,False
oxidation,14.0,DMC,TMP,0.03600052563277423,0.1762779515259627,0.03600052563277423,0.1762779515259627,0.03600052563277423,False,True,True
oxidation,14.0,DME,DMSO,0.2237609218946064,0.22375642956529518,0.2237609218946064,0.22375642956529518,0.22375642956529518,False,False,True
oxidation,14.0,DME,DOL,-0.12816150636719392,-0.12817689693788648,0.12816150636719392,0.12817689693788648,0.12816150636719392,False,True,True
oxidation,14.0,DME,EC,-1.5499423603173028,-1.547147308057597,1.5499423603173028,1.547147308057597,1.547147308057597,False,False,False
oxidation,14.0,DME,EMC,-1.4040939853084442,-1.4041003910318066,1.4040939853084442,1.4041003910318066,1.4040939853084442,False,False,False
oxidation,14.0,DME,GBL,-1.0419622193301246,-1.0420030020691442,1.0419622193301246,1.0420030020691442,1.0419622193301246,False,False,False
oxidation,14.0,DME,PC,-1.4820594599168402,-1.4820629215051477,1.4820594599168402,1.4820629215051477,1.4820594599168402,False,False,False
oxidation,14.0,DME,SL,-0.8955980588885799,-0.8956069557623296,0.8955980588885799,0.8956069557623296,0.8955980588885799,False,False,False
oxidation,14.0,DME,SN,-2.5235186254250745,-2.5235314068053283,2.5235186254250745,2.5235314068053283,2.5235186254250745,False,False,False
oxidation,14.0,DME,TMP,-1.5564501550693581,-1.4160972637869653,1.5564501550693581,1.4160972637869653,1.4160972637869653,False,False,False
oxidation,14.0,DMSO,DOL,-0.3519224282618003,-0.35193332650318165,0.3519224282618003,0.35193332650318165,0.3519224282618003,False,False,True
oxidation,14.0,DMSO,EC,-1.7737032822119092,-1.7709037376228922,1.7737032822119092,1.7709037376228922,1.7709037376228922,False,False,False
oxidation,14.0,DMSO,EMC,-1.6278549072030506,-1.6278568205971018,1.6278549072030506,1.6278568205971018,1.6278549072030506,False,False,False
oxidation,14.0,DMSO,GBL,-1.265723141224731,-1.2657594316344394,1.265723141224731,1.2657594316344394,1.265723141224731,False,False,False
oxidation,14.0,DMSO,PC,-1.7058203818114466,-1.705819351070443,1.7058203818114466,1.705819351070443,1.705819351070443,False,False,False
oxidation,14.0,DMSO,SL,-1.1193589807831863,-1.1193633853276248,1.1193589807831863,1.1193633853276248,1.1193589807831863,False,False,False
oxidation,14.0,DMSO,SN,-2.747279547319681,-2.7472878363706235,2.747279547319681,2.7472878363706235,2.747279547319681,False,False,False
oxidation,14.0,DMSO,TMP,-1.7802110769639645,-1.6398536933522605,1.7802110769639645,1.6398536933522605,1.6398536933522605,False,False,False
oxidation,14.0,DOL,EC,-1.421780853950109,-1.4189704111197106,1.421780853950109,1.4189704111197106,1.4189704111197106,False,False,False
oxidation,14.0,DOL,EMC,-1.2759324789412503,-1.2759234940939201,1.2759324789412503,1.2759234940939201,1.2759234940939201,False,False,False
oxidation,14.0,DOL,GBL,-0.9138007129629306,-0.9138261051312577,0.9138007129629306,0.9138261051312577,0.9138007129629306,False,False,False
oxidation,14.0,DOL,PC,-1.3538979535496463,-1.3538860245672613,1.3538979535496463,1.3538860245672613,1.3538860245672613,False,False,False
oxidation,14.0,DOL,SL,-0.767436552521386,-0.7674300588244432,0.767436552521386,0.7674300588244432,0.7674300588244432,False,False,False
oxidation,14.0,DOL,SN,-2.3953571190578806,-2.395354509867442,2.3953571190578806,2.395354509867442,2.395354509867442,False,False,False
oxidation,14.0,DOL,TMP,-1.4282886487021642,-1.2879203668490788,1.4282886487021642,1.2879203668490788,1.2879203668490788,False,False,False
oxidation,14.0,EC,EMC,0.1458483750088586,0.14304691702579042,0.1458483750088586,0.14304691702579042,0.14304691702579042,False,True,True
oxidation,14.0,EC,GBL,0.5079801409871783,0.5051443059884528,0.5079801409871783,0.5051443059884528,0.5051443059884528,False,False,True
oxidation,14.0,EC,PC,0.06788290040046263,0.0650843865524493,0.06788290040046263,0.0650843865524493,0.0650843865524493,False,True,True
oxidation,14.0,EC,SL,0.6543443014287229,0.6515403522952674,0.6543443014287229,0.6515403522952674,0.6515403522952674,False,False,True
oxidation,14.0,EC,SN,-0.9735762651077717,-0.9763840987477312,0.9735762651077717,0.9763840987477312,0.9735762651077717,False,False,False
oxidation,14.0,EC,TMP,-0.006507794752055318,0.13105004427063172,0.006507794752055318,0.13105004427063172,0.006507794752055318,True,True,True
oxidation,14.0,EMC,GBL,0.36213176597831964,0.3620973889626624,0.36213176597831964,0.3620973889626624,0.3620973889626624,False,False,True
oxidation,14.0,EMC,PC,-0.07796547460839598,-0.07796253047334112,0.07796547460839598,0.07796253047334112,0.07796253047334112,False,True,True
oxidation,14.0,EMC,SL,0.5084959264198643,0.508493435269477,0.5084959264198643,0.508493435269477,0.508493435269477,False,False,True
oxidation,14.0,EMC,SN,-1.1194246401166303,-1.1194310157735217,1.1194246401166303,1.1194310157735217,1.1194246401166303,False,False,False
oxidation,14.0,EMC,TMP,-0.15235616976091393,-0.011996872755158705,0.15235616976091393,0.011996872755158705,0.011996872755158705,False,False,True
oxidation,14.0,GBL,PC,-0.4400972405867156,-0.44005991943600353,0.4400972405867156,0.44005991943600353,0.44005991943600353,False,False,True
oxidation,14.0,GBL,SL,0.14636416044154466,0.14639604630681458,0.14636416044154466,0.14639604630681458,0.14636416044154466,False,True,True
oxidation,14.0,GBL,SN,-1.48155640609495,-1.481528404736184,1.48155640609495,1.481528404736184,1.481528404736184,False,False,False
oxidation,14.0,GBL,TMP,-0.5144879357392336,-0.3740942617178211,0.5144879357392336,0.3740942617178211,0.3740942617178211,False,False,True
oxidation,14.0,PC,SL,0.5864614010282603,0.5864559657428181,0.5864614010282603,0.5864559657428181,0.5864559657428181,False,False,True
oxidation,14.0,PC,SN,-1.0414591655082344,-1.0414684853001805,1.0414591655082344,1.0414684853001805,1.0414591655082344,False,False,False
oxidation,14.0,PC,TMP,-0.07439069515251795,0.06596565771818241,0.07439069515251795,0.06596565771818241,0.06596565771818241,True,True,True
oxidation,14.0,SL,SN,-1.6279205665364946,-1.6279244510429987,1.6279205665364946,1.6279244510429987,1.6279205665364946,False,False,False
oxidation,14.0,SL,TMP,-0.6608520961807782,-0.5204903080246357,0.6608520961807782,0.5204903080246357,0.5204903080246357,False,False,True
oxidation,14.0,SN,TMP,0.9670684703557164,1.107434143018363,0.9670684703557164,1.107434143018363,0.9670684703557164,False,False,False
oxidation,20.0,AN,DMC,1.149478616886352,1.1495633762461939,1.149478616886352,1.1495633762461939,1.149478616886352,False,False,False
oxidation,20.0,AN,DME,2.738870323945773,2.7388849527317705,2.738870323945773,2.7388849527317705,2.738870323945773,False,False,False
oxidation,20.0,AN,DMSO,2.9660801349496273,2.9660904982660092,2.9660801349496273,2.9660904982660092,2.9660801349496273,False,False,False
oxidation,20.0,AN,DOL,2.6183232111086463,2.618321651759726,2.6183232111086463,2.618321651759726,2.618321651759726,False,False,False
oxidation,20.0,AN,EC,1.2042422542245053,1.205738043961956,1.2042422542245053,1.205738043961956,1.2042422542245053,False,False,False
oxidation,20.0,AN,EMC,1.333368092119672,1.3333758466292185,1.333368092119672,1.3333758466292185,1.333368092119672,False,False,False
oxidation,20.0,AN,GBL,1.6971807979166655,1.697150146440217,1.6971807979166655,1.697150146440217,1.697150146440217,False,False,False
oxidation,20.0,AN,PC,1.2654717270901141,1.2654827228294234,1.2654717270901141,1.2654827228294234,1.2654717270901141,False,False,False
oxidation,20.0,AN,SL,1.8439495397808408,1.8439546213970228,1.8439495397808408,1.8439546213970228,1.8439495397808408,False,False,False
oxidation,20.0,AN,SN,0.22099537333416208,0.22099667697733238,0.22099537333416208,0.22099667697733238,0.22099537333416208,False,False,True
oxidation,20.0,AN,TMP,1.1792025351591686,1.317507004904261,1.1792025351591686,1.317507004904261,1.1792025351591686,False,False,False
oxidation,20.0,DMC,DME,1.5893917070594208,1.5893215764855766,1.5893917070594208,1.5893215764855766,1.5893215764855766,False,False,False
oxidation,20.0,DMC,DMSO,1.8166015180632753,1.8165271220198154,1.8166015180632753,1.8165271220198154,1.8165271220198154,False,False,False
oxidation,20.0,DMC,DOL,1.4688445942222943,1.4687582755135322,1.4688445942222943,1.4687582755135322,1.4687582755135322,False,False,False
oxidation,20.0,DMC,EC,0.05476363733815326,0.05617466771576218,0.05476363733815326,0.05617466771576218,0.05476363733815326,False,True,True
oxidation,20.0,DMC,EMC,0.18388947523332,0.18381247038302462,0.18388947523332,0.18381247038302462,0.18381247038302462,False,False,True
oxidation,20.0,DMC,GBL,0.5477021810303135,0.5475867701940231,0.5477021810303135,0.5475867701940231,0.5475867701940231,False,False,True
oxidation,20.0,DMC,PC,0.11599311020376213,0.11591934658322955,0.11599311020376213,0.11591934658322955,0.11591934658322955,False,True,True
oxidation,20.0,DMC,SL,0.6944709228944888,0.694391245150829,0.6944709228944888,0.694391245150829,0.694391245150829,False,False,True
oxidation,20.0,DMC,SN,-0.9284832435521899,-0.9285666992688615,0.9284832435521899,0.9285666992688615,0.9284832435521899,False,False,False
oxidation,20.0,DMC,TMP,0.02972391827281662,0.1679436286580671,0.02972391827281662,0.1679436286580671,0.02972391827281662,False,True,True
oxidation,20.0,DME,DMSO,0.2272098110038545,0.22720554553423877,0.2272098110038545,0.22720554553423877,0.22720554553423877,False,False,True
oxidation,20.0,DME,DOL,-0.12054711283712649,-0.12056330097204437,0.12054711283712649,0.12056330097204437,0.12054711283712649,False,True,True
oxidation,20.0,DME,EC,-1.5346280697212675,-1.5331469087698144,1.5346280697212675,1.5331469087698144,1.5331469087698144,False,False,False
oxidation,20.0,DME,EMC,-1.4055022318261008,-1.405509106102552,1.4055022318261008,1.405509106102552,1.4055022318261008,False,False,False
oxidation,20.0,DME,GBL,-1.0416895260291072,-1.0417348062915535,1.0416895260291072,1.0417348062915535,1.0416895260291072,False,False,False
oxidation,20.0,DME,PC,-1.4733985968556587,-1.473402229902347,1.4733985968556587,1.473402229902347,1.4733985968556587,False,False,False
oxidation,20.0,DME,SL,-0.894920784164932,-0.8949303313347476,0.894920784164932,0.8949303313347476,0.894920784164932,False,False,False
oxidation,20.0,DME,SN,-2.5178749506116107,-2.517888275754438,2.5178749506116107,2.517888275754438,2.5178749506116107,False,False,False
oxidation,20.0,DME,TMP,-1.5596677887866042,-1.4213779478275095,1.5596677887866042,1.4213779478275095,1.4213779478275095,False,False,False
oxidation,20.0,DMSO,DOL,-0.347756923840981,-0.34776884650628315,0.347756923840981,0.34776884650628315,0.347756923840981,False,False,True
oxidation,20.0,DMSO,EC,-1.761837880725122,-1.7603524543040532,1.761837880725122,1.7603524543040532,1.7603524543040532,False,False,False
oxidation,20.0,DMSO,EMC,-1.6327120428299553,-1.6327146516367907,1.6327120428299553,1.6327146516367907,1.6327120428299553,False,False,False
oxidation,20.0,DMSO,GBL,-1.2688993370329618,-1.2689403518257922,1.2688993370329618,1.2689403518257922,1.2688993370329618,False,False,False
oxidation,20.0,DMSO,PC,-1.7006084078595132,-1.7006077754365858,1.7006084078595132,1.7006077754365858,1.7006077754365858,False,False,False
oxidation,20.0,DMSO,SL,-1.1221305951687865,-1.1221358768689864,1.1221305951687865,1.1221358768689864,1.1221305951687865,False,False,False
oxidation,20.0,DMSO,SN,-2.745084761615465,-2.745093821288677,2.745084761615465,2.745093821288677,2.745084761615465,False,False,False
oxidation,20.0,DMSO,TMP,-1.7868775997904587,-1.6485834933617483,1.7868775997904587,1.6485834933617483,1.6485834933617483,False,False,False
oxidation,20.0,DOL,EC,-1.414080956884141,-1.41258360779777,1.414080956884141,1.41258360779777,1.41258360779777,False,False,False
oxidation,20.0,DOL,EMC,-1.2849551189889743,-1.2849458051305076,1.2849551189889743,1.2849458051305076,1.2849458051305076,False,False,False
oxidation,20.0,DOL,GBL,-0.9211424131919808,-0.9211715053195091,0.9211424131919808,0.9211715053195091,0.9211424131919808,False,False,False
oxidation,20.0,DOL,PC,-1.3528514840185322,-1.3528389289303027,1.3528514840185322,1.3528389289303027,1.3528389289303027,False,False,False
oxidation,20.0,DOL,SL,-0.7743736713278055,-0.7743670303627033,0.7743736713278055,0.7743670303627033,0.7743670303627033,False,False,False
oxidation,20.0,DOL,SN,-2.397327837774484,-2.3973249747823937,2.397327837774484,2.3973249747823937,2.3973249747823937,False,False,False
oxidation,20.0,DOL,TMP,-1.4391206759494777,-1.300814646855465,1.4391206759494777,1.300814646855465,1.300814646855465,False,False,False
oxidation,20.0,EC,EMC,0.12912583789516674,0.12763780266726243,0.12912583789516674,0.12763780266726243,0.12763780266726243,False,True,True
oxidation,20.0,EC,GBL,0.4929385436921603,0.49141210247826095,0.4929385436921603,0.49141210247826095,0.49141210247826095,False,False,True
oxidation,20.0,EC,PC,0.06122947286560887,0.05974467886746737,0.06122947286560887,0.05974467886746737,0.05974467886746737,False,True,True
oxidation,20.0,EC,SL,0.6397072855563355,0.6382165774350668,0.6397072855563355,0.6382165774350668,0.6382165774350668,False,False,True
oxidation,20.0,EC,SN,-0.9832468808903432,-0.9847413669846237,0.9832468808903432,0.9847413669846237,0.9832468808903432,False,False,False
oxidation,20.0,EC,TMP,-0.02503971906533664,0.11176896094230493,0.02503971906533664,0.11176896094230493,0.02503971906533664,True,True,True
oxidation,20.0,EMC,GBL,0.36381270579699354,0.3637742998109985,0.36381270579699354,0.3637742998109985,0.3637742998109985,False,False,True
oxidation,20.0,EMC,PC,-0.06789636502955787,-0.06789312379979506,0.06789636502955787,0.06789312379979506,0.06789312379979506,False,True,True
oxidation,20.0,EMC,SL,0.5105814476611688,0.5105787747678043,0.5105814476611688,0.5105787747678043,0.5105787747678043,False,False,True
oxidation,20.0,EMC,SN,-1.11237271878551,-1.112379169651886,1.11237271878551,1.112379169651886,1.11237271878551,False,False,False
oxidation,20.0,EMC,TMP,-0.15416555696050338,-0.015868841724957505,0.15416555696050338,0.015868841724957505,0.015868841724957505,False,False,True
oxidation,20.0,GBL,PC,-0.4317090708265514,-0.4316674236107936,0.4317090708265514,0.4316674236107936,0.4316674236107936,False,False,True
oxidation,20.0,GBL,SL,0.1467687418641752,0.14680447495680582,0.1467687418641752,0.14680447495680582,0.1467687418641752,False,True,True
oxidation,20.0,GBL,SN,-1.4761854245825035,-1.4761534694628846,1.4761854245825035,1.4761534694628846,1.4761534694628846,False,False,False
oxidation,20.0,GBL,TMP,-0.5179782627574969,-0.379643141535956,0.5179782627574969,0.379643141535956,0.379643141535956,False,False,True
oxidation,20.0,PC,SL,0.5784778126907266,0.5784718985675994,0.5784778126907266,0.5784718985675994,0.5784718985675994,False,False,True
oxidation,20.0,PC,SN,-1.044476353755952,-1.044486045852091,1.044476353755952,1.044486045852091,1.044476353755952,False,False,False
oxidation,20.0,PC,TMP,-0.08626919193094551,0.05202428207483756,0.08626919193094551,0.05202428207483756,0.05202428207483756,True,True,True
oxidation,20.0,SL,SN,-1.6229541664466787,-1.6229579444196904,1.6229541664466787,1.6229579444196904,1.6229541664466787,False,False,False
oxidation,20.0,SL,TMP,-0.6647470046216721,-0.5264476164927618,0.6647470046216721,0.5264476164927618,0.5264476164927618,False,False,True
oxidation,20.0,SN,TMP,0.9582071618250065,1.0965103279269286,0.9582071618250065,1.0965103279269286,0.9582071618250065,False,False,False
oxidation,28.0,AN,DMC,1.1436139619710985,1.1436955867143315,1.1436139619710985,1.1436955867143315,1.1436139619710985,False,False,False
oxidation,28.0,AN,DME,2.73096571328096,2.730980594751057,2.73096571328096,2.730980594751057,2.73096571328096,False,False,False
oxidation,28.0,AN,DMSO,2.9604483342856804,2.9604593546506335,2.9604483342856804,2.9604593546506335,2.9604483342856804,False,False,False
oxidation,28.0,AN,DOL,2.615495305725176,2.6154933729282144,2.615495305725176,2.6154933729282144,2.6154933729282144,False,False,False
oxidation,28.0,AN,EC,1.2066185960939002,1.2074542325135411,1.2066185960939002,1.2074542325135411,1.2066185960939002,False,False,False
oxidation,28.0,AN,EMC,1.3245231706137783,1.3245307233780572,1.3245231706137783,1.3245307233780572,1.3245231706137783,False,False,False
oxidation,28.0,AN,GBL,1.6894253325354907,1.689392964616764,1.6894253325354907,1.689392964616764,1.689392964616764,False,False,False
oxidation,28.0,AN,PC,1.2635219868829477,1.2635315189777678,1.2635219868829477,1.2635315189777678,1.2635219868829477,False,False,False
oxidation,28.0,AN,SL,1.8364873458742599,1.836492289854906,1.8364873458742599,1.836492289854906,1.8364873458742599,False,False,False
oxidation,28.0,AN,SN,0.2168746807054518,0.21687581278119517,0.2168746807054518,0.21687581278119517,0.2168746807054518,False,False,True
oxidation,28.0,AN,TMP,1.1691543311370491,1.3060729274550962,1.1691543311370491,1.3060729274550962,1.1691543311370491,False,False,False
oxidation,28.0,DMC,DME,1.5873517513098614,1.5872850080367256,1.5873517513098614,1.5872850080367256,1.5872850080367256,False,False,False
oxidation,28.0,DMC,DMSO,1.816834372314582,1.816763767936302,1.816834372314582,1.816763767936302,1.816763767936302,False,False,False
oxidation,28.0,DMC,DOL,1.4718813437540774,1.471797786213883,1.4718813437540774,1.471797786213883,1.471797786213883,False,False,False
oxidation,28.0,DMC,EC,0.06300463412280166,0.06375864579920965,0.06300463412280166,0.06375864579920965,0.06300463412280166,False,True,True
oxidation,28.0,DMC,EMC,0.1809092086426798,0.18083513666372575,0.1809092086426798,0.18083513666372575,0.18083513666372575,False,False,True
oxidation,28.0,DMC,GBL,0.5458113705643921,0.5456973779024326,0.5458113705643921,0.5456973779024326,0.5456973779024326,False,False,True
oxidation,28.0,DMC,PC,0.11990802491184915,0.11983593226343636,0.11990802491184915,0.11983593226343636,0.11983593226343636,False,True,True
oxidation,28.0,DMC,SL,0.6928733839031613,0.6927967031405746,0.6928733839031613,0.6927967031405746,0.6927967031405746,False,False,True
oxidation,28.0,DMC,SN,-0.9267392812656468,-0.9268197739331363,0.9267392812656468,0.9268197739331363,0.9267392812656468,False,False,False
oxidation,28.0,DMC,TMP,0.025540369165950594,0.1623773407407647,0.025540369165950594,0.1623773407407647,0.025540369165950594,False,True,True
oxidation,28.0,DME,DMSO,0.2294826210047205,0.22947875989957645,0.2294826210047205,0.22947875989957645,0.22947875989957645,False,False,True
oxidation,28.0,DME,DOL,-0.11547040755578397,-0.11548722182284266,0.11547040755578397,0.11548722182284266,0.11547040755578397,False,True,True
oxidation,28.0,DME,EC,-1.5243471171870597,-1.523526362237516,1.5243471171870597,1.523526362237516,1.523526362237516,False,False,False
oxidation,28.0,DME,EMC,-1.4064425426671816,-1.4064498713729998,1.4064425426671816,1.4064498713729998,1.4064425426671816,False,False,False
oxidation,28.0,DME,GBL,-1.0415403807454693,-1.041587630134293,1.0415403807454693,1.041587630134293,1.0415403807454693,False,False,False
oxidation,28.0,DME,PC,-1.4674437263980122,-1.4674490757732892,1.4674437263980122,1.4674490757732892,1.4674437263980122,False,False,False
oxidation,28.0,DME,SL,-0.8944783674067001,-0.8944883048961509,0.8944783674067001,0.8944883048961509,0.8944783674067001,False,False,False
oxidation,28.0,DME,SN,-2.514091032575508,-2.514104781969862,2.514091032575508,2.514104781969862,2.514091032575508,False,False,False
oxidation,28.0,DME,TMP,-1.5618113821439108,-1.4249076672959609,1.5618113821439108,1.4249076672959609,1.4249076672959609,False,False,False
oxidation,28.0,DMSO,DOL,-0.34495302856050447,-0.3449659817224191,0.34495302856050447,0.3449659817224191,0.34495302856050447,False,False,True
oxidation,28.0,DMSO,EC,-1.7538297381917802,-1.7530051221370924,1.7538297381917802,1.7530051221370924,1.7530051221370924,False,False,False
oxidation,28.0,DMSO,EMC,-1.635925163671902,-1.6359286312725763,1.635925163671902,1.6359286312725763,1.635925163671902,False,False,False
oxidation,28.0,DMSO,GBL,-1.2710230017501898,-1.2710663900338695,1.2710230017501898,1.2710663900338695,1.2710230017501898,False,False,False
oxidation,28.0,DMSO,PC,-1.6969263474027327,-1.6969278356728656,1.6969263474027327,1.6969278356728656,1.6969263474027327,False,False,False
oxidation,28.0,DMSO,SL,-1.1239609884114206,-1.1239670647957274,1.1239609884114206,1.1239670647957274,1.1239609884114206,False,False,False
oxidation,28.0,DMSO,SN,-2.7435736535802286,-2.7435835418694383,2.7435736535802286,2.7435835418694383,2.7435736535802286,False,False,False
oxidation,28.0,DMSO,TMP,-1.7912940031486313,-1.6543864271955373,1.7912940031486313,1.6543864271955373,1.6543864271955373,False,False,False
oxidation,28.0,DOL,EC,-1.4088767096312758,-1.4080391404146733,1.4088767096312758,1.4080391404146733,1.4080391404146733,False,False,False
oxidation,28.0,DOL,EMC,-1.2909721351113976,-1.2909626495501572,1.2909721351113976,1.2909626495501572,1.2909626495501572,False,False,False
oxidation,28.0,DOL,GBL,-0.9260699731896853,-0.9261004083114504,0.9260699731896853,0.9261004083114504,0.9260699731896853,False,False,False
oxidation,28.0,DOL,PC,-1.3519733188422283,-1.3519618539504465,1.3519733188422283,1.3519618539504465,1.3519618539504465,False,False,False
oxidation,28.0,DOL,SL,-0.7790079598509161,-0.7790010830733083,0.7790079598509161,0.7790010830733083,0.7790010830733083,False,False,False
oxidation,28.0,DOL,SN,-2.398620625019724,-2.398617560147019,2.398620625019724,2.398617560147019,2.398617560147019,False,False,False
oxidation,28.0,DOL,TMP,-1.4463409745881268,-1.3094204454731182,1.4463409745881268,1.3094204454731182,1.3094204454731182,False,False,False
oxidation,28.0,EC,EMC,0.11790457451987812,0.1170764908645161,0.11790457451987812,0.1170764908645161,0.1170764908645161,False,True,True
oxidation,28.0,EC,GBL,0.48280673644159044,0.4819387321032229,0.48280673644159044,0.4819387321032229,0.4819387321032229,False,False,True
oxidation,28.0,EC,PC,0.05690339078904749,0.05607728646422672,0.05690339078904749,0.05607728646422672,0.05607728646422672,False,True,True
oxidation,28.0,EC,SL,0.6298687497803597,0.629038057341365,0.6298687497803597,0.629038057341365,0.629038057341365,False,False,True
oxidation,28.0,EC,SN,-0.9897439153884484,-0.990578419732346,0.9897439153884484,0.990578419732346,0.9897439153884484,False,False,False
oxidation,28.0,EC,TMP,-0.03746426495685107,0.09861869494155506,0.03746426495685107,0.09861869494155506,0.03746426495685107,True,True,True
oxidation,28.0,EMC,GBL,0.3649021619217123,0.3648622412387068,0.3649021619217123,0.3648622412387068,0.3648622412387068,False,False,True
oxidation,28.0,EMC,PC,-0.06100118373083063,-0.060999204400289386,0.06100118373083063,0.060999204400289386,0.060999204400289386,False,True,True
oxidation,28.0,EMC,SL,0.5119641752604815,0.5119615664768489,0.5119641752604815,0.5119615664768489,0.5119615664768489,False,False,True
oxidation,28.0,EMC,SN,-1.1076484899083265,-1.107654910596862,1.1076484899083265,1.107654910596862,1.1076484899083265,False,False,False
oxidation,28.0,EMC,TMP,-0.1553688394767292,-0.01845779592296104,0.1553688394767292,0.01845779592296104,0.01845779592296104,False,False,True
oxidation,28.0,GBL,PC,-0.42590334565254295,-0.4258614456389962,0.42590334565254295,0.4258614456389962,0.4258614456389962,False,False,True
oxidation,28.0,GBL,SL,0.14706201333876923,0.14709932523814206,0.14706201333876923,0.14709932523814206,0.14706201333876923,False,True,True
oxidation,28.0,GBL,SN,-1.4725506518300389,-1.4725171518355689,1.4725506518300389,1.4725171518355689,1.4725171518355689,False,False,False
oxidation,28.0,GBL,TMP,-0.5202710013984415,-0.38332003716166785,0.5202710013984415,0.38332003716166785,0.38332003716166785,False,False,True
oxidation,28.0,PC,SL,0.5729653589913122,0.5729607708771383,0.5729653589913122,0.5729607708771383,0.5729607708771383,False,False,True
oxidation,28.0,PC,SN,-1.046647306177496,-1.0466557061965727,1.046647306177496,1.0466557061965727,1.046647306177496,False,False,False
oxidation,28.0,PC,TMP,-0.09436765574589856,0.042541408477328346,0.09436765574589856,0.042541408477328346,0.042541408477328346,True,True,True
oxidation,28.0,SL,SN,-1.619612665168808,-1.619616477073711,1.619612665168808,1.619616477073711,1.619612665168808,False,False,False
oxidation,28.0,SL,TMP,-0.6673330147372107,-0.5304193623998099,0.6673330147372107,0.5304193623998099,0.5304193623998099,False,False,True
oxidation,28.0,SN,TMP,0.9522796504315973,1.089197114673901,0.9522796504315973,1.089197114673901,0.9522796504315973,False,False,False
oxidation,40.0,AN,DMC,1.1392230585614573,1.1393025024477534,1.1392230585614573,1.1393025024477534,1.1392230585614573,False,False,False
oxidation,40.0,AN,DME,2.7250443827883357,2.725057557369891,2.7250443827883357,2.725057557369891,2.7250443827883357,False,False,False
oxidation,40.0,AN,DMSO,2.9562174508620345,2.956228788429943,2.9562174508620345,2.956228788429943,2.9562174508620345,False,False,False
oxidation,40.0,AN,DOL,2.613381813465357,2.613379603219445,2.613381813465357,2.613379603219445,2.613379603219445,False,False,False
oxidation,40.0,AN,EC,1.2084460100166883,1.2089156309499707,1.2084460100166883,1.2089156309499707,1.2084460100166883,False,False,False
oxidation,40.0,AN,EMC,1.3178959381494462,1.3179034711040085,1.3178959381494462,1.3179034711040085,1.3178959381494462,False,False,False
oxidation,40.0,AN,GBL,1.6835991378095603,1.6835655474470839,1.6835991378095603,1.6835655474470839,1.6835655474470839,False,False,False
oxidation,40.0,AN,PC,1.2621634581543422,1.261962017403933,1.2621634581543422,1.261962017403933,1.261962017403933,False,False,False
oxidation,40.0,AN,SL,1.8308926833922206,1.8308974614396138,1.8308926833922206,1.8308974614396138,1.8308926833922206,False,False,False
oxidation,40.0,AN,SN,0.21380316993117532,0.2138040854039751,0.21380316993117532,0.2138040854039751,0.21380316993117532,False,False,True
oxidation,40.0,AN,TMP,1.1616258916573265,1.2974998089521712,1.1616258916573265,1.2974998089521712,1.1616258916573265,False,False,False
oxidation,40.0,DMC,DME,1.5858213242268784,1.5857550549221378,1.5858213242268784,1.5857550549221378,1.5857550549221378,False,False,False
oxidation,40.0,DMC,DMSO,1.8169943923005771,1.8169262859821895,1.8169943923005771,1.8169262859821895,1.8169262859821895,False,False,False
oxidation,40.0,DMC,DOL,1.4741587549038995,1.4740771007716917,1.4741587549038995,1.4740771007716917,1.4740771007716917,False,False,False
oxidation,40.0,DMC,EC,0.06922295145523094,0.06961312850221724,0.06922295145523094,0.06961312850221724,0.06922295145523094,False,True,True
oxidation,40.0,DMC,EMC,0.17867287958798883,0.17860096865625508,0.17867287958798883,0.17860096865625508,0.17860096865625508,False,False,True
oxidation,40.0,DMC,GBL,0.5443760792481029,0.5442630449993304,0.5443760792481029,0.5442630449993304,0.5442630449993304,False,False,True
oxidation,40.0,DMC,PC,0.12294039959288483,0.12265951495617955,0.12294039959288483,0.12265951495617955,0.12265951495617955,False,True,True
oxidation,40.0,DMC,SL,0.6916696248307632,0.6915949589918604,0.6916696248307632,0.6915949589918604,0.6915949589918604,False,False,True
oxidation,40.0,DMC,SN,-0.925419888630282,-0.9254984170437783,0.925419888630282,0.9254984170437783,0.925419888630282,False,False,False
oxidation,40.0,DMC,TMP,0.022402833095869212,0.15819730650441777,0.022402833095869212,0.15819730650441777,0.022402833095869212,False,True,True
oxidation,40.0,DME,DMSO,0.23117306807369875,0.23117123106005177,0.23117306807369875,0.23117123106005177,0.23117123106005177,False,False,True
oxidation,40.0,DME,DOL,-0.11166256932297891,-0.11167795415044601,0.11166256932297891,0.11167795415044601,0.11166256932297891,False,True,True
oxidation,40.0,DME,EC,-1.5165983727716474,-1.5161419264199205,1.5165983727716474,1.5161419264199205,1.5161419264199205,False,False,False
oxidation,40.0,DME,EMC,-1.4071484446388896,-1.4071540862658827,1.4071484446388896,1.4071540862658827,1.4071484446388896,False,False,False
oxidation,40.0,DME,GBL,-1.0414452449787754,-1.0414920099228073,1.0414452449787754,1.0414920099228073,1.0414452449787754,False,False,False
oxidation,40.0,DME,PC,-1.4628809246339936,-1.4630955399659582,1.4628809246339936,1.4630955399659582,1.4628809246339936,False,False,False
oxidation,40.0,DME,SL,-0.8941516993961152,-0.8941600959302773,0.8941516993961152,0.8941600959302773,0.8941516993961152,False,False,False
oxidation,40.0,DME,SN,-2.5112412128571604,-2.511253471965916,2.5112412128571604,2.511253471965916,2.5112412128571604,False,False,False
oxidation,40.0,DME,TMP,-1.5634184911310092,-1.42755774841772,1.5634184911310092,1.42755774841772,1.42755774841772,False,False,False
oxidation,40.0,DMSO,DOL,-0.34283563739667766,-0.3428491852104978,0.34283563739667766,0.3428491852104978,0.34283563739667766,False,False,True
oxidation,40.0,DMSO,EC,-1.7477714408453462,-1.7473131574799723,1.7477714408453462,1.7473131574799723,1.7473131574799723,False,False,False
oxidation,40.0,DMSO,EMC,-1.6383215127125883,-1.6383253173259344,1.6383215127125883,1.6383253173259344,1.6383215127125883,False,False,False
oxidation,40.0,DMSO,GBL,-1.2726183130524742,-1.272663240982859,1.2726183130524742,1.272663240982859,1.2726183130524742,False,False,False
oxidation,40.0,DMSO,PC,-1.6940539927076923,-1.69426677102601,1.6940539927076923,1.69426677102601,1.6940539927076923,False,False,False
oxidation,40.0,DMSO,SL,-1.125324767469814,-1.1253313269903291,1.125324767469814,1.1253313269903291,1.125324767469814,False,False,False
oxidation,40.0,DMSO,SN,-2.742414280930859,-2.742424703025968,2.742414280930859,2.742424703025968,2.742414280930859,False,False,False
oxidation,40.0,DMSO,TMP,-1.794591559204708,-1.6587289794777718,1.794591559204708,1.6587289794777718,1.6587289794777718,False,False,False
oxidation,40.0,DOL,EC,-1.4049358034486685,-1.4044639722694745,1.4049358034486685,1.4044639722694745,1.4044639722694745,False,False,False
oxidation,40.0,DOL,EMC,-1.2954858753159106,-1.2954761321154367,1.2954858753159106,1.2954761321154367,1.2954761321154367,False,False,False
oxidation,40.0,DOL,GBL,-0.9297826756557965,-0.9298140557723613,0.9297826756557965,0.9298140557723613,0.9297826756557965,False,False,False
oxidation,40.0,DOL,PC,-1.3512183553110146,-1.3514175858155122,1.3512183553110146,1.3514175858155122,1.3512183553110146,False,False,False
oxidation,40.0,DOL,SL,-0.7824891300731363,-0.7824821417798313,0.7824891300731363,0.7824821417798313,0.7824821417798313,False,False,False
oxidation,40.0,DOL,SN,-2.3995786435341815,-2.39957551781547,2.3995786435341815,2.39957551781547,2.39957551781547,False,False,False
oxidation,40.0,DOL,TMP,-1.4517559218080303,-1.315879794267274,1.4517559218080303,1.315879794267274,1.315879794267274,False,False,False
oxidation,40.0,EC,EMC,0.10944992813275789,0.10898784015403784,0.10944992813275789,0.10898784015403784,0.10898784015403784,False,True,True
oxidation,40.0,EC,GBL,0.475153127792872,0.4746499164971132,0.475153127792872,0.4746499164971132,0.4746499164971132,False,False,True
oxidation,40.0,EC,PC,0.05371744813765389,0.05304638645396231,0.05371744813765389,0.05304638645396231,0.05304638645396231,False,True,True
oxidation,40.0,EC,SL,0.6224466733755323,0.6219818304896432,0.6224466733755323,0.6219818304896432,0.6219818304896432,False,False,True
oxidation,40.0,EC,SN,-0.994642840085513,-0.9951115455459956,0.994642840085513,0.9951115455459956,0.994642840085513,False,False,False
oxidation,40.0,EC,TMP,-0.04682011835936173,0.08858417800220053,0.04682011835936173,0.08858417800220053,0.04682011835936173,True,True,True
oxidation,40.0,EMC,GBL,0.3657031996601141,0.36566207634307535,0.3657031996601141,0.36566207634307535,0.36566207634307535,False,False,True
oxidation,40.0,EMC,PC,-0.055732479995104,-0.05594145370007553,0.055732479995104,0.05594145370007553,0.055732479995104,False,True,True
oxidation,40.0,EMC,SL,0.5129967452427744,0.5129939903356053,0.5129967452427744,0.5129939903356053,0.5129939903356053,False,False,True
oxidation,40.0,EMC,SN,-1.1040927682182708,-1.1040993857000334,1.1040927682182708,1.1040993857000334,1.1040927682182708,False,False,False
oxidation,40.0,EMC,TMP,-0.15627004649211962,-0.02040366215183731,0.15627004649211962,0.02040366215183731,0.02040366215183731,False,False,True
oxidation,40.0,GBL,PC,-0.4214356796552181,-0.4216035300431509,0.4214356796552181,0.4216035300431509,0.4214356796552181,False,False,True
oxidation,40.0,GBL,SL,0.14729354558266028,0.14733191399252998,0.14729354558266028,0.14733191399252998,0.14729354558266028,False,True,True
oxidation,40.0,GBL,SN,-1.469795967878385,-1.4697614620431088,1.469795967878385,1.4697614620431088,1.4697614620431088,False,False,False
oxidation,40.0,GBL,TMP,-0.5219732461522337,-0.38606573849491266,0.5219732461522337,0.38606573849491266,0.38606573849491266,False,False,True
oxidation,40.0,PC,SL,0.5687292252378784,0.5689354440356809,0.5687292252378784,0.5689354440356809,0.5687292252378784,False,False,True
oxidation,40.0,PC,SN,-1.0483602882231668,-1.0481579319999579,1.0483602882231668,1.0481579319999579,1.0481579319999579,False,False,False
oxidation,40.0,PC,TMP,-0.10053756649701562,0.03553779154823822,0.10053756649701562,0.03553779154823822,0.03553779154823822,True,True,True
oxidation,40.0,SL,SN,-1.6170895134610452,-1.6170933760356387,1.6170895134610452,1.6170933760356387,1.6170895134610452,False,False,False
oxidation,40.0,SL,TMP,-0.669266791734894,-0.5333976524874426,0.669266791734894,0.5333976524874426,0.5333976524874426,False,False,True
oxidation,40.0,SN,TMP,0.9478227217261512,1.083695723548196,0.9478227217261512,1.083695723548196,0.9478227217261512,False,False,False
oxidation,80.0,AN,DMC,1.1341084650165119,1.134185316801286,1.1341084650165119,1.134185316801286,1.1341084650165119,False,False,False
oxidation,80.0,AN,DME,2.718143856573719,2.7181570613887978,2.718143856573719,2.7181570613887978,2.718143856573719,False,False,False
oxidation,80.0,AN,DMSO,2.951273401741438,2.951285337115154,2.951273401741438,2.951285337115154,2.951273401741438,False,False,False
oxidation,80.0,AN,DOL,2.6109239339253056,2.6109214966835808,2.6109239339253056,2.6109214966835808,2.6109214966835808,False,False,False
oxidation,80.0,AN,EC,1.2106275117767797,1.2107992420463205,1.2106275117767797,1.2107992420463205,1.2106275117767797,False,False,False
oxidation,80.0,AN,EMC,1.310170573048282,1.310178478146172,1.310170573048282,1.310178478146172,1.310170573048282,False,False,False
oxidation,80.0,AN,GBL,1.676791187371439,1.6767562527680147,1.676791187371439,1.6767562527680147,1.6767562527680147,False,False,False
oxidation,80.0,AN,PC,1.2606920829601496,1.2607000236774795,1.2606920829601496,1.2607000236774795,1.2606920829601496,False,False,False
oxidation,80.0,AN,SL,1.824368016654705,1.824372465090808,1.824368016654705,1.824372465090808,1.824368016654705,False,False,False
oxidation,80.0,AN,SN,0.21024044914659434,0.210241322740103,0.21024044914659434,0.210241322740103,0.21024044914659434,False,False,True
oxidation,80.0,AN,TMP,1.152851110787907,1.2875002908852924,1.152851110787907,1.2875002908852924,1.152851110787907,False,False,False
oxidation,80.0,DMC,DME,1.5840353915572072,1.5839717445875117,1.5840353915572072,1.5839717445875117,1.5839717445875117,False,False,False
oxidation,80.0,DMC,DMSO,1.817164936724926,1.8171000203138679,1.817164936724926,1.8171000203138679,1.8171000203138679,False,False,False
oxidation,80.0,DMC,DOL,1.4768154689087938,1.4767361798822947,1.4768154689087938,1.4767361798822947,1.4767361798822947,False,False,False
oxidation,80.0,DMC,EC,0.07651904676026788,0.07661392524503441,0.07651904676026788,0.07661392524503441,0.07651904676026788,False,True,True
oxidation,80.0,DMC,EMC,0.17606210803177014,0.17599316134488596,0.17606210803177014,0.17599316134488596,0.17599316134488596,False,False,True
oxidation,80.0,DMC,GBL,0.5426827223549271,0.5425709359667286,0.5426827223549271,0.5425709359667286,0.5425709359667286,False,False,True
oxidation,80.0,DMC,PC,0.1265836179436377,0.12651470687619337,0.1265836179436377,0.12651470687619337,0.12651470687619337,False,True,True
oxidation,80.0,DMC,SL,0.6902595516381931,0.6901871482895219,0.6902595516381931,0.6901871482895219,0.6901871482895219,False,False,True
oxidation,80.0,DMC,SN,-0.9238680158699175,-0.9239439940611831,0.9238680158699175,0.9239439940611831,0.9238680158699175,False,False,False
oxidation,80.0,DMC,TMP,0.01874264577139506,0.1533149740840063,0.01874264577139506,0.1533149740840063,0.01874264577139506,False,True,True
oxidation,80.0,DME,DMSO,0.2331295451677189,0.2331282757263562,0.2331295451677189,0.2331282757263562,0.2331282757263562,False,False,True
oxidation,80.0,DME,DOL,-0.1072199226484134,-0.107235564705217,0.1072199226484134,0.107235564705217,0.1072199226484134,False,True,True
oxidation,80.0,DME,EC,-1.5075163447969393,-1.5073578193424773,1.5075163447969393,1.5073578193424773,1.5073578193424773,False,False,False
oxidation,80.0,DME,EMC,-1.407973283525437,-1.4079785832426257,1.407973283525437,1.4079785832426257,1.407973283525437,False,False,False
oxidation,80.0,DME,GBL,-1.04135266920228,-1.041400808620783,1.04135266920228,1.041400808620783,1.04135266920228,False,False,False
oxidation,80.0,DME,PC,-1.4574517736135695,-1.4574570377113183,1.4574517736135695,1.4574570377113183,1.4574517736135695,False,False,False
oxidation,80.0,DME,SL,-0.8937758399190141,-0.8937845962979898,0.8937758399190141,0.8937845962979898,0.8937758399190141,False,False,False
oxidation,80.0,DME,SN,-2.5079034074271247,-2.5079157386486948,2.5079034074271247,2.5079157386486948,2.5079034074271247,False,False,False
oxidation,80.0,DME,TMP,-1.5652927457858121,-1.4306567705035054,1.5652927457858121,1.4306567705035054,1.4306567705035054,False,False,False
oxidation,80.0,DMSO,DOL,-0.3403494678161323,-0.3403638404315732,0.3403494678161323,0.3403638404315732,0.3403494678161323,False,False,True
oxidation,80.0,DMSO,EC,-1.7406458899646582,-1.7404860950688334,1.7406458899646582,1.7404860950688334,1.7404860950688334,False,False,False
oxidation,80.0,DMSO,EMC,-1.641102828693156,-1.641106858968982,1.641102828693156,1.641106858968982,1.641102828693156,False,False,False
oxidation,80.0,DMSO,GBL,-1.274482214369999,-1.2745290843471393,1.274482214369999,1.2745290843471393,1.274482214369999,False,False,False
oxidation,80.0,DMSO,PC,-1.6905813187812884,-1.6905853134376745,1.6905813187812884,1.6905853134376745,1.6905813187812884,False,False,False
oxidation,80.0,DMSO,SL,-1.126905385086733,-1.126912872024346,1.126905385086733,1.126912872024346,1.126905385086733,False,False,False
oxidation,80.0,DMSO,SN,-2.7410329525948436,-2.741044014375051,2.7410329525948436,2.741044014375051,2.7410329525948436,False,False,False
oxidation,80.0,DMSO,TMP,-1.798422290953531,-1.6637850462298616,1.798422290953531,1.6637850462298616,1.6637850462298616,False,False,False
oxidation,80.0,DOL,EC,-1.400296422148526,-1.4001222546372603,1.400296422148526,1.4001222546372603,1.4001222546372603,False,False,False
oxidation,80.0,DOL,EMC,-1.3007533608770236,-1.3007430185374087,1.3007533608770236,1.3007430185374087,1.3007430185374087,False,False,False
oxidation,80.0,DOL,GBL,-0.9341327465538667,-0.9341652439155661,0.9341327465538667,0.9341652439155661,0.9341327465538667,False,False,False
oxidation,80.0,DOL,PC,-1.350231850965156,-1.3502214730061013,1.350231850965156,1.3502214730061013,1.3502214730061013,False,False,False
oxidation,80.0,DOL,SL,-0.7865559172706007,-0.7865490315927728,0.7865559172706007,0.7865490315927728,0.7865490315927728,False,False,False
oxidation,80.0,DOL,SN,-2.4006834847787113,-2.4006801739434778,2.4006834847787113,2.4006801739434778,2.4006801739434778,False,False,False
oxidation,80.0,DOL,TMP,-1.4580728231373987,-1.3234212057982884,1.4580728231373987,1.3234212057982884,1.3234212057982884,False,False,False
oxidation,80.0,EC,EMC,0.09954306127150225,0.09937923609985155,0.09954306127150225,0.09937923609985155,0.09937923609985155,False,True,True
oxidation,80.0,EC,GBL,0.4661636755946592,0.46595701072169415,0.4661636755946592,0.46595701072169415,0.46595701072169415,False,False,True
oxidation,80.0,EC,PC,0.05006457118336982,0.049900781631158964,0.05006457118336982,0.049900781631158964,0.049900781631158964,False,True,True
oxidation,80.0,EC,SL,0.6137405048779252,0.6135732230444875,0.6137405048779252,0.6135732230444875,0.6135732230444875,False,False,True
oxidation,80.0,EC,SN,-1.0003870626301854,-1.0005579193062175,1.0003870626301854,1.0005579193062175,1.0003870626301854,False,False,False
oxidation,80.0,EC,TMP,-0.05777640098887282,0.07670104883897189,0.05777640098887282,0.07670104883897189,0.05777640098887282,True,True,True
oxidation,80.0,EMC,GBL,0.36662061432315696,0.3665777746218426,0.36662061432315696,0.3665777746218426,0.3665777746218426,False,False,True
oxidation,80.0,EMC,PC,-0.04947849008813243,-0.04947845446869259,0.04947849008813243,0.04947845446869259,0.04947845446869259,False,True,True
oxidation,80.0,EMC,SL,0.5141974436064229,0.5141939869446359,0.5141974436064229,0.5141939869446359,0.5141939869446359,False,False,True
oxidation,80.0,EMC,SN,-1.0999301239016877,-1.099937155406069,1.0999301239016877,1.099937155406069,1.0999301239016877,False,False,False
oxidation,80.0,EMC,TMP,-0.15731946226037508,-0.022678187260879668,0.15731946226037508,0.022678187260879668,0.022678187260879668,False,False,True
oxidation,80.0,GBL,PC,-0.4160991044112894,-0.4160562290905352,0.4160991044112894,0.4160562290905352,0.4160562290905352,False,False,True
oxidation,80.0,GBL,SL,0.147576829283266,0.14761621232279332,0.147576829283266,0.14761621232279332,0.147576829283266,False,True,True
oxidation,80.0,GBL,SN,-1.4665507382248446,-1.4665149300279117,1.4665507382248446,1.4665149300279117,1.4665149300279117,False,False,False
oxidation,80.0,GBL,TMP,-0.523940076583532,-0.38925596188272227,0.523940076583532,0.38925596188272227,0.38925596188272227,False,False,True
oxidation,80.0,PC,SL,0.5636759336945554,0.5636724414133285,0.5636759336945554,0.5636724414133285,0.5636724414133285,False,False,True
oxidation,80.0,PC,SN,-1.0504516338135552,-1.0504587009373765,1.0504516338135552,1.0504587009373765,1.0504516338135552,False,False,False
oxidation,80.0,PC,TMP,-0.10784097217224264,0.026800267207812922,0.10784097217224264,0.026800267207812922,0.026800267207812922,True,True,True
oxidation,80.0,SL,SN,-1.6141275675081106,-1.614131142350705,1.6141275675081106,1.614131142350705,1.6141275675081106,False,False,False
oxidation,80.0,SL,TMP,-0.671516905866798,-0.5368721742055156,0.671516905866798,0.5368721742055156,0.5368721742055156,False,False,True
oxidation,80.0,SN,TMP,0.9426106616413126,1.0772589681451894,0.9426106616413126,1.0772589681451894,0.9426106616413126,False,False,False
oxidation,200.0,AN,DMC,1.1310439264798795,1.1311193185366282,1.1310439264798795,1.1311193185366282,1.1310439264798795,False,False,False
oxidation,200.0,AN,DME,2.7140075072749257,2.7140208904895973,2.7140075072749257,2.7140208904895973,2.7140075072749257,False,False,False
oxidation,200.0,AN,DMSO,2.9483028342183095,2.9483150564539544,2.9483028342183095,2.9483150564539544,2.9483028342183095,False,False,False
oxidation,200.0,AN,DOL,2.609453366640258,2.6094508168797432,2.609453366640258,2.6094508168797432,2.6094508168797432,False,False,False
oxidation,200.0,AN,EC,1.2119623591188642,1.2120254594389053,1.2119623591188642,1.2120254594389053,1.2119623591188642,False,False,False
oxidation,200.0,AN,EMC,1.3055392067283158,1.3055471617588488,1.3055392067283158,1.3055471617588488,1.3055392067283158,False,False,False
oxidation,200.0,AN,GBL,1.672700812335659,1.67266509053381,1.672700812335659,1.67266509053381,1.67266509053381,False,False,False
oxidation,200.0,AN,PC,1.2598688289190072,1.2598759493490164,1.2598688289190072,1.2598759493490164,1.2598688289190072,False,False,False
oxidation,200.0,AN,SL,1.8204542755149538,1.8204585993518503,1.8204542755149538,1.8204585993518503,1.8204542755149538,False,False,False
oxidation,200.0,AN,SN,0.20811393792448918,0.20811494545361775,0.20811393792448918,0.20811494545361775,0.20811393792448918,False,False,True
oxidation,200.0,AN,TMP,1.1475907720782672,1.2815017953252745,1.1475907720782672,1.2815017953252745,1.1475907720782672,False,False,False
oxidation,200.0,DMC,DME,1.5829635807950462,1.582901571952969,1.5829635807950462,1.582901571952969,1.582901571952969,False,False,False
oxidation,200.0,DMC,DMSO,1.81725890773843,1.8171957379173262,1.81725890773843,1.8171957379173262,1.8171957379173262,False,False,False
oxidation,200.0,DMC,DOL,1.4784094401603785,1.478331498343115,1.4784094401603785,1.478331498343115,1.478331498343115,False,False,False
oxidation,200.0,DMC,EC,0.08091843263898468,0.0809061409022771,0.08091843263898468,0.0809061409022771,0.0809061409022771,False,True,True
oxidation,200.0,DMC,EMC,0.1744952802484363,0.1744278432222206,0.1744952802484363,0.1744278432222206,0.1744278432222206,False,False,True
oxidation,200.0,DMC,GBL,0.5416568858557795,0.5415457719971819,0.5416568858557795,0.5415457719971819,0.5415457719971819,False,False,True
oxidation,200.0,DMC,PC,0.1288249024391277,0.1287566308123882,0.1288249024391277,0.1287566308123882,0.1287566308123882,False,True,True
oxidation,200.0,DMC,SL,0.6894103490350743,0.6893392808152221,0.6894103490350743,0.6893392808152221,0.6893392808152221,False,False,True
oxidation,200.0,DMC,SN,-0.9229299885553903,-0.9230043730830104,0.9229299885553903,0.9230043730830104,0.9229299885553903,False,False,False
oxidation,200.0,DMC,TMP,0.016546845598387705,0.15038247678864636,0.016546845598387705,0.15038247678864636,0.016546845598387705,False,True,True
oxidation,200.0,DME,DMSO,0.23429532694338384,0.23429416596435715,0.23429532694338384,0.23429416596435715,0.23429416596435715,False,False,True
oxidation,200.0,DME,DOL,-0.10455414063466772,-0.10457007360985404,0.10455414063466772,0.10457007360985404,0.10455414063466772,False,True,True
oxidation,200.0,DME,EC,-1.5020451481560615,-1.501995431050692,1.5020451481560615,1.501995431050692,1.501995431050692,False,False,False
oxidation,200.0,DME,EMC,-1.4084683005466099,-1.4084737287307485,1.4084683005466099,1.4084737287307485,1.4084683005466099,False,False,False
oxidation,200.0,DME,GBL,-1.0413066949392666,-1.0413557999557872,1.0413066949392666,1.0413557999557872,1.0413066949392666,False,False,False
oxidation,200.0,DME,PC,-1.4541386783559185,-1.454144941140581,1.4541386783559185,1.454144941140581,1.4541386783559185,False,False,False
oxidation,200.0,DME,SL,-0.8935532317599719,-0.893562291137747,0.8935532317599719,0.893562291137747,0.8935532317599719,False,False,False
oxidation,200.0,DME,SN,-2.5058935693504365,-2.5059059450359795,2.5058935693504365,2.5059059450359795,2.5058935693504365,False,False,False
oxidation,200.0,DME,TMP,-1.5664167351966585,-1.4325190951643227,1.5664167351966585,1.4325190951643227,1.4325190951643227,False,False,False
oxidation,200.0,DMSO,DOL,-0.33884946757805157,-0.3388642395742112,0.33884946757805157,0.3388642395742112,0.33884946757805157,False,False,True
oxidation,200.0,DMSO,EC,-1.7363404750994453,-1.7362895970150491,1.7363404750994453,1.7362895970150491,1.7362895970150491,False,False,False
oxidation,200.0,DMSO,EMC,-1.6427636274899937,-1.6427678946951056,1.6427636274899937,1.6427678946951056,1.6427636274899937,False,False,False
oxidation,200.0,DMSO,GBL,-1.2756020218826505,-1.2756499659201443,1.2756020218826505,1.2756499659201443,1.2756020218826505,False,False,False
oxidation,200.0,DMSO,PC,-1.6884340052993023,-1.688439107104938,1.6884340052993023,1.688439107104938,1.6884340052993023,False,False,False
oxidation,200.0,DMSO,SL,-1.1278485587033558,-1.1278564571021041,1.1278485587033558,1.1278564571021041,1.1278485587033558,False,False,False
oxidation,200.0,DMSO,SN,-2.7401888962938203,-2.7402001110003367,2.7401888962938203,2.7402001110003367,2.7401888962938203,False,False,False
oxidation,200.0,DMSO,TMP,-1.8007120621400423,-1.66681326112868,1.8007120621400423,1.66681326112868,1.66681326112868,False,False,False
oxidation,200.0,DOL,EC,-1.3974910075213938,-1.397425357440838,1.3974910075213938,1.397425357440838,1.397425357440838,False,False,False
oxidation,200.0,DOL,EMC,-1.3039141599119421,-1.3039036551208945,1.3039141599119421,1.3039036551208945,1.3039036551208945,False,False,False
oxidation,200.0,DOL,GBL,-0.9367525543045989,-0.9367857263459332,0.9367525543045989,0.9367857263459332,0.9367525543045989,False,False,False
oxidation,200.0,DOL,PC,-1.3495845377212508,-1.3495748675307269,1.3495845377212508,1.3495748675307269,1.3495748675307269,False,False,False
oxidation,200.0,DOL,SL,-0.7889990911253042,-0.788992217527893,0.7889990911253042,0.788992217527893,0.788992217527893,False,False,False
oxidation,200.0,DOL,SN,-2.4013394287157688,-2.4013358714261255,2.4013394287157688,2.4013358714261255,2.4013358714261255,False,False,False
oxidation,200.0,DOL,TMP,-1.4618625945619907,-1.3279490215544687,1.4618625945619907,1.3279490215544687,1.3279490215544687,False,False,False
oxidation,200.0,EC,EMC,0.09357684760945162,0.0935217023199435,0.09357684760945162,0.0935217023199435,0.0935217023199435,False,True,True
oxidation,200.0,EC,GBL,0.46073845321679485,0.4606396310949048,0.46073845321679485,0.4606396310949048,0.4606396310949048,False,False,True
oxidation,200.0,EC,PC,0.047906469800143014,0.047850489910111094,0.047906469800143014,0.047850489910111094,0.047850489910111094,False,True,True
oxidation,200.0,EC,SL,0.6084919163960896,0.608433139912945,0.6084919163960896,0.608433139912945,0.608433139912945,False,False,True
oxidation,200.0,EC,SN,-1.003848421194375,-1.0039105139852875,1.003848421194375,1.0039105139852875,1.003848421194375,False,False,False
oxidation,200.0,EC,TMP,-0.06437158704059698,0.06947633588636926,0.06437158704059698,0.06947633588636926,0.06437158704059698,True,True,True
oxidation,200.0,EMC,GBL,0.36716160560734323,0.3671179287749613,0.36716160560734323,0.3671179287749613,0.3671179287749613,False,False,True
oxidation,200.0,EMC,PC,-0.045670377809308604,-0.04567121240983241,0.045670377809308604,0.04567121240983241,0.045670377809308604,False,True,True
oxidation,200.0,EMC,SL,0.514915068786638,0.5149114375930015,0.514915068786638,0.5149114375930015,0.5149114375930015,False,False,True
oxidation,200.0,EMC,SN,-1.0974252688038266,-1.097432216305231,1.0974252688038266,1.097432216305231,1.0974252688038266,False,False,False
oxidation,200.0,EMC,TMP,-0.1579484346500486,-0.024045366433574245,0.1579484346500486,0.024045366433574245,0.024045366433574245,False,False,True
oxidation,200.0,GBL,PC,-0.41283198341665184,-0.4127891411847937,0.41283198341665184,0.4127891411847937,0.4127891411847937,False,False,True
oxidation,200.0,GBL,SL,0.14775346317929472,0.1477935088180402,0.14775346317929472,0.1477935088180402,0.14775346317929472,False,True,True
oxidation,200.0,GBL,SN,-1.4645868744111699,-1.4645501450801923,1.4645868744111699,1.4645501450801923,1.4645501450801923,False,False,False
oxidation,200.0,GBL,TMP,-0.5251100402573918,-0.39116329520853554,0.5251100402573918,0.39116329520853554,0.39116329520853554,False,False,True
oxidation,200.0,PC,SL,0.5605854465959466,0.5605826500028339,0.5605854465959466,0.5605826500028339,0.5605826500028339,False,False,True
oxidation,200.0,PC,SN,-1.051754890994518,-1.0517610038953986,1.051754890994518,1.0517610038953986,1.051754890994518,False,False,False
oxidation,200.0,PC,TMP,-0.11227805684073999,0.021625845976258162,0.11227805684073999,0.021625845976258162,0.021625845976258162,True,True,True
oxidation,200.0,SL,SN,-1.6123403375904646,-1.6123436538982325,1.6123403375904646,1.6123436538982325,1.6123403375904646,False,False,False
oxidation,200.0,SL,TMP,-0.6728635034366865,-0.5389568040265758,0.6728635034366865,0.5389568040265758,0.5389568040265758,False,False,True
oxidation,200.0,SN,TMP,0.939476834153778,1.0733868498716568,0.939476834153778,1.0733868498716568,0.939476834153778,False,False,False
oxidation,1000.0,AN,DMC,1.129410844685676,1.1294854467133781,1.129410844685676,1.1294854467133781,1.129410844685676,False,False,False
oxidation,1000.0,AN,DME,2.711802767806729,2.711816214231675,2.711802767806729,2.711816214231675,2.711802767806729,False,False,False
oxidation,1000.0,AN,DMSO,2.9467172892154627,2.946729652655085,2.9467172892154627,2.946729652655085,2.9467172892154627,False,False,False
oxidation,1000.0,AN,DOL,2.6086703892591894,2.6086677075243836,2.6086703892591894,2.6086677075243836,2.6086677075243836,False,False,False
oxidation,1000.0,AN,EC,1.2126822801790542,1.2127074415959687,1.2126822801790542,1.2127074415959687,1.2126822801790542,False,False,False
oxidation,1000.0,AN,EMC,1.3030700750100284,1.3030781535817635,1.3030700750100284,1.3030781535817635,1.3030700750100284,False,False,False
oxidation,1000.0,AN,GBL,1.6705176281502556,1.6704814218224087,1.6705176281502556,1.6704814218224087,1.6704814218224087,False,False,False
oxidation,1000.0,AN,PC,1.2594482368345261,1.259440334621397,1.2594482368345261,1.259440334621397,1.259440334621397,False,False,False
oxidation,1000.0,AN,SL,1.8183674300875854,1.81837166583876,1.8183674300875854,1.81837166583876,1.8183674300875854,False,False,False
oxidation,1000.0,AN,SN,0.20698326860582839,0.2069843840025527,0.20698326860582839,0.2069843840025527,0.20698326860582839,False,False,True
oxidation,1000.0,AN,TMP,1.1447866021291926,1.2783029434252864,1.1447866021291926,1.2783029434252864,1.1447866021291926,False,False,False
oxidation,1000.0,DMC,DME,1.5823919231210528,1.5823307675182967,1.5823919231210528,1.5823307675182967,1.5823307675182967,False,False,False
oxidation,1000.0,DMC,DMSO,1.8173064445297866,1.8172442059417069,1.8173064445297866,1.8172442059417069,1.8172442059417069,False,False,False
oxidation,1000.0,DMC,DOL,1.4792595445735133,1.4791822608110055,1.4792595445735133,1.4791822608110055,1.4791822608110055,False,False,False
oxidation,1000.0,DMC,EC,0.08327143549337812,0.08322199488259052,0.08327143549337812,0.08322199488259052,0.08322199488259052,False,True,True
oxidation,1000.0,DMC,EMC,0.17365923032435227,0.17359270686838535,0.17365923032435227,0.17359270686838535,0.17359270686838535,False,False,True
oxidation,1000.0,DMC,GBL,0.5411067834645795,0.5409959751090305,0.5411067834645795,0.5409959751090305,0.5409959751090305,False,False,True
oxidation,1000.0,DMC,PC,0.13003739214885002,0.1299548879080188,0.13003739214885002,0.1299548879080188,0.1299548879080188,False,True,True
oxidation,1000.0,DMC,SL,0.6889565854019093,0.688886219125382,0.6889565854019093,0.688886219125382,0.688886219125382,False,False,True
oxidation,1000.0,DMC,SN,-0.9224275760798477,-0.9225010627108254,0.9224275760798477,0.9225010627108254,0.9224275760798477,False,False,False
oxidation,1000.0,DMC,TMP,0.015375757443516491,0.14881749671190825,0.015375757443516491,0.14881749671190825,0.015375757443516491,False,True,True
oxidation,1000.0,DME,DMSO,0.2349145214087338,0.23491343842341017,0.2349145214087338,0.23491343842341017,0.23491343842341017,False,False,True
oxidation,1000.0,DME,DOL,-0.10313237854753954,-0.10314850670729125,0.10313237854753954,0.10314850670729125,0.10313237854753954,False,True,True
oxidation,1000.0,DME,EC,-1.4991204876276747,-1.4991087726357062,1.4991204876276747,1.4991087726357062,1.4991087726357062,False,False,False
oxidation,1000.0,DME,EMC,-1.4087326927967005,-1.4087380606499114,1.4087326927967005,1.4087380606499114,1.4087326927967005,False,False,False
oxidation,1000.0,DME,GBL,-1.0412851396564733,-1.0413347924092662,1.0412851396564733,1.0413347924092662,1.0412851396564733,False,False,False
oxidation,1000.0,DME,PC,-1.4523545309722028,-1.452375879610278,1.4523545309722028,1.452375879610278,1.4523545309722028,False,False,False
oxidation,1000.0,DME,SL,-0.8934353377191435,-0.8934445483929148,0.8934353377191435,0.8934445483929148,0.8934353377191435,False,False,False
oxidation,1000.0,DME,SN,-2.5048194992009005,-2.504831830229122,2.5048194992009005,2.504831830229122,2.5048194992009005,False,False,False
oxidation,1000.0,DME,TMP,-1.5670161656775363,-1.4335132708063885,1.5670161656775363,1.4335132708063885,1.4335132708063885,False,False,False
oxidation,1000.0,DMSO,DOL,-0.33804689995627335,-0.3380619451307014,0.33804689995627335,0.3380619451307014,0.33804689995627335,False,False,True
oxidation,1000.0,DMSO,EC,-1.7340350090364085,-1.7340222110591164,1.7340350090364085,1.7340222110591164,1.7340222110591164,False,False,False
oxidation,1000.0,DMSO,EMC,-1.6436472142054344,-1.6436514990733215,1.6436472142054344,1.6436514990733215,1.6436472142054344,False,False,False
oxidation,1000.0,DMSO,GBL,-1.276199661065207,-1.2762482308326764,1.276199661065207,1.2762482308326764,1.276199661065207,False,False,False
oxidation,1000.0,DMSO,PC,-1.6872690523809366,-1.687289318033688,1.6872690523809366,1.687289318033688,1.6872690523809366,False,False,False
oxidation,1000.0,DMSO,SL,-1.1283498591278773,-1.128357986816325,1.1283498591278773,1.128357986816325,1.1283498591278773,False,False,False
oxidation,1000.0,DMSO,SN,-2.7397340206096343,-2.7397452686525323,2.7397340206096343,2.7397452686525323,2.7397340206096343,False,False,False
oxidation,1000.0,DMSO,TMP,-1.8019306870862701,-1.6684267092297986,1.8019306870862701,1.6684267092297986,1.6684267092297986,False,False,False
oxidation,1000.0,DOL,EC,-1.3959881090801352,-1.395960265928415,1.3959881090801352,1.395960265928415,1.395960265928415,False,False,False
oxidation,1000.0,DOL,EMC,-1.305600314249161,-1.30558955394262,1.305600314249161,1.30558955394262,1.30558955394262,False,False,False
oxidation,1000.0,DOL,GBL,-0.9381527611089338,-0.9381862857019749,0.9381527611089338,0.9381862857019749,0.9381527611089338,False,False,False
oxidation,1000.0,DOL,PC,-1.3492221524246633,-1.3492273729029867,1.3492221524246633,1.3492273729029867,1.3492221524246633,False,False,False
oxidation,1000.0,DOL,SL,-0.790302959171604,-0.7902960416856235,0.790302959171604,0.7902960416856235,0.7902960416856235,False,False,False
oxidation,1000.0,DOL,SN,-2.401687120653361,-2.401683323521831,2.401687120653361,2.401683323521831,2.401683323521831,False,False,False
oxidation,1000.0,DOL,TMP,-1.4638837871299968,-1.3303647640990972,1.4638837871299968,1.3303647640990972,1.3303647640990972,False,False,False
oxidation,1000.0,EC,EMC,0.09038779483097414,0.09037071198579483,0.09038779483097414,0.09037071198579483,0.09037071198579483,False,True,True
oxidation,1000.0,EC,GBL,0.4578353479712014,0.45777398022644,0.4578353479712014,0.45777398022644,0.45777398022644,False,False,True
oxidation,1000.0,EC,PC,0.046765956655471896,0.04673289302542827,0.046765956655471896,0.04673289302542827,0.04673289302542827,False,True,True
oxidation,1000.0,EC,SL,0.6056851499085312,0.6056642242427914,0.6056851499085312,0.6056642242427914,0.6056642242427914,False,False,True
oxidation,1000.0,EC,SN,-1.0056990115732258,-1.005723057593416,1.0056990115732258,1.005723057593416,1.0056990115732258,False,False,False
oxidation,1000.0,EC,TMP,-0.06789567804986163,0.06559550182931773,0.06789567804986163,0.06559550182931773,0.06559550182931773,True,True,True
oxidation,1000.0,EMC,GBL,0.36744755314022726,0.3674032682406452,0.36744755314022726,0.3674032682406452,0.3674032682406452,False,False,True
oxidation,1000.0,EMC,PC,-0.04362183817550225,-0.04363781896036656,0.04362183817550225,0.04363781896036656,0.04362183817550225,False,True,True
oxidation,1000.0,EMC,SL,0.515297355077557,0.5152935122569966,0.515297355077557,0.5152935122569966,0.5152935122569966,False,False,True
oxidation,1000.0,EMC,SN,-1.0960868064042,-1.0960937695792108,1.0960868064042,1.0960937695792108,1.0960868064042,False,False,False
oxidation,1000.0,EMC,TMP,-0.15828347288083577,-0.0247752101564771,0.15828347288083577,0.0247752101564771,0.0247752101564771,False,False,True
oxidation,1000.0,GBL,PC,-0.4110693913157295,-0.41104108720101173,0.4110693913157295,0.41104108720101173,0.41104108720101173,False,False,True
oxidation,1000.0,GBL,SL,0.14784980193732977,0.14789024401635142,0.14784980193732977,0.14789024401635142,0.14784980193732977,False,True,True
oxidation,1000.0,GBL,SN,-1.4635343595444272,-1.463497037819856,1.4635343595444272,1.463497037819856,1.463497037819856,False,False,False
oxidation,1000.0,GBL,TMP,-0.525731026021063,-0.3921784783971223,0.525731026021063,0.3921784783971223,0.3921784783971223,False,False,True
oxidation,1000.0,PC,SL,0.5589191932530593,0.5589313312173632,0.5589191932530593,0.5589313312173632,0.5589191932530593,False,False,True
oxidation,1000.0,PC,SN,-1.0524649682286977,-1.0524559506188442,1.0524649682286977,1.0524559506188442,1.0524559506188442,False,False,False
oxidation,1000.0,PC,TMP,-0.11466163470533353,0.018862608803889458,0.11466163470533353,0.018862608803889458,0.018862608803889458,True,True,True
oxidation,1000.0,SL,SN,-1.611384161481757,-1.6113872818362074,1.611384161481757,1.6113872818362074,1.611384161481757,False,False,False
oxidation,1000.0,SL,TMP,-0.6735808279583928,-0.5400687224134737,0.6735808279583928,0.5400687224134737,0.5400687224134737,False,False,True
oxidation,1000.0,SN,TMP,0.9378033335233642,1.0713185594227337,0.9378033335233642,1.0713185594227337,0.9378033335233642,False,False,False
reduction,5.0,AN,DMC,-0.20745504770311762,-0.20745384515106435,0.20745504770311762,0.20745384515106435,0.20745384515106435,False,True,True
reduction,5.0,AN,DME,-0.7317507598758286,-0.7317474570947218,0.7317507598758286,0.7317474570947218,0.7317474570947218,False,False,True
reduction,5.0,AN,DMSO,0.14974857848094625,0.1497503897544913,0.14974857848094625,0.1497503897544913,0.14974857848094625,False,True,True
reduction,5.0,AN,DOL,-0.7512016563194046,-0.7511970149555007,0.7512016563194046,0.7511970149555007,0.7511970149555007,False,False,True
reduction,5.0,AN,EC,0.20765475576765335,0.2076585641103048,0.20765475576765335,0.2076585641103048,0.20765475576765335,False,True,True
reduction,5.0,AN,EMC,-0.22790071718776161,-0.09091579784811321,0.22790071718776161,0.09091579784811321,0.09091579784811321,False,True,True
reduction,5.0,AN,GBL,0.5912923518731077,0.5913013624883837,0.5912923518731077,0.5913013624883837,0.5912923518731077,False,False,True
reduction,5.0,AN,PC,0.03296339277361504,0.11239499412421772,0.03296339277361504,0.11239499412421772,0.03296339277361504,False,True,True
reduction,5.0,AN,SL,-0.2559841221555976,-0.2559799731807899,0.2559841221555976,0.2559799731807899,0.2559799731807899,False,True,True
reduction,5.0,AN,SN,0.9294285693691764,0.9294174029317315,0.9294285693691764,0.9294174029317315,0.9294174029317315,False,False,True
reduction,5.0,AN,TMP,-0.10290853333146499,-0.10290292141672719,0.10290853333146499,0.10290292141672719,0.10290292141672719,False,True,True
reduction,5.0,DMC,DME,-0.524295712172711,-0.5242936119436574,0.524295712172711,0.5242936119436574,0.5242936119436574,False,False,True
reduction,5.0,DMC,DMSO,0.35720362618406387,0.35720423490555564,0.35720362618406387,0.35720423490555564,0.35720362618406387,False,False,True
reduction,5.0,DMC,DOL,-0.543746608616287,-0.5437431698044364,0.543746608616287,0.5437431698044364,0.5437431698044364,False,False,True
reduction,5.0,DMC,EC,0.415109803470771,0.41511240926136916,0.415109803470771,0.41511240926136916,0.415109803470771,False,False,True
reduction,5.0,DMC,EMC,-0.02044566948464399,0.11653804730295114,0.02044566948464399,0.11653804730295114,0.02044566948464399,True,True,True
reduction,5.0,DMC,GBL,0.7987473995762253,0.7987552076394481,0.7987473995762253,0.7987552076394481,0.7987473995762253,False,False,True
reduction,5.0,DMC,PC,0.24041844047673266,0.31984883927528207,0.24041844047673266,0.31984883927528207,0.24041844047673266,False,True,True
reduction,5.0,DMC,SL,-0.04852907445248,-0.04852612802972556,0.04852907445248,0.04852612802972556,0.04852612802972556,False,True,True
reduction,5.0,DMC,SN,1.136883617072294,1.1368712480827958,1.136883617072294,1.1368712480827958,1.1368712480827958,False,False,True
reduction,5.0,DMC,TMP,0.10454651437165263,0.10455092373433716,0.10454651437165263,0.10455092373433716,0.10454651437165263,False,True,True
reduction,5.0,DME,DMSO,0.8814993383567749,0.8814978468492131,0.8814993383567749,0.8814978468492131,0.8814978468492131,False,False,True
reduction,5.0,DME,DOL,-0.019450896443576005,-0.019449557860778954,0.019450896443576005,0.019449557860778954,0.019449557860778954,False,True,True
reduction,5.0,DME,EC,0.939405515643482,0.9394060212050266,0.939405515643482,0.9394060212050266,0.939405515643482,False,False,True
reduction,5.0,DME,EMC,0.503850042688067,0.6408316592466086,0.503850042688067,0.6408316592466086,0.503850042688067,False,False,True
reduction,5.0,DME,GBL,1.3230431117489363,1.3230488195831054,1.3230431117489363,1.3230488195831054,1.3230431117489363,False,False,True
reduction,5.0,DME,PC,0.7647141526494436,0.8441424512189395,0.7647141526494436,0.8441424512189395,0.7647141526494436,False,False,True
reduction,5.0,DME,SL,0.475766637720231,0.47576748391393187,0.475766637720231,0.47576748391393187,0.475766637720231,False,False,True
reduction,5.0,DME,SN,1.661179329245005,1.6611648600264532,1.661179329245005,1.6611648600264532,1.6611648600264532,False,False,True
reduction,5.0,DME,TMP,0.6288422265443636,0.6288445356779946,0.6288422265443636,0.6288445356779946,0.6288422265443636,False,False,True
reduction,5.0,DMSO,DOL,-0.9009502348003509,-0.900947404709992,0.9009502348003509,0.900947404709992,0.900947404709992,False,False,True
reduction,5.0,DMSO,EC,0.057906177286707106,0.057908174355813524,0.057906177286707106,0.057908174355813524,0.057906177286707106,False,True,True
reduction,5.0,DMSO,EMC,-0.37764929566870786,-0.2406661876026045,0.37764929566870786,0.2406661876026045,0.2406661876026045,False,False,True
reduction,5.0,DMSO,GBL,0.44154377339216144,0.44155097273389243,0.44154377339216144,0.44155097273389243,0.44154377339216144,False,False,True
reduction,5.0,DMSO,PC,-0.11678518570733121,-0.03735539563027357,0.11678518570733121,0.03735539563027357,0.03735539563027357,False,True,True
reduction,5.0,DMSO,SL,-0.4057327006365439,-0.4057303629352812,0.4057327006365439,0.4057303629352812,0.4057303629352812,False,False,True
reduction,5.0,DMSO,SN,0.7796799908882301,0.7796670131772402,0.7796799908882301,0.7796670131772402,0.7796670131772402,False,False,True
reduction,5.0,DMSO,TMP,-0.25265711181241124,-0.2526533111712185,0.25265711181241124,0.2526533111712185,0.2526533111712185,False,True,True
reduction,5.0,DOL,EC,0.958856412087058,0.9588555790658055,0.958856412087058,0.9588555790658055,0.9588555790658055,False,False,True
reduction,5.0,DOL,EMC,0.523300939131643,0.6602812171073875,0.523300939131643,0.6602812171073875,0.523300939131643,False,False,True
reduction,5.0,DOL,GBL,1.3424940081925123,1.3424983774438846,1.3424940081925123,1.3424983774438846,1.3424940081925123,False,False,True
reduction,5.0,DOL,PC,0.7841650490930197,0.8635920090797184,0.7841650490930197,0.8635920090797184,0.7841650490930197,False,False,True
reduction,5.0,DOL,SL,0.495217534163807,0.4952170417747108,0.495217534163807,0.4952170417747108,0.4952170417747108,False,False,True
reduction,5.0,DOL,SN,1.680630225688581,1.6806144178872322,1.680630225688581,1.6806144178872322,1.6806144178872322,False,False,True
reduction,5.0,DOL,TMP,0.6482931229879396,0.6482940935387735,0.6482931229879396,0.6482940935387735,0.6482931229879396,False,False,True
reduction,5.0,EC,EMC,-0.43555547295541497,-0.298574361958418,0.43555547295541497,0.298574361958418,0.298574361958418,False,False,True
reduction,5.0,EC,GBL,0.38363759610545434,0.3836427983780789,0.38363759610545434,0.3836427983780789,0.38363759610545434,False,False,True
reduction,5.0,EC,PC,-0.1746913629940383,-0.0952635699860871,0.1746913629940383,0.0952635699860871,0.0952635699860871,False,True,True
reduction,5.0,EC,SL,-0.463638877923251,-0.4636385372910947,0.463638877923251,0.4636385372910947,0.4636385372910947,False,False,True
reduction,5.0,EC,SN,0.721773813601523,0.7217588388214267,0.721773813601523,0.7217588388214267,0.7217588388214267,False,False,True
reduction,5.0,EC,TMP,-0.31056328909911834,-0.310561485527032,0.31056328909911834,0.310561485527032,0.310561485527032,False,False,True
reduction,5.0,EMC,GBL,0.8191930690608693,0.6822171603364969,0.8191930690608693,0.6822171603364969,0.6822171603364969,False,False,True
reduction,5.0,EMC,PC,0.26086410996137666,0.20331079197233093,0.26086410996137666,0.20331079197233093,0.20331079197233093,False,True,True
reduction,5.0,EMC,SL,-0.028083404967836012,-0.1650641753326767,0.028083404967836012,0.1650641753326767,0.028083404967836012,False,True,True
reduction,5.0,EMC,SN,1.157329286556938,1.0203332007798447,1.157329286556938,1.0203332007798447,1.0203332007798447,False,False,True
reduction,5.0,EMC,TMP,0.12499218385629662,-0.011987123568613978,0.12499218385629662,0.011987123568613978,0.011987123568613978,True,True,True
reduction,5.0,GBL,PC,-0.5583289590994926,-0.478906368364166,0.5583289590994926,0.478906368364166,0.478906368364166,False,False,True
reduction,5.0,GBL,SL,-0.8472764740287053,-0.8472813356691736,0.8472764740287053,0.8472813356691736,0.8472764740287053,False,False,True
reduction,5.0,GBL,SN,0.33813621749606865,0.33811604044334775,0.33813621749606865,0.33811604044334775,0.33811604044334775,False,False,True
reduction,5.0,GBL,TMP,-0.6942008852045727,-0.6942042839051109,0.6942008852045727,0.6942042839051109,0.6942008852045727,False,False,True
reduction,5.0,PC,SL,-0.28894751492921267,-0.36837496730500763,0.28894751492921267,0.36837496730500763,0.28894751492921267,False,False,True
reduction,5.0,PC,SN,0.8964651765955614,0.8170224088075138,0.8964651765955614,0.8170224088075138,0.8170224088075138,False,False,True
reduction,5.0,PC,TMP,-0.13587192610508003,-0.2152979155409449,0.13587192610508003,0.2152979155409449,0.13587192610508003,False,True,True
reduction,5.0,SL,SN,1.185412691524774,1.1853973761125214,1.185412691524774,1.1853973761125214,1.1853973761125214,False,False,True
reduction,5.0,SL,TMP,0.15307558882413264,0.15307705176406272,0.15307558882413264,0.15307705176406272,0.15307558882413264,False,True,True
reduction,5.0,SN,TMP,-1.0323371027006414,-1.0323203243484587,1.0323371027006414,1.0323203243484587,1.0323203243484587,False,False,True
reduction,7.0,AN,DMC,-0.2095611672564075,-0.2095606733692471,0.2095611672564075,0.2095606733692471,0.2095606733692471,False,True,True
reduction,7.0,AN,DME,-0.7333287518669107,-0.7333237756380505,0.7333287518669107,0.7333237756380505,0.7333237756380505,False,False,True
reduction,7.0,AN,DMSO,0.12199405010913122,0.12199638832934145,0.12199405010913122,0.12199638832934145,0.12199405010913122,False,True,True
reduction,7.0,AN,DOL,-0.7430389686778744,-0.7430330688679515,0.7430389686778744,0.7430330688679515,0.7430330688679515,False,False,True
reduction,7.0,AN,EC,0.18796540006831042,0.18797152469771483,0.18796540006831042,0.18797152469771483,0.18796540006831042,False,True,True
reduction,7.0,AN,EMC,-0.0646981367079612,-0.06469353509728826,0.0646981367079612,0.06469353509728826,0.06469353509728826,False,True,True
reduction,7.0,AN,GBL,0.5842531949949661,0.5842628533223979,0.5842531949949661,0.5842628533223979,0.5842531949949661,False,False,True
reduction,7.0,AN,PC,0.029843285211798354,0.11612255049511255,0.029843285211798354,0.11612255049511255,0.029843285211798354,False,True,True
reduction,7.0,AN,SL,-0.2844024339274922,-0.28439712670296624,0.2844024339274922,0.28439712670296624,0.28439712670296624,False,True,True
reduction,7.0,AN,SN,0.889202709747303,0.8891940107038998,0.889202709747303,0.8891940107038998,0.8891940107038998,False,False,True
reduction,7.0,AN,TMP,-0.13529649265915533,-0.13529152179300985,0.13529649265915533,0.13529152179300985,0.13529152179300985,False,True,True
reduction,7.0,DMC,DME,-0.5237675846105032,-0.5237631022688034,0.5237675846105032,0.5237631022688034,0.5237631022688034,False,False,True
reduction,7.0,DMC,DMSO,0.3315552173655387,0.33155706169858856,0.3315552173655387,0.33155706169858856,0.3315552173655387,False,False,True
reduction,7.0,DMC,DOL,-0.533477801421467,-0.5334723954987044,0.533477801421467,0.5334723954987044,0.5334723954987044,False,False,True
reduction,7.0,DMC,EC,0.3975265673247179,0.39753219806696194,0.3975265673247179,0.39753219806696194,0.3975265673247179,False,False,True
reduction,7.0,DMC,EMC,0.1448630305484463,0.14486713827195885,0.1448630305484463,0.14486713827195885,0.1448630305484463,False,True,True
reduction,7.0,DMC,GBL,0.7938143622513736,0.7938235266916449,0.7938143622513736,0.7938235266916449,0.7938143622513736,False,False,True
reduction,7.0,DMC,PC,0.23940445246820585,0.32568322386435966,0.23940445246820585,0.32568322386435966,0.23940445246820585,False,True,True
reduction,7.0,DMC,SL,-0.0748412666710847,-0.07483645333371913,0.0748412666710847,0.07483645333371913,0.07483645333371913,False,True,True
reduction,7.0,DMC,SN,1.0987638770037105,1.0987546840731468,1.0987638770037105,1.0987546840731468,1.0987546840731468,False,False,True
reduction,7.0,DMC,TMP,0.07426467459725217,0.07426915157623726,0.07426467459725217,0.07426915157623726,0.07426467459725217,False,True,True
reduction,7.0,DME,DMSO,0.8553228019760419,0.855320163967392,0.8553228019760419,0.855320163967392,0.855320163967392,False,False,True
reduction,7.0,DME,DOL,-0.009710216810963734,-0.009709293229900995,0.009710216810963734,0.009709293229900995,0.009709293229900995,False,True,True
reduction,7.0,DME,EC,0.9212941519352211,0.9212953003357653,0.9212941519352211,0.9212953003357653,0.9212941519352211,False,False,True
reduction,7.0,DME,EMC,0.6686306151589495,0.6686302405407623,0.6686306151589495,0.6686302405407623,0.6686302405407623,False,False,True
reduction,7.0,DME,GBL,1.3175819468618768,1.3175866289604483,1.3175819468618768,1.3175866289604483,1.3175819468618768,False,False,True
reduction,7.0,DME,PC,0.7631720370787091,0.8494463261331631,0.7631720370787091,0.8494463261331631,0.7631720370787091,False,False,True
reduction,7.0,DME,SL,0.4489263179394185,0.44892664893508427,0.4489263179394185,0.44892664893508427,0.4489263179394185,False,False,True
reduction,7.0,DME,SN,1.6225314616142137,1.6225177863419502,1.6225314616142137,1.6225177863419502,1.6225177863419502,False,False,True
reduction,7.0,DME,TMP,0.5980322592077554,0.5980322538450407,0.5980322592077554,0.5980322538450407,0.5980322538450407,False,False,True
reduction,7.0,DMSO,DOL,-0.8650330187870057,-0.865029457197293,0.8650330187870057,0.865029457197293,0.865029457197293,False,False,True
reduction,7.0,DMSO,EC,0.06597134995917919,0.06597513636837338,0.06597134995917919,0.06597513636837338,0.06597134995917919,False,True,True
reduction,7.0,DMSO,EMC,-0.18669218681709243,-0.1866899234266297,0.18669218681709243,0.1866899234266297,0.1866899234266297,False,True,True
reduction,7.0,DMSO,GBL,0.4622591448858348,0.4622664649930564,0.4622591448858348,0.4622664649930564,0.4622591448858348,False,False,True
reduction,7.0,DMSO,PC,-0.09215076489733287,-0.005873837834228901,0.09215076489733287,0.005873837834228901,0.005873837834228901,False,True,True
reduction,7.0,DMSO,SL,-0.40639648403662343,-0.4063935150323077,0.40639648403662343,0.4063935150323077,0.4063935150323077,False,False,True
reduction,7.0,DMSO,SN,0.7672086596381718,0.7671976223745584,0.7672086596381718,0.7671976223745584,0.7671976223745584,False,False,True
reduction,7.0,DMSO,TMP,-0.25729054276828656,-0.2572879101223513,0.25729054276828656,0.2572879101223513,0.2572879101223513,False,True,True
reduction,7.0,DOL,EC,0.9310043687461849,0.9310045935656663,0.9310043687461849,0.9310045935656663,0.9310043687461849,False,False,True
reduction,7.0,DOL,EMC,0.6783408319699132,0.6783395337706632,0.6783408319699132,0.6783395337706632,0.6783395337706632,False,False,True
reduction,7.0,DOL,GBL,1.3272921636728405,1.3272959221903493,1.3272921636728405,1.3272959221903493,1.3272921636728405,False,False,True
reduction,7.0,DOL,PC,0.7728822538896728,0.8591556193630641,0.7728822538896728,0.8591556193630641,0.7728822538896728,False,False,True
reduction,7.0,DOL,SL,0.45863653475038224,0.45863594216498527,0.45863653475038224,0.45863594216498527,0.45863594216498527,False,False,True
reduction,7.0,DOL,SN,1.6322416784251774,1.6322270795718512,1.6322416784251774,1.6322270795718512,1.6322270795718512,False,False,True
reduction,7.0,DOL,TMP,0.6077424760187191,0.6077415470749417,0.6077424760187191,0.6077415470749417,0.6077415470749417,False,False,True
reduction,7.0,EC,EMC,-0.2526635367762716,-0.2526650597950031,0.2526635367762716,0.2526650597950031,0.2526635367762716,False,True,True
reduction,7.0,EC,GBL,0.3962877949266556,0.396291328624683,0.3962877949266556,0.396291328624683,0.3962877949266556,False,False,True
reduction,7.0,EC,PC,-0.15812211485651206,-0.07184897420260228,0.15812211485651206,0.07184897420260228,0.07184897420260228,False,True,True
reduction,7.0,EC,SL,-0.4723678339958026,-0.47236865140068107,0.4723678339958026,0.47236865140068107,0.4723678339958026,False,False,True
reduction,7.0,EC,SN,0.7012373096789926,0.701222486006185,0.7012373096789926,0.701222486006185,0.701222486006185,False,False,True
reduction,7.0,EC,TMP,-0.32326189272746575,-0.3232630464907247,0.32326189272746575,0.3232630464907247,0.32326189272746575,False,False,True
reduction,7.0,EMC,GBL,0.6489513317029272,0.6489563884196861,0.6489513317029272,0.6489563884196861,0.6489513317029272,False,False,True
reduction,7.0,EMC,PC,0.09454142191975956,0.1808160855924008,0.09454142191975956,0.1808160855924008,0.09454142191975956,False,True,True
reduction,7.0,EMC,SL,-0.219704297219531,-0.21970359160567798,0.219704297219531,0.21970359160567798,0.21970359160567798,False,True,True
reduction,7.0,EMC,SN,0.9539008464552642,0.9538875458011881,0.9539008464552642,0.9538875458011881,0.9538875458011881,False,False,True
reduction,7.0,EMC,TMP,-0.07059835595119412,-0.07059798669572159,0.07059835595119412,0.07059798669572159,0.07059798669572159,False,True,True
reduction,7.0,GBL,PC,-0.5544099097831676,-0.4681403028272853,0.5544099097831676,0.4681403028272853,0.4681403028272853,False,False,True
reduction,7.0,GBL,SL,-0.8686556289224583,-0.868659980025364,0.8686556289224583,0.868659980025364,0.8686556289224583,False,False,True
reduction,7.0,GBL,SN,0.30494951475233695,0.3049311573815019,0.30494951475233695,0.3049311573815019,0.3049311573815019,False,False,True
reduction,7.0,GBL,TMP,-0.7195496876541214,-0.7195543751154077,0.7195496876541214,0.7195543751154077,0.7195496876541214,False,False,True
reduction,7.0,PC,SL,-0.31424571913929056,-0.4005196771980788,0.31424571913929056,0.4005196771980788,0.31424571913929056,False,False,True
reduction,7.0,PC,SN,0.8593594245355046,0.7730714602087873,0.8593594245355046,0.7730714602087873,0.7730714602087873,False,False,True
reduction,7.0,PC,TMP,-0.16513977787095369,-0.2514140722881224,0.16513977787095369,0.2514140722881224,0.16513977787095369,False,True,True
reduction,7.0,SL,SN,1.1736051436747952,1.173591137406866,1.1736051436747952,1.173591137406866,1.173591137406866,False,False,True
reduction,7.0,SL,TMP,0.14910594126833687,0.1491056049099564,0.14910594126833687,0.1491056049099564,0.1491056049099564,False,True,True
reduction,7.0,SN,TMP,-1.0244992024064583,-1.0244855324969095,1.0244992024064583,1.0244855324969095,1.0244855324969095,False,False,True
reduction,10.0,AN,DMC,-0.2116071316324427,-0.21160765697508843,0.2116071316324427,0.21160765697508843,0.2116071316324427,False,True,True
reduction,10.0,AN,DME,-0.7317242419457487,-0.731719493640774,0.7317242419457487,0.731719493640774,0.731719493640774,False,False,True
reduction,10.0,AN,DMSO,0.10065565757314388,0.10065897736350726,0.10065565757314388,0.10065897736350726,0.10065565757314388,False,True,True
reduction,10.0,AN,DOL,-0.7369096794370803,-0.7369046647597053,0.7369096794370803,0.7369046647597053,0.7369046647597053,False,False,True
reduction,10.0,AN,EC,0.17881783240964189,0.1788263656822041,0.17881783240964189,0.1788263656822041,0.17881783240964189,False,True,True
reduction,10.0,AN,EMC,-0.04022864217633626,-0.040224362804961,0.04022864217633626,0.040224362804961,0.040224362804961,False,True,True
reduction,10.0,AN,GBL,0.5787026408907178,0.5787124709209234,0.5787026408907178,0.5787124709209234,0.5787026408907178,False,False,True
reduction,10.0,AN,PC,0.033018429950361305,0.12346963294471613,0.033018429950361305,0.12346963294471613,0.033018429950361305,False,True,True
reduction,10.0,AN,SL,-0.3039898941450131,-0.30398595540424744,0.3039898941450131,0.30398595540424744,0.30398595540424744,False,False,True
reduction,10.0,AN,SN,0.8582268982604541,0.8582183106461277,0.8582268982604541,0.8582183106461277,0.8582183106461277,False,False,True
reduction,10.0,AN,TMP,-0.15990308882243454,-0.15989718326928704,0.15990308882243454,0.15989718326928704,0.15989718326928704,False,True,True
reduction,10.0,DMC,DME,-0.520117110313306,-0.5201118366656856,0.520117110313306,0.5201118366656856,0.5201118366656856,False,False,True
reduction,10.0,DMC,DMSO,0.3122627892055866,0.3122666343385957,0.3122627892055866,0.3122666343385957,0.3122627892055866,False,False,True
reduction,10.0,DMC,DOL,-0.5253025478046376,-0.5252970077846169,0.5253025478046376,0.5252970077846169,0.5252970077846169,False,False,True
reduction,10.0,DMC,EC,0.3904249640420846,0.39043402265729255,0.3904249640420846,0.39043402265729255,0.3904249640420846,False,False,True
reduction,10.0,DMC,EMC,0.17137848945610645,0.17138329417012743,0.17137848945610645,0.17138329417012743,0.17137848945610645,False,True,True
reduction,10.0,DMC,GBL,0.7903097725231605,0.7903201278960118,0.7903097725231605,0.7903201278960118,0.7903097725231605,False,False,True
reduction,10.0,DMC,PC,0.24462556158280402,0.33507728991980457,0.24462556158280402,0.33507728991980457,0.24462556158280402,False,True,True
reduction,10.0,DMC,SL,-0.09238276251257038,-0.09237829842915901,0.09238276251257038,0.09237829842915901,0.09237829842915901,False,True,True
reduction,10.0,DMC,SN,1.0698340298928968,1.0698259676212163,1.0698340298928968,1.0698259676212163,1.0698259676212163,False,False,True
reduction,10.0,DMC,TMP,0.05170404281000818,0.051710473705801396,0.05170404281000818,0.051710473705801396,0.05170404281000818,False,True,True
reduction,10.0,DME,DMSO,0.8323798995188926,0.8323784710042813,0.8323798995188926,0.8323784710042813,0.8323784710042813,False,False,True
reduction,10.0,DME,DOL,-0.0051854374913316015,-0.005185171118931242,0.0051854374913316015,0.005185171118931242,0.005185171118931242,False,True,True
reduction,10.0,DME,EC,0.9105420743553906,0.9105458593229782,0.9105420743553906,0.9105458593229782,0.9105420743553906,False,False,True
reduction,10.0,DME,EMC,0.6914955997694124,0.691495130835813,0.6914955997694124,0.691495130835813,0.691495130835813,False,False,True
reduction,10.0,DME,GBL,1.3104268828364665,1.3104319645616973,1.3104268828364665,1.3104319645616973,1.3104268828364665,False,False,True
reduction,10.0,DME,PC,0.76474267189611,0.8551891265854902,0.76474267189611,0.8551891265854902,0.76474267189611,False,False,True
reduction,10.0,DME,SL,0.4277343478007356,0.4277335382365266,0.4277343478007356,0.4277335382365266,0.4277335382365266,False,False,True
reduction,10.0,DME,SN,1.5899511402062028,1.589937804286902,1.5899511402062028,1.589937804286902,1.589937804286902,False,False,True
reduction,10.0,DME,TMP,0.5718211531233142,0.571822310371487,0.5718211531233142,0.571822310371487,0.5718211531233142,False,False,True
reduction,10.0,DMSO,DOL,-0.8375653370102242,-0.8375636421232125,0.8375653370102242,0.8375636421232125,0.8375636421232125,False,False,True
reduction,10.0,DMSO,EC,0.07816217483649801,0.07816738831869685,0.07816217483649801,0.07816738831869685,0.07816217483649801,False,True,True
reduction,10.0,DMSO,EMC,-0.14088429974948014,-0.14088334016846826,0.14088429974948014,0.14088334016846826,0.14088334016846826,False,True,True
reduction,10.0,DMSO,GBL,0.4780469833175739,0.4780534935574161,0.4780469833175739,0.4780534935574161,0.4780469833175739,False,False,True
reduction,10.0,DMSO,PC,-0.06763722762278257,0.022810655581208872,0.06763722762278257,0.022810655581208872,0.022810655581208872,True,True,True
reduction,10.0,DMSO,SL,-0.40464555171815697,-0.4046449327677547,0.40464555171815697,0.4046449327677547,0.4046449327677547,False,False,True
reduction,10.0,DMSO,SN,0.7575712406873102,0.7575593332826205,0.7575712406873102,0.7575593332826205,0.7575593332826205,False,False,True
reduction,10.0,DMSO,TMP,-0.2605587463955784,-0.2605561606327943,0.2605587463955784,0.2605561606327943,0.2605561606327943,False,True,True
reduction,10.0,DOL,EC,0.9157275118467222,0.9157310304419094,0.9157275118467222,0.9157310304419094,0.9157275118467222,False,False,True
reduction,10.0,DOL,EMC,0.696681037260744,0.6966803019547443,0.696681037260744,0.6966803019547443,0.6966803019547443,False,False,True
reduction,10.0,DOL,GBL,1.315612320327798,1.3156171356806285,1.315612320327798,1.3156171356806285,1.315612320327798,False,False,True
reduction,10.0,DOL,PC,0.7699281093874416,0.8603742977044214,0.7699281093874416,0.8603742977044214,0.7699281093874416,False,False,True
reduction,10.0,DOL,SL,0.4329197852920672,0.43291870935545784,0.4329197852920672,0.43291870935545784,0.43291870935545784,False,False,True
reduction,10.0,DOL,SN,1.5951365776975344,1.5951229754058331,1.5951365776975344,1.5951229754058331,1.5951229754058331,False,False,True
reduction,10.0,DOL,TMP,0.5770065906146458,0.5770074814904183,0.5770065906146458,0.5770074814904183,0.5770065906146458,False,False,True
reduction,10.0,EC,EMC,-0.21904647458597815,-0.21905072848716511,0.21904647458597815,0.21905072848716511,0.21904647458597815,False,True,True
reduction,10.0,EC,GBL,0.3998848084810759,0.39988610523871926,0.3998848084810759,0.39988610523871926,0.3998848084810759,False,False,True
reduction,10.0,EC,PC,-0.14579940245928058,-0.05535673273748798,0.14579940245928058,0.05535673273748798,0.05535673273748798,False,True,True
reduction,10.0,EC,SL,-0.482807726554655,-0.48281232108645156,0.482807726554655,0.48281232108645156,0.482807726554655,False,False,True
reduction,10.0,EC,SN,0.6794090658508122,0.6793919449639236,0.6794090658508122,0.6793919449639236,0.6793919449639236,False,False,True
reduction,10.0,EC,TMP,-0.3387209212320764,-0.33872354895149115,0.3387209212320764,0.33872354895149115,0.3387209212320764,False,False,True
reduction,10.0,EMC,GBL,0.618931283067054,0.6189368337258844,0.618931283067054,0.6189368337258844,0.618931283067054,False,False,True
reduction,10.0,EMC,PC,0.07324707212669757,0.16369399574967713,0.07324707212669757,0.16369399574967713,0.07324707212669757,False,True,True
reduction,10.0,EMC,SL,-0.26376125196867684,-0.26376159259928644,0.26376125196867684,0.26376159259928644,0.26376125196867684,False,True,True
reduction,10.0,EMC,SN,0.8984555404367903,0.8984426734510887,0.8984555404367903,0.8984426734510887,0.8984426734510887,False,False,True
reduction,10.0,EMC,TMP,-0.11967444664609828,-0.11967282046432604,0.11967444664609828,0.11967282046432604,0.11967282046432604,False,True,True
reduction,10.0,GBL,PC,-0.5456842109403565,-0.45524283797620724,0.5456842109403565,0.45524283797620724,0.45524283797620724,False,False,True
reduction,10.0,GBL,SL,-0.8826925350357309,-0.8826984263251708,0.8826925350357309,0.8826984263251708,0.8826925350357309,False,False,True
reduction,10.0,GBL,SN,0.2795242573697363,0.27950583972520443,0.2795242573697363,0.27950583972520443,0.27950583972520443,False,True,True
reduction,10.0,GBL,TMP,-0.7386057297131523,-0.7386096541902104,0.7386057297131523,0.7386096541902104,0.7386057297131523,False,False,True
reduction,10.0,PC,SL,-0.3370083240953744,-0.4274555883489636,0.3370083240953744,0.4274555883489636,0.3370083240953744,False,False,True
reduction,10.0,PC,SN,0.8252084683100928,0.7347486777014116,0.8252084683100928,0.7347486777014116,0.7347486777014116,False,False,True
reduction,10.0,PC,TMP,-0.19292151877279584,-0.28336681621400317,0.19292151877279584,0.28336681621400317,0.19292151877279584,False,True,True
reduction,10.0,SL,SN,1.1622167924054672,1.1622042660503753,1.1622167924054672,1.1622042660503753,1.1622042660503753,False,False,True
reduction,10.0,SL,TMP,0.14408680532257856,0.1440887721349604,0.14408680532257856,0.1440887721349604,0.14408680532257856,False,True,True
reduction,10.0,SN,TMP,-1.0181299870828886,-1.018115493915415,1.0181299870828886,1.018115493915415,1.018115493915415,False,False,True
reduction,14.0,AN,DMC,-0.21319439097548398,-0.21319495275504663,0.21319439097548398,0.21319495275504663,0.21319439097548398,False,True,True
reduction,14.0,AN,DME,-0.7291986785213606,-0.7291956857026933,0.7291986785213606,0.7291956857026933,0.7291956857026933,False,False,True
reduction,14.0,AN,DMSO,0.08619479599808111,0.08619756625403097,0.08619479599808111,0.08619756625403097,0.08619479599808111,False,True,True
reduction,14.0,AN,DOL,-0.7328157532616891,-0.7328112507839002,0.7328157532616891,0.7328112507839002,0.7328112507839002,False,False,True
reduction,14.0,AN,EC,0.1758704389466037,0.1758784354194598,0.1758704389466037,0.1758784354194598,0.1758704389466037,False,True,True
reduction,14.0,AN,EMC,-0.021565094568600673,-0.021559038100739558,0.021565094568600673,0.021559038100739558,0.021559038100739558,False,True,True
reduction,14.0,AN,GBL,0.574880141407149,0.5748848395087918,0.574880141407149,0.5748848395087918,0.574880141407149,False,False,True
reduction,14.0,AN,PC,0.03830355126693108,0.1308825843376763,0.03830355126693108,0.1308825843376763,0.03830355126693108,False,True,True
reduction,14.0,AN,SL,-0.31616882704376137,-0.31616653290778896,0.31616882704376137,0.31616653290778896,0.31616653290778896,False,False,True
reduction,14.0,AN,SN,0.8371957718807728,0.8371851945175155,0.8371957718807728,0.8371851945175155,0.8371851945175155,False,False,True
reduction,14.0,AN,TMP,-0.17645562367342515,-0.17645148133588562,0.17645562367342515,0.17645148133588562,0.17645148133588562,False,True,True
reduction,14.0,DMC,DME,-0.5160042875458766,-0.5160007329476467,0.5160042875458766,0.5160007329476467,0.5160007329476467,False,False,True
reduction,14.0,DMC,DMSO,0.2993891869735651,0.2993925190090776,0.2993891869735651,0.2993925190090776,0.2993891869735651,False,False,True
reduction,14.0,DMC,DOL,-0.5196213622862051,-0.5196162980288536,0.5196213622862051,0.5196162980288536,0.5196162980288536,False,False,True
reduction,14.0,DMC,EC,0.3890648299220877,0.38907338817450643,0.3890648299220877,0.38907338817450643,0.3890648299220877,False,False,True
reduction,14.0,DMC,EMC,0.1916292964068833,0.19163591465430707,0.1916292964068833,0.19163591465430707,0.1916292964068833,False,True,True
reduction,14.0,DMC,GBL,0.788074532382633,0.7880797922638384,0.788074532382633,0.7880797922638384,0.788074532382633,False,False,True
reduction,14.0,DMC,PC,0.25149794224241506,0.34407753709272293,0.25149794224241506,0.34407753709272293,0.25149794224241506,False,True,True
reduction,14.0,DMC,SL,-0.10297443606827739,-0.10297158015274233,0.10297443606827739,0.10297158015274233,0.10297158015274233,False,True,True
reduction,14.0,DMC,SN,1.0503901628562566,1.0503801472725622,1.0503901628562566,1.0503801472725622,1.0503801472725622,False,False,True
reduction,14.0,DMC,TMP,0.03673876730205883,0.03674347141916101,0.03673876730205883,0.03674347141916101,0.03673876730205883,False,True,True
reduction,14.0,DME,DMSO,0.8153934745194417,0.8153932519567243,0.8153934745194417,0.8153932519567243,0.8153932519567243,False,False,True
reduction,14.0,DME,DOL,-0.003617074740328574,-0.003615565081206862,0.003617074740328574,0.003615565081206862,0.003615565081206862,False,True,True
reduction,14.0,DME,EC,0.9050691174679643,0.9050741211221531,0.9050691174679643,0.9050741211221531,0.9050691174679643,False,False,True
reduction,14.0,DME,EMC,0.7076335839527599,0.7076366476019538,0.7076335839527599,0.7076366476019538,0.7076335839527599,False,False,True
reduction,14.0,DME,GBL,1.3040788199285096,1.304080525211485,1.3040788199285096,1.304080525211485,1.3040788199285096,False,False,True
reduction,14.0,DME,PC,0.7675022297882916,0.8600782700403696,0.7675022297882916,0.8600782700403696,0.7675022297882916,False,False,True
reduction,14.0,DME,SL,0.4130298514775992,0.4130291527949044,0.4130298514775992,0.4130291527949044,0.4130291527949044,False,False,True
reduction,14.0,DME,SN,1.5663944504021332,1.5663808802202088,1.5663944504021332,1.5663808802202088,1.5663808802202088,False,False,True
reduction,14.0,DME,TMP,0.5527430548479354,0.5527442043668077,0.5527430548479354,0.5527442043668077,0.5527430548479354,False,False,True
reduction,14.0,DMSO,DOL,-0.8190105492597702,-0.8190088170379312,0.8190105492597702,0.8190088170379312,0.8190088170379312,False,False,True
reduction,14.0,DMSO,EC,0.0896756429485226,0.08968086916542883,0.0896756429485226,0.08968086916542883,0.0896756429485226,False,True,True
reduction,14.0,DMSO,EMC,-0.10775989056668178,-0.10775660435477052,0.10775989056668178,0.10775660435477052,0.10775660435477052,False,True,True
reduction,14.0,DMSO,GBL,0.48868534540906794,0.4886872732547608,0.48868534540906794,0.4886872732547608,0.48868534540906794,False,False,True
reduction,14.0,DMSO,PC,-0.04789124473115003,0.044685018083645334,0.04789124473115003,0.044685018083645334,0.044685018083645334,True,True,True
reduction,14.0,DMSO,SL,-0.4023636230418425,-0.4023640991618199,0.4023636230418425,0.4023640991618199,0.4023636230418425,False,False,True
reduction,14.0,DMSO,SN,0.7510009758826917,0.7509876282634845,0.7510009758826917,0.7509876282634845,0.7509876282634845,False,False,True
reduction,14.0,DMSO,TMP,-0.26265041967150626,-0.2626490475899166,0.26265041967150626,0.2626490475899166,0.2626490475899166,False,True,True
reduction,14.0,DOL,EC,0.9086861922082928,0.90868968620336,0.9086861922082928,0.90868968620336,0.9086861922082928,False,False,True
reduction,14.0,DOL,EMC,0.7112506586930885,0.7112522126831606,0.7112506586930885,0.7112522126831606,0.7112506586930885,False,False,True
reduction,14.0,DOL,GBL,1.3076958946688382,1.307696090292692,1.3076958946688382,1.307696090292692,1.3076958946688382,False,False,True
reduction,14.0,DOL,PC,0.7711193045286202,0.8636938351215765,0.7711193045286202,0.8636938351215765,0.7711193045286202,False,False,True
reduction,14.0,DOL,SL,0.41664692621792776,0.41664471787611124,0.41664692621792776,0.41664471787611124,0.41664471787611124,False,False,True
reduction,14.0,DOL,SN,1.5700115251424618,1.5699964453014157,1.5700115251424618,1.5699964453014157,1.5699964453014157,False,False,True
reduction,14.0,DOL,TMP,0.556360129588264,0.5563597694480146,0.556360129588264,0.5563597694480146,0.5563597694480146,False,False,True
reduction,14.0,EC,EMC,-0.19743553351520438,-0.19743747352019936,0.19743553351520438,0.19743747352019936,0.19743553351520438,False,True,True
reduction,14.0,EC,GBL,0.39900970246054535,0.39900640408933197,0.39900970246054535,0.39900640408933197,0.39900640408933197,False,False,True
reduction,14.0,EC,PC,-0.13756688767967262,-0.0449958510817835,0.13756688767967262,0.0449958510817835,0.0449958510817835,False,True,True
reduction,14.0,EC,SL,-0.49203926599036507,-0.49204496832724876,0.49203926599036507,0.49204496832724876,0.49203926599036507,False,False,True
reduction,14.0,EC,SN,0.6613253329341691,0.6613067590980557,0.6613253329341691,0.6613067590980557,0.6613067590980557,False,False,True
reduction,14.0,EC,TMP,-0.35232606262002886,-0.3523299167553454,0.35232606262002886,0.3523299167553454,0.35232606262002886,False,False,True
reduction,14.0,EMC,GBL,0.5964452359757497,0.5964438776095313,0.5964452359757497,0.5964438776095313,0.5964438776095313,False,False,True
reduction,14.0,EMC,PC,0.05986864583553175,0.15244162243841586,0.05986864583553175,0.15244162243841586,0.05986864583553175,False,True,True
reduction,14.0,EMC,SL,-0.2946037324751607,-0.2946074948070494,0.2946037324751607,0.2946074948070494,0.2946037324751607,False,False,True
reduction,14.0,EMC,SN,0.8587608664493734,0.858744232618255,0.8587608664493734,0.858744232618255,0.858744232618255,False,False,True
reduction,14.0,EMC,TMP,-0.15489052910482448,-0.15489244323514606,0.15489052910482448,0.15489244323514606,0.15489052910482448,False,True,True
reduction,14.0,GBL,PC,-0.536576590140218,-0.44400225517111547,0.536576590140218,0.44400225517111547,0.44400225517111547,False,False,True
reduction,14.0,GBL,SL,-0.8910489684509104,-0.8910513724165807,0.8910489684509104,0.8910513724165807,0.8910489684509104,False,False,True
reduction,14.0,GBL,SN,0.26231563047362366,0.2623003550087238,0.26231563047362366,0.2623003550087238,0.2623003550087238,False,True,True
reduction,14.0,GBL,TMP,-0.7513357650805742,-0.7513363208446774,0.7513357650805742,0.7513363208446774,0.7513357650805742,False,False,True
reduction,14.0,PC,SL,-0.35447237831069245,-0.44704911724546526,0.35447237831069245,0.44704911724546526,0.35447237831069245,False,False,True
reduction,14.0,PC,SN,0.7988922206138417,0.7063026101798392,0.7988922206138417,0.7063026101798392,0.7063026101798392,False,False,True
reduction,14.0,PC,TMP,-0.21475917494035623,-0.3073340656735619,0.21475917494035623,0.3073340656735619,0.21475917494035623,False,True,True
reduction,14.0,SL,SN,1.153364598924534,1.1533517274253045,1.153364598924534,1.1533517274253045,1.1533517274253045,False,False,True
reduction,14.0,SL,TMP,0.13971320337033621,0.13971505157190334,0.13971320337033621,0.13971505157190334,0.13971320337033621,False,True,True
reduction,14.0,SN,TMP,-1.013651395554198,-1.0136366758534012,1.013651395554198,1.0136366758534012,1.0136366758534012,False,False,True
reduction,20.0,AN,DMC,-0.21450693902113094,-0.21450742049840943,0.21450693902113094,0.21450742049840943,0.21450693902113094,False,True,True
reduction,20.0,AN,DME,-0.726497527692119,-0.7264938680600078,0.726497527692119,0.7264938680600078,0.7264938680600078,False,False,True
reduction,20.0,AN,DMSO,0.07522701109633323,0.07523113647566004,0.07522701109633323,0.07523113647566004,0.07522701109633323,False,True,True
reduction,20.0,AN,DOL,-0.7297435983653523,-0.7297364767102866,0.7297435983653523,0.7297364767102866,0.7297364767102866,False,False,True
reduction,20.0,AN,EC,0.17550547058251093,0.1755144771691769,0.17550547058251093,0.1755144771691769,0.17550547058251093,False,True,True
reduction,20.0,AN,EMC,-0.24830747460746483,-0.006313622326262425,0.24830747460746483,0.006313622326262425,0.006313622326262425,False,True,True
reduction,20.0,AN,GBL,0.5719473813024154,0.5719527445315027,0.5719473813024154,0.5719527445315027,0.5719473813024154,False,False,True
reduction,20.0,AN,PC,0.044079523569565016,0.13788892393113583,0.044079523569565016,0.13788892393113583,0.044079523569565016,False,True,True
reduction,20.0,AN,SL,-0.3248246948598691,-0.32482087144144633,0.3248246948598691,0.32482087144144633,0.32482087144144633,False,False,True
reduction,20.0,AN,SN,0.8212199877522693,0.8212096379285208,0.8212199877522693,0.8212096379285208,0.8212096379285208,False,False,True
reduction,20.0,AN,TMP,-0.18895108053443488,-0.18894614137126087,0.18895108053443488,0.18894614137126087,0.18894614137126087,False,True,True
reduction,20.0,DMC,DME,-0.511990588670988,-0.5119864475615984,0.511990588670988,0.5119864475615984,0.5119864475615984,False,False,True
reduction,20.0,DMC,DMSO,0.28973395011746417,0.28973855697406947,0.28973395011746417,0.28973855697406947,0.28973395011746417,False,False,True
reduction,20.0,DMC,DOL,-0.5152366593442214,-0.5152290562118772,0.5152366593442214,0.5152290562118772,0.5152290562118772,False,False,True
reduction,20.0,DMC,EC,0.39001240960364186,0.3900218976675863,0.39001240960364186,0.3900218976675863,0.39001240960364186,False,False,True
reduction,20.0,DMC,EMC,-0.03380053558633389,0.208193798172147,0.03380053558633389,0.208193798172147,0.03380053558633389,True,True,True
reduction,20.0,DMC,GBL,0.7864543203235463,0.7864601650299121,0.7864543203235463,0.7864601650299121,0.7864543203235463,False,False,True
reduction,20.0,DMC,PC,0.25858646259069595,0.35239634442954526,0.25858646259069595,0.35239634442954526,0.25858646259069595,False,True,True
reduction,20.0,DMC,SL,-0.11031775583873815,-0.1103134509430369,0.11031775583873815,0.1103134509430369,0.1103134509430369,False,True,True
reduction,20.0,DMC,SN,1.0357269267734004,1.0357170584269302,1.0357269267734004,1.0357170584269302,1.0357170584269302,False,False,True
reduction,20.0,DMC,TMP,0.02555585848669606,0.025561279127148562,0.02555585848669606,0.025561279127148562,0.02555585848669606,False,True,True
reduction,20.0,DME,DMSO,0.8017245387884522,0.8017250045356679,0.8017245387884522,0.8017250045356679,0.8017245387884522,False,False,True
reduction,20.0,DME,DOL,-0.0032460706732333477,-0.003242608650278811,0.0032460706732333477,0.003242608650278811,0.003242608650278811,False,True,True
reduction,20.0,DME,EC,0.9020029982746298,0.9020083452291847,0.9020029982746298,0.9020083452291847,0.9020029982746298,False,False,True
reduction,20.0,DME,EMC,0.4781900530846541,0.7201802457337454,0.4781900530846541,0.7201802457337454,0.4781900530846541,False,False,True
reduction,20.0,DME,GBL,1.2984449089945345,1.2984466125915106,1.2984449089945345,1.2984466125915106,1.2984449089945345,False,False,True
reduction,20.0,DME,PC,0.770577051261684,0.8643827919911437,0.770577051261684,0.8643827919911437,0.770577051261684,False,False,True
reduction,20.0,DME,SL,0.40167283283224986,0.4016729966185615,0.40167283283224986,0.4016729966185615,0.40167283283224986,False,False,True
reduction,20.0,DME,SN,1.5477175154443883,1.5477035059885287,1.5477175154443883,1.5477035059885287,1.5477035059885287,False,False,True
reduction,20.0,DME,TMP,0.5375464471576841,0.537547726688747,0.5375464471576841,0.537547726688747,0.5375464471576841,False,False,True
reduction,20.0,DMSO,DOL,-0.8049706094616855,-0.8049676131859467,0.8049706094616855,0.8049676131859467,0.8049676131859467,False,False,True
reduction,20.0,DMSO,EC,0.1002784594861777,0.10028334069351685,0.1002784594861777,0.10028334069351685,0.1002784594861777,False,True,True
reduction,20.0,DMSO,EMC,-0.32353448570379806,-0.08154475880192247,0.32353448570379806,0.08154475880192247,0.08154475880192247,False,False,True
reduction,20.0,DMSO,GBL,0.4967203702060822,0.49672160805584264,0.4967203702060822,0.49672160805584264,0.4967203702060822,False,False,True
reduction,20.0,DMSO,PC,-0.031147487526768214,0.06265778745547579,0.031147487526768214,0.06265778745547579,0.031147487526768214,True,True,True
reduction,20.0,DMSO,SL,-0.4000517059562023,-0.4000520079171064,0.4000517059562023,0.4000520079171064,0.4000517059562023,False,False,True
reduction,20.0,DMSO,SN,0.7459929766559361,0.7459785014528607,0.7459929766559361,0.7459785014528607,0.7459785014528607,False,False,True
reduction,20.0,DMSO,TMP,-0.2641780916307681,-0.2641772778469209,0.2641780916307681,0.2641772778469209,0.2641772778469209,False,True,True
reduction,20.0,DOL,EC,0.9052490689478632,0.9052509538794635,0.9052490689478632,0.9052509538794635,0.9052490689478632,False,False,True
reduction,20.0,DOL,EMC,0.48143612375788747,0.7234228543840242,0.48143612375788747,0.7234228543840242,0.48143612375788747,False,False,True
reduction,20.0,DOL,GBL,1.3016909796677678,1.3016892212417894,1.3016909796677678,1.3016892212417894,1.3016892212417894,False,False,True
reduction,20.0,DOL,PC,0.7738231219349173,0.8676254006414225,0.7738231219349173,0.8676254006414225,0.7738231219349173,False,False,True
reduction,20.0,DOL,SL,0.4049189035054832,0.4049156052688403,0.4049189035054832,0.4049156052688403,0.4049156052688403,False,False,True
reduction,20.0,DOL,SN,1.5509635861176216,1.5509461146388075,1.5509635861176216,1.5509461146388075,1.5509461146388075,False,False,True
reduction,20.0,DOL,TMP,0.5407925178309174,0.5407903353390258,0.5407925178309174,0.5407903353390258,0.5407903353390258,False,False,True
reduction,20.0,EC,EMC,-0.42381294518997575,-0.18182809949543932,0.42381294518997575,0.18182809949543932,0.18182809949543932,False,False,True
reduction,20.0,EC,GBL,0.39644191071990453,0.3964382673623258,0.39644191071990453,0.3964382673623258,0.3964382673623258,False,False,True
reduction,20.0,EC,PC,-0.1314259470129459,-0.037625553238041065,0.1314259470129459,0.037625553238041065,0.037625553238041065,False,True,True
reduction,20.0,EC,SL,-0.50033016544238,-0.5003353486106232,0.50033016544238,0.5003353486106232,0.50033016544238,False,False,True
reduction,20.0,EC,SN,0.6457145171697585,0.6456951607593439,0.6457145171697585,0.6456951607593439,0.6456951607593439,False,False,True
reduction,20.0,EC,TMP,-0.3644565511169458,-0.36446061854043776,0.3644565511169458,0.36446061854043776,0.3644565511169458,False,False,True
reduction,20.0,EMC,GBL,0.8202548559098802,0.5782663668577651,0.8202548559098802,0.5782663668577651,0.5782663668577651,False,False,True
reduction,20.0,EMC,PC,0.29238699817702984,0.14420254625739826,0.29238699817702984,0.14420254625739826,0.14420254625739826,False,False,True
reduction,20.0,EMC,SL,-0.07651722025240426,-0.3185072491151839,0.07651722025240426,0.3185072491151839,0.07651722025240426,False,True,True
reduction,20.0,EMC,SN,1.0695274623597342,0.8275232602547832,1.0695274623597342,0.8275232602547832,0.8275232602547832,False,False,True
reduction,20.0,EMC,TMP,0.05935639407302995,-0.18263251904499844,0.05935639407302995,0.18263251904499844,0.05935639407302995,True,True,True
reduction,20.0,GBL,PC,-0.5278678577328504,-0.43406382060036686,0.5278678577328504,0.43406382060036686,0.43406382060036686,False,False,True
reduction,20.0,GBL,SL,-0.8967720761622845,-0.896773615972949,0.8967720761622845,0.896773615972949,0.8967720761622845,False,False,True
reduction,20.0,GBL,SN,0.24927260644985394,0.2492568933970181,0.24927260644985394,0.2492568933970181,0.2492568933970181,False,True,True
reduction,20.0,GBL,TMP,-0.7608984618368503,-0.7608988859027636,0.7608984618368503,0.7608988859027636,0.7608984618368503,False,False,True
reduction,20.0,PC,SL,-0.3689042184294341,-0.46270979537258217,0.3689042184294341,0.46270979537258217,0.3689042184294341,False,False,True
reduction,20.0,PC,SN,0.7771404641827043,0.6833207139973849,0.7771404641827043,0.6833207139973849,0.6833207139973849,False,False,True
reduction,20.0,PC,TMP,-0.2330306041039999,-0.3268350653023967,0.2330306041039999,0.3268350653023967,0.2330306041039999,False,True,True
reduction,20.0,SL,SN,1.1460446826121384,1.1460305093699672,1.1460446826121384,1.1460305093699672,1.1460305093699672,False,False,True
reduction,20.0,SL,TMP,0.1358736143254342,0.13587473007018547,0.1358736143254342,0.13587473007018547,0.1358736143254342,False,True,True
reduction,20.0,SN,TMP,-1.0101710682867042,-1.0101557792997817,1.0101710682867042,1.0101557792997817,1.0101557792997817,False,False,True
reduction,28.0,AN,DMC,-0.21544012015070035,-0.21544043808915325,0.21544012015070035,0.21544043808915325,0.21544012015070035,False,True,True
reduction,28.0,AN,DME,-0.7242972737218427,-0.7242924785058745,0.7242972737218427,0.7242924785058745,0.7242924785058745,False,False,True
reduction,28.0,AN,DMSO,0.06785896580934891,0.06786397403661704,0.06785896580934891,0.06786397403661704,0.06785896580934891,False,True,True
reduction,28.0,AN,DOL,-0.727687589670164,-0.7276841497144636,0.727687589670164,0.7276841497144636,0.7276841497144636,False,False,True
reduction,28.0,AN,EC,0.1761722617911825,0.1762142045509938,0.1761722617911825,0.1762142045509938,0.1761722617911825,False,True,True
reduction,28.0,AN,EMC,0.004439724418829671,0.004442061304161582,0.004439724418829671,0.004442061304161582,0.004439724418829671,False,True,True
reduction,28.0,AN,GBL,0.5699620818020646,0.569967699536593,0.5699620818020646,0.569967699536593,0.5699620818020646,False,False,True
reduction,28.0,AN,PC,0.04882519931670415,0.1432858892970757,0.04882519931670415,0.1432858892970757,0.04882519931670415,False,True,True
reduction,28.0,AN,SL,-0.3303603396247641,-0.33035564966464126,0.3303603396247641,0.33035564966464126,0.33035564966464126,False,False,True
reduction,28.0,AN,SN,0.8104740007624481,0.8104637837304687,0.8104740007624481,0.8104637837304687,0.8104637837304687,False,False,True
reduction,28.0,AN,TMP,-0.19731907261697723,-0.19731191534401915,0.19731907261697723,0.19731191534401915,0.19731191534401915,False,True,True
reduction,28.0,DMC,DME,-0.5088571535711424,-0.5088520404167213,0.5088571535711424,0.5088520404167213,0.5088520404167213,False,False,True
reduction,28.0,DMC,DMSO,0.28329908596004927,0.2833044121257703,0.28329908596004927,0.2833044121257703,0.28329908596004927,False,True,True
reduction,28.0,DMC,DOL,-0.5122474695194636,-0.5122437116253103,0.5122474695194636,0.5122437116253103,0.5122437116253103,False,False,True
reduction,28.0,DMC,EC,0.39161238194188286,0.39165464264014704,0.39161238194188286,0.39165464264014704,0.39161238194188286,False,False,True
reduction,28.0,DMC,EMC,0.21987984456953003,0.21988249939331483,0.21987984456953003,0.21988249939331483,0.21987984456953003,False,True,True
reduction,28.0,DMC,GBL,0.785402201952765,0.7854081376257462,0.785402201952765,0.7854081376257462,0.785402201952765,False,False,True
reduction,28.0,DMC,PC,0.2642653194674045,0.35872632738622895,0.2642653194674045,0.35872632738622895,0.2642653194674045,False,True,True
reduction,28.0,DMC,SL,-0.11492021947406372,-0.11491521157548801,0.11492021947406372,0.11491521157548801,0.11491521157548801,False,True,True
reduction,28.0,DMC,SN,1.0259141209131486,1.025904221819622,1.0259141209131486,1.025904221819622,1.025904221819622,False,False,True
reduction,28.0,DMC,TMP,0.018121047533723122,0.0181285227451341,0.018121047533723122,0.0181285227451341,0.018121047533723122,False,True,True
reduction,28.0,DME,DMSO,0.7921562395311916,0.7921564525424916,0.7921562395311916,0.7921564525424916,0.7921562395311916,False,False,True
reduction,28.0,DME,DOL,-0.0033903159483212875,-0.0033916712085890754,0.0033903159483212875,0.0033916712085890754,0.0033903159483212875,False,True,True
reduction,28.0,DME,EC,0.9004695355130252,0.9005066830568683,0.9004695355130252,0.9005066830568683,0.9004695355130252,False,False,True
reduction,28.0,DME,EMC,0.7287369981406724,0.7287345398100361,0.7287369981406724,0.7287345398100361,0.7287345398100361,False,False,True
reduction,28.0,DME,GBL,1.2942593555239075,1.2942601780424676,1.2942593555239075,1.2942601780424676,1.2942593555239075,False,False,True
reduction,28.0,DME,PC,0.7731224730385469,0.8675783678029503,0.7731224730385469,0.8675783678029503,0.7731224730385469,False,False,True
reduction,28.0,DME,SL,0.39393693409707864,0.39393682884123327,0.39393693409707864,0.39393682884123327,0.39393682884123327,False,False,True
reduction,28.0,DME,SN,1.534771274484291,1.5347562622363433,1.534771274484291,1.5347562622363433,1.5347562622363433,False,False,True
reduction,28.0,DME,TMP,0.5269782011048655,0.5269805631618554,0.5269782011048655,0.5269805631618554,0.5269782011048655,False,False,True
reduction,28.0,DMSO,DOL,-0.7955465554795129,-0.7955481237510806,0.7955465554795129,0.7955481237510806,0.7955465554795129,False,False,True
reduction,28.0,DMSO,EC,0.10831329598183359,0.10835023051437676,0.10831329598183359,0.10835023051437676,0.10831329598183359,False,True,True
reduction,28.0,DMSO,EMC,-0.06341924139051924,-0.06342191273245545,0.06341924139051924,0.06342191273245545,0.06341924139051924,False,True,True
reduction,28.0,DMSO,GBL,0.5021031159927157,0.502103725499976,0.5021031159927157,0.502103725499976,0.5021031159927157,False,False,True
reduction,28.0,DMSO,PC,-0.019033766492644766,0.07542191526045866,0.019033766492644766,0.07542191526045866,0.019033766492644766,True,True,True
reduction,28.0,DMSO,SL,-0.398219305434113,-0.3982196237012583,0.398219305434113,0.3982196237012583,0.398219305434113,False,False,True
reduction,28.0,DMSO,SN,0.7426150349530992,0.7425998096938516,0.7426150349530992,0.7425998096938516,0.7425998096938516,False,False,True
reduction,28.0,DMSO,TMP,-0.26517803842632615,-0.2651758893806362,0.26517803842632615,0.2651758893806362,0.2651758893806362,False,True,True
reduction,28.0,DOL,EC,0.9038598514613465,0.9038983542654574,0.9038598514613465,0.9038983542654574,0.9038598514613465,False,False,True
reduction,28.0,DOL,EMC,0.7321273140889937,0.7321262110186252,0.7321273140889937,0.7321262110186252,0.7321262110186252,False,False,True
reduction,28.0,DOL,GBL,1.2976496714722288,1.2976518492510567,1.2976496714722288,1.2976518492510567,1.2976496714722288,False,False,True
reduction,28.0,DOL,PC,0.7765127889868682,0.8709700390115394,0.7765127889868682,0.8709700390115394,0.7765127889868682,False,False,True
reduction,28.0,DOL,SL,0.3973272500453999,0.39732850004982234,0.3973272500453999,0.39732850004982234,0.3973272500453999,False,False,True
reduction,28.0,DOL,SN,1.5381615904326122,1.5381479334449324,1.5381615904326122,1.5381479334449324,1.5381479334449324,False,False,True
reduction,28.0,DOL,TMP,0.5303685170531868,0.5303722343704445,0.5303685170531868,0.5303722343704445,0.5303685170531868,False,False,True
reduction,28.0,EC,EMC,-0.17173253737235283,-0.1717721432468322,0.17173253737235283,0.1717721432468322,0.17173253737235283,False,True,True
reduction,28.0,EC,GBL,0.39378982001088214,0.3937534949855992,0.39378982001088214,0.3937534949855992,0.3937534949855992,False,False,True
reduction,28.0,EC,PC,-0.12734706247447836,-0.032928315253918095,0.12734706247447836,0.032928315253918095,0.032928315253918095,False,True,True
reduction,28.0,EC,SL,-0.5065326014159466,-0.506569854215635,0.5065326014159466,0.506569854215635,0.5065326014159466,False,False,True
reduction,28.0,EC,SN,0.6343017389712656,0.6342495791794749,0.6343017389712656,0.6342495791794749,0.6342495791794749,False,False,True
reduction,28.0,EC,TMP,-0.37349133440815974,-0.37352611989501294,0.37349133440815974,0.37352611989501294,0.37349133440815974,False,False,True
reduction,28.0,EMC,GBL,0.565522357383235,0.5655256382324314,0.565522357383235,0.5655256382324314,0.565522357383235,False,False,True
reduction,28.0,EMC,PC,0.04438547489787448,0.13884382799291412,0.04438547489787448,0.13884382799291412,0.04438547489787448,False,True,True
reduction,28.0,EMC,SL,-0.33480006404359375,-0.33479771096880284,0.33480006404359375,0.33479771096880284,0.33479771096880284,False,False,True
reduction,28.0,EMC,SN,0.8060342763436185,0.8060217224263071,0.8060342763436185,0.8060217224263071,0.8060217224263071,False,False,True
reduction,28.0,EMC,TMP,-0.2017587970358069,-0.20175397664818073,0.2017587970358069,0.20175397664818073,0.20175397664818073,False,True,True
reduction,28.0,GBL,PC,-0.5211368824853605,-0.4266818102395173,0.5211368824853605,0.4266818102395173,0.4266818102395173,False,False,True
reduction,28.0,GBL,SL,-0.9003224214268287,-0.9003233492012342,0.9003224214268287,0.9003233492012342,0.9003224214268287,False,False,True
reduction,28.0,GBL,SN,0.2405119189603835,0.24049608419387572,0.2405119189603835,0.24049608419387572,0.24049608419387572,False,True,True
reduction,28.0,GBL,TMP,-0.7672811544190419,-0.7672796148806121,0.7672811544190419,0.7672796148806121,0.7672796148806121,False,False,True
reduction,28.0,PC,SL,-0.3791855389414682,-0.47364153896171696,0.3791855389414682,0.47364153896171696,0.3791855389414682,False,False,True
reduction,28.0,PC,SN,0.761648801445744,0.667177894433393,0.761648801445744,0.667177894433393,0.667177894433393,False,False,True
reduction,28.0,PC,TMP,-0.24614427193368138,-0.34059780464109485,0.24614427193368138,0.34059780464109485,0.24614427193368138,False,True,True
reduction,28.0,SL,SN,1.140834340387212,1.14081943339511,1.140834340387212,1.14081943339511,1.14081943339511,False,False,True
reduction,28.0,SL,TMP,0.13304126700778685,0.1330437343206221,0.13304126700778685,0.1330437343206221,0.13304126700778685,False,True,True
reduction,28.0,SN,TMP,-1.0077930733794254,-1.007775699074488,1.0077930733794254,1.007775699074488,1.007775699074488,False,False,True
reduction,40.0,AN,DMC,-0.21617229501571056,-0.21617112340251543,0.21617229501571056,0.21617112340251543,0.21617112340251543,False,True,True
reduction,40.0,AN,DME,-0.7224337217998035,-0.7224289368954993,0.7224337217998035,0.7224289368954993,0.7224289368954993,False,False,True
reduction,40.0,AN,DMSO,0.06230250533756898,0.062309897962863015,0.06230250533756898,0.062309897962863015,0.06230250533756898,False,True,True
reduction,40.0,AN,DOL,-0.7261484356752949,-0.7261434144944487,0.7261484356752949,0.7261434144944487,0.7261434144944487,False,False,True
reduction,40.0,AN,EC,0.17724472200718216,0.17725475438435656,0.17724472200718216,0.17725475438435656,0.17724472200718216,False,True,True
reduction,40.0,AN,EMC,-0.2508168479657694,0.01281943244384176,0.2508168479657694,0.01281943244384176,0.01281943244384176,True,True,True
reduction,40.0,AN,GBL,0.5684557781552494,0.5684632174208488,0.5684557781552494,0.5684632174208488,0.5684557781552494,False,False,True
reduction,40.0,AN,PC,0.052860077819077644,0.14772752828087443,0.052860077819077644,0.14772752828087443,0.052860077819077644,False,True,True
reduction,40.0,AN,SL,-0.3343881716591275,-0.3343829642155899,0.3343881716591275,0.3343829642155899,0.3343829642155899,False,False,True
reduction,40.0,AN,SN,0.8023628496885306,0.8023541478152783,0.8023628496885306,0.8023541478152783,0.8023541478152783,False,False,True
reduction,40.0,AN,TMP,-0.20361665502775628,-0.2036079107601323,0.20361665502775628,0.2036079107601323,0.2036079107601323,False,True,True
reduction,40.0,DMC,DME,-0.5062614267840929,-0.5062578134929838,0.5062614267840929,0.5062578134929838,0.5062578134929838,False,False,True
reduction,40.0,DMC,DMSO,0.27847480035327954,0.27848102136537844,0.27847480035327954,0.27848102136537844,0.27847480035327954,False,True,True
reduction,40.0,DMC,DOL,-0.5099761406595843,-0.5099722910919333,0.5099761406595843,0.5099722910919333,0.5099722910919333,False,False,True
reduction,40.0,DMC,EC,0.3934170170228927,0.393425877786872,0.3934170170228927,0.393425877786872,0.3934170170228927,False,False,True
reduction,40.0,DMC,EMC,-0.03464455295005886,0.2289905558463572,0.03464455295005886,0.2289905558463572,0.03464455295005886,True,True,True
reduction,40.0,DMC,GBL,0.78462807317096,0.7846343408233643,0.78462807317096,0.7846343408233643,0.78462807317096,False,False,True
reduction,40.0,DMC,PC,0.2690323728347882,0.36389865168338986,0.2690323728347882,0.36389865168338986,0.2690323728347882,False,True,True
reduction,40.0,DMC,SL,-0.11821587664341693,-0.11821184081307445,0.11821587664341693,0.11821184081307445,0.11821184081307445,False,True,True
reduction,40.0,DMC,SN,1.018535144704241,1.0185252712177937,1.018535144704241,1.0185252712177937,1.0185252712177937,False,False,True
reduction,40.0,DMC,TMP,0.012555639987954281,0.012563212642383137,0.012555639987954281,0.012563212642383137,0.012555639987954281,False,True,True
reduction,40.0,DME,DMSO,0.7847362271373725,0.7847388348583623,0.7847362271373725,0.7847388348583623,0.7847362271373725,False,False,True
reduction,40.0,DME,DOL,-0.003714713875491382,-0.003714477598949495,0.003714713875491382,0.003714477598949495,0.003714477598949495,False,True,True
reduction,40.0,DME,EC,0.8996784438069856,0.8996836912798558,0.8996784438069856,0.8996836912798558,0.8996784438069856,False,False,True
reduction,40.0,DME,EMC,0.47161687383403406,0.735248369339341,0.47161687383403406,0.735248369339341,0.47161687383403406,False,False,True
reduction,40.0,DME,GBL,1.2908894999550529,1.290892154316348,1.2908894999550529,1.290892154316348,1.2908894999550529,False,False,True
reduction,40.0,DME,PC,0.7752937996188811,0.8701564651763737,0.7752937996188811,0.8701564651763737,0.7752937996188811,False,False,True
reduction,40.0,DME,SL,0.388045550140676,0.38804597267990937,0.388045550140676,0.38804597267990937,0.388045550140676,False,False,True
reduction,40.0,DME,SN,1.524796571488334,1.5247830847107775,1.524796571488334,1.5247830847107775,1.5247830847107775,False,False,True
reduction,40.0,DME,TMP,0.5188170667720472,0.518821026135367,0.5188170667720472,0.518821026135367,0.5188170667720472,False,False,True
reduction,40.0,DMSO,DOL,-0.7884509410128638,-0.7884533124573118,0.7884509410128638,0.7884533124573118,0.7884509410128638,False,False,True
reduction,40.0,DMSO,EC,0.11494221666961318,0.11494485642149355,0.11494221666961318,0.11494485642149355,0.11494221666961318,False,True,True
reduction,40.0,DMSO,EMC,-0.3131193533033384,-0.049490465519021254,0.3131193533033384,0.049490465519021254,0.049490465519021254,False,False,True
reduction,40.0,DMSO,GBL,0.5061532728176804,0.5061533194579858,0.5061532728176804,0.5061533194579858,0.5061532728176804,False,False,True
reduction,40.0,DMSO,PC,-0.009442427518491336,0.08541763031801142,0.009442427518491336,0.08541763031801142,0.009442427518491336,True,True,True
reduction,40.0,DMSO,SL,-0.39669067699669647,-0.3966928621784529,0.39669067699669647,0.3966928621784529,0.39669067699669647,False,False,True
reduction,40.0,DMSO,SN,0.7400603443509616,0.7400442498524152,0.7400603443509616,0.7400442498524152,0.7400442498524152,False,False,True
reduction,40.0,DMSO,TMP,-0.26591916036532526,-0.2659178087229953,0.26591916036532526,0.2659178087229953,0.2659178087229953,False,True,True
reduction,40.0,DOL,EC,0.903393157682477,0.9033981688788053,0.903393157682477,0.9033981688788053,0.903393157682477,False,False,True
reduction,40.0,DOL,EMC,0.47533158770952544,0.7389628469382905,0.47533158770952544,0.7389628469382905,0.47533158770952544,False,False,True
reduction,40.0,DOL,GBL,1.2946042138305442,1.2946066319152976,1.2946042138305442,1.2946066319152976,1.2946042138305442,False,False,True
reduction,40.0,DOL,PC,0.7790085134943725,0.8738709427753232,0.7790085134943725,0.8738709427753232,0.7790085134943725,False,False,True
reduction,40.0,DOL,SL,0.39176026401616737,0.39176045027885886,0.39176026401616737,0.39176045027885886,0.39176026401616737,False,False,True
reduction,40.0,DOL,SN,1.5285112853638254,1.528497562309727,1.5285112853638254,1.528497562309727,1.528497562309727,False,False,True
reduction,40.0,DOL,TMP,0.5225317806475386,0.5225355037343165,0.5225317806475386,0.5225355037343165,0.5225317806475386,False,False,True
reduction,40.0,EC,EMC,-0.4280615699729516,-0.1644353219405148,0.4280615699729516,0.1644353219405148,0.1644353219405148,False,False,True
reduction,40.0,EC,GBL,0.39121105614806717,0.3912084630364922,0.39121105614806717,0.3912084630364922,0.3912084630364922,False,False,True
reduction,40.0,EC,PC,-0.12438464418810452,-0.02952722610348213,0.12438464418810452,0.02952722610348213,0.02952722610348213,False,True,True
reduction,40.0,EC,SL,-0.5116328936663097,-0.5116377185999464,0.5116328936663097,0.5116377185999464,0.5116328936663097,False,False,True
reduction,40.0,EC,SN,0.6251181276813484,0.6250993934309217,0.6251181276813484,0.6250993934309217,0.6250993934309217,False,False,True
reduction,40.0,EC,TMP,-0.38086137703493844,-0.38086266514448885,0.38086137703493844,0.38086266514448885,0.38086137703493844,False,False,True
reduction,40.0,EMC,GBL,0.8192726261210188,0.5556437849770071,0.8192726261210188,0.5556437849770071,0.5556437849770071,False,False,True
reduction,40.0,EMC,PC,0.30367692578484706,0.13490809583703267,0.30367692578484706,0.13490809583703267,0.13490809583703267,False,False,True
reduction,40.0,EMC,SL,-0.08357132369335807,-0.34720239665943164,0.08357132369335807,0.34720239665943164,0.08357132369335807,False,True,True
reduction,40.0,EMC,SN,1.0531796976543,0.7895347153714365,1.0531796976543,0.7895347153714365,0.7895347153714365,False,False,True
reduction,40.0,EMC,TMP,0.04720019293801314,-0.21642734320397405,0.04720019293801314,0.21642734320397405,0.04720019293801314,True,True,True
reduction,40.0,GBL,PC,-0.5155957003361717,-0.42073568913997433,0.5155957003361717,0.42073568913997433,0.42073568913997433,False,False,True
reduction,40.0,GBL,SL,-0.9028439498143769,-0.9028461816364387,0.9028439498143769,0.9028461816364387,0.9028439498143769,False,False,True
reduction,40.0,GBL,SN,0.2339070715332812,0.23389093039442943,0.2339070715332812,0.23389093039442943,0.23389093039442943,False,True,True
reduction,40.0,GBL,TMP,-0.7720724331830057,-0.7720711281809811,0.7720724331830057,0.7720711281809811,0.7720711281809811,False,False,True
reduction,40.0,PC,SL,-0.38724824947820513,-0.4821104924964643,0.38724824947820513,0.4821104924964643,0.38724824947820513,False,False,True
reduction,40.0,PC,SN,0.7495027718694529,0.6546266195344038,0.7495027718694529,0.6546266195344038,0.6546266195344038,False,False,True
reduction,40.0,PC,TMP,-0.2564767328468339,-0.3513354390410067,0.2564767328468339,0.3513354390410067,0.2564767328468339,False,True,True
reduction,40.0,SL,SN,1.1367510213476582,1.136737112030868,1.1367510213476582,1.136737112030868,1.136737112030868,False,False,True
reduction,40.0,SL,TMP,0.1307715166313712,0.1307750534554576,0.1307715166313712,0.1307750534554576,0.1307715166313712,False,True,True
reduction,40.0,SN,TMP,-1.005979504716287,-1.0059620585754105,1.005979504716287,1.0059620585754105,1.0059620585754105,False,False,True
reduction,80.0,AN,DMC,-0.21705757942558368,-0.21705773044934573,0.21705757942558368,0.21705773044934573,0.21705757942558368,False,True,True
reduction,80.0,AN,DME,-0.7200192670352588,-0.7200169782326125,0.7200192670352588,0.7200169782326125,0.7200169782326125,False,False,True
reduction,80.0,AN,DMSO,0.05579168609635771,0.05579872644063316,0.05579168609635771,0.05579872644063316,0.05579168609635771,False,True,True
reduction,80.0,AN,DOL,-0.7243485431320598,-0.7243444027836901,0.7243485431320598,0.7243444027836901,0.7243444027836901,False,False,True
reduction,80.0,AN,EC,0.17903552154082625,0.1790434933888137,0.17903552154082625,0.1790434933888137,0.17903552154082625,False,True,True
reduction,80.0,AN,EMC,-0.2521659787818884,0.022928131733222834,0.2521659787818884,0.022928131733222834,0.022928131733222834,True,True,True
reduction,80.0,AN,GBL,0.5666842284722321,0.5666907111220126,0.5666842284722321,0.5666907111220126,0.5666842284722321,False,False,True
reduction,80.0,AN,PC,0.0580902828574158,0.15334565372437448,0.0580902828574158,0.15334565372437448,0.0580902828574158,False,True,True
reduction,80.0,AN,SL,-0.3389462550492972,-0.3389419929284776,0.3389462550492972,0.3389419929284776,0.3389419929284776,False,False,True
reduction,80.0,AN,SN,0.792848380950787,0.7928381054958428,0.792848380950787,0.7928381054958428,0.7928381054958428,False,False,True
reduction,80.0,AN,TMP,-0.21098260218158538,-0.2109752543729334,0.21098260218158538,0.2109752543729334,0.2109752543729334,False,True,True
reduction,80.0,DMC,DME,-0.5029616876096751,-0.5029592477832667,0.5029616876096751,0.5029592477832667,0.5029592477832667,False,False,True
reduction,80.0,DMC,DMSO,0.2728492655219414,0.2728564568899789,0.2728492655219414,0.2728564568899789,0.2728492655219414,False,True,True
reduction,80.0,DMC,DOL,-0.5072909637064761,-0.5072866723343443,0.5072909637064761,0.5072866723343443,0.5072866723343443,False,False,True
reduction,80.0,DMC,EC,0.39609310096640993,0.39610122383815943,0.39609310096640993,0.39610122383815943,0.39609310096640993,False,False,True
reduction,80.0,DMC,EMC,-0.03510839935630472,0.23998586218256857,0.03510839935630472,0.23998586218256857,0.03510839935630472,True,True,True
reduction,80.0,DMC,GBL,0.7837418078978158,0.7837484415713584,0.7837418078978158,0.7837484415713584,0.7837418078978158,False,False,True
reduction,80.0,DMC,PC,0.2751478622829995,0.3704033841737202,0.2751478622829995,0.3704033841737202,0.2751478622829995,False,True,True
reduction,80.0,DMC,SL,-0.12188867562371353,-0.12188426247913187,0.12188867562371353,0.12188426247913187,0.12188426247913187,False,True,True
reduction,80.0,DMC,SN,1.0099059603763707,1.0098958359451886,1.0099059603763707,1.0098958359451886,1.0098958359451886,False,False,True
reduction,80.0,DMC,TMP,0.006074977243998303,0.006082476076412324,0.006074977243998303,0.006082476076412324,0.006074977243998303,False,True,True
reduction,80.0,DME,DMSO,0.7758109531316164,0.7758157046732457,0.7758109531316164,0.7758157046732457,0.7758109531316164,False,False,True
reduction,80.0,DME,DOL,-0.004329276096801005,-0.004327424551077597,0.004329276096801005,0.004327424551077597,0.004327424551077597,False,True,True
reduction,80.0,DME,EC,0.899054788576085,0.8990604716214261,0.899054788576085,0.8990604716214261,0.899054788576085,False,False,True
reduction,80.0,DME,EMC,0.46785328825337036,0.7429451099658353,0.46785328825337036,0.7429451099658353,0.46785328825337036,False,False,True
reduction,80.0,DME,GBL,1.286703495507491,1.2867076893546252,1.286703495507491,1.2867076893546252,1.286703495507491,False,False,True
reduction,80.0,DME,PC,0.7781095498926746,0.8733626319569869,0.7781095498926746,0.8733626319569869,0.7781095498926746,False,False,True
reduction,80.0,DME,SL,0.38107301198596155,0.38107498530413486,0.38107301198596155,0.38107498530413486,0.38107301198596155,False,False,True
reduction,80.0,DME,SN,1.5128676479860457,1.5128550837284553,1.5128676479860457,1.5128550837284553,1.5128550837284553,False,False,True
reduction,80.0,DME,TMP,0.5090366648536734,0.509041723859679,0.5090366648536734,0.509041723859679,0.5090366648536734,False,False,True
reduction,80.0,DMSO,DOL,-0.7801402292284174,-0.7801431292243233,0.7801402292284174,0.7801431292243233,0.7801402292284174,False,False,True
reduction,80.0,DMSO,EC,0.12324383544446854,0.12324476694818054,0.12324383544446854,0.12324476694818054,0.12324383544446854,False,True,True
reduction,80.0,DMSO,EMC,-0.3079576648782461,-0.03287059470741033,0.3079576648782461,0.03287059470741033,0.03287059470741033,False,False,True
reduction,80.0,DMSO,GBL,0.5108925423758744,0.5108919846813795,0.5108925423758744,0.5108919846813795,0.5108919846813795,False,False,True
reduction,80.0,DMSO,PC,0.0022985967610580915,0.09754692728374131,0.0022985967610580915,0.09754692728374131,0.0022985967610580915,False,True,True
reduction,80.0,DMSO,SL,-0.3947379411456549,-0.39474071936911076,0.3947379411456549,0.39474071936911076,0.3947379411456549,False,False,True
reduction,80.0,DMSO,SN,0.7370566948544293,0.7370393790552097,0.7370566948544293,0.7370393790552097,0.7370393790552097,False,False,True
reduction,80.0,DMSO,TMP,-0.2667742882779431,-0.26677398081356657,0.2667742882779431,0.26677398081356657,0.26677398081356657,False,True,True
reduction,80.0,DOL,EC,0.903384064672886,0.9033878961725037,0.903384064672886,0.9033878961725037,0.903384064672886,False,False,True
reduction,80.0,DOL,EMC,0.47218256435017136,0.7472725345169129,0.47218256435017136,0.7472725345169129,0.47218256435017136,False,False,True
reduction,80.0,DOL,GBL,1.291032771604292,1.2910351139057028,1.291032771604292,1.2910351139057028,1.291032771604292,False,False,True
reduction,80.0,DOL,PC,0.7824388259894756,0.8776900565080645,0.7824388259894756,0.8776900565080645,0.7824388259894756,False,False,True
reduction,80.0,DOL,SL,0.38540228808276256,0.38540240985521246,0.38540228808276256,0.38540240985521246,0.38540228808276256,False,False,True
reduction,80.0,DOL,SN,1.517196924082847,1.517182508279533,1.517196924082847,1.517182508279533,1.517182508279533,False,False,True
reduction,80.0,DOL,TMP,0.5133659409504744,0.5133691484107566,0.5133659409504744,0.5133691484107566,0.5133659409504744,False,False,True
reduction,80.0,EC,EMC,-0.43120150032271465,-0.15611536165559087,0.43120150032271465,0.15611536165559087,0.15611536165559087,False,False,True
reduction,80.0,EC,GBL,0.3876487069314059,0.38764721773319893,0.3876487069314059,0.38764721773319893,0.38764721773319893,False,False,True
reduction,80.0,EC,PC,-0.12094523868341045,-0.025697839664439226,0.12094523868341045,0.025697839664439226,0.025697839664439226,False,True,True
reduction,80.0,EC,SL,-0.5179817765901235,-0.5179854863172912,0.5179817765901235,0.5179854863172912,0.5179817765901235,False,False,True
reduction,80.0,EC,SN,0.6138128594099608,0.6137946121070291,0.6138128594099608,0.6137946121070291,0.6137946121070291,False,False,True
reduction,80.0,EC,TMP,-0.3900181237224116,-0.3900187477617471,0.3900181237224116,0.3900187477617471,0.3900181237224116,False,False,True
reduction,80.0,EMC,GBL,0.8188502072541205,0.5437625793887898,0.8188502072541205,0.5437625793887898,0.5437625793887898,False,False,True
reduction,80.0,EMC,PC,0.3102562616393042,0.13041752199115164,0.3102562616393042,0.13041752199115164,0.13041752199115164,False,False,True
reduction,80.0,EMC,SL,-0.0867802762674088,-0.36187012466170043,0.0867802762674088,0.36187012466170043,0.0867802762674088,False,True,True
reduction,80.0,EMC,SN,1.0450143597326753,0.7699099737626199,1.0450143597326753,0.7699099737626199,0.7699099737626199,False,False,True
reduction,80.0,EMC,TMP,0.04118337660030302,-0.23390338610615624,0.04118337660030302,0.23390338610615624,0.04118337660030302,True,True,True
reduction,80.0,GBL,PC,-0.5085939456148163,-0.41334505739763816,0.5085939456148163,0.41334505739763816,0.41334505739763816,False,False,True
reduction,80.0,GBL,SL,-0.9056304835215293,-0.9056327040504902,0.9056304835215293,0.9056327040504902,0.9056304835215293,False,False,True
reduction,80.0,GBL,SN,0.2261641524785549,0.22614739437383014,0.2261641524785549,0.22614739437383014,0.22614739437383014,False,True,True
reduction,80.0,GBL,TMP,-0.7776668306538175,-0.777665965494946,0.7776668306538175,0.777665965494946,0.777665965494946,False,False,True
reduction,80.0,PC,SL,-0.397036537906713,-0.4922876466528521,0.397036537906713,0.4922876466528521,0.397036537906713,False,False,True
reduction,80.0,PC,SN,0.7347580980933712,0.6394924517714683,0.7347580980933712,0.6394924517714683,0.6394924517714683,False,False,True
reduction,80.0,PC,TMP,-0.2690728850390012,-0.3643209080973079,0.2690728850390012,0.3643209080973079,0.2690728850390012,False,True,True
reduction,80.0,SL,SN,1.1317946360000843,1.1317800984243205,1.1317946360000843,1.1317800984243205,1.1317800984243205,False,False,True
reduction,80.0,SL,TMP,0.12796365286771183,0.1279667385555442,0.12796365286771183,0.1279667385555442,0.12796365286771183,False,True,True
reduction,80.0,SN,TMP,-1.0038309831323724,-1.0038133598687762,1.0038309831323724,1.0038133598687762,1.0038133598687762,False,False,True
reduction,200.0,AN,DMC,-0.21760730610888346,-0.21760726695271293,0.21760730610888346,0.21760726695271293,0.21760726695271293,False,True,True
reduction,200.0,AN,DME,-0.7184475383470125,-0.7184453460600844,0.7184475383470125,0.7184453460600844,0.7184453460600844,False,False,True
reduction,200.0,AN,DMSO,0.05186850399313725,0.05187618027077634,0.05186850399313725,0.05187618027077634,0.05186850399313725,False,True,True
reduction,200.0,AN,DOL,-0.7232675716550677,-0.723264078149559,0.7232675716550677,0.723264078149559,0.723264078149559,False,False,True
reduction,200.0,AN,EC,0.18041184398831667,0.18042013189540934,0.18041184398831667,0.18042013189540934,0.18041184398831667,False,True,True
reduction,200.0,AN,EMC,-0.25298347720625436,0.029166269023749414,0.25298347720625436,0.029166269023749414,0.029166269023749414,True,True,True
reduction,200.0,AN,GBL,0.5656116187854459,0.565618468406866,0.5656116187854459,0.565618468406866,0.5656116187854459,False,False,True
reduction,200.0,AN,PC,0.061493050490400936,0.15694562066828333,0.061493050490400936,0.15694562066828333,0.061493050490400936,False,True,True
reduction,200.0,AN,SL,-0.3416099514441776,-0.3416052052876919,0.3416099514441776,0.3416052052876919,0.3416052052876919,False,False,True
reduction,200.0,AN,SN,0.7871106088370687,0.7871004468815775,0.7871106088370687,0.7871004468815775,0.7871004468815775,False,False,True
reduction,200.0,AN,TMP,-0.2154142908337242,-0.21540691003904,0.2154142908337242,0.21540691003904,0.21540691003904,False,True,True
reduction,200.0,DMC,DME,-0.500840232238129,-0.5008380791073714,0.500840232238129,0.5008380791073714,0.5008380791073714,False,False,True
reduction,200.0,DMC,DMSO,0.2694758101020207,0.26948344722348927,0.2694758101020207,0.26948344722348927,0.2694758101020207,False,True,True
reduction,200.0,DMC,DOL,-0.5056602655461843,-0.505656811196846,0.5056602655461843,0.505656811196846,0.505656811196846,False,False,True
reduction,200.0,DMC,EC,0.3980191500972001,0.39802739884812227,0.3980191500972001,0.39802739884812227,0.3980191500972001,False,False,True
reduction,200.0,DMC,EMC,-0.0353761710973709,0.24677353597646234,0.0353761710973709,0.24677353597646234,0.0353761710973709,True,True,True
reduction,200.0,DMC,GBL,0.7832189248943293,0.783225735359579,0.7832189248943293,0.783225735359579,0.7832189248943293,False,False,True
reduction,200.0,DMC,PC,0.2791003565992844,0.37455288762099626,0.2791003565992844,0.37455288762099626,0.2791003565992844,False,True,True
reduction,200.0,DMC,SL,-0.12400264533529415,-0.12399793833497896,0.12400264533529415,0.12399793833497896,0.12399793833497896,False,True,True
reduction,200.0,DMC,SN,1.0047179149459522,1.0047077138342906,1.0047179149459522,1.0047077138342906,1.0047077138342906,False,False,True
reduction,200.0,DMC,TMP,0.002193015275159249,0.0022003569136729295,0.002193015275159249,0.0022003569136729295,0.002193015275159249,False,True,True
reduction,200.0,DME,DMSO,0.7703160423401497,0.7703215263308607,0.7703160423401497,0.7703215263308607,0.7703160423401497,False,False,True
reduction,200.0,DME,DOL,-0.004820033308055249,-0.004818732089474587,0.004820033308055249,0.004818732089474587,0.004818732089474587,False,True,True
reduction,200.0,DME,EC,0.8988593823353291,0.8988654779554937,0.8988593823353291,0.8988654779554937,0.8988593823353291,False,False,True
reduction,200.0,DME,EMC,0.4654640611407581,0.7476116150838338,0.4654640611407581,0.7476116150838338,0.4654640611407581,False,False,True
reduction,200.0,DME,GBL,1.2840591571324582,1.2840638144669503,1.2840591571324582,1.2840638144669503,1.2840591571324582,False,False,True
reduction,200.0,DME,PC,0.7799405888374134,0.8753909667283677,0.7799405888374134,0.8753909667283677,0.7799405888374134,False,False,True
reduction,200.0,DME,SL,0.37683758690283486,0.3768401407723925,0.37683758690283486,0.3768401407723925,0.37683758690283486,False,False,True
reduction,200.0,DME,SN,1.505558147184081,1.5055457929416618,1.505558147184081,1.5055457929416618,1.5055457929416618,False,False,True
reduction,200.0,DME,TMP,0.5030332475132883,0.5030384360210444,0.5030332475132883,0.5030384360210444,0.5030332475132883,False,False,True
reduction,200.0,DMSO,DOL,-0.775136075648205,-0.7751402584203353,0.775136075648205,0.7751402584203353,0.775136075648205,False,False,True
reduction,200.0,DMSO,EC,0.12854333999517942,0.128543951624633,0.12854333999517942,0.128543951624633,0.12854333999517942,False,True,True
reduction,200.0,DMSO,EMC,-0.3048519811993916,-0.022709911247026926,0.3048519811993916,0.022709911247026926,0.022709911247026926,False,False,True
reduction,200.0,DMSO,GBL,0.5137431147923086,0.5137422881360897,0.5137431147923086,0.5137422881360897,0.5137422881360897,False,False,True
reduction,200.0,DMSO,PC,0.009624546497263686,0.10506944039750699,0.009624546497263686,0.10506944039750699,0.009624546497263686,False,True,True
reduction,200.0,DMSO,SL,-0.39347845543731486,-0.39348138555846823,0.39347845543731486,0.39348138555846823,0.39347845543731486,False,False,True
reduction,200.0,DMSO,SN,0.7352421048439315,0.7352242666108012,0.7352421048439315,0.7352242666108012,0.7352242666108012,False,False,True
reduction,200.0,DMSO,TMP,-0.26728279482686146,-0.26728309030981634,0.26728279482686146,0.26728309030981634,0.26728279482686146,False,True,True
reduction,200.0,DOL,EC,0.9036794156433844,0.9036842100449682,0.9036794156433844,0.9036842100449682,0.9036794156433844,False,False,True
reduction,200.0,DOL,EMC,0.47028409444881336,0.7524303471733084,0.47028409444881336,0.7524303471733084,0.47028409444881336,False,False,True
reduction,200.0,DOL,GBL,1.2888791904405135,1.2888825465564249,1.2888791904405135,1.2888825465564249,1.2888791904405135,False,False,True
reduction,200.0,DOL,PC,0.7847606221454686,0.8802096988178423,0.7847606221454686,0.8802096988178423,0.7847606221454686,False,False,True
reduction,200.0,DOL,SL,0.3816576202108901,0.38165887286186706,0.3816576202108901,0.38165887286186706,0.3816576202108901,False,False,True
reduction,200.0,DOL,SN,1.5103781804921366,1.5103645250311364,1.5103781804921366,1.5103645250311364,1.5103645250311364,False,False,True
reduction,200.0,DOL,TMP,0.5078532808213435,0.507857168110519,0.5078532808213435,0.507857168110519,0.5078532808213435,False,False,True
reduction,200.0,EC,EMC,-0.433395321194571,-0.15125386287165993,0.433395321194571,0.15125386287165993,0.15125386287165993,False,False,True
reduction,200.0,EC,GBL,0.38519977479712914,0.3851983365114567,0.38519977479712914,0.3851983365114567,0.3851983365114567,False,False,True
reduction,200.0,EC,PC,-0.11891879349791573,-0.023474511227126016,0.11891879349791573,0.023474511227126016,0.023474511227126016,False,True,True
reduction,200.0,EC,SL,-0.5220217954324943,-0.5220253371831012,0.5220217954324943,0.5220253371831012,0.5220217954324943,False,False,True
reduction,200.0,EC,SN,0.6066987648487521,0.6066803149861681,0.6066987648487521,0.6066803149861681,0.6066803149861681,False,False,True
reduction,200.0,EC,TMP,-0.3958261348220409,-0.39582704193444934,0.3958261348220409,0.39582704193444934,0.3958261348220409,False,False,True
reduction,200.0,EMC,GBL,0.8185950959917002,0.5364521993831166,0.8185950959917002,0.5364521993831166,0.5364521993831166,False,False,True
reduction,200.0,EMC,PC,0.3144765276966553,0.1277793516445339,0.3144765276966553,0.1277793516445339,0.1277793516445339,False,False,True
reduction,200.0,EMC,SL,-0.08862647423792325,-0.3707714743114413,0.08862647423792325,0.3707714743114413,0.08862647423792325,False,True,True
reduction,200.0,EMC,SN,1.040094086043323,0.7579341778578281,1.040094086043323,0.7579341778578281,0.7579341778578281,False,False,True
reduction,200.0,EMC,TMP,0.03756918637253015,-0.24457317906278941,0.03756918637253015,0.24457317906278941,0.03756918637253015,True,True,True
reduction,200.0,GBL,PC,-0.5041185682950449,-0.4086728477385827,0.5041185682950449,0.4086728477385827,0.4086728477385827,False,False,True
reduction,200.0,GBL,SL,-0.9072215702296235,-0.9072236736945579,0.9072215702296235,0.9072236736945579,0.9072215702296235,False,False,True
reduction,200.0,GBL,SN,0.22149899005162293,0.22148197847471152,0.22149899005162293,0.22148197847471152,0.22148197847471152,False,True,True
reduction,200.0,GBL,TMP,-0.7810259096191701,-0.781025378445906,0.7810259096191701,0.781025378445906,0.781025378445906,False,False,True
reduction,200.0,PC,SL,-0.40310300193457854,-0.4985508259559752,0.40310300193457854,0.4985508259559752,0.40310300193457854,False,False,True
reduction,200.0,PC,SN,0.7256175583466677,0.6301548262132942,0.7256175583466677,0.6301548262132942,0.6301548262132942,False,False,True
reduction,200.0,PC,TMP,-0.27690734132412514,-0.3723525307073233,0.27690734132412514,0.3723525307073233,0.27690734132412514,False,True,True
reduction,200.0,SL,SN,1.1287205602812462,1.1287056521692693,1.1287205602812462,1.1287056521692693,1.1287056521692693,False,False,True
reduction,200.0,SL,TMP,0.1261956606104534,0.1261982952486519,0.1261956606104534,0.1261982952486519,0.1261956606104534,False,True,True
reduction,200.0,SN,TMP,-1.002524899670793,-1.0025073569206175,1.002524899670793,1.0025073569206175,1.0025073569206175,False,False,True
reduction,1000.0,AN,DMC,-0.21790593156277127,-0.21790685922735498,0.21790593156277127,0.21790685922735498,0.21790593156277127,False,True,True
reduction,1000.0,AN,DME,-0.7175711515154517,-0.7175684689639412,0.7175711515154517,0.7175684689639412,0.7175684689639412,False,False,True
reduction,1000.0,AN,DMSO,0.049771230860459426,0.049779311528092174,0.049771230860459426,0.049779311528092174,0.049771230860459426,False,True,True
reduction,1000.0,AN,DOL,-0.7226928977370732,-0.7226876672726865,0.7226928977370732,0.7226876672726865,0.7226876672726865,False,False,True
reduction,1000.0,AN,EC,0.18123906672842033,0.18124886848720406,0.18123906672842033,0.18124886848720406,0.18123906672842033,False,True,True
reduction,1000.0,AN,EMC,-0.2534219656753691,0.03254602564591108,0.2534219656753691,0.03254602564591108,0.03254602564591108,True,True,True
reduction,1000.0,AN,GBL,0.5650368611630064,0.5650439384909884,0.5650368611630064,0.5650439384909884,0.5650368611630064,False,False,True
reduction,1000.0,AN,PC,0.06339407507570066,0.158936834101507,0.06339407507570066,0.158936834101507,0.06339407507570066,False,True,True
reduction,1000.0,AN,SL,-0.3430081444965223,-0.34300333213672707,0.3430081444965223,0.34300333213672707,0.34300333213672707,False,False,True
reduction,1000.0,AN,SN,0.7840418501401134,0.7840318200784808,0.7840418501401134,0.7840318200784808,0.7840318200784808,False,False,True
reduction,1000.0,AN,TMP,-0.21778169585726848,-0.21777396074831257,0.21778169585726848,0.21777396074831257,0.21777396074831257,False,True,True
reduction,1000.0,DMC,DME,-0.49966521995268043,-0.49966160973658624,0.49966521995268043,0.49966160973658624,0.49966160973658624,False,False,True
reduction,1000.0,DMC,DMSO,0.2676771624232307,0.26768617075544715,0.2676771624232307,0.26768617075544715,0.2676771624232307,False,True,True
reduction,1000.0,DMC,DOL,-0.504786966174302,-0.5047808080453315,0.504786966174302,0.5047808080453315,0.5047808080453315,False,False,True
reduction,1000.0,DMC,EC,0.3991449982911916,0.39915572771455904,0.3991449982911916,0.39915572771455904,0.3991449982911916,False,False,True
reduction,1000.0,DMC,EMC,-0.03551603411259785,0.25045288487326606,0.03551603411259785,0.25045288487326606,0.03551603411259785,True,True,True
reduction,1000.0,DMC,GBL,0.7829427927257777,0.7829507977183434,0.7829427927257777,0.7829507977183434,0.7829427927257777,False,False,True
reduction,1000.0,DMC,PC,0.28130000663847193,0.376843693328862,0.28130000663847193,0.376843693328862,0.28130000663847193,False,True,True
reduction,1000.0,DMC,SL,-0.125102212933751,-0.1250964729093721,0.125102212933751,0.1250964729093721,0.1250964729093721,False,True,True
reduction,1000.0,DMC,SN,1.0019477817028846,1.0019386793058358,1.0019477817028846,1.0019386793058358,1.0019386793058358,False,False,True
reduction,1000.0,DMC,TMP,0.0001242357055027954,0.00013289847904240926,0.0001242357055027954,0.00013289847904240926,0.0001242357055027954,False,True,True
reduction,1000.0,DME,DMSO,0.7673423823759111,0.7673477804920334,0.7673423823759111,0.7673477804920334,0.7673423823759111,False,False,True
reduction,1000.0,DME,DOL,-0.005121746221621537,-0.005119198308745299,0.005121746221621537,0.005119198308745299,0.005119198308745299,False,True,True
reduction,1000.0,DME,EC,0.898810218243872,0.8988173374511452,0.898810218243872,0.8988173374511452,0.898810218243872,False,False,True
reduction,1000.0,DME,EMC,0.4641491858400826,0.7501144946098524,0.4641491858400826,0.7501144946098524,0.4641491858400826,False,False,True
reduction,1000.0,DME,GBL,1.2826080126784583,1.2826124074549297,1.2826080126784583,1.2826124074549297,1.2826080126784583,False,False,True
reduction,1000.0,DME,PC,0.7809652265911524,0.8765053030654482,0.7809652265911524,0.8765053030654482,0.7809652265911524,False,False,True
reduction,1000.0,DME,SL,0.3745630070189294,0.37456513682721415,0.3745630070189294,0.37456513682721415,0.3745630070189294,False,False,True
reduction,1000.0,DME,SN,1.501613001655565,1.501600289042422,1.501613001655565,1.501600289042422,1.501600289042422,False,False,True
reduction,1000.0,DME,TMP,0.4997894556581832,0.49979450821562865,0.4997894556581832,0.49979450821562865,0.4997894556581832,False,False,True
reduction,1000.0,DMSO,DOL,-0.7724641285975327,-0.7724669788007787,0.7724641285975327,0.7724669788007787,0.7724641285975327,False,False,True
reduction,1000.0,DMSO,EC,0.1314678358679609,0.1314695569591119,0.1314678358679609,0.1314695569591119,0.1314678358679609,False,True,True
reduction,1000.0,DMSO,EMC,-0.30319319653582855,-0.017233285882181093,0.30319319653582855,0.017233285882181093,0.017233285882181093,False,False,True
reduction,1000.0,DMSO,GBL,0.515265630302547,0.5152646269628962,0.515265630302547,0.5152646269628962,0.5152646269628962,False,False,True
reduction,1000.0,DMSO,PC,0.013622844215241237,0.10915752257341482,0.013622844215241237,0.10915752257341482,0.013622844215241237,False,True,True
reduction,1000.0,DMSO,SL,-0.3927793753569817,-0.39278264366481924,0.3927793753569817,0.39278264366481924,0.3927793753569817,False,False,True
reduction,1000.0,DMSO,SN,0.734270619279654,0.7342525085503887,0.734270619279654,0.7342525085503887,0.7342525085503887,False,False,True
reduction,1000.0,DMSO,TMP,-0.2675529267177279,-0.26755327227640474,0.2675529267177279,0.26755327227640474,0.2675529267177279,False,True,True
reduction,1000.0,DOL,EC,0.9039319644654935,0.9039365357598905,0.9039319644654935,0.9039365357598905,0.9039319644654935,False,False,True
reduction,1000.0,DOL,EMC,0.4692709320617041,0.7552336929185977,0.4692709320617041,0.7552336929185977,0.4692709320617041,False,False,True
reduction,1000.0,DOL,GBL,1.2877297589000798,1.287731605763675,1.2877297589000798,1.287731605763675,1.2877297589000798,False,False,True
reduction,1000.0,DOL,PC,0.786086972812774,0.8816245013741935,0.786086972812774,0.8816245013741935,0.786086972812774,False,False,True
reduction,1000.0,DOL,SL,0.37968475324055095,0.37968433513595945,0.37968475324055095,0.37968433513595945,0.37968433513595945,False,False,True
reduction,1000.0,DOL,SN,1.5067347478771866,1.5067194873511673,1.5067347478771866,1.5067194873511673,1.5067194873511673,False,False,True
reduction,1000.0,DOL,TMP,0.5049112018798048,0.504913706524374,0.5049112018798048,0.504913706524374,0.5049112018798048,False,False,True
reduction,1000.0,EC,EMC,-0.43466103240378945,-0.14870284284129298,0.43466103240378945,0.14870284284129298,0.14870284284129298,False,False,True
reduction,1000.0,EC,GBL,0.3837977944345861,0.3837950700037843,0.3837977944345861,0.3837950700037843,0.3837950700037843,False,False,True
reduction,1000.0,EC,PC,-0.11784499165271967,-0.022312034385697066,0.11784499165271967,0.022312034385697066,0.022312034385697066,False,True,True
reduction,1000.0,EC,SL,-0.5242472112249426,-0.5242522006239312,0.5242472112249426,0.5242522006239312,0.5242472112249426,False,False,True
reduction,1000.0,EC,SN,0.6028027834116931,0.6027829515912768,0.6028027834116931,0.6027829515912768,0.6027829515912768,False,False,True
reduction,1000.0,EC,TMP,-0.3990207625856888,-0.39902282923551663,0.3990207625856888,0.39902282923551663,0.3990207625856888,False,False,True
reduction,1000.0,EMC,GBL,0.8184588268383756,0.5324979128450773,0.8184588268383756,0.5324979128450773,0.5324979128450773,False,False,True
reduction,1000.0,EMC,PC,0.3168160407510698,0.12639080845559592,0.3168160407510698,0.12639080845559592,0.12639080845559592,False,False,True
reduction,1000.0,EMC,SL,-0.08958617882115316,-0.37554935778263815,0.08958617882115316,0.37554935778263815,0.08958617882115316,False,True,True
reduction,1000.0,EMC,SN,1.0374638158154825,0.7514857944325698,1.0374638158154825,0.7514857944325698,0.7514857944325698,False,False,True
reduction,1000.0,EMC,TMP,0.035640269818100645,-0.25031998639422365,0.035640269818100645,0.25031998639422365,0.035640269818100645,True,True,True
reduction,1000.0,GBL,PC,-0.5016427860873058,-0.4061071043894814,0.5016427860873058,0.4061071043894814,0.4061071043894814,False,False,True
reduction,1000.0,GBL,SL,-0.9080450056595287,-0.9080472706277155,0.9080450056595287,0.9080472706277155,0.9080450056595287,False,False,True
reduction,1000.0,GBL,SN,0.21900498897710696,0.21898788158749247,0.21900498897710696,0.21898788158749247,0.21898788158749247,False,True,True
reduction,1000.0,GBL,TMP,-0.7828185570202749,-0.782817899239301,0.7828185570202749,0.782817899239301,0.782817899239301,False,False,True
reduction,1000.0,PC,SL,-0.40640221957222294,-0.5019401662382341,0.40640221957222294,0.5019401662382341,0.40640221957222294,False,False,True
reduction,1000.0,PC,SN,0.7206477750644127,0.6250949859769739,0.7206477750644127,0.6250949859769739,0.6250949859769739,False,False,True
reduction,1000.0,PC,TMP,-0.28117577093296914,-0.37671079484981956,0.28117577093296914,0.37671079484981956,0.28117577093296914,False,True,True
reduction,1000.0,SL,SN,1.1270499946366357,1.127035152215208,1.1270499946366357,1.127035152215208,1.127035152215208,False,False,True
reduction,1000.0,SL,TMP,0.1252264486392538,0.1252293713884145,0.1252264486392538,0.1252293713884145,0.1252264486392538,False,True,True
reduction,1000.0,SN,TMP,-1.0018235459973819,-1.0018057808267935,1.0018235459973819,1.0018057808267935,1.0018057808267935,False,False,True
