arm_set,name,state,epsilon,label,classification,delta_ev,scf_n_cycles,scf_de2,scf_max_abs_de,scf_last3_abs_de_sum,scf_last_abs_de,scf_has_energy_increase,scf_final_rmsdp,scf_final_maxdp,scf_final_diiserr,gap_warn_present,gap_warn_count,gap_warn_value,s2,spin_max,spin_pr,spin_n90,loewdin_spin_max,loewdin_spin_pr,loewdin_spin_n90,orbital_abs,homo_eh,lumo_eh,homo_ev,lumo_ev,homo_lumo_gap_ev,spin_center_label,orbital_label
discovery,AN,anion,5.0,0,coincident,-4.706482141219155e-07,23,-0.123,0.123,4.432e-06,5.32e-07,0,0.00207,0.0334,0.0076,1,1,-0.03,0.752812,1.032055,3.351782050602611,3,0.421323,3.3518504321765157,4,0.964909,0.046398,0.078228,1.2626,2.1287,0.8660999999999999,C0,N2 s
discovery,AN,anion,7.0,0,coincident,-1.0544377998348176e-07,23,-0.122,0.122,3.9250000000000005e-06,4.55e-07,0,0.00181,0.0298,0.00751,1,1,-0.029,0.752818,0.983498,3.3595948989779294,3,0.425161,3.3165911188806474,4,0.961871,0.034765,0.067191,0.946,1.8284,0.8824000000000001,C0,N2 s
discovery,AN,anion,10.0,0,coincident,-2.3020849169997712e-08,23,-0.121,0.121,3.431e-06,4.01e-07,0,0.00157,0.0261,0.00744,1,1,-0.028,0.75282,0.9507,3.357622852199905,3,0.428223,3.2890462321056604,4,0.962579,0.025907,0.058775,0.705,1.5994,0.8944,C0,N2 s
discovery,AN,anion,14.0,0,coincident,-1.9307296794799964e-06,22,-0.121,0.121,4.854e-06,9.54e-07,0,0.00354,0.0575,0.0074,1,1,-0.027,0.752823,0.929927,3.3521427031025497,3,0.430614,3.2695054647841792,4,0.965448,0.019952,0.0531,0.5429,1.4449,0.902,C0,N2 s
discovery,AN,anion,20.0,0,coincident,-1.5592398713845457e-06,22,-0.121,0.121,4.686e-06,8.36e-07,0,0.00356,0.0588,0.00737,1,1,-0.026,0.752824,0.929888,3.3468960373683023,3,0.432238,3.2553265217775422,4,0.967655,0.015441,0.048808,0.4202,1.3281,0.9079,C1,N2 s
discovery,AN,anion,28.0,0,coincident,-1.3468008828267397e-06,22,-0.12,0.12,4.582e-06,7.42e-07,0,0.0036,0.0601,0.00735,1,1,-0.026,0.752824,0.939891,3.3426073398423326,3,0.433357,3.245746047410257,4,0.969547,0.012417,0.045928,0.3379,1.2498,0.9119,C1,N2 s
discovery,AN,anion,40.0,0,coincident,1.7434391472972767e-07,16,-3.71e-05,0.0017,4.038e-06,4.68e-07,0,0.00185,0.0321,,0,0,,0.752818,0.948179,3.3386201395822095,3,0.434456,3.237283105228605,4,0.971625,0.010112,0.043733,0.2752,1.19,0.9148,C1,N2 s
discovery,AN,anion,80.0,0,coincident,-1.0249985529203527e-06,22,-0.12,0.12,4.416e-06,5.76e-07,0,0.00359,0.0609,0.00732,1,1,-0.026,0.752822,0.95652,3.334302917928119,3,0.435244,3.2298995409269304,4,0.973387,0.007474,0.041217,0.2034,1.1216,0.9181999999999999,C1,N2 s
discovery,AN,anion,200.0,0,coincident,-8.273623276869355e-07,22,-0.12,0.12,4.375e-06,5.25e-07,0,0.00354,0.0604,0.00731,1,1,-0.025,0.752822,0.961998,3.3312733437220325,3,0.435869,3.22471557284934,4,0.974829,0.005868,0.039686,0.1597,1.0799,0.9202000000000001,C1,N2 s
discovery,AN,anion,1000.0,0,coincident,-6.603934992195574e-07,22,-0.12,0.12,4.359e-06,4.99e-07,0,0.00348,0.0594,0.00731,1,1,-0.025,0.752821,0.964943,3.329585325231778,3,0.436205,3.221934486420856,4,0.975649,0.00501,0.038868,0.1363,1.0576,0.9213000000000001,C1,N2 s
discovery,AN,cation,5.0,0,coincident,1.1391507506171373e-06,11,-0.0187,0.0187,4.088999999999999e-06,2.79e-07,0,7.63e-06,4.04e-05,0.0148,1,1,0.028,0.753798,0.64929,2.2634767087163485,4,0.596916,2.474164827797775,4,0.565466,-0.459242,-0.159663,-12.4966,-4.3447,8.151900000000001,N2,N2 pz
discovery,AN,cation,7.0,0,coincident,1.3302556625655773e-06,11,-0.0186,0.0186,3.886e-06,2.56e-07,0,7.52e-06,4.02e-05,0.0148,1,1,0.027,0.753849,0.649845,2.2623984039341867,4,0.59679,2.4785170480423515,4,0.565666,-0.447206,-0.147518,-12.1691,-4.0142,8.154900000000001,N2,N2 pz
discovery,AN,cation,10.0,0,coincident,1.4141480421939171e-06,11,-0.0185,0.0185,3.717e-06,2.37e-07,0,7.42e-06,4.01e-05,0.0147,1,1,0.027,0.753891,0.650245,2.261639362750425,4,0.596662,2.482017215037751,4,0.565795,-0.438176,-0.138403,-11.9234,-3.7661,8.157300000000001,N2,N2 pz
discovery,AN,cation,14.0,0,coincident,1.4677821505420382e-06,11,-0.0185,0.0185,3.6039999999999997e-06,2.24e-07,0,7.36e-06,4e-05,0.0147,1,1,0.027,0.75392,0.650503,2.26114931722762,4,0.596558,2.484477443497311,4,0.565869,-0.432154,-0.132323,-11.7595,-3.6007,8.1588,N2,N2 pz
discovery,AN,cation,20.0,0,coincident,1.4854147629261939e-06,11,-0.0184,0.0184,3.515e-06,2.15e-07,0,7.31e-06,4e-05,0.0147,1,1,0.027,0.753943,0.650691,2.2608007046898946,4,0.596471,2.4863941340993287,4,0.565918,-0.427636,-0.127762,-11.6366,-3.4766,8.16,N2,N2 pz
discovery,AN,cation,28.0,0,coincident,1.479509898872813e-06,11,-0.0184,0.0184,3.459e-06,2.09e-07,0,7.28e-06,4e-05,0.0147,1,1,0.027,0.753958,0.650814,2.260570327557914,4,0.596407,2.4877095226596637,4,0.565947,-0.424624,-0.12472,-11.5546,-3.3938,8.1608,N2,N2 pz
discovery,AN,cation,40.0,0,coincident,1.4446793215960537e-06,3,-1.14e-07,1.14e-07,1.6580000000000002e-07,5.18e-08,1,1.01e-05,4.93e-05,,0,0,,0.753966,0.650714,2.2615225905055665,4,0.596206,2.489643989582235,4,0.565851,-0.422366,-0.122439,-11.4932,-3.3317,8.1615,N2,N2 pz
discovery,AN,cation,80.0,0,coincident,1.5290628064862006e-06,11,-0.0183,0.0183,3.368e-06,1.98e-07,0,7.23e-06,4e-05,0.0146,1,1,0.027,0.753984,0.651009,2.2602069723551756,4,0.596296,2.4898973439881247,4,0.565989,-0.419729,-0.119776,-11.4214,-3.2593,8.1621,N2,N2 pz
discovery,AN,cation,200.0,0,coincident,1.5432669627670638e-06,11,-0.0183,0.0183,3.335e-06,1.95e-07,0,7.21e-06,4e-05,0.0146,1,1,0.027,0.753992,0.651071,2.260099041269352,4,0.596257,2.490624109706111,4,0.566001,-0.418147,-0.118178,-11.3784,-3.2158,8.1626,N2,N2 pz
discovery,AN,cation,1000.0,0,coincident,1.5484912400009324e-06,11,-0.0183,0.0183,3.313e-06,1.93e-07,0,7.21e-06,3.99e-05,0.0146,1,1,0.027,0.753997,0.651104,2.2600374746713325,4,0.596236,2.491016201563239,4,0.566007,-0.417304,-0.117326,-11.3554,-3.1926,8.162799999999999,N2,N2 pz
discovery,AN,neutral,5.0,0,coincident,-5.471801246366429e-06,8,-0.0545,0.0545,0.00028746399999999997,2.34e-07,0,6.53e-05,0.000276,0.00872,0,0,,,,,,,,,0.0,-0.312216,0.009349,-8.4958,0.2544,8.7502,,
discovery,AN,neutral,7.0,0,coincident,-5.326982425297719e-06,8,-0.0541,0.0541,0.000284395,2.55e-07,0,6.31e-05,0.000247,0.00864,0,0,,,,,,,,,0.0,-0.312613,0.009078,-8.5066,0.247,8.7536,,
discovery,AN,neutral,10.0,0,coincident,-5.251498386466806e-06,8,-0.0538,0.0538,0.00028236600000000004,2.76e-07,0,6.15e-05,0.000223,0.00858,0,0,,,,,,,,,0.0,-0.312918,0.00886,-8.5149,0.2411,8.756,,
discovery,AN,neutral,14.0,0,coincident,-5.561327802108571e-06,8,-0.0536,0.0536,0.000280363,2.93e-07,0,6.06e-05,0.000206,0.00856,0,0,,,,,,,,,0.0,-0.313125,0.008707,-8.5206,0.2369,8.7575,,
discovery,AN,neutral,20.0,0,coincident,-5.588919410486884e-06,8,-0.0534,0.0534,0.000279368,3.08e-07,0,5.99e-05,0.000199,0.00857,0,0,,,,,,,,,0.0,-0.313282,0.008588,-8.5248,0.2337,8.758500000000002,,
discovery,AN,neutral,28.0,0,coincident,-5.542333242691278e-06,8,-0.0533,0.0533,0.000278379,3.19e-07,0,5.95e-05,0.0002,0.00857,0,0,,,,,,,,,0.0,-0.313388,0.008507,-8.5277,0.2315,8.7592,,
discovery,AN,neutral,40.0,0,coincident,-5.579422130778237e-06,8,-0.0532,0.0532,0.00027838799999999996,3.28e-07,0,5.92e-05,0.000202,0.00858,0,0,,,,,,,,,0.0,-0.313468,0.008445,-8.5299,0.2298,8.759699999999999,,
discovery,AN,neutral,80.0,0,coincident,-5.582224911044046e-06,8,-0.0532,0.0532,0.000277398,3.38e-07,0,5.89e-05,0.000203,0.00858,0,0,,,,,,,,,0.0,-0.313562,0.008372,-8.5324,0.2278,8.760200000000001,,
discovery,AN,neutral,200.0,0,coincident,-5.613654874405584e-06,8,-0.0531,0.0531,0.000277405,3.45e-07,0,5.88e-05,0.000205,0.00858,0,0,,,,,,,,,0.0,-0.313618,0.008328,-8.534,0.2266,8.7606,,
discovery,AN,neutral,1000.0,0,coincident,-5.605572905923877e-06,8,-0.0531,0.0531,0.000277409,3.49e-07,0,5.87e-05,0.000205,0.00858,0,0,,,,,,,,,0.0,-0.313648,0.008304,-8.5348,0.226,8.760800000000001,,
discovery,DMC,anion,5.0,0,coincident,3.6388425038740282e-06,10,-0.125,0.125,1.723e-05,1.2e-07,0,2.17e-05,0.00026,0.00377,1,1,-0.038,0.755437,0.757069,2.0012177427618427,5,0.429851,3.3866530679276714,4,0.563571,0.092508,0.097469,2.5173,2.6523,0.1349999999999998,C2,C2 pz
discovery,DMC,anion,7.0,0,coincident,4.649800086671378e-06,10,-0.124,0.124,1.6376e-05,1.26e-07,0,2.3e-05,0.000294,0.00373,1,1,-0.037,0.755434,0.758186,1.9953607915999747,5,0.430834,3.3786376653791126,4,0.564289,0.081303,0.087172,2.2124,2.3721,0.15969999999999995,C2,C2 pz
discovery,DMC,anion,10.0,0,coincident,5.420915780696202e-06,10,-0.124,0.124,1.5792e-05,1.32e-07,0,2.42e-05,0.000322,0.0037,1,1,-0.036,0.755432,0.759014,1.9910325408428213,5,0.431559,3.3727950404545655,4,0.564819,0.072861,0.079399,1.9826,2.1606,0.17800000000000016,C2,C2 pz
discovery,DMC,anion,14.0,0,coincident,5.597110427538534e-06,10,-0.123,0.123,1.5425999999999998e-05,1.36e-07,0,2.51e-05,0.000341,0.00368,1,1,-0.036,0.755431,0.759561,1.9881797641902335,5,0.432037,3.3689670897819015,4,0.565168,0.067214,0.074193,1.829,2.0189,0.18989999999999996,C2,C2 pz
discovery,DMC,anion,20.0,0,coincident,6.102370348403207e-06,10,-0.123,0.123,1.517e-05,1.4e-07,0,2.59e-05,0.000357,0.00366,1,1,-0.035,0.755429,0.759968,1.9860615107827755,5,0.432392,3.366148830969816,4,0.565427,0.06297,0.070276,1.7135,1.9123,0.1988000000000001,C2,C2 pz
discovery,DMC,anion,28.0,0,coincident,6.178589885035661e-06,10,-0.123,0.123,1.5002e-05,1.42e-07,0,2.64e-05,0.000368,0.00365,1,1,-0.035,0.755429,0.760239,1.9846454022281474,5,0.432627,3.3642953375365754,4,0.565599,0.060135,0.067658,1.6364,1.8411,0.20469999999999988,C2,C2 pz
discovery,DMC,anion,40.0,0,coincident,6.279926168884564e-06,10,-0.123,0.123,1.4876e-05,1.46e-07,0,2.68e-05,0.000376,0.00364,1,1,-0.035,0.755428,0.760441,1.9835991348015019,5,0.432803,3.3628918113876844,4,0.565727,0.058007,0.065691,1.5784,1.7875,0.20910000000000006,C2,C2 pz
discovery,DMC,anion,80.0,0,coincident,6.432037323045524e-06,10,-0.123,0.123,1.4738e-05,1.48e-07,0,2.73e-05,0.000386,0.00363,1,1,-0.034,0.755428,0.760676,1.9823778461390138,5,0.433007,3.361291911875549,4,0.565875,0.055521,0.063393,1.5108,1.725,0.21420000000000017,C2,C2 pz
discovery,DMC,anion,200.0,0,coincident,6.5428693398148486e-06,10,-0.123,0.123,1.4648e-05,1.48e-07,0,2.76e-05,0.000392,0.00362,1,1,-0.034,0.755427,0.760817,1.9816438265554361,5,0.433129,3.360327920326243,4,0.565964,0.054028,0.062012,1.4702,1.6874,0.21720000000000006,C2,C2 pz
discovery,DMC,anion,1000.0,0,coincident,7.702428414287993e-06,10,-0.123,0.123,1.461e-05,1.5e-07,0,2.77e-05,0.000395,0.00362,1,1,-0.034,0.755427,0.760892,1.981253943247928,5,0.433194,3.359821761119457,4,0.566012,0.053232,0.061276,1.4485,1.6674,0.2189000000000001,C2,C2 pz
discovery,DMC,cation,5.0,1,moread_lower,-0.001654594381775887,10,-0.0793,0.0793,1.4756e-05,5.86e-07,0,1.56e-05,0.000153,0.00997,1,1,-0.04,0.759675,0.377292,4.845230500709213,8,0.363874,4.504282178965613,8,0.289178,-0.353009,-0.091565,-9.6059,-2.4916,7.1143,O1,O4 pz
discovery,DMC,cation,7.0,0,coincident,-0.00010379018603030121,10,-0.0788,0.0788,1.4543e-05,4.23e-07,0,1.5e-05,0.000148,0.00995,1,1,-0.04,0.759674,0.376946,4.853264736401119,8,0.363554,4.511351199827219,8,0.288927,-0.343736,-0.08199,-9.3535,-2.2311,7.122400000000001,O1,O4 pz
discovery,DMC,cation,10.0,0,coincident,-8.925114236453226e-05,10,-0.0785,0.0785,1.4256e-05,2.96e-07,0,1.46e-05,0.000143,0.00994,1,1,-0.039,0.759674,0.376685,4.859318069972052,8,0.363312,4.516746661963673,8,0.288737,-0.336789,-0.074812,-9.1645,-2.0357,7.1288,O1,O4 pz
discovery,DMC,cation,14.0,0,coincident,-8.13600846728518e-05,10,-0.0783,0.0783,1.4191e-05,2.11e-07,0,1.42e-05,0.000139,0.00993,1,1,-0.039,0.759674,0.37651,4.8634130758781335,8,0.363151,4.520350228306189,8,0.288609,-0.332161,-0.070029,-9.0386,-1.9056,7.133000000000001,O1,O4 pz
discovery,DMC,cation,20.0,0,coincident,-7.609381213864279e-05,10,-0.0782,0.0782,1.4069999999999999e-05,1.5e-07,0,1.39e-05,0.000135,0.00992,1,1,-0.039,0.759674,0.376379,4.866472207671571,8,0.36303,4.523062475784371,8,0.288513,-0.328692,-0.066442,-8.9442,-1.808,7.1362000000000005,O1,O4 pz
discovery,DMC,cation,28.0,0,coincident,-7.293778101810712e-05,10,-0.078,0.078,1.3990999999999999e-05,1.11e-07,0,1.37e-05,0.000132,0.00991,1,1,-0.039,0.759674,0.376291,4.868533250684333,8,0.362949,4.524880934129735,8,0.288449,-0.32638,-0.064051,-8.8812,-1.7429,7.1383,O1,O4 pz
discovery,DMC,cation,40.0,0,coincident,-7.072201152449196e-05,10,-0.078,0.078,1.3942499999999999e-05,8.25e-08,0,1.35e-05,0.000129,0.00991,1,1,-0.039,0.759674,0.376225,4.870070284920543,8,0.362888,4.526263750307633,8,0.288401,-0.324646,-0.062259,-8.8341,-1.6941,7.14,O1,O4 pz
discovery,DMC,cation,80.0,0,coincident,-6.801670985269578e-05,10,-0.0779,0.0779,1.38823e-05,5.23e-08,0,1.33e-05,0.000126,0.0099,1,1,-0.039,0.759674,0.376148,4.871862551379952,8,0.362818,4.527853878645817,8,0.288345,-0.322625,-0.060167,-8.7791,-1.6372,7.1419,O1,O4 pz
discovery,DMC,cation,200.0,0,coincident,-6.643940194804143e-05,10,-0.0778,0.0778,1.3854999999999999e-05,3.5e-08,0,1.31e-05,0.000124,0.0099,1,1,-0.039,0.759675,0.376102,4.872938121589205,8,0.362775,4.528816485233737,8,0.288312,-0.321412,-0.058913,-8.7461,-1.6031,7.143000000000001,O1,O4 pz
discovery,DMC,cation,1000.0,0,coincident,-6.561837913189941e-05,10,-0.0778,0.0778,1.38367e-05,2.67e-08,0,1.3e-05,0.000123,0.0099,1,1,-0.038,0.759675,0.376078,4.873525297986247,8,0.362753,4.52933035421718,8,0.288294,-0.320765,-0.058244,-8.7285,-1.5849,7.1436,O1,O4 pz
discovery,DMC,neutral,5.0,0,coincident,-1.5975847515111494e-07,10,-0.0855,0.0855,3.2971e-05,1.71e-07,1,1.19e-05,9.4e-05,0.00537,0,0,,,,,,,,,0.0,-0.266486,0.006316,-7.2514,0.1719,7.4233,,
discovery,DMC,neutral,7.0,0,coincident,-7.785139821105656e-08,10,-0.0853,0.0853,3.2966e-05,1.66e-07,1,1.17e-05,9.32e-05,0.00534,0,0,,,,,,,,,0.0,-0.267269,0.005755,-7.2728,0.1566,7.4294,,
discovery,DMC,neutral,10.0,0,coincident,-3.3290440239967864e-07,10,-0.0852,0.0852,3.2763e-05,1.63e-07,1,1.15e-05,9.26e-05,0.00531,0,0,,,,,,,,,0.0,-0.26787,0.005323,-7.2891,0.1449,7.434,,
discovery,DMC,neutral,14.0,0,coincident,1.4047327422612572e-06,10,-0.0851,0.0851,3.2762e-05,1.62e-07,1,1.14e-05,9.22e-05,0.0053,0,0,,,,,,,,,0.0,-0.268276,0.00503,-7.3002,0.1369,7.4371,,
discovery,DMC,neutral,20.0,0,coincident,1.5912135308075801e-06,10,-0.085,0.085,3.2659e-05,1.59e-07,1,1.14e-05,9.19e-05,0.00528,0,0,,,,,,,,,0.0,-0.268585,0.004807,-7.3086,0.1308,7.4394,,
discovery,DMC,neutral,28.0,0,coincident,1.6651190722536926e-06,10,-0.085,0.085,3.2659e-05,1.59e-07,1,1.13e-05,9.17e-05,0.00528,0,0,,,,,,,,,0.0,-0.268792,0.004657,-7.3142,0.1267,7.440899999999999,,
discovery,DMC,neutral,40.0,0,coincident,1.6977733184962392e-06,10,-0.085,0.085,3.2557e-05,1.57e-07,1,1.13e-05,9.15e-05,0.00527,0,0,,,,,,,,,0.0,-0.268949,0.004544,-7.3185,0.1236,7.4421,,
discovery,DMC,neutral,80.0,0,coincident,1.7237872028838641e-06,10,-0.0849,0.0849,3.2557e-05,1.57e-07,1,1.12e-05,9.13e-05,0.00526,0,0,,,,,,,,,0.0,-0.269132,0.004411,-7.3235,0.12,7.4435,,
discovery,DMC,neutral,200.0,0,coincident,1.7957329636474267e-06,10,-0.0849,0.0849,3.2556000000000005e-05,1.56e-07,1,1.12e-05,9.12e-05,0.00526,0,0,,,,,,,,,0.0,-0.269243,0.004331,-7.3265,0.1178,7.4443,,
discovery,DMC,neutral,1000.0,0,coincident,1.8295844239770243e-06,10,-0.0849,0.0849,3.2556000000000005e-05,1.56e-07,1,1.12e-05,9.12e-05,0.00526,0,0,,,,,,,,,0.0,-0.269302,0.004288,-7.3281,0.1167,7.4448,,
discovery,DME,anion,5.0,0,coincident,7.626810578275516e-07,19,-0.119,0.119,4.63e-06,2.2e-07,0,0.000216,0.00534,0.00493,1,1,0.02,0.751405,0.824524,5.776551496673608,6,0.261175,6.129204024099677,8,0.568293,0.064266,0.109754,1.7488,2.9866,1.2378000000000002,C2,C2 s
discovery,DME,anion,7.0,0,coincident,-5.05320245605493e-08,19,-0.119,0.119,6.553999999999999e-06,4.74e-07,0,0.00103,0.0319,0.00491,1,1,0.02,0.751371,0.866857,5.7495472989084115,6,0.263579,6.021632372644007,8,0.590625,0.051537,0.100658,1.4024,2.739,1.3365999999999998,C2,C2 s
discovery,DME,anion,10.0,0,coincident,7.448574170974648e-07,20,-0.118,0.118,5.498999999999999e-06,6.59e-07,0,0.00221,0.0663,0.00491,1,1,0.021,0.751345,0.898005,5.72519608219646,6,0.265727,5.939829103554086,8,0.606567,0.04158,0.093724,1.1314,2.5504,1.4189999999999998,C2,C2 s
discovery,DME,anion,14.0,0,coincident,1.2058451653528735e-06,21,-0.118,0.118,4.303e-06,4.43e-07,0,0.000616,0.0168,0.0049,1,1,0.021,0.751329,0.921351,5.701117690515442,6,0.266761,5.888649391371754,7,0.618691,0.034744,0.089071,0.9454,2.4237,1.4783000000000002,C2,C2 s
discovery,DME,anion,20.0,0,coincident,1.1990686861340493e-06,21,-0.118,0.118,6.1839999999999996e-06,6.34e-07,0,0.00058,0.0152,0.0049,1,1,0.021,0.751317,0.940106,5.679508116340022,6,0.267158,5.854065836648432,7,0.628607,0.029516,0.085558,0.8032,2.3282,1.525,C2,C2 s
discovery,DME,anion,28.0,0,coincident,4.887170207858494e-07,21,-0.118,0.118,8.409999999999999e-06,7.8e-07,0,0.000352,0.009,0.0049,1,1,0.021,0.751308,0.952361,5.66464181310193,6,0.267456,5.8311249336135305,7,0.634973,0.025982,0.083199,0.707,2.264,1.557,C2,C2 s
discovery,DME,anion,40.0,0,coincident,2.465889790150531e-07,21,-0.118,0.118,9.923e-06,9.33e-07,0,0.000308,0.00738,0.0049,1,1,0.021,0.751302,0.961975,5.652415776107956,6,0.267556,5.814979591639482,7,0.640018,0.023305,0.081423,0.6342,2.2156,1.5814,C2,C2 s
discovery,DME,anion,80.0,0,coincident,1.671841413884601e-06,22,-0.117,0.117,4.7938e-06,5.38e-08,0,8.91e-05,0.00156,0.0049,1,1,0.021,0.751295,0.973446,5.637311075602297,6,0.267476,5.797598884253505,7,0.646016,0.020156,0.079336,0.5485,2.1588,1.6102999999999998,C2,C2 s
discovery,DME,anion,200.0,0,coincident,2.1234942951951105e-06,22,-0.117,0.117,5.2781e-06,6.81e-08,0,0.000119,0.00204,0.0049,1,1,0.022,0.751291,0.980428,5.627872796953612,6,0.26742,5.78737291892072,7,0.649684,0.018251,0.078083,0.4966,2.1247,1.6280999999999999,C2,C2 s
discovery,DME,anion,1000.0,0,coincident,1.8692054043902132e-06,22,-0.117,0.117,5.544e-06,7.4e-08,0,0.000138,0.00261,0.0049,1,1,0.022,0.751289,0.984176,5.622751893440312,6,0.267372,5.782090237660383,7,0.651653,0.017231,0.077413,0.4689,2.1065,1.6376,C2,C2 s
discovery,DME,cation,5.0,0,coincident,1.4625841687080142e-06,11,-0.0297,0.0297,8.36481e-06,4.81e-09,1,7.36e-06,5.52e-05,0.0104,1,1,0.005,0.753667,0.363472,4.0273447411550425,7,0.353924,3.8963761180415526,8,0.252683,-0.340655,0.000384,-9.2697,0.0105,9.2802,O4,O1 py
discovery,DME,cation,7.0,0,coincident,2.5749863105300986e-06,11,-0.0295,0.0295,7.350456e-06,4.56e-10,1,7.43e-06,5.96e-05,0.0104,1,1,0.005,0.75366,0.361303,4.033064520901276,7,0.351866,3.90688643492364,8,0.253274,-0.331052,0.009846,-9.0084,0.2679,9.276299999999999,O4,O1 py
discovery,DME,cation,10.0,0,coincident,-6.975637483672123e-06,9,-0.0294,0.0294,2.2658999999999998e-05,9.89e-07,0,3.16e-05,0.000327,0.0103,1,1,0.005,0.753644,0.359065,4.033256341876523,7,0.351496,3.9157086584217944,8,0.25391,-0.323936,0.016867,-8.8147,0.459,9.2737,O4,O1 py
discovery,DME,cation,14.0,0,coincident,-6.73136249984341e-06,9,-0.0293,0.0293,2.2121e-05,6.81e-07,0,3.15e-05,0.000321,0.0103,1,1,0.005,0.753641,0.357755,4.036345397281286,7,0.352214,3.920878050098778,8,0.254337,-0.319097,0.021595,-8.6831,0.5876,9.2707,O4,O1 py
discovery,DME,cation,20.0,0,coincident,-6.725430566996072e-06,9,-0.0292,0.0292,2.1866e-05,4.66e-07,0,3.14e-05,0.000316,0.0103,1,1,0.005,0.75364,0.357624,4.038700471287474,7,0.352785,3.9247540441649584,8,0.254678,-0.315461,0.02514,-8.5841,0.6841,9.2682,O1,O1 py
discovery,DME,cation,28.0,0,coincident,-6.7712263260081074e-06,9,-0.0292,0.0292,2.1649000000000002e-05,3.29e-07,0,3.14e-05,0.000313,0.0103,1,1,0.004,0.753639,0.358006,4.040292091890397,7,0.353183,3.927308397184493,8,0.254915,-0.313034,0.027504,-8.5181,0.7484,9.2665,O1,O1 py
discovery,DME,cation,40.0,0,coincident,-6.872752864808829e-06,9,-0.0291,0.0291,2.1501e-05,2.31e-07,0,3.15e-05,0.000311,0.0103,1,1,0.004,0.753638,0.358302,4.041487046289386,7,0.35349,3.9292416699374755,8,0.255099,-0.311211,0.029276,-8.4685,0.7966,9.2651,O1,O1 py
discovery,DME,cation,80.0,0,coincident,-6.690109657851618e-06,9,-0.0291,0.0291,2.1329e-05,1.19e-07,0,3.15e-05,0.000308,0.0102,1,1,0.004,0.753638,0.358656,4.0429216567532125,7,0.353858,3.931494608983812,8,0.25532,-0.309083,0.031344,-8.4106,0.8529,9.2635,O1,O1 py
discovery,DME,cation,200.0,0,coincident,-6.696804157294456e-06,9,-0.0291,0.0291,2.13346e-05,5.46e-08,0,3.15e-05,0.000307,0.0102,1,1,0.004,0.753637,0.358875,4.043748786147837,7,0.354084,3.932841732320224,8,0.255456,-0.307805,0.032584,-8.3758,0.8867,9.2625,O1,O1 py
discovery,DME,cation,1000.0,0,coincident,-6.685783291183038e-06,9,-0.0291,0.0291,2.1293199999999998e-05,2.32e-08,0,3.15e-05,0.000306,0.0102,1,1,0.004,0.753637,0.358992,4.044226271912823,7,0.354206,3.9335644810089794,8,0.255529,-0.307123,0.033245,-8.3573,0.9047,9.262,O1,O1 py
discovery,DME,neutral,5.0,0,coincident,-9.356908677122129e-07,8,-0.0661,0.0661,0.00014948,4.3e-07,0,2.06e-05,0.000137,0.00347,0,0,,,,,,,,,0.0,-0.22214,0.065549,-6.0447,1.7837,7.8284,,
discovery,DME,neutral,7.0,0,coincident,-2.958418097125648e-07,8,-0.0658,0.0658,0.00014838799999999998,4.28e-07,0,2.04e-05,0.000136,0.00346,0,0,,,,,,,,,0.0,-0.222397,0.065406,-6.0517,1.7798,7.8315,,
discovery,DME,neutral,10.0,0,coincident,2.6468485447294486e-07,8,-0.0656,0.0656,0.00014632599999999998,4.26e-07,0,2.02e-05,0.000135,0.00345,0,0,,,,,,,,,0.0,-0.222597,0.065282,-6.0572,1.7764,7.8336,,
discovery,DME,neutral,14.0,0,coincident,5.680657099998326e-07,8,-0.0654,0.0654,0.000145287,4.27e-07,0,2.02e-05,0.000135,0.00345,0,0,,,,,,,,,0.0,-0.222732,0.065192,-6.0609,1.774,7.8349,,
discovery,DME,neutral,20.0,0,coincident,8.290212580594963e-07,8,-0.0653,0.0653,0.000145268,4.28e-07,0,2.01e-05,0.000135,0.00344,0,0,,,,,,,,,0.0,-0.222836,0.065119,-6.0637,1.772,7.8357,,
discovery,DME,neutral,28.0,0,coincident,1.0884006289166988e-06,8,-0.0652,0.0652,0.000144248,4.28e-07,0,2.01e-05,0.000134,0.00344,0,0,,,,,,,,,0.0,-0.222906,0.065069,-6.0656,1.7706,7.8362,,
discovery,DME,neutral,40.0,0,coincident,-7.222727622072453e-07,8,-0.0652,0.0652,0.000144238,4.28e-07,0,2.01e-05,0.000134,0.00344,0,0,,,,,,,,,0.0,-0.222959,0.065029,-6.067,1.7695,7.8365,,
discovery,DME,neutral,80.0,0,coincident,-5.965822977373908e-07,8,-0.0651,0.0651,0.000144219,4.29e-07,0,2.01e-05,0.000134,0.00344,0,0,,,,,,,,,0.0,-0.223021,0.064982,-6.0687,1.7683,7.837,,
discovery,DME,neutral,200.0,0,coincident,-4.705113233639e-07,8,-0.0651,0.0651,0.00014322,4.3e-07,0,2.01e-05,0.000134,0.00343,0,0,,,,,,,,,0.0,-0.223058,0.064953,-6.0697,1.7675,7.8372,,
discovery,DME,neutral,1000.0,0,coincident,-3.9342249174834225e-07,8,-0.065,0.065,0.000143211,4.31e-07,0,2.01e-05,0.000134,0.00343,0,0,,,,,,,,,0.0,-0.223078,0.064938,-6.0703,1.767,7.837299999999999,,
discovery,DMSO,anion,5.0,0,coincident,-7.654745573640037e-08,10,-0.141,0.141,1.6807e-05,1.37e-07,0,5.42e-05,0.00124,0.00696,1,1,0.007,0.754932,0.738029,2.2593576077433317,4,0.559921,2.706268585995296,4,0.665262,0.057017,0.078162,1.5515,2.1269,0.5753999999999999,S1,S1 px
discovery,DMSO,anion,7.0,0,coincident,1.103942757013194e-07,10,-0.14,0.14,1.6151000000000002e-05,1.01e-07,0,4.72e-05,0.000944,0.0069,1,1,0.007,0.754909,0.744512,2.2208562164341403,4,0.563846,2.6823490053532786,4,0.670032,0.047139,0.068159,1.2827,1.8547,0.5720000000000001,S1,S1 px
discovery,DMSO,anion,10.0,0,coincident,-2.2212807000649675e-07,10,-0.14,0.14,1.6271e-05,1.31e-07,0,4.7e-05,0.000649,0.00686,1,1,0.007,0.754895,0.749476,2.191791900542249,4,0.566781,2.6659589273858075,4,0.673682,0.039679,0.060582,1.0797,1.6485,0.5688,S1,S1 px
discovery,DMSO,anion,14.0,0,coincident,-6.43630955212619e-07,10,-0.14,0.14,1.6695000000000002e-05,1.85e-07,0,5.26e-05,0.000528,0.00684,1,1,0.007,0.754888,0.752846,2.1722851210350513,4,0.568735,2.6550854674564097,4,0.676163,0.03468,0.055493,0.9437,1.51,0.5663,S1,S1 px
discovery,DMSO,anion,20.0,0,coincident,-1.1133255743931044e-06,10,-0.139,0.139,1.7238e-05,2.48e-07,0,6.1e-05,0.000602,0.00682,1,1,0.007,0.754884,0.755411,2.157579042720203,4,0.570199,2.646950486309653,4,0.678055,0.030916,0.051655,0.8413,1.4056,0.5642999999999999,S1,S1 px
discovery,DMSO,anion,28.0,0,coincident,-1.338312109041552e-06,10,-0.139,0.139,1.7729e-05,2.99e-07,0,6.88e-05,0.000785,0.00681,1,1,0.007,0.754882,0.757141,2.1477201738677745,4,0.571176,2.6415393735153048,4,0.679332,0.0284,0.049086,0.7728,1.3357,0.5629000000000001,S1,S1 px
discovery,DMSO,anion,40.0,0,coincident,-1.8215565930832335e-06,10,-0.139,0.139,1.8156e-05,3.46e-07,0,7.56e-05,0.000932,0.0068,1,1,0.007,0.75488,0.758449,2.14029985260283,4,0.571909,2.6374794558752046,4,0.6803,0.026508,0.047154,0.7213,1.2831,0.5617999999999999,S1,S1 px
discovery,DMSO,anion,80.0,0,coincident,-2.145398363265818e-06,10,-0.139,0.139,1.8734e-05,4.04e-07,0,8.45e-05,0.00111,0.00679,1,1,0.007,0.754879,0.759988,2.1316167024209265,4,0.572765,2.632746402880085,4,0.681439,0.024297,0.044894,0.6612,1.2216,0.5604,S1,S1 px
discovery,DMSO,anion,200.0,0,coincident,-2.2851599602290853e-06,10,-0.139,0.139,1.9125e-05,4.45e-07,0,9.02e-05,0.00122,0.00678,1,1,0.007,0.754878,0.760919,2.12638710175169,4,0.573279,2.6299070352017444,4,0.682128,0.022968,0.043534,0.625,1.1846,0.5596000000000001,S1,S1 px
discovery,DMSO,anion,1000.0,0,coincident,-2.3748210865469035e-06,10,-0.139,0.139,1.9347e-05,4.67e-07,0,9.34e-05,0.00128,0.00678,1,1,0.007,0.754878,0.761417,2.123595121705943,4,0.573553,2.6283909973960737,4,0.682498,0.022259,0.042808,0.6057,1.1649,0.5592,S1,S1 px
discovery,DMSO,cation,5.0,0,coincident,-4.126224646420699e-06,10,-0.109,0.109,2.5299000000000003e-05,6.79e-07,0,4.77e-05,0.000366,0.00445,1,1,0.037,0.756297,0.588408,2.4569247138598667,4,0.550144,2.5107652170861448,3,0.352413,-0.368701,-0.092473,-10.0329,-2.5163,7.5165999999999995,O3,O3 py
discovery,DMSO,cation,7.0,0,coincident,-4.274775094085029e-06,10,-0.108,0.108,2.5053999999999998e-05,5.14e-07,0,4.72e-05,0.000368,0.00444,1,1,0.037,0.756275,0.585809,2.468589062928569,4,0.54809,2.518475865730674,3,0.351282,-0.358079,-0.081799,-9.7438,-2.2259,7.5179,O3,O3 py
discovery,DMSO,cation,10.0,0,coincident,-4.175777554034086e-06,10,-0.107,0.107,2.4855e-05,4.15e-07,0,4.67e-05,0.000367,0.00443,1,1,0.037,0.756258,0.58379,2.477628074943538,4,0.546495,2.524436884016915,3,0.350398,-0.350111,-0.073792,-9.527,-2.008,7.518999999999999,O3,O3 py
discovery,DMSO,cation,14.0,0,coincident,-4.311072026600192e-06,10,-0.107,0.107,2.47e-05,3.6e-07,0,4.63e-05,0.000366,0.00442,1,1,0.037,0.756246,0.582409,2.483800354009553,4,0.545405,2.5284997177206576,3,0.349793,-0.344799,-0.068453,-9.3825,-1.8627,7.5198,O3,O3 py
discovery,DMSO,cation,20.0,0,coincident,-4.306607995779483e-06,10,-0.107,0.107,2.4654e-05,3.24e-07,0,4.6e-05,0.000365,0.00442,1,1,0.038,0.756237,0.581354,2.488506549775326,4,0.544572,2.5315981948414215,3,0.349329,-0.340815,-0.064449,-9.2741,-1.7538,7.520300000000001,O3,O3 py
discovery,DMSO,cation,28.0,0,coincident,-4.524139011177821e-06,10,-0.107,0.107,2.4522e-05,3.02e-07,0,4.58e-05,0.000364,0.00441,1,1,0.038,0.756231,0.580642,2.491676246567977,4,0.54401,2.5336811847313587,3,0.349015,-0.338159,-0.06178,-9.2018,-1.6811,7.520700000000001,O3,O3 py
discovery,DMSO,cation,40.0,0,coincident,-4.49616379931942e-06,10,-0.106,0.106,2.4497999999999998e-05,2.88e-07,0,4.57e-05,0.000364,0.00441,1,1,0.038,0.756226,0.580103,2.494070684029387,4,0.543585,2.5352608967804304,3,0.348778,-0.336167,-0.059778,-9.1476,-1.6266,7.521000000000001,O3,O3 py
discovery,DMSO,cation,80.0,0,coincident,-4.486366442694897e-06,10,-0.106,0.106,2.4471e-05,2.71e-07,0,4.55e-05,0.000363,0.00441,1,1,0.038,0.756221,0.579468,2.496898742865235,4,0.543084,2.537110877659937,3,0.348498,-0.333843,-0.057441,-9.0843,-1.5631,7.5212,O3,O3 py
discovery,DMSO,cation,200.0,0,coincident,-4.460488675671175e-06,10,-0.106,0.106,2.4361999999999998e-05,2.62e-07,0,4.54e-05,0.000362,0.0044,1,1,0.038,0.756218,0.579085,2.4985975570681025,4,0.542782,2.5382345850148837,3,0.348329,-0.332448,-0.05604,-9.0464,-1.5249,7.5215000000000005,O3,O3 py
discovery,DMSO,cation,1000.0,0,coincident,-4.44870833654071e-06,10,-0.106,0.106,2.4347e-05,2.57e-07,0,4.53e-05,0.000362,0.0044,1,1,0.038,0.756216,0.57888,2.4995175680593857,4,0.54262,2.5388355946316317,3,0.348238,-0.331704,-0.055292,-9.0261,-1.5046,7.5215,O3,O3 py
discovery,DMSO,neutral,5.0,0,coincident,-3.2664269430252185e-06,8,-0.112,0.112,0.0005717,3e-07,0,7.77e-05,0.000374,0.0119,0,0,,,,,,,,,0.0,-0.207495,0.012031,-5.6462,0.3274,5.9736,,
discovery,DMSO,neutral,7.0,0,coincident,-2.772924159467618e-06,8,-0.112,0.112,0.00056686,2.6e-07,0,7.85e-05,0.000375,0.0119,0,0,,,,,,,,,0.0,-0.207992,0.012197,-5.6598,0.3319,5.9917,,
discovery,DMSO,neutral,10.0,0,coincident,-2.130815243869544e-06,8,-0.111,0.111,0.0005640350000000001,2.35e-07,0,7.9e-05,0.000376,0.0118,0,0,,,,,,,,,0.0,-0.208382,0.012317,-5.6704,0.3352,6.0056,,
discovery,DMSO,neutral,14.0,0,coincident,-1.5039731280637086e-06,8,-0.111,0.111,0.000562121,2.21e-07,0,7.94e-05,0.000376,0.0118,0,0,,,,,,,,,0.0,-0.20865,0.012395,-5.6776,0.3373,6.0149,,
discovery,DMSO,neutral,20.0,0,coincident,-1.0176257868403422e-06,8,-0.111,0.111,0.000560213,2.13e-07,0,7.97e-05,0.000377,0.0118,0,0,,,,,,,,,0.0,-0.208855,0.012452,-5.6832,0.3388,6.022,,
discovery,DMSO,neutral,28.0,0,coincident,-5.256172007092161e-07,8,-0.111,0.111,0.000559308,2.08e-07,0,8e-05,0.000377,0.0118,0,0,,,,,,,,,0.0,-0.208994,0.012489,-5.687,0.3398,6.026800000000001,,
discovery,DMSO,neutral,40.0,0,coincident,-1.8269734454512596e-07,8,-0.111,0.111,0.0005593050000000001,2.05e-07,0,8.01e-05,0.000377,0.0118,0,0,,,,,,,,,0.0,-0.209099,0.012517,-5.6899,0.3406,6.0305,,
discovery,DMSO,neutral,80.0,0,coincident,3.3771955414772695e-07,8,-0.111,0.111,0.000558403,2.03e-07,0,8.03e-05,0.000378,0.0118,0,0,,,,,,,,,0.0,-0.209224,0.012548,-5.6933,0.3415,6.0348,,
discovery,DMSO,neutral,200.0,0,coincident,6.048251321946183e-07,8,-0.111,0.111,0.0005574019999999999,2.02e-07,0,8.05e-05,0.000378,0.0118,0,0,,,,,,,,,0.0,-0.209299,0.012567,-5.6953,0.342,6.037299999999999,,
discovery,DMSO,neutral,1000.0,0,coincident,7.606671395570863e-07,8,-0.111,0.111,0.000557501,2.01e-07,0,8.05e-05,0.000378,0.0118,0,0,,,,,,,,,0.0,-0.209339,0.012577,-5.6964,0.3422,6.0386,,
discovery,DOL,anion,5.0,0,coincident,6.432782874970536e-08,20,-0.107,0.107,4.787e-06,3.27e-07,1,0.000137,0.00302,0.00756,1,1,0.012,0.751198,0.670436,3.064753217737323,5,0.401357,3.0095992131052953,4,0.585202,0.059596,0.119641,1.6217,3.2556,1.6339,C1,C0 px
discovery,DOL,anion,7.0,0,coincident,-9.9495760538591e-07,19,-0.107,0.107,0.000166787,9.77e-07,1,0.000283,0.00708,0.00756,1,1,0.013,0.751192,0.671665,3.0654990722447417,5,0.40275,2.9953705166454325,4,0.583617,0.04567,0.110035,1.2427,2.9942,1.7515000000000003,C1,C0 px
discovery,DOL,anion,10.0,0,coincident,-6.400145643398477e-08,18,-0.106,0.106,2.1873000000000002e-05,7.3e-08,1,7.19e-05,0.00129,0.00755,1,1,0.014,0.75119,0.674673,3.0661939656376243,5,0.404344,2.9853721173792107,4,0.58139,0.035104,0.102776,0.9552,2.7967,1.8415,C1,C0 px
discovery,DOL,anion,14.0,0,coincident,-1.0533256591002056e-06,17,-0.106,0.106,5.4492e-05,1.42e-07,1,0.000116,0.0024,0.00755,1,1,0.014,0.751189,0.676416,3.066988951307296,5,0.405377,2.978193467362513,4,0.580029,0.027989,0.097888,0.7616,2.6637,1.9021,C1,C0 px
discovery,DOL,anion,20.0,0,coincident,-3.269992289886526e-06,15,-0.106,0.106,0.000675965,7.65e-07,1,0.00041,0.00951,0.00755,1,1,0.014,0.751188,0.677169,3.0678946301794014,5,0.405855,2.974033199692618,4,0.57956,0.022641,0.094247,0.6161,2.5646,1.9485000000000001,C1,C0 px
discovery,DOL,anion,28.0,0,coincident,5.101307569888628e-07,17,-0.106,0.106,4.763e-06,1.73e-07,1,0.000178,0.00399,0.00755,1,1,0.014,0.751186,0.676241,3.0678754430301125,5,0.405879,2.969919876002251,4,0.579659,0.019045,0.091773,0.5182,2.4973,1.9791,C1,C0 px
discovery,DOL,anion,40.0,0,coincident,4.7562809881605024e-07,16,-0.106,0.106,3.2188e-05,1.98e-07,1,4.53e-05,0.000787,0.00755,1,1,0.014,0.751185,0.676443,3.068509676944291,5,0.406074,2.9675800478672922,4,0.579596,0.016361,0.089938,0.4452,2.4473,2.0021,C1,C0 px
discovery,DOL,anion,80.0,0,coincident,1.2696811154466586e-07,16,-0.106,0.106,9.068e-05,1.8e-07,1,0.000106,0.00118,0.00755,1,1,0.015,0.751185,0.676245,3.06944669882102,5,0.406203,2.964611634879353,4,0.579624,0.013213,0.087766,0.3595,2.3882,2.0286999999999997,C1,C0 px
discovery,DOL,anion,200.0,0,coincident,9.91910432580367e-07,16,-0.106,0.106,7.909300000000001e-05,4.33e-07,1,0.000214,0.00559,0.00755,1,1,0.015,0.751185,0.676966,3.069562243192934,5,0.406569,2.9628788648039657,4,0.578895,0.011295,0.086465,0.3074,2.3528,2.0454,C1,C0 px
discovery,DOL,anion,1000.0,0,coincident,-6.217253403536854e-07,16,-0.106,0.106,7.687400000000001e-05,3.94e-07,1,0.000189,0.00314,0.00755,1,1,0.015,0.751184,0.677103,3.070209186605733,5,0.40664,2.9619789665333354,4,0.579049,0.010307,0.085771,0.2805,2.3339,2.0534,C1,C0 px
discovery,DOL,cation,5.0,0,coincident,-2.830473962210273e-06,9,-0.0151,0.0151,1.458933e-05,9.33e-09,1,1.33e-05,0.000157,0.00907,1,1,0.013,0.753856,0.351112,4.266047005111629,5,0.338566,3.9963738380852982,5,0.29568,-0.361803,-0.004629,-9.8452,-0.126,9.7192,O2,O4 pz
discovery,DOL,cation,7.0,0,coincident,-2.42072512073477e-06,9,-0.015,0.015,1.441794e-05,7.94e-09,0,1.29e-05,0.000151,0.00908,1,1,0.013,0.753853,0.350724,4.264443894217333,5,0.338264,4.001640578842682,5,0.295378,-0.351001,0.006047,-9.5512,0.1645,9.7157,O2,O4 pz
discovery,DOL,cation,10.0,0,coincident,-2.295552830320681e-06,9,-0.0149,0.0149,1.43087e-05,1.87e-08,0,1.26e-05,0.000147,0.00908,1,1,0.013,0.753851,0.350428,4.263207096832122,5,0.338032,4.005675818027891,5,0.295148,-0.342898,0.014054,-9.3307,0.3824,9.7131,O2,O4 pz
discovery,DOL,cation,14.0,0,coincident,7.909696489805732e-06,9,-0.0149,0.0149,1.4235299999999999e-05,2.53e-08,0,1.24e-05,0.000144,0.00909,1,1,0.013,0.75385,0.350228,4.262335781376143,5,0.337876,4.008375254074849,5,0.294992,-0.337495,0.019393,-9.1837,0.5277,9.7114,O2,O4 pz
discovery,DOL,cation,20.0,0,coincident,8.455666329994813e-06,9,-0.0149,0.0149,1.4180399999999999e-05,3.04e-08,0,1.23e-05,0.000142,0.00909,1,1,0.014,0.753849,0.350076,4.2616755740330206,5,0.337758,4.010433542821376,5,0.294874,-0.333442,0.023398,-9.0734,0.6367,9.710099999999999,O2,O4 pz
discovery,DOL,cation,28.0,0,coincident,8.709194200992438e-06,9,-0.0149,0.0149,1.4143399999999999e-05,3.34e-08,0,1.22e-05,0.00014,0.00909,1,1,0.014,0.753848,0.349975,4.261237400228251,5,0.337678,4.011810967392758,5,0.294795,-0.33074,0.026068,-8.9999,0.7093,9.709200000000001,O2,O4 pz
discovery,DOL,cation,40.0,0,coincident,8.977390264738775e-06,9,-0.0148,0.0148,1.41154e-05,3.54e-08,0,1.21e-05,0.000139,0.0091,1,1,0.014,0.753847,0.349898,4.260897355813476,5,0.337618,4.012842547539974,5,0.294735,-0.328713,0.02807,-8.9447,0.7638,9.708499999999999,O2,O4 pz
discovery,DOL,cation,80.0,0,coincident,9.25861956607877e-06,9,-0.0148,0.0148,1.4087499999999999e-05,3.75e-08,0,1.21e-05,0.000138,0.0091,1,1,0.014,0.753847,0.349808,4.260503272367755,5,0.337548,4.014062662590315,5,0.294665,-0.326348,0.030407,-8.8804,0.8274,9.7078,O2,O4 pz
discovery,DOL,cation,200.0,0,coincident,9.405805746527624e-06,9,-0.0148,0.0148,1.40586e-05,3.86e-08,0,1.2e-05,0.000137,0.0091,1,1,0.014,0.753846,0.349754,4.260261802902409,5,0.337506,4.014799196896919,5,0.294623,-0.324929,0.031809,-8.8418,0.8656,9.7074,O2,O4 pz
discovery,DOL,cation,1000.0,0,coincident,9.49935859202247e-06,9,-0.0148,0.0148,1.40593e-05,3.93e-08,0,1.2e-05,0.000137,0.0091,1,1,0.014,0.753846,0.349725,4.2601352748203185,5,0.337483,4.015194678640926,5,0.2946,-0.324173,0.032556,-8.8212,0.8859,9.707099999999999,O2,O4 pz
discovery,DOL,neutral,5.0,0,coincident,-2.954612998089285e-07,9,-0.042,0.042,4.1682e-06,5.82e-08,0,1.99e-05,8.85e-05,0.0124,0,0,,,,,,,,,0.0,-0.220687,0.07576,-6.0052,2.0615,8.0667,,
discovery,DOL,neutral,7.0,0,coincident,-3.166863278483499e-07,9,-0.0419,0.0419,4.1201e-06,6.01e-08,0,1.96e-05,8.68e-05,0.0125,0,0,,,,,,,,,0.0,-0.220758,0.075892,-6.0071,2.0651,8.0722,,
discovery,DOL,neutral,10.0,0,coincident,-2.7780161863081493e-07,9,-0.0418,0.0418,4.1016e-06,6.16e-08,0,1.95e-05,8.56e-05,0.0125,0,0,,,,,,,,,0.0,-0.220817,0.075987,-6.0087,2.0677,8.0764,,
discovery,DOL,neutral,14.0,0,coincident,-1.8144599287015935e-07,9,-0.0417,0.0417,4.0927e-06,6.27e-08,0,1.93e-05,8.53e-05,0.0126,0,0,,,,,,,,,0.0,-0.220859,0.076047,-6.0099,2.0693,8.0792,,
discovery,DOL,neutral,20.0,0,coincident,-1.780167633727539e-07,9,-0.0417,0.0417,4.0833e-06,6.33e-08,0,1.93e-05,8.51e-05,0.0126,0,0,,,,,,,,,0.0,-0.220892,0.076091,-6.0108,2.0706,8.0814,,
discovery,DOL,neutral,28.0,0,coincident,-2.4544590251591795e-07,9,-0.0416,0.0416,4.0838e-06,6.38e-08,0,1.92e-05,8.49e-05,0.0127,0,0,,,,,,,,,0.0,-0.220914,0.07612,-6.0114,2.0713,8.082699999999999,,
discovery,DOL,neutral,40.0,0,coincident,-2.569571004950299e-07,9,-0.0416,0.0416,4.0642e-06,6.42e-08,0,1.91e-05,8.48e-05,0.0127,0,0,,,,,,,,,0.0,-0.220931,0.076142,-6.0118,2.0719,8.0837,,
discovery,DOL,neutral,80.0,0,coincident,-2.8990987686522616e-07,9,-0.0416,0.0416,4.0647e-06,6.47e-08,0,1.91e-05,8.47e-05,0.0127,0,0,,,,,,,,,0.0,-0.220952,0.076166,-6.0124,2.0726,8.085,,
discovery,DOL,neutral,200.0,0,coincident,-3.008766053887284e-07,9,-0.0416,0.0416,4.0649e-06,6.49e-08,0,1.91e-05,8.47e-05,0.0127,0,0,,,,,,,,,0.0,-0.220964,0.076181,-6.0127,2.073,8.0857,,
discovery,DOL,neutral,1000.0,0,coincident,-3.364403602846894e-07,9,-0.0416,0.0416,4.055e-06,6.5e-08,0,1.91e-05,8.46e-05,0.0127,0,0,,,,,,,,,0.0,-0.220971,0.076189,-6.0129,2.0732,8.0861,,
discovery,EC,anion,5.0,0,coincident,1.261438280989431e-06,32,-0.114,0.114,1.0247e-05,5.77e-07,0,0.000159,0.00292,0.00396,1,1,-0.056,0.75186,0.851609,4.545572499260853,6,0.255912,5.339398580407082,5,0.68218,0.038954,0.063592,1.06,1.7304,0.6703999999999999,C3,C3 s
discovery,EC,anion,7.0,0,coincident,-4.495275942877602e-08,28,-0.113,0.113,6.2010000000000004e-06,4.31e-07,0,0.000104,0.00166,0.00389,1,1,-0.053,0.75175,1.029483,3.9931992875641336,5,0.295494,5.260610310685141,6,0.801902,0.026228,0.053932,0.7137,1.4676,0.7539,C3,C3 s
discovery,EC,anion,10.0,0,coincident,-2.155005464938522e-06,26,-0.113,0.113,4.2642e-05,5.52e-07,0,0.000236,0.00281,0.00384,1,1,-0.052,0.751618,1.161502,3.592442623966562,5,0.32489,5.0769442831187686,6,0.890418,0.015419,0.046171,0.4196,1.2564,0.8368,C3,C3 s
discovery,EC,anion,14.0,0,coincident,-2.8804599705269863e-06,26,-0.112,0.112,2.0597e-05,4.87e-07,1,0.000292,0.00459,0.00381,1,1,-0.05,0.751499,1.25245,3.336328096674551,5,0.345404,4.906967737195255,6,0.951612,0.007492,0.040758,0.2039,1.1091,0.9052,C3,C3 s
discovery,EC,anion,20.0,0,coincident,-3.255488056689787e-06,26,-0.112,0.112,1.8389e-05,6.19e-07,1,0.000476,0.00962,0.00378,1,1,-0.049,0.751409,1.322184,3.1535055143782844,5,0.36189,4.752539490134075,6,0.997684,0.001179,0.036611,0.0321,0.9962,0.9641,C3,C3 s
discovery,EC,anion,28.0,0,coincident,-3.582928739038187e-05,24,-0.112,0.112,0.000176386,1.86e-07,1,0.00171,0.0294,0.00377,1,1,-0.049,0.751373,1.362558,3.057552102346359,5,0.371387,4.657471460779463,6,1.024103,-0.003173,0.033676,-0.0863,0.9164,1.0027,C3,C3 s
discovery,EC,anion,40.0,0,coincident,-2.1619180615212486e-06,26,-0.112,0.112,1.6843e-05,7.73e-07,1,0.000819,0.022,0.00375,1,1,-0.048,0.751315,1.400332,2.9660423441734833,5,0.380977,4.560406223524779,6,1.049864,-0.006539,0.031565,-0.1779,0.8589,1.0368,C3,C3 s
discovery,EC,anion,80.0,0,coincident,-1.1125923967739028e-06,27,-0.112,0.112,4.087e-06,6.27e-07,0,0.000215,0.00386,0.00374,1,1,-0.048,0.751267,1.440709,2.8744960155191435,5,0.391262,4.454212473166972,6,1.076297,-0.010577,0.029008,-0.2878,0.7894,1.0772,C3,C3 s
discovery,EC,anion,200.0,0,coincident,-1.1328367610779362e-06,26,-0.112,0.112,9.106e-06,8.06e-07,0,0.000269,0.00537,0.00373,1,1,-0.047,0.75124,1.464494,2.822845932452177,5,0.397416,4.389856623685797,6,1.092049,-0.013054,0.027445,-0.3552,0.7468,1.102,C3,C3 s
discovery,EC,anion,1000.0,0,coincident,-2.4458140257631495e-06,27,-0.112,0.112,7.334e-06,7.24e-07,1,0.000133,0.00341,0.00372,1,1,-0.047,0.751226,1.475858,2.7976539644810345,5,0.400379,4.359078170674331,6,1.099318,-0.014331,0.026661,-0.39,0.7255,1.1155,C3,C3 s
discovery,EC,cation,5.0,1,moread_lower,-0.01741065894963349,9,-0.072,0.072,3.3283e-05,4.83e-07,0,1.73e-05,0.000134,0.00984,1,1,-0.047,0.757252,0.330313,5.347366547051179,7,0.315864,5.269743365244699,8,0.290019,-0.359559,-0.091848,-9.7841,-2.4993,7.284800000000001,O2,O2 pz
discovery,EC,cation,7.0,1,moread_lower,-0.009651914811293686,9,-0.0713,0.0713,3.2065e-05,5.65e-07,0,1.72e-05,0.000136,0.00975,1,1,-0.044,0.757201,0.327433,5.409519713854715,7,0.313215,5.328791322853169,8,0.287349,-0.350804,-0.082061,-9.5459,-2.233,7.312899999999999,O2,O2 pz
discovery,EC,cation,10.0,1,moread_lower,-0.005112417504706473,9,-0.0709,0.0709,3.1441e-05,6.41e-07,0,1.73e-05,0.000139,0.00968,1,1,-0.042,0.757162,0.325184,5.458377896392751,7,0.311148,5.375095206903123,8,0.285267,-0.344282,-0.074741,-9.3684,-2.0338,7.3346,O2,O2 pz
discovery,EC,cation,14.0,1,moread_lower,-0.002800866273151555,9,-0.0706,0.0706,3.0897e-05,6.97e-07,0,1.74e-05,0.000142,0.00964,1,1,-0.04,0.757134,0.323642,5.492070748971003,7,0.309731,5.406990346164266,8,0.283838,-0.339957,-0.069873,-9.2507,-1.9013,7.3494,O2,O2 pz
discovery,EC,cation,20.0,1,moread_lower,-0.0014869939842078839,9,-0.0703,0.0703,3.0443e-05,7.43e-07,0,1.75e-05,0.000144,0.00961,1,1,-0.039,0.757114,0.322461,5.517947456000554,7,0.308647,5.431442939081566,8,0.282746,-0.336725,-0.066227,-9.1628,-1.8021,7.3607000000000005,O2,O2 pz
discovery,EC,cation,28.0,0,coincident,-0.0008266966364380413,9,-0.0702,0.0702,3.0175e-05,7.75e-07,0,1.75e-05,0.000146,0.00959,1,1,-0.038,0.7571,0.321663,5.535486213495392,7,0.307913,5.448023339419507,8,0.282007,-0.334576,-0.0638,-9.1043,-1.7361,7.3682,O2,O2 pz
discovery,EC,cation,40.0,0,coincident,-0.0004604801387632285,9,-0.0701,0.0701,3.0101e-05,8.01e-07,0,1.76e-05,0.000147,0.00958,1,1,-0.038,0.757089,0.321058,5.548805992222133,7,0.307358,5.460592040830755,8,0.281447,-0.332968,-0.061981,-9.0605,-1.6866,7.373899999999999,O2,O2 pz
discovery,EC,cation,80.0,0,coincident,-0.0001623169525909072,9,-0.0699,0.0699,2.9731e-05,8.31e-07,0,1.76e-05,0.000148,0.00956,1,1,-0.037,0.757077,0.320346,5.564509257369079,7,0.306703,5.475403372378388,8,0.280788,-0.331095,-0.05986,-9.0095,-1.6289,7.380599999999999,O2,O2 pz
discovery,EC,cation,200.0,0,coincident,-5.357462041973102e-05,9,-0.0699,0.0699,2.965e-05,8.5e-07,0,1.77e-05,0.000149,0.00955,1,1,-0.036,0.75707,0.319915,5.574028468430723,7,0.306308,5.48438240165951,8,0.28039,-0.329973,-0.058589,-8.979,-1.5943,7.384699999999999,O2,O2 pz
discovery,EC,cation,1000.0,0,coincident,-1.559658741636191e-05,9,-0.0698,0.0698,2.9559e-05,8.59e-07,0,1.77e-05,0.000149,0.00955,1,1,-0.036,0.757066,0.319684,5.57913256108976,7,0.306096,5.489192470403702,8,0.280176,-0.329375,-0.057911,-8.9627,-1.5758,7.3869,O2,O2 pz
discovery,EC,neutral,5.0,0,coincident,6.862790001844106e-08,10,-0.0769,0.0769,2.1687e-05,2.37e-07,1,1.52e-05,0.000106,0.00446,0,0,,,,,,,,,0.0,-0.276104,0.003753,-7.5132,0.1021,7.6153,,
discovery,EC,neutral,7.0,0,coincident,8.58137999628806e-07,10,-0.0766,0.0766,2.2071e-05,2.21e-07,1,1.47e-05,0.000103,0.00442,0,0,,,,,,,,,0.0,-0.275376,0.003161,-7.4934,0.086,7.579400000000001,,
discovery,EC,neutral,10.0,0,coincident,1.1497895600366929e-06,10,-0.0764,0.0764,2.2528e-05,2.08e-07,1,1.44e-05,0.000101,0.00439,0,0,,,,,,,,,0.0,-0.274815,0.002698,-7.4781,0.0734,7.551500000000001,,
discovery,EC,neutral,14.0,0,coincident,1.4854147629261939e-06,10,-0.0762,0.0762,2.2740999999999998e-05,2.01e-07,1,1.41e-05,9.91e-05,0.00438,0,0,,,,,,,,,0.0,-0.274433,0.002379,-7.4677,0.0647,7.5324,,
discovery,EC,neutral,20.0,0,coincident,1.7214190701096072e-06,10,-0.0761,0.0761,2.3046e-05,1.96e-07,1,1.4e-05,9.81e-05,0.00436,0,0,,,,,,,,,0.0,-0.274143,0.002134,-7.4598,0.0581,7.5179,,
discovery,EC,neutral,28.0,0,coincident,1.91794006103196e-06,10,-0.076,0.076,2.3202e-05,1.92e-07,1,1.38e-05,9.74e-05,0.00435,0,0,,,,,,,,,0.0,-0.273947,0.001968,-7.4545,0.0536,7.508100000000001,,
discovery,EC,neutral,40.0,0,coincident,2.1166930673646675e-06,10,-0.076,0.076,2.3259000000000002e-05,1.89e-07,1,1.38e-05,9.69e-05,0.00435,0,0,,,,,,,,,0.0,-0.2738,0.001843,-7.4505,0.0501,7.5005999999999995,,
discovery,EC,neutral,80.0,0,coincident,2.302029232623629e-06,10,-0.0759,0.0759,2.3415e-05,1.85e-07,1,1.37e-05,9.63e-05,0.00434,0,0,,,,,,,,,0.0,-0.273626,0.001695,-7.4457,0.0461,7.4918000000000005,,
discovery,EC,neutral,200.0,0,coincident,2.368777784947281e-06,10,-0.0759,0.0759,2.3554e-05,1.84e-07,1,1.36e-05,9.6e-05,0.00434,0,0,,,,,,,,,0.0,-0.273521,0.001605,-7.4429,0.0437,7.4866,,
discovery,EC,neutral,1000.0,0,coincident,2.410765351346501e-06,10,-0.0759,0.0759,2.3573e-05,1.83e-07,1,1.36e-05,9.58e-05,0.00434,0,0,,,,,,,,,0.0,-0.273465,0.001557,-7.4414,0.0424,7.4838,,
discovery,EMC,anion,5.0,1,moread_lower,-0.13698006183529182,14,-0.145,0.145,4.0414e-05,8.04e-07,1,0.00359,0.1,0.00432,1,1,-0.033,0.755294,0.788352,1.818793540019406,4,0.431152,3.5538549500466807,4,0.574392,0.087968,0.101304,2.3937,2.7566,0.3629000000000002,C3,C3 py
discovery,EMC,anion,7.0,0,coincident,1.3859562799838534e-06,42,-0.145,0.145,2.3999e-05,3.89e-07,1,0.000363,0.0135,0.00427,1,1,-0.032,0.751023,1.68388,2.469018879232016,5,0.426358,4.228048357680948,6,1.174012,0.023207,0.059342,0.6315,1.6148,0.9833000000000001,C3,C3 s
discovery,EMC,anion,10.0,0,coincident,1.956634515297677e-06,37,-0.144,0.144,1.1349e-05,7.99e-07,1,0.000453,0.0106,0.00423,1,1,-0.032,0.750933,1.737282,2.413532671961484,4,0.441502,4.044579988617465,6,1.207876,0.010059,0.05035,0.2737,1.3701,1.0964,C3,C3 s
discovery,EMC,anion,14.0,0,coincident,-1.203370304191011e-06,34,-0.144,0.144,2.1676e-05,9.86e-07,1,0.000584,0.0185,0.00421,1,1,-0.031,0.750884,1.769884,2.3812874938432893,4,0.451531,3.9272652754619513,6,1.227685,0.001104,0.044327,0.03,1.2062,1.1762,C3,C3 s
discovery,EMC,anion,20.0,1,moread_lower,-0.24198848850919244,33,-0.144,0.144,9.734e-06,8.74e-07,1,5.69e-05,0.000733,0.00419,1,1,-0.031,0.755329,0.744971,1.9079268569237928,4,0.438926,3.3669719936495306,4,0.614614,0.064553,0.076987,1.7566,2.0949,0.33830000000000005,C3,C3 py
discovery,EMC,anion,28.0,0,coincident,3.2758159475580333e-06,50,-0.144,0.144,0.004628,0.000408,1,0.0131,0.313,0.00418,1,2,0.047,0.750837,1.806745,2.3394869926792756,4,0.464119,3.784199519449877,6,1.247305,-0.010339,0.03687,-0.2813,1.0033,1.2846000000000002,C3,C3 s
discovery,EMC,anion,40.0,1,moread_lower,-0.26362908539270025,11,-0.144,0.144,1.1137e-05,9.37e-07,0,0.000238,0.00381,0.00417,1,1,-0.03,0.755334,0.746391,1.9133324962090716,4,0.439341,3.360408203278253,4,0.61551,0.059764,0.072417,1.6263,1.9706,0.34429999999999983,C3,C3 py
discovery,EMC,anion,80.0,1,moread_lower,-0.275088017179553,11,-0.143,0.143,1.088e-05,8.7e-07,0,0.000211,0.00338,0.00416,1,1,-0.03,0.755333,0.746927,1.9123645166963517,4,0.439578,3.3571699070205048,4,0.615969,0.057343,0.070127,1.5604,1.9083,0.3479000000000001,C3,C3 py
discovery,EMC,anion,200.0,1,moread_lower,-0.282143380018574,11,-0.143,0.143,1.0725e-05,8.35e-07,0,0.000197,0.00316,0.00415,1,1,-0.03,0.755333,0.747245,1.911801469236124,4,0.439719,3.3552698731121344,4,0.616239,0.055887,0.068751,1.5208,1.8708,0.3500000000000001,C3,C3 py
discovery,EMC,anion,1000.0,1,moread_lower,-0.28596143383943207,11,-0.143,0.143,1.0645e-05,8.15e-07,0,0.000189,0.00304,0.00415,1,1,-0.03,0.755333,0.747413,1.9114937194301733,4,0.439793,3.354266059982703,4,0.616381,0.05511,0.068016,1.4996,1.8508,0.35119999999999996,C3,C3 py
discovery,EMC,cation,5.0,0,coincident,2.942625389336515e-07,17,-0.101,0.101,7.022000000000001e-06,9.32e-07,0,2.3e-05,0.000155,0.00529,1,1,-0.027,0.755559,0.293688,5.985291049821331,7,0.281794,5.546853662720775,7,0.241254,-0.380228,-0.097828,-10.3465,-2.662,7.684500000000001,O2,O2 py
discovery,EMC,cation,7.0,0,coincident,2.750251337648507e-07,17,-0.1,0.1,7.053e-06,9.03e-07,0,2.28e-05,0.000154,0.00522,1,1,-0.027,0.755574,0.294675,6.000927798446396,7,0.282685,5.55909360959506,7,0.242631,-0.370981,-0.088363,-10.0949,-2.4045,7.6904,O2,O2 py
discovery,EMC,cation,10.0,0,coincident,5.866813063017155e-08,17,-0.1,0.1,8.435e-06,9.35e-07,0,2.03e-05,0.000134,0.00517,1,1,-0.027,0.755581,0.295406,6.013197038921689,7,0.283354,5.568581979600707,7,0.243694,-0.364051,-0.081256,-9.9063,-2.2111,7.6952,O2,O2 py
discovery,EMC,cation,14.0,0,coincident,3.287945860827611e-07,17,-0.0998,0.0998,9.481e-06,9.61e-07,0,1.87e-05,0.000153,0.00513,1,1,-0.027,0.755588,0.295906,6.021120565773463,7,0.283808,5.574660664395841,7,0.244414,-0.359436,-0.076521,-9.7807,-2.0822,7.698499999999999,O2,O2 py
discovery,EMC,cation,20.0,0,coincident,6.53917096916609e-07,17,-0.0996,0.0996,1.0216e-05,9.76e-07,0,1.72e-05,0.000125,0.00511,1,1,-0.027,0.755596,0.29627,6.026300536562524,7,0.284134,5.578589763444963,7,0.244935,-0.355973,-0.072986,-9.6865,-1.986,7.700500000000001,O2,O2 py
discovery,EMC,cation,28.0,0,coincident,8.862477820628831e-07,17,-0.0994,0.0994,1.0695e-05,9.85e-07,0,1.61e-05,0.000107,0.00509,1,1,-0.027,0.755602,0.296499,6.0292946452128815,7,0.284336,5.58080205324505,7,0.245263,-0.353659,-0.070639,-9.6236,-1.9222,7.7014,O2,O2 py
discovery,EMC,cation,40.0,0,coincident,9.323977555787099e-07,17,-0.0993,0.0993,1.1058999999999999e-05,9.89e-07,0,1.57e-05,0.000106,0.00508,1,1,-0.027,0.755606,0.296667,6.0314067357538255,7,0.284484,5.582347456799845,7,0.245502,-0.35192,-0.06888,-9.5762,-1.8743,7.7019,O2,O2 py
discovery,EMC,cation,80.0,0,coincident,7.422990293713896e-07,17,-0.0992,0.0992,1.1462e-05,9.82e-07,0,1.59e-05,0.000107,0.00506,1,1,-0.027,0.755611,0.296864,6.033899776754217,7,0.28466,5.5841589697650145,7,0.245783,-0.349887,-0.066822,-9.5209,-1.8183,7.7025999999999994,O2,O2 py
discovery,EMC,cation,200.0,0,coincident,7.818101878205209e-07,17,-0.0991,0.0991,1.1721e-05,9.81e-07,0,1.62e-05,0.000108,0.00505,1,1,-0.027,0.755613,0.296984,6.03549166010468,7,0.284768,5.585313421412946,7,0.245955,-0.348666,-0.065583,-9.4877,-1.7846,7.7031,O2,O2 py
discovery,EMC,cation,1000.0,0,coincident,6.877948526460514e-07,17,-0.0991,0.0991,1.1857e-05,9.77e-07,0,1.63e-05,0.000108,0.00505,1,1,-0.027,0.755614,0.29705,6.036381273353436,7,0.284827,5.585950203166595,7,0.246049,-0.348015,-0.064921,-9.47,-1.7666,7.7034,O2,O2 py
discovery,EMC,neutral,5.0,0,coincident,-1.4364867577561764e-07,10,-0.106,0.106,3.793e-05,2.3e-07,1,1.34e-05,0.000129,0.00698,0,0,,,,,,,,,0.0,-0.264738,0.007693,-7.2039,0.2093,7.4132,,
discovery,EMC,neutral,7.0,0,coincident,7.660283075489703e-07,10,-0.105,0.105,3.6618999999999996e-05,2.19e-07,1,1.32e-05,0.000128,0.00696,0,0,,,,,,,,,0.0,-0.265515,0.007073,-7.225,0.1925,7.4174999999999995,,
discovery,EMC,neutral,10.0,0,coincident,1.0075283532999442e-06,10,-0.105,0.105,3.5711e-05,2.11e-07,1,1.31e-05,0.000127,0.00694,0,0,,,,,,,,,0.0,-0.26611,0.006594,-7.2412,0.1794,7.4206,,
discovery,EMC,neutral,14.0,0,coincident,1.2224994341839804e-06,10,-0.105,0.105,3.5105e-05,2.05e-07,1,1.3e-05,0.000126,0.00693,0,0,,,,,,,,,0.0,-0.266513,0.006269,-7.2522,0.1706,7.4228000000000005,,
discovery,EMC,neutral,20.0,0,coincident,1.3340924707605768e-06,10,-0.105,0.105,3.4600999999999996e-05,2.01e-07,1,1.29e-05,0.000126,0.00692,0,0,,,,,,,,,0.0,-0.266818,0.006022,-7.2605,0.1639,7.4244,,
discovery,EMC,neutral,28.0,0,coincident,1.4171689195996152e-06,10,-0.105,0.105,3.4298e-05,1.98e-07,1,1.29e-05,0.000126,0.00691,0,0,,,,,,,,,0.0,-0.267022,0.005855,-7.266,0.1593,7.4253,,
discovery,EMC,neutral,40.0,0,coincident,1.4412508654927614e-06,10,-0.105,0.105,3.3997e-05,1.97e-07,1,1.29e-05,0.000126,0.0069,0,0,,,,,,,,,0.0,-0.267177,0.005729,-7.2702,0.1559,7.4261,,
discovery,EMC,neutral,80.0,0,coincident,1.5361092002504902e-06,10,-0.105,0.105,3.3795e-05,1.95e-07,1,1.28e-05,0.000125,0.0069,0,0,,,,,,,,,0.0,-0.267358,0.005581,-7.2752,0.1519,7.4271,,
discovery,EMC,neutral,200.0,0,coincident,1.5799188831801312e-06,10,-0.105,0.105,3.3593e-05,1.93e-07,1,1.28e-05,0.000125,0.0069,0,0,,,,,,,,,0.0,-0.267467,0.005492,-7.2781,0.1494,7.4275,,
discovery,EMC,neutral,1000.0,0,coincident,1.6123024414830992e-06,10,-0.105,0.105,3.3592e-05,1.92e-07,1,1.28e-05,0.000125,0.00689,0,0,,,,,,,,,0.0,-0.267525,0.005444,-7.2797,0.1481,7.4278,,
discovery,GBL,anion,5.0,0,coincident,-3.729430156339319e-06,11,-0.13,0.13,1.2976e-05,6.66e-07,0,0.000335,0.0086,0.00451,1,1,0.007,0.755718,0.807671,2.7581749049630737,5,0.469194,3.3423317879945573,4,0.490366,0.060446,0.111322,1.6448,3.0292,1.3843999999999999,C1,C1 pz
discovery,GBL,anion,7.0,0,coincident,-3.381258954147402e-06,11,-0.129,0.129,1.1907e-05,5.87e-07,0,0.000313,0.00789,0.00448,1,1,0.009,0.755743,0.811934,2.734199558440986,5,0.471827,3.3260164184977974,4,0.492881,0.049504,0.101595,1.3471,2.7645,1.4174,C1,C1 pz
discovery,GBL,anion,10.0,0,coincident,-3.0383406447715384e-06,11,-0.128,0.128,1.1194e-05,5.34e-07,0,0.000298,0.0074,0.00445,1,1,0.01,0.755761,0.815113,2.7163860781228673,5,0.47381,3.313865023986111,4,0.494765,0.041252,0.094222,1.1225,2.5639,1.4413999999999998,C1,C1 pz
discovery,GBL,anion,14.0,0,coincident,9.495129673012138e-07,11,-0.128,0.128,1.0753e-05,5.03e-07,0,0.000288,0.00708,0.00443,1,1,0.011,0.755774,0.817224,2.7046086508948384,5,0.475136,3.3057836437570436,4,0.496018,0.035727,0.089266,0.9722,2.4291,1.4569,C1,C1 pz
discovery,GBL,anion,20.0,0,coincident,1.0761562533183853e-06,11,-0.128,0.128,1.0442000000000001e-05,4.82e-07,0,0.000281,0.00686,0.00442,1,1,0.011,0.755783,0.818802,2.6958071736953912,5,0.476133,3.2997404326711823,4,0.496956,0.031571,0.085527,0.8591,2.3273,1.4682000000000002,C1,C1 pz
discovery,GBL,anion,28.0,0,coincident,1.195668845612941e-06,11,-0.128,0.128,1.0239e-05,4.69e-07,0,0.000276,0.00671,0.00441,1,1,0.012,0.755789,0.819851,2.689967419172546,5,0.476798,3.295722364068127,4,0.497581,0.028795,0.083022,0.7835,2.2591,1.4756,C1,C1 pz
discovery,GBL,anion,40.0,0,coincident,1.1907160297127641e-06,11,-0.127,0.127,1.0098e-05,4.58e-07,0,0.000273,0.0066,0.0044,1,1,0.012,0.755793,0.820637,2.685592949851043,5,0.477298,3.292711557260808,4,0.498049,0.026709,0.081137,0.7268,2.2079,1.4811,C1,C1 pz
discovery,GBL,anion,80.0,0,coincident,1.2029882474991487e-06,11,-0.127,0.127,9.937e-06,4.47e-07,0,0.000269,0.00647,0.00439,1,1,0.012,0.755799,0.821552,2.680502975741869,5,0.477881,3.289191434945008,4,0.498595,0.024272,0.078932,0.6605,2.1478,1.4873000000000003,C1,C1 pz
discovery,GBL,anion,200.0,0,coincident,1.2774119630010259e-06,11,-0.127,0.127,9.831000000000001e-06,4.41e-07,0,0.000267,0.0064,0.00439,1,1,0.012,0.755802,0.8221,2.677451742965628,5,0.478231,3.2870999421684566,4,0.498923,0.022809,0.077605,0.6207,2.1117,1.4909999999999999,C1,C1 pz
discovery,GBL,anion,1000.0,0,coincident,1.3067730971100697e-06,11,-0.127,0.127,9.777e-06,4.37e-07,0,0.000266,0.00636,0.00438,1,1,0.013,0.755804,0.822392,2.675837631721127,5,0.478418,3.2859716358242754,4,0.499097,0.022027,0.076896,0.5994,2.0924,1.4929999999999999,C1,C1 pz
discovery,GBL,cation,5.0,0,coincident,2.3282253286642963e-05,17,-0.0632,0.0632,9.42e-06,6e-07,0,2.39e-05,0.000186,0.00409,1,1,-0.005,0.756346,0.739936,2.2629807373248068,4,0.680581,2.0623140442998515,3,0.571089,-0.362854,-0.143503,-9.8738,-3.9049,5.9689,O0,O0 py
discovery,GBL,cation,7.0,0,coincident,2.8149633885935916e-05,17,-0.0627,0.0627,1.0315e-05,7.25e-07,0,2.73e-05,0.000207,0.004,1,1,-0.005,0.756331,0.737773,2.269743405780742,4,0.67869,2.0714065806746236,3,0.569815,-0.35249,-0.133165,-9.5917,-3.6236,5.9681,O0,O0 py
discovery,GBL,cation,10.0,0,coincident,3.245591860297613e-05,17,-0.0624,0.0624,1.1136e-05,8.46e-07,0,3.01e-05,0.000223,0.00393,1,1,-0.006,0.75632,0.736077,2.2750767780982586,4,0.677207,2.0791745863420394,3,0.568821,-0.344713,-0.12541,-9.3801,-3.4126,5.967500000000001,O0,O0 py
discovery,GBL,cation,14.0,0,coincident,3.5500327297958906e-05,17,-0.0621,0.0621,1.1747000000000001e-05,9.37e-07,0,3.21e-05,0.000235,0.00388,1,1,-0.006,0.756313,0.734909,2.2787599746024396,4,0.676184,2.084563137329119,3,0.568139,-0.339527,-0.12024,-9.239,-3.2719,5.9671,O0,O0 py
discovery,GBL,cation,20.0,0,coincident,4.013551642304594e-05,18,-0.062,0.062,5.919e-06,2.49e-07,0,1.18e-05,8.12e-05,0.00384,1,1,-0.006,0.756327,0.734207,2.285082086228505,4,0.675502,2.0877405133888245,3,0.56767,-0.335597,-0.116344,-9.132,-3.1659,5.966099999999999,O0,O0 py
discovery,GBL,cation,28.0,0,coincident,4.20076328828778e-05,18,-0.0618,0.0618,6.172e-06,2.62e-07,0,1.21e-05,8.31e-05,0.00381,1,1,-0.006,0.756324,0.733604,2.2870854120163426,4,0.674972,2.0905331896389563,3,0.567318,-0.333001,-0.113758,-9.0614,-3.0955,5.965900000000001,O0,O0 py
discovery,GBL,cation,40.0,0,coincident,4.349067951302973e-05,18,-0.0617,0.0617,6.342e-06,2.72e-07,0,1.22e-05,8.43e-05,0.00379,1,1,-0.006,0.756321,0.733147,2.288618089970838,4,0.67457,2.0926617609839866,3,0.56705,-0.331053,-0.111818,-9.0084,-3.0427,5.9657,O0,O0 py
discovery,GBL,cation,80.0,0,coincident,4.517430281283303e-05,18,-0.0616,0.0616,6.566e-06,2.86e-07,0,1.24e-05,8.58e-05,0.00377,1,1,-0.006,0.756319,0.732606,2.29042087282991,4,0.674095,2.0951578705067426,3,0.566735,-0.328781,-0.109554,-8.9466,-2.9811,5.9655000000000005,O0,O0 py
discovery,GBL,cation,200.0,0,coincident,4.621946452367554e-05,18,-0.0616,0.0616,6.6920000000000005e-06,2.92e-07,0,1.26e-05,8.67e-05,0.00376,1,1,-0.006,0.756317,0.732279,2.291526922135278,4,0.673807,2.0966938433364017,3,0.566544,-0.327418,-0.108196,-8.9095,-2.9442,5.965299999999999,O0,O0 py
discovery,GBL,cation,1000.0,0,coincident,4.679931366638229e-05,18,-0.0616,0.0616,6.765999999999999e-06,2.96e-07,0,1.26e-05,8.72e-05,0.00375,1,1,-0.006,0.756316,0.732103,2.2921156231733852,4,0.673653,2.0975070879928293,3,0.566442,-0.326691,-0.107472,-8.8897,-2.9245,5.965199999999999,O0,O0 py
discovery,GBL,neutral,5.0,0,coincident,2.800320872529433e-07,10,-0.0814,0.0814,3.3016e-05,4.16e-07,1,2.21e-05,0.000144,0.00607,0,0,,,,,,,,,0.0,-0.247784,-0.020496,-6.7426,-0.5577,6.184900000000001,,
discovery,GBL,neutral,7.0,0,coincident,1.0555298323224893e-06,10,-0.0812,0.0812,3.2085e-05,3.85e-07,1,2.15e-05,0.00014,0.00603,0,0,,,,,,,,,0.0,-0.248662,-0.020896,-6.7664,-0.5686,6.1978,,
discovery,GBL,neutral,10.0,0,coincident,1.5632120235493345e-06,10,-0.081,0.081,3.1364e-05,3.64e-07,1,2.11e-05,0.000137,0.00601,0,0,,,,,,,,,0.0,-0.249339,-0.021212,-6.7849,-0.5772,6.2077,,
discovery,GBL,neutral,14.0,0,coincident,2.017016487282438e-06,10,-0.0809,0.0809,3.095e-05,3.5e-07,1,2.09e-05,0.000136,0.00599,0,0,,,,,,,,,0.0,-0.2498,-0.021431,-6.7974,-0.5832,6.2142,,
discovery,GBL,neutral,20.0,0,coincident,2.4097058014115786e-06,10,-0.0808,0.0808,3.0741e-05,3.41e-07,1,2.07e-05,0.000134,0.00597,0,0,,,,,,,,,0.0,-0.250151,-0.0216,-6.8069,-0.5878,6.2191,,
discovery,GBL,neutral,28.0,0,coincident,2.6178710141004937e-06,10,-0.0807,0.0807,3.0535e-05,3.35e-07,1,2.06e-05,0.000133,0.00597,0,0,,,,,,,,,0.0,-0.250387,-0.021715,-6.8134,-0.5909,6.2225,,
discovery,GBL,neutral,40.0,0,coincident,2.8762155836343925e-06,10,-0.0807,0.0807,3.0330999999999998e-05,3.31e-07,1,2.06e-05,0.000133,0.00596,0,0,,,,,,,,,0.0,-0.250566,-0.021802,-6.8182,-0.5933,6.2249,,
discovery,GBL,neutral,80.0,0,coincident,3.1284116699692897e-06,10,-0.0806,0.0806,3.0126e-05,3.26e-07,1,2.05e-05,0.000132,0.00595,0,0,,,,,,,,,0.0,-0.250775,-0.021905,-6.8239,-0.5961,6.2278,,
discovery,GBL,neutral,200.0,0,coincident,3.340740836563038e-06,10,-0.0806,0.0806,3.0122e-05,3.22e-07,1,2.04e-05,0.000132,0.00595,0,0,,,,,,,,,0.0,-0.250902,-0.021967,-6.8274,-0.5978,6.2296,,
discovery,GBL,neutral,1000.0,0,coincident,3.4389216724305672e-06,10,-0.0806,0.0806,3.012e-05,3.2e-07,1,2.04e-05,0.000132,0.00595,0,0,,,,,,,,,0.0,-0.250969,-0.022001,-6.8292,-0.5987,6.2305,,
discovery,PC,anion,5.0,1,moread_lower,-0.07942664076982552,25,-0.136,0.136,2.9789999999999998e-06,2.59e-07,0,0.000499,0.0135,0.00367,1,1,-0.047,0.751823,1.245212,4.382441877457411,6,0.343223,5.270869574681063,7,0.944917,0.044906,0.068332,1.222,1.8594,0.6374,C4,C4 s
discovery,PC,anion,7.0,1,moread_lower,-0.0862742454087307,25,-0.135,0.135,5.549e-06,4.39e-07,0,0.000207,0.00629,0.00362,1,1,-0.045,0.751598,1.373847,4.221020297822389,6,0.370474,4.942055151770324,6,1.036431,0.030726,0.057412,0.8361,1.5623,0.7262000000000001,C4,C4 s
discovery,PC,anion,10.0,1,moread_lower,-0.09044458227284341,25,-0.134,0.134,7.823e-06,1.93e-07,0,0.000351,0.0107,0.00359,1,1,-0.043,0.751419,1.479789,4.078555811547407,6,0.393849,4.649356921995398,6,1.113361,0.018797,0.048736,0.5115,1.3262,0.8147000000000001,C4,C4 s
discovery,PC,anion,14.0,1,moread_lower,-0.09257380445631701,27,-0.134,0.134,4.122e-06,1.92e-07,0,0.000168,0.00287,0.00357,1,1,-0.042,0.751309,1.551707,3.975222517094198,6,0.410838,4.437448599397398,6,1.165063,0.010215,0.042732,0.278,1.1628,0.8848,C4,C4 s
discovery,PC,anion,20.0,1,moread_lower,-0.09380373960467465,27,-0.134,0.134,6.5559999999999996e-06,4.96e-07,1,0.000779,0.0249,0.00355,1,1,-0.041,0.751236,1.602432,3.8976130865976626,6,0.423601,4.280708362453281,6,1.200898,0.003575,0.038145,0.0973,1.038,0.9407000000000001,C4,C4 s
discovery,PC,anion,28.0,1,moread_lower,-0.09445458331072529,32,-0.133,0.133,5.665e-06,5.65e-07,1,0.000433,0.0124,0.00354,1,1,-0.041,0.751192,1.635749,3.843555748971975,6,0.432285,4.176043691084269,6,1.224396,-0.000995,0.035063,-0.0271,0.9541,0.9812,C4,C4 s
discovery,PC,anion,40.0,1,moread_lower,-0.09485962482087283,32,-0.133,0.133,7.745e-06,9.85e-07,1,0.00104,0.0341,0.00354,1,1,-0.04,0.751162,1.659918,3.801539495838543,6,0.439026,4.095953892736317,6,1.241036,-0.004457,0.032711,-0.1213,0.8901,1.0114,C4,C4 s
discovery,PC,anion,80.0,1,moread_lower,-0.09524857866154403,32,-0.133,0.133,9.027e-06,6.37e-07,1,0.00139,0.0462,0.00353,1,1,-0.04,0.75113,1.686238,3.7562319829376256,6,0.44643,4.00918255053582,6,1.258657,-0.008523,0.030014,-0.2319,0.8167,1.0486,C4,C4 s
discovery,PC,anion,200.0,1,moread_lower,-0.09544553598131673,31,-0.133,0.133,6.1635e-05,8.5e-08,1,0.00141,0.0397,0.00352,1,1,-0.039,0.751113,1.701235,3.728017225003422,6,0.450673,3.9600421452405468,6,1.269096,-0.010978,0.028385,-0.2987,0.7724,1.0711,C4,C4 s
discovery,PC,anion,1000.0,1,moread_lower,-0.09553544724494577,34,-0.133,0.133,7.458e-06,4.08e-07,1,0.000612,0.0211,0.00352,1,1,-0.039,0.7511,1.709232,3.718480938451798,6,0.453107,3.9321507483375124,6,1.27396,-0.012298,0.027482,-0.3347,0.7478,1.0825,C4,C4 s
discovery,PC,cation,5.0,0,coincident,-1.3920718165936376e-05,16,-0.094,0.094,1.192e-05,3.9e-07,0,1.29e-05,7.23e-05,0.0104,1,1,-0.039,0.754795,0.275651,6.864421714604871,8,0.259795,6.567082084204967,8,0.162436,-0.381346,-0.093036,-10.377,-2.5317,7.845300000000001,O6,O6 pz
discovery,PC,cation,7.0,0,coincident,-7.786129765570401e-06,16,-0.0933,0.0933,9.577e-06,7.97e-07,0,1.92e-05,0.000103,0.0104,1,1,-0.036,0.75492,0.279648,6.785919953243731,8,0.263712,6.482702535632542,8,0.161474,-0.368362,-0.082536,-10.0236,-2.2459,7.7777,O6,O6 pz
discovery,PC,cation,10.0,0,coincident,-1.0681366204021932e-05,16,-0.0928,0.0928,6.343e-06,7.63e-07,0,3.66e-05,0.000238,0.0104,1,1,-0.034,0.755081,0.281736,6.6854412899722755,8,0.265712,6.38461826543053,8,0.160047,-0.358516,-0.074705,-9.7557,-2.0328,7.722899999999999,O6,O6 pz
discovery,PC,cation,14.0,0,coincident,-2.239823597320221e-06,17,-0.0925,0.0925,4.288e-06,6.78e-07,0,2.66e-05,0.000154,0.0104,1,1,-0.033,0.755166,0.282832,6.613521733924974,8,0.26682,6.313328956785967,8,0.158816,-0.352197,-0.069482,-9.5838,-1.8907,7.6931,O6,O6 pz
discovery,PC,cation,20.0,0,coincident,-2.2903277796926993e-06,17,-0.0923,0.0923,5.06e-06,6.2e-07,0,3.03e-05,0.000166,0.0104,1,1,-0.032,0.755239,0.284225,6.544579010612019,8,0.268208,6.246193342023426,8,0.157964,-0.34739,-0.065601,-9.453,-1.7851,7.6678999999999995,O6,O6 pz
discovery,PC,cation,28.0,0,coincident,-5.991143900636212e-07,17,-0.0921,0.0921,5.215e-06,5.95e-07,0,2.86e-05,0.000154,0.0104,1,1,-0.031,0.755297,0.285319,6.492642745576022,8,0.269288,6.196075814083595,8,0.157408,-0.344199,-0.063021,-9.3661,-1.7149,7.651199999999999,O6,O6 pz
discovery,PC,cation,40.0,0,coincident,0.00021053672674223436,17,-0.092,0.092,5.137e-06,5.97e-07,0,2.76e-05,0.000151,0.0104,1,1,-0.031,0.755347,0.28611,6.451727094470277,8,0.270065,6.156938076284023,8,0.156956,-0.341814,-0.06109,-9.3012,-1.6624,7.6388,O6,O6 pz
discovery,PC,cation,80.0,0,coincident,1.4055494464446717e-06,17,-0.0918,0.0918,4.807e-06,6.07e-07,0,2.76e-05,0.000158,0.0104,1,1,-0.03,0.755409,0.286929,6.402987564801865,8,0.270866,6.1106818567630725,8,0.156359,-0.339042,-0.058842,-9.2258,-1.6012,7.624599999999999,O6,O6 pz
discovery,PC,cation,200.0,0,coincident,2.2843958468453605e-06,17,-0.0918,0.0918,4.505e-06,6.15e-07,0,2.75e-05,0.000158,0.0104,1,1,-0.03,0.755447,0.287334,6.373805856011906,8,0.271264,6.083122866344244,8,0.155948,-0.337383,-0.057494,-9.1807,-1.5645,7.6162,O6,O6 pz
discovery,PC,cation,1000.0,0,coincident,1.7422878728205428e-05,17,-0.0917,0.0917,4.333e-06,6.13e-07,0,2.73e-05,0.000156,0.0104,1,1,-0.03,0.755466,0.287518,6.358397170388477,8,0.271446,6.068569675550619,8,0.15571,-0.3365,-0.056775,-9.1566,-1.5449,7.611699999999999,O6,O6 pz
discovery,PC,neutral,5.0,0,coincident,-4.057225517227978e-08,10,-0.0989,0.0989,3.1097000000000004e-05,2.97e-07,1,1.72e-05,0.000125,0.00696,0,0,,,,,,,,,0.0,-0.275578,0.004729,-7.4989,0.1287,7.6276,,
discovery,PC,neutral,7.0,0,coincident,-2.0166406177434803e-07,10,-0.0986,0.0986,3.0475000000000002e-05,2.75e-07,1,1.67e-05,0.000123,0.00693,0,0,,,,,,,,,0.0,-0.275077,0.004015,-7.4852,0.1093,7.5945,,
discovery,PC,neutral,10.0,0,coincident,1.3922439741232097e-06,10,-0.0984,0.0984,3.0161e-05,2.61e-07,1,1.63e-05,0.000121,0.0069,0,0,,,,,,,,,0.0,-0.274664,0.003457,-7.474,0.0941,7.5681,,
discovery,PC,neutral,14.0,0,coincident,1.5980163054262492e-06,10,-0.0982,0.0982,2.9851999999999998e-05,2.52e-07,1,1.61e-05,0.00012,0.00689,0,0,,,,,,,,,0.0,-0.274377,0.003074,-7.4662,0.0836,7.549799999999999,,
discovery,PC,neutral,20.0,0,coincident,1.6310773569722769e-06,10,-0.0981,0.0981,2.9745e-05,2.45e-07,1,1.6e-05,0.000119,0.00688,0,0,,,,,,,,,0.0,-0.274156,0.002781,-7.4602,0.0757,7.535900000000001,,
discovery,PC,neutral,28.0,0,coincident,1.9111372864132913e-06,10,-0.0981,0.0981,2.9639000000000002e-05,2.39e-07,1,1.59e-05,0.000118,0.00687,0,0,,,,,,,,,0.0,-0.274006,0.002582,-7.4561,0.0703,7.5264,,
discovery,PC,neutral,40.0,0,coincident,2.071874878511568e-06,10,-0.098,0.098,2.9636000000000002e-05,2.36e-07,1,1.58e-05,0.000118,0.00686,0,0,,,,,,,,,0.0,-0.273893,0.002432,-7.453,0.0662,7.5192000000000005,,
discovery,PC,neutral,80.0,0,coincident,2.2349790565958754e-06,10,-0.0979,0.0979,2.9432999999999998e-05,2.33e-07,1,1.57e-05,0.000118,0.00686,0,0,,,,,,,,,0.0,-0.273759,0.002255,-7.4494,0.0614,7.5108,,
discovery,PC,neutral,200.0,0,coincident,2.247904019013701e-06,10,-0.0979,0.0979,2.9430999999999997e-05,2.31e-07,1,1.57e-05,0.000117,0.00685,0,0,,,,,,,,,0.0,-0.273679,0.002148,-7.4472,0.0585,7.5057,,
discovery,PC,neutral,1000.0,0,coincident,2.3666014539130685e-06,10,-0.0979,0.0979,2.9429e-05,2.29e-07,1,1.57e-05,0.000117,0.00685,0,0,,,,,,,,,0.0,-0.273635,0.002091,-7.446,0.0569,7.5028999999999995,,
discovery,SL,anion,5.0,0,coincident,1.2233145915791688e-06,15,-0.182,0.182,7.584999999999999e-06,4.35e-07,0,0.000346,0.00492,0.00554,1,1,0.027,0.753064,0.792894,3.40624066360447,5,0.423478,4.387274314910601,7,0.370798,0.065399,0.100394,1.7796,2.7318,0.9521999999999997,S1,S1 px
discovery,SL,anion,7.0,0,coincident,5.910061261820699e-07,14,-0.182,0.182,2.6812e-05,9.32e-07,0,0.000278,0.00379,0.00549,1,1,0.027,0.753083,0.833919,3.228321830819271,5,0.426899,4.329092776755073,7,0.395224,0.054981,0.091558,1.4961,2.4914,0.9953000000000001,S1,S1 px
discovery,SL,anion,10.0,0,coincident,1.6136063839577553e-06,14,-0.182,0.182,2.0653e-05,6.73e-07,0,0.000212,0.00381,0.00545,1,1,0.028,0.753105,0.866987,3.106290153295634,5,0.429095,4.289657521488118,7,0.414881,0.046922,0.084853,1.2768,2.309,1.0322000000000002,S1,S1 px
discovery,SL,anion,14.0,0,coincident,2.9231018283458735e-06,14,-0.181,0.181,2.0084e-05,6.64e-07,0,0.000258,0.0055,0.00542,1,1,0.028,0.753119,0.889252,3.0344518635262028,5,0.430217,4.267564715636962,7,0.428174,0.041439,0.080337,1.1276,2.1861,1.0585000000000002,S1,S1 px
discovery,SL,anion,20.0,0,coincident,1.8947815477098339e-06,14,-0.181,0.181,1.9945e-05,6.95e-07,0,0.000284,0.00628,0.0054,1,1,0.028,0.753128,0.906017,2.9880333868272357,5,0.430898,4.253032455983314,7,0.438205,0.037267,0.076927,1.0141,2.0933,1.0792000000000002,S1,S1 px
discovery,SL,anion,28.0,0,coincident,1.4163816043924978e-06,14,-0.181,0.181,1.9835e-05,7.15e-07,0,0.000292,0.00655,0.00538,1,1,0.028,0.753134,0.917264,2.967927665840964,5,0.431285,4.244162046588518,7,0.444929,0.034457,0.074642,0.9376,2.0311,1.0935,S1,S1 px
discovery,SL,anion,40.0,0,coincident,2.680757236223414e-06,14,-0.181,0.181,1.973e-05,7.2e-07,0,0.000293,0.00664,0.00537,1,1,0.028,0.753138,0.925739,2.973435709210903,5,0.431543,4.237902543327995,6,0.44999,0.032336,0.072922,0.8799,1.9843,1.1044,S1,S1 px
discovery,SL,anion,80.0,0,coincident,2.3796625336947968e-06,14,-0.181,0.181,1.9444000000000002e-05,7.24e-07,0,0.000291,0.00664,0.00536,1,1,0.028,0.753142,0.935689,2.9806471217410513,5,0.431813,4.230994314749438,6,0.455914,0.029845,0.07091,0.8121,1.9296,1.1175,S1,S1 px
discovery,SL,anion,200.0,0,coincident,2.250490248927847e-06,14,-0.181,0.181,1.9361e-05,7.21e-07,0,0.000287,0.00659,0.00535,1,1,0.028,0.753145,0.941688,2.9847031784273987,5,0.43196,4.227055819709383,6,0.45948,0.028342,0.0697,0.7712,1.8966,1.1254,S1,S1 px
discovery,SL,anion,1000.0,0,coincident,2.3305489139376395e-06,14,-0.181,0.181,1.9205e-05,7.15e-07,0,0.000285,0.00655,0.00534,1,1,0.028,0.753146,0.944898,2.986776093622955,5,0.432034,4.2249841531381405,6,0.461384,0.027538,0.069053,0.7493,1.879,1.1297000000000001,S1,S1 px
discovery,SL,cation,5.0,0,coincident,2.8078150614851975e-05,9,-0.13,0.13,5.6464e-05,3.64e-07,1,2.93e-05,0.000337,0.00915,1,1,0.019,0.755192,0.280549,5.495282506933665,6,0.245667,5.634919840774563,7,0.173016,-0.368022,-0.054247,-10.0144,-1.4761,8.5383,O2,O2 py
discovery,SL,cation,7.0,0,coincident,2.7589442874795485e-07,9,-0.129,0.129,5.546e-05,3.6e-07,1,2.85e-05,0.000334,0.00915,1,1,0.018,0.755171,0.279352,5.510088987905722,6,0.2447,5.66234937786258,7,0.172152,-0.358363,-0.044403,-9.7515,-1.2083,8.5432,O2,O2 py
discovery,SL,cation,10.0,0,coincident,1.880526347417507e-06,9,-0.129,0.129,5.4659e-05,3.59e-07,1,2.8e-05,0.000331,0.00914,1,1,0.017,0.755154,0.278411,5.521864630171694,6,0.24394,5.6840753672402045,7,0.171804,-0.351116,-0.037024,-9.5544,-1.0075,8.546899999999999,O2,C6 px
discovery,SL,cation,14.0,0,coincident,3.184085218593608e-06,9,-0.129,0.129,5.406e-05,3.6e-07,1,2.76e-05,0.000329,0.00914,1,1,0.017,0.755142,0.277762,5.530031345421509,6,0.243416,5.699127916250656,7,0.17168,-0.346284,-0.032108,-9.4229,-0.8737,8.5492,O2,C6 px
discovery,SL,cation,20.0,0,coincident,3.6812384223649554e-06,9,-0.128,0.128,5.3663e-05,3.63e-07,1,2.73e-05,0.000327,0.00914,1,1,0.017,0.755133,0.277263,5.536331528974529,6,0.243013,5.710737943870836,7,0.171582,-0.342659,-0.028421,-9.3242,-0.7734,8.550799999999999,O2,C6 px
discovery,SL,cation,28.0,0,coincident,3.988671863044393e-06,9,-0.128,0.128,5.3366000000000004e-05,3.66e-07,1,2.71e-05,0.000326,0.00914,1,1,0.017,0.755127,0.276925,5.540648050948242,6,0.24274,5.718641331651236,7,0.171515,-0.340242,-0.025965,-9.2584,-0.7065,8.5519,O2,C6 px
discovery,SL,cation,40.0,0,coincident,4.380488788613977e-06,9,-0.128,0.128,5.3067e-05,3.67e-07,1,2.7e-05,0.000325,0.00914,1,1,0.017,0.755122,0.276668,5.543915494088456,6,0.242533,5.724641799811647,7,0.171464,-0.338429,-0.024123,-9.2091,-0.6564,8.5527,O2,C6 px
discovery,SL,cation,80.0,0,coincident,4.747408610895227e-06,9,-0.128,0.128,5.2868e-05,3.68e-07,1,2.68e-05,0.000324,0.00914,1,1,0.016,0.755116,0.276364,5.547798300859976,6,0.242288,5.731760123238871,7,0.171403,-0.336313,-0.021974,-9.1516,-0.5979,8.553700000000001,O2,C6 px
discovery,SL,cation,200.0,0,coincident,5.043439128771383e-06,9,-0.128,0.128,5.2769e-05,3.69e-07,1,2.67e-05,0.000323,0.00913,1,1,0.016,0.755113,0.27618,5.550139386484187,6,0.24214,5.7360643991537215,7,0.171366,-0.335044,-0.020685,-9.117,-0.5629,8.554100000000002,O2,C6 px
discovery,SL,cation,1000.0,0,coincident,5.1160422745310656e-06,9,-0.128,0.128,5.2669e-05,3.69e-07,1,2.66e-05,0.000323,0.00913,1,1,0.016,0.755111,0.276082,5.551422701334599,6,0.24206,5.738393653435359,7,0.171346,-0.334367,-0.019998,-9.0986,-0.5442,8.5544,O2,C6 px
discovery,SL,neutral,5.0,0,coincident,3.711363669857724e-07,10,-0.158,0.158,3.6706e-06,3.06e-08,0,8.51e-06,0.000155,0.00875,0,0,,,,,,,,,0.0,-0.25512,0.031636,-6.9422,0.8609,7.8031,,
discovery,SL,neutral,7.0,0,coincident,6.766920067586467e-07,10,-0.158,0.158,3.6706e-06,4.06e-08,0,7.99e-06,0.000158,0.00872,0,0,,,,,,,,,0.0,-0.255295,0.031851,-6.9469,0.8667,7.8136,,
discovery,SL,neutral,10.0,0,coincident,3.238696123706552e-07,10,-0.158,0.158,3.6831e-06,4.31e-08,0,7.69e-06,0.00016,0.0087,0,0,,,,,,,,,0.0,-0.255433,0.031989,-6.9507,0.8705,7.8212,,
discovery,SL,neutral,14.0,0,coincident,1.5866396780228135e-06,10,-0.158,0.158,3.6972e-06,4.72e-08,0,7.54e-06,0.000161,0.00869,0,0,,,,,,,,,0.0,-0.255529,0.03207,-6.9533,0.8727,7.826,,
discovery,SL,neutral,20.0,0,coincident,1.6885204313273265e-06,10,-0.158,0.158,3.6964e-06,4.64e-08,0,7.47e-06,0.000163,0.00868,0,0,,,,,,,,,0.0,-0.255602,0.032124,-6.9553,0.8741,7.829400000000001,,
discovery,SL,neutral,28.0,0,coincident,1.9108093673093442e-06,10,-0.157,0.157,3.7068e-06,4.68e-08,0,7.41e-06,0.000163,0.00868,0,0,,,,,,,,,0.0,-0.255651,0.032156,-6.9566,0.875,7.8316,,
discovery,SL,neutral,40.0,0,coincident,2.1344347283187678e-06,10,-0.157,0.157,3.7171999999999997e-06,4.72e-08,0,7.37e-06,0.000164,0.00867,0,0,,,,,,,,,0.0,-0.255689,0.032179,-6.9576,0.8756,7.833200000000001,,
discovery,SL,neutral,80.0,0,coincident,2.0845569951778857e-06,10,-0.157,0.157,3.7165999999999997e-06,4.66e-08,0,7.34e-06,0.000165,0.00867,0,0,,,,,,,,,0.0,-0.255733,0.032203,-6.9588,0.8763,7.8351,,
discovery,SL,neutral,200.0,0,coincident,2.2103541880353457e-06,10,-0.157,0.157,3.7285999999999998e-06,4.86e-08,0,7.33e-06,0.000165,0.00867,0,0,,,,,,,,,0.0,-0.25576,0.032217,-6.9596,0.8767,7.8363,,
discovery,SL,neutral,1000.0,0,coincident,2.1977293025333956e-06,10,-0.157,0.157,3.7281e-06,4.81e-08,0,7.32e-06,0.000165,0.00867,0,0,,,,,,,,,0.0,-0.255774,0.032224,-6.96,0.8768,7.8368,,
discovery,SN,anion,5.0,0,coincident,6.070849897930439e-07,13,-0.14,0.14,4.229e-06,2.19e-07,0,0.000126,0.00201,0.00477,1,1,0.001,0.7525,0.237965,5.684741061739301,6,0.215633,5.769835950595955,6,0.131489,0.029715,0.05028,0.8086,1.3682,0.5596000000000001,C4,C3 px
discovery,SN,anion,7.0,0,coincident,-1.2897661605633972e-06,12,-0.139,0.139,1.8370000000000002e-05,9.7e-07,0,0.000207,0.00327,0.00473,1,1,0.002,0.75251,0.243011,5.594024061156562,6,0.216131,5.7442162849214675,6,0.126553,0.020569,0.041238,0.5597,1.1221,0.5624000000000001,C4,C3 px
discovery,SN,anion,10.0,0,coincident,-2.0320914853346317e-06,12,-0.138,0.138,1.7301e-05,9.11e-07,0,0.000204,0.0033,0.0047,1,1,0.002,0.752513,0.246782,5.524718165660315,6,0.216401,5.724113833396198,6,0.122871,0.013718,0.03444,0.3733,0.9372,0.5639000000000001,C1,C3 px
discovery,SN,anion,14.0,0,coincident,-1.732305365645349e-06,12,-0.138,0.138,1.6593e-05,8.73e-07,0,0.000202,0.00331,0.00467,1,1,0.002,0.752515,0.249293,5.477107863894121,6,0.21657,5.7101786066176174,6,0.1204,0.009145,0.029896,0.2489,0.8135,0.5646,C1,C3 px
discovery,SN,anion,20.0,0,coincident,-1.4860133699697193e-06,12,-0.138,0.138,1.6014e-05,8.44e-07,0,0.0002,0.00332,0.00465,1,1,0.003,0.752517,0.251176,5.440712290160212,6,0.21669,5.699442544033532,6,0.118539,0.005713,0.026482,0.1554,0.7206,0.5652,C1,C3 px
discovery,SN,anion,28.0,0,coincident,-1.3994813962334306e-06,12,-0.137,0.137,1.5664e-05,8.24e-07,0,0.000199,0.00332,0.00464,1,1,0.003,0.752519,0.252429,5.416100879926708,6,0.216766,5.692164337369762,6,0.117294,0.003422,0.024203,0.0931,0.6586,0.5655,C1,C3 px
discovery,SN,anion,40.0,0,coincident,-1.360080059748357e-06,12,-0.137,0.137,1.5419999999999998e-05,8.1e-07,0,0.000198,0.00332,0.00463,1,1,0.003,0.752521,0.253369,5.397509444548134,6,0.216822,5.686637251344626,6,0.116359,0.001704,0.022491,0.0464,0.612,0.5656,C1,C3 px
discovery,SN,anion,80.0,0,coincident,-1.1721313691754046e-06,12,-0.137,0.137,1.5084e-05,7.94e-07,0,0.000197,0.00332,0.00462,1,1,0.003,0.752522,0.254463,5.375663431550105,6,0.216886,5.68008109281548,6,0.115266,-0.000302,0.020493,-0.0082,0.5576,0.5658,C1,C3 px
discovery,SN,anion,200.0,0,coincident,-1.1078035404256992e-06,12,-0.137,0.137,1.4955e-05,7.85e-07,0,0.000196,0.00332,0.00461,1,1,0.003,0.752524,0.255121,5.362483330629589,6,0.216922,5.676140951241382,6,0.114609,-0.001506,0.019293,-0.041,0.525,0.5660000000000001,C1,C3 px
discovery,SN,anion,1000.0,0,coincident,-1.0878298640612444e-06,12,-0.137,0.137,1.484e-05,7.8e-07,0,0.000196,0.00332,0.00461,1,1,0.003,0.752524,0.255471,5.355427059704435,6,0.216942,5.673997879278941,6,0.114259,-0.002148,0.018653,-0.0585,0.5076,0.5661,C1,C3 px
discovery,SN,cation,5.0,0,coincident,-1.701791874307813e-07,16,-0.0523,0.0523,1.0802e-05,3.22e-07,1,1.23e-05,6.63e-05,0.0108,1,1,0.006,0.756106,0.356908,3.6795112425527132,5,0.315665,4.41986608522035,6,0.180368,-0.41557,-0.12225,-11.3082,-3.3266,7.981599999999999,N0,N0 py
discovery,SN,cation,7.0,0,coincident,-1.2662008419377898e-06,16,-0.0514,0.0514,7.643e-06,2.93e-07,1,8.73e-06,5.25e-05,0.0106,1,1,0.007,0.75617,0.356994,3.672646183973948,5,0.315262,4.429079607807322,6,0.180316,-0.405249,-0.111928,-11.0274,-3.0457,7.9817,N0,N0 py
discovery,SN,cation,10.0,0,coincident,-1.1441136206407843e-05,14,-0.0507,0.0507,6.602499999999999e-05,4.25e-07,1,7.25e-05,0.000509,0.0105,1,1,0.007,0.756262,0.357519,3.6591882167271863,5,0.315242,4.43141285559078,6,0.180063,-0.397414,-0.104069,-10.8142,-2.8319,7.9822999999999995,N0,N0 py
discovery,SN,cation,14.0,0,coincident,-1.0458314701444415e-05,14,-0.0503,0.0503,6.2424e-05,1.24e-07,1,6.79e-05,0.000479,0.0104,1,1,0.007,0.756271,0.35726,3.6604994551065255,5,0.31481,4.440397344244945,6,0.179925,-0.392239,-0.098887,-10.6734,-2.6909,7.982500000000001,N0,N0 py
discovery,SN,cation,20.0,0,coincident,-1.0094825655448796e-05,14,-0.05,0.05,6.0550299999999995e-05,5.03e-08,0,6.28e-05,0.000447,0.0104,1,1,0.007,0.75628,0.357056,3.6614484997702275,5,0.314469,4.447474879541632,6,0.179795,-0.388357,-0.094996,-10.5677,-2.585,7.9827,N0,N0 py
discovery,SN,cation,28.0,0,coincident,-9.922278335243758e-06,14,-0.0498,0.0498,5.9855e-05,1.55e-07,0,5.86e-05,0.000421,0.0104,1,1,0.007,0.756287,0.356918,3.662013404325407,5,0.314235,4.452321767276359,6,0.179696,-0.385768,-0.092399,-10.4973,-2.5143,7.982999999999999,N0,N0 py
discovery,SN,cation,40.0,0,coincident,-9.70709070400806e-06,14,-0.0496,0.0496,5.9536e-05,2.36e-07,0,5.51e-05,0.000399,0.0103,1,1,0.007,0.756293,0.356814,3.6624206636449768,5,0.314056,4.456044092295194,6,0.179614,-0.383826,-0.09045,-10.4444,-2.4613,7.9831,N0,N0 py
discovery,SN,cation,80.0,0,coincident,-9.76711846148903e-06,14,-0.0495,0.0495,5.9632e-05,3.32e-07,0,5.09e-05,0.000373,0.0103,1,1,0.007,0.756301,0.356689,3.662893199801631,5,0.313843,4.460495649529621,6,0.17951,-0.38156,-0.088173,-10.3828,-2.3993,7.983499999999999,N0,N0 py
discovery,SN,cation,200.0,0,coincident,-9.906658867735955e-06,14,-0.0494,0.0494,5.9698000000000003e-05,3.98e-07,0,4.83e-05,0.000357,0.0103,1,1,0.007,0.756306,0.356612,3.663185362150238,5,0.313711,4.463232343263567,6,0.179443,-0.3802,-0.086806,-10.3458,-2.3621,7.983700000000001,N0,N0 py
discovery,SN,cation,1000.0,0,coincident,-1.0024403481088005e-05,14,-0.0493,0.0493,5.9735e-05,4.35e-07,0,4.69e-05,0.000349,0.0103,1,1,0.007,0.756309,0.35657,3.6633448499295644,5,0.31364,4.464718765098026,6,0.179405,-0.379474,-0.086077,-10.326,-2.3423,7.983700000000001,N0,N0 py
discovery,SN,neutral,5.0,0,coincident,-1.5560505487410183e-05,8,-0.0929,0.0929,0.00045480900000000003,6.09e-07,0,8.62e-05,0.000715,0.00704,0,0,,,,,,,,,0.0,-0.316959,-0.019908,-8.6249,-0.5417,8.0832,,
discovery,SN,neutral,7.0,0,coincident,-1.521034820913587e-05,8,-0.092,0.092,0.00044973,6.3e-07,0,8.5e-05,0.000719,0.00706,0,0,,,,,,,,,0.0,-0.316833,-0.019661,-8.6215,-0.535,8.0865,,
discovery,SN,neutral,10.0,0,coincident,-1.5848183348865053e-05,8,-0.0914,0.0914,0.00044676,6.6e-07,0,8.42e-05,0.000723,0.00707,0,0,,,,,,,,,0.0,-0.316738,-0.019483,-8.6189,-0.5302,8.0887,,
discovery,SN,neutral,14.0,0,coincident,-1.5940266745545045e-05,8,-0.0909,0.0909,0.000444787,6.87e-07,0,8.36e-05,0.000724,0.00708,0,0,,,,,,,,,0.0,-0.316675,-0.019368,-8.6172,-0.527,8.090200000000001,,
discovery,SN,neutral,20.0,0,coincident,-1.5865516657727446e-05,8,-0.0906,0.0906,0.000442811,7.11e-07,0,8.32e-05,0.000726,0.00708,0,0,,,,,,,,,0.0,-0.316627,-0.019284,-8.6159,-0.5247,8.0912,,
discovery,SN,neutral,28.0,0,coincident,-1.5812045735537187e-05,8,-0.0904,0.0904,0.000441829,7.29e-07,0,8.3e-05,0.000728,0.00709,0,0,,,,,,,,,0.0,-0.316595,-0.019229,-8.615,-0.5233,8.0917,,
discovery,SN,neutral,40.0,0,coincident,-1.5815719357574325e-05,8,-0.0903,0.0903,0.00044194499999999996,7.45e-07,0,8.28e-05,0.00073,0.00709,0,0,,,,,,,,,0.0,-0.316571,-0.019188,-8.6143,-0.5221,8.0922,,
discovery,SN,neutral,80.0,0,coincident,-1.6004812671434638e-05,8,-0.0901,0.0901,0.000440963,7.63e-07,0,8.26e-05,0.000731,0.00709,0,0,,,,,,,,,0.0,-0.316543,-0.019142,-8.6136,-0.5209,8.0927,,
discovery,SN,neutral,200.0,0,coincident,-1.6056051578214546e-05,8,-0.09,0.09,0.000440975,7.75e-07,0,8.25e-05,0.000732,0.00709,0,0,,,,,,,,,0.0,-0.316526,-0.019114,-8.6131,-0.5201,8.093,,
discovery,SN,neutral,1000.0,0,coincident,-1.606307090318488e-05,8,-0.0899,0.0899,0.000439982,7.82e-07,0,8.25e-05,0.000734,0.00709,0,0,,,,,,,,,0.0,-0.316517,-0.019099,-8.6129,-0.5197,8.0932,,
discovery,TMP,anion,5.0,0,coincident,8.460838789823106e-07,12,-0.187,0.187,1.0141e-05,3.21e-07,0,9.81e-05,0.00187,0.00535,1,1,0.039,0.751398,0.437496,5.816598029116111,7,0.194002,7.08274422473672,7,0.260338,0.05829,0.108306,1.5862,2.9472,1.361,C0,C7 py
discovery,TMP,anion,7.0,0,coincident,1.8375844126827441e-06,12,-0.186,0.186,1.0763e-05,3.33e-07,0,0.000103,0.00196,0.00532,1,1,0.04,0.751416,0.434519,5.956984661755151,7,0.192516,7.143268085699366,7,0.25549,0.048991,0.099501,1.3331,2.7076,1.3744999999999998,C0,C7 py
discovery,TMP,anion,10.0,0,coincident,-6.28175447256789e-07,12,-0.186,0.186,1.1028999999999999e-05,3.29e-07,0,0.000108,0.00209,0.0053,1,1,0.04,0.751431,0.432151,6.059635390453157,7,0.191397,7.188439904629581,7,0.251855,0.041967,0.092824,1.142,2.5259,1.3839000000000001,C0,C7 py
discovery,TMP,anion,14.0,0,coincident,-5.068391916435859e-07,12,-0.186,0.186,1.1174e-05,3.34e-07,0,0.000113,0.00222,0.00528,1,1,0.04,0.751441,0.430504,6.12650293218801,7,0.190648,7.218588177623336,7,0.24943,0.037259,0.088336,1.0139,2.4038,1.3899,C0,C7 py
discovery,TMP,anion,20.0,0,coincident,-7.099974508444084e-07,12,-0.185,0.185,1.1322e-05,3.42e-07,0,0.000118,0.00232,0.00527,1,1,0.041,0.751449,0.429233,6.175733887598114,7,0.190084,7.241108009839941,7,0.247607,0.033716,0.084952,0.9174,2.3117,1.3943,C0,C7 py
discovery,TMP,anion,28.0,0,coincident,-2.8372210524528e-06,12,-0.185,0.185,1.1462e-05,3.52e-07,0,0.000122,0.0024,0.00526,1,1,0.041,0.751455,0.428367,6.208054457839585,7,0.189707,7.2561579556363975,7,0.24639,0.031347,0.082687,0.853,2.25,1.397,C0,C7 py
discovery,TMP,anion,40.0,0,coincident,-2.6621153445216864e-06,12,-0.185,0.185,1.1579e-05,3.59e-07,0,0.000125,0.00247,0.00525,1,1,0.041,0.751459,0.427707,6.232033034609617,7,0.189424,7.267445106903646,7,0.245477,0.029567,0.080984,0.8046,2.2037,1.3991,C0,C7 py
discovery,TMP,anion,80.0,0,coincident,-2.369484667166638e-06,12,-0.185,0.185,1.1750000000000001e-05,3.7e-07,0,0.000128,0.00255,0.00524,1,1,0.041,0.751464,0.42693,6.259653550642523,7,0.189092,7.280636282346687,7,0.244409,0.027487,0.078991,0.748,2.1495,1.4015000000000002,C0,C7 py
discovery,TMP,anion,200.0,0,coincident,-2.0713876402203262e-06,12,-0.185,0.185,1.1859e-05,3.79e-07,0,0.000131,0.0026,0.00524,1,1,0.041,0.751467,0.426458,6.276068861208366,7,0.188893,7.28856903747417,7,0.243767,0.026237,0.077793,0.7139,2.1169,1.4029999999999998,C0,C7 py
discovery,TMP,anion,1000.0,0,coincident,-2.2366681493388463e-06,12,-0.185,0.185,1.1924e-05,3.84e-07,0,0.000132,0.00263,0.00523,1,1,0.041,0.751469,0.426204,6.284784685139119,7,0.188787,7.292776579615944,7,0.243425,0.025569,0.077153,0.6958,2.0994,1.4036000000000002,C0,C7 py
discovery,TMP,cation,5.0,1,moread_lower,-0.15225009376372461,9,-0.117,0.117,3.4122e-05,9.22e-07,0,1.61e-05,0.00035,0.00835,1,1,-0.032,0.753062,0.229858,6.650752006413105,10,0.227363,6.2624260859771494,9,0.167106,-0.349967,-0.040534,-9.5231,-1.103,8.4201,O6,O1 py
discovery,TMP,cation,7.0,1,moread_lower,-0.14710357718109535,9,-0.117,0.117,3.3271e-05,8.71e-07,0,1.52e-05,0.000339,0.00835,1,1,-0.031,0.753063,0.229811,6.649327531631978,9,0.227414,6.259141135304614,9,0.167405,-0.341681,-0.031809,-9.2976,-0.8656,8.431999999999999,O6,O1 py
discovery,TMP,cation,10.0,1,moread_lower,-0.14308165263181802,9,-0.116,0.116,3.2638e-05,8.38e-07,0,1.45e-05,0.000332,0.00835,1,1,-0.031,0.753063,0.229775,6.648382412864308,9,0.227452,6.256813319634081,9,0.167628,-0.335479,-0.025266,-9.1288,-0.6875,8.4413,O6,O1 py
discovery,TMP,cation,14.0,1,moread_lower,-0.14036018581037646,9,-0.116,0.116,3.2314e-05,8.14e-07,0,1.41e-05,0.000327,0.00835,1,1,-0.031,0.753064,0.229751,6.647826071522846,9,0.227477,6.255288556922517,9,0.167775,-0.33135,-0.020904,-9.0165,-0.5688,8.447700000000001,O6,O1 py
discovery,TMP,cation,20.0,1,moread_lower,-0.13829719592473494,9,-0.116,0.116,3.1899999999999996e-05,8e-07,0,1.38e-05,0.000323,0.00834,1,1,-0.03,0.753064,0.229734,6.6474220346900115,9,0.227497,6.254165500346498,9,0.167885,-0.328256,-0.017633,-8.9323,-0.4798,8.4525,O6,O1 py
discovery,TMP,cation,28.0,1,moread_lower,-0.13691144995535903,9,-0.116,0.116,3.1791999999999996e-05,7.92e-07,0,1.37e-05,0.000321,0.00834,1,1,-0.03,0.753065,0.229722,6.64717712760086,9,0.22751,6.253420689038146,9,0.167957,-0.326195,-0.015452,-8.8762,-0.4205,8.4557,O6,O1 py
discovery,TMP,cation,40.0,1,moread_lower,-0.13586656480715778,9,-0.116,0.116,3.1688e-05,7.88e-07,0,1.35e-05,0.000319,0.00834,1,1,-0.03,0.753065,0.229714,6.646990363082725,9,0.22752,6.252876635188289,9,0.168012,-0.32465,-0.013816,-8.8342,-0.376,8.4582,O6,O1 py
discovery,TMP,cation,80.0,1,moread_lower,-0.13464164771204054,9,-0.116,0.116,3.1482999999999997e-05,7.83e-07,0,1.34e-05,0.000317,0.00834,1,1,-0.03,0.753065,0.229704,6.646805949917292,9,0.227531,6.252264149980099,9,0.168076,-0.322848,-0.011908,-8.7852,-0.324,8.4612,O6,O1 py
discovery,TMP,cation,200.0,1,moread_lower,-0.13390334321067243,9,-0.116,0.116,3.1479e-05,7.79e-07,0,1.33e-05,0.000315,0.00834,1,1,-0.03,0.753066,0.229698,6.64667805930304,9,0.227538,6.251861920666421,9,0.168114,-0.321768,-0.010763,-8.7558,-0.2929,8.462900000000001,O6,O1 py
discovery,TMP,cation,1000.0,1,moread_lower,-0.13350863397054735,9,-0.115,0.115,3.1379e-05,7.79e-07,0,1.32e-05,0.000315,0.00834,1,1,-0.03,0.753066,0.229695,6.6466207943737405,9,0.227542,6.251692977766447,9,0.168134,-0.321192,-0.010152,-8.7401,-0.2763,8.463799999999999,O6,O1 py
discovery,TMP,neutral,5.0,0,coincident,1.456845584388946e-06,10,-0.146,0.146,4.697e-05,1.7e-07,1,9.86e-06,0.000161,0.00695,0,0,,,,,,,,,0.0,-0.272877,0.028716,-7.4254,0.7814,8.2068,,
discovery,TMP,neutral,7.0,0,coincident,1.5869119127506182e-06,10,-0.145,0.145,4.6362999999999996e-05,1.63e-07,1,9.73e-06,0.000161,0.00691,0,0,,,,,,,,,0.0,-0.27367,0.028391,-7.4469,0.7726,8.2195,,
discovery,TMP,neutral,10.0,0,coincident,4.8900162981946356e-08,10,-0.145,0.145,4.5859e-05,1.59e-07,1,9.64e-06,0.00016,0.00687,0,0,,,,,,,,,0.0,-0.274272,0.028136,-7.4633,0.7656,8.2289,,
discovery,TMP,neutral,14.0,0,coincident,4.9002251004873176e-09,10,-0.145,0.145,4.5456e-05,1.56e-07,1,9.57e-06,0.00016,0.00685,0,0,,,,,,,,,0.0,-0.274676,0.02796,-7.4743,0.7608,8.235100000000001,,
discovery,TMP,neutral,20.0,0,coincident,1.9948618395190922e-07,10,-0.145,0.145,4.5252999999999995e-05,1.53e-07,1,9.53e-06,0.00016,0.00684,0,0,,,,,,,,,0.0,-0.274982,0.027824,-7.4826,0.7571,8.2397,,
discovery,TMP,neutral,28.0,0,coincident,1.2451954578264838e-07,10,-0.145,0.145,4.5052e-05,1.52e-07,1,9.5e-06,0.00016,0.00683,0,0,,,,,,,,,0.0,-0.275186,0.027732,-7.4882,0.7546,8.2428,,
discovery,TMP,neutral,40.0,0,coincident,3.2838623399105384e-07,10,-0.145,0.145,4.485e-05,1.5e-07,1,9.48e-06,0.000159,0.00682,0,0,,,,,,,,,0.0,-0.275339,0.027663,-7.4924,0.7527,8.2451,,
discovery,TMP,neutral,80.0,0,coincident,4.210976266908672e-07,10,-0.145,0.145,4.4847e-05,1.47e-07,1,9.45e-06,0.000159,0.00681,0,0,,,,,,,,,0.0,-0.275519,0.02758,-7.4973,0.7505,8.2478,,
discovery,TMP,neutral,200.0,0,coincident,5.231144973592828e-07,10,-0.145,0.145,4.4646e-05,1.46e-07,1,9.43e-06,0.000159,0.0068,0,0,,,,,,,,,0.0,-0.275627,0.02753,-7.5002,0.7491,8.2493,,
discovery,TMP,neutral,1000.0,0,coincident,5.532613998872177e-07,10,-0.145,0.145,4.4645000000000004e-05,1.45e-07,1,9.42e-06,0.000159,0.0068,0,0,,,,,,,,,0.0,-0.275685,0.027504,-7.5018,0.7484,8.2502,,
holdout,DEC,anion,5.0,1,moread_lower,-0.11983301318944413,11,-0.165,0.165,1.3307e-05,8.87e-07,0,0.000105,0.00134,0.00393,1,1,-0.03,0.755308,0.73997,1.969363005837841,4,0.435555,3.4186576512677105,4,0.381215,0.093848,0.108242,2.5537,2.9454,0.3916999999999997,C3,C3 py
holdout,DEC,anion,20.0,1,moread_lower,-0.058581701743683386,42,-0.164,0.164,1.5254e-05,1.54e-07,1,0.000193,0.0059,0.00384,1,1,-0.027,0.750914,1.636152,3.4850107399888723,6,0.416559,4.331802426365261,6,1.123932,0.001798,0.045148,0.0489,1.2285,1.1796,C3,C3 s
holdout,DEC,anion,200.0,1,moread_lower,-0.06410796037952489,29,-0.163,0.163,2.1274e-05,4.74e-07,1,0.000321,0.0103,0.00382,1,1,-0.026,0.750857,1.671933,3.486733445611965,6,0.426472,4.205896289918194,6,1.148871,-0.012948,0.035312,-0.3523,0.9609,1.3132,C3,C3 s
holdout,DEC,cation,5.0,0,coincident,4.774019555538151e-06,16,-0.121,0.121,7.381e-06,6.11e-07,0,1.69e-05,0.000145,0.00424,1,1,-0.025,0.754773,0.269526,6.950697677020796,8,0.257651,6.636500345871963,9,0.225603,-0.369689,-0.088474,-10.0598,-2.4075,7.6522999999999985,O2,O2 py
holdout,DEC,cation,20.0,0,coincident,3.080335945111889e-07,16,-0.12,0.12,1.1198999999999999e-05,5.49e-07,0,1.49e-05,0.000134,0.00417,1,1,-0.025,0.754848,0.270601,6.970826643331946,8,0.258497,6.646256400194513,9,0.224471,-0.346796,-0.064722,-9.4368,-1.7612,7.675599999999999,O2,O2 py
holdout,DEC,cation,200.0,0,coincident,-2.3479807532100393e-05,14,-0.12,0.12,0.000139334,8.34e-07,0,4.16e-05,0.000348,0.00416,1,1,-0.025,0.754976,0.272188,6.95405544652951,8,0.259807,6.627291194505594,9,0.224566,-0.339872,-0.057515,-9.2484,-1.5651,7.6833,O2,O2 py
holdout,DEC,neutral,5.0,0,coincident,-2.640599520295746e-07,10,-0.126,0.126,3.5331000000000004e-05,2.31e-07,1,1.33e-05,0.000151,0.00706,0,0,,,,,,,,,0.0,-0.263016,0.009075,-7.157,0.2469,7.4039,,
holdout,DEC,neutral,20.0,0,coincident,-1.7341816197636858e-07,10,-0.126,0.126,3.0907999999999996e-05,2.08e-07,1,1.3e-05,0.000149,0.00702,0,0,,,,,,,,,0.0,-0.265335,0.007159,-7.2201,0.1948,7.4149,,
holdout,DEC,neutral,200.0,0,coincident,-1.8506547731938294e-07,10,-0.126,0.126,2.97e-05,2e-07,1,1.3e-05,0.000148,0.00701,0,0,,,,,,,,,0.0,-0.266056,0.006552,-7.2398,0.1783,7.4181,,
holdout,EA,anion,5.0,0,coincident,4.3082970885224545e-06,10,-0.15,0.15,1.6323e-05,4.43e-07,0,1.92e-05,0.000367,0.00525,1,1,0.008,0.756047,0.83151,2.469620345006564,5,0.477576,3.1662659696689124,4,0.584282,0.066421,0.122168,1.8074,3.3243,1.5169000000000001,C3,C3 pz
holdout,EA,anion,20.0,0,coincident,-5.326365256795479e-07,10,-0.148,0.148,1.5377000000000002e-05,4.17e-07,0,1.85e-05,0.000384,0.00517,1,1,0.012,0.75607,0.837548,2.443586433901117,5,0.481277,3.1586375927261736,4,0.588269,0.037185,0.095474,1.0119,2.598,1.5860999999999998,C3,C3 pz
holdout,EA,anion,200.0,0,coincident,-4.3943634790026675e-07,10,-0.147,0.147,1.5181000000000001e-05,4.11e-07,0,1.86e-05,0.000389,0.00514,1,1,0.013,0.756077,0.83936,2.435881488288925,5,0.482392,3.156309461976522,4,0.589464,0.028329,0.08729,0.7709,2.3753,1.6044,C3,C3 pz
holdout,EA,cation,5.0,0,coincident,-1.7611761678866985e-06,32,-0.0931,0.0931,5.557e-06,6.97e-07,0,2.71e-05,0.000219,0.00477,1,1,-0.054,0.755861,0.81776,1.9737834138200732,4,0.752021,1.7669402739321785,3,0.746167,-0.357658,-0.144891,-9.7324,-3.9427,5.7897,O5,O5 px
holdout,EA,cation,20.0,0,coincident,-2.379798651058699e-06,28,-0.0918,0.0918,6.3859999999999995e-06,7.46e-07,0,3.95e-05,0.000451,0.00452,1,1,-0.052,0.755877,0.821093,1.9582681011837904,4,0.755281,1.751988587665506,3,0.749083,-0.332899,-0.118307,-9.0586,-3.2193,5.8393,O5,O5 px
holdout,EA,cation,200.0,0,coincident,-1.206199379856665e-06,28,-0.0914,0.0914,1.1549e-05,5.69e-07,1,2.8e-05,0.000272,0.00445,1,1,-0.051,0.755878,0.821858,1.9557701532993732,4,0.756003,1.74918022614256,3,0.749759,-0.325476,-0.110284,-8.8567,-3.001,5.855700000000001,O5,O5 px
holdout,EA,neutral,5.0,0,coincident,-4.993836723934758e-07,10,-0.101,0.101,2.4633e-05,4.33e-07,1,2.06e-05,0.000154,0.00915,0,0,,,,,,,,,0.0,-0.247233,-0.016819,-6.7275,-0.4577,6.2698,,
holdout,EA,neutral,20.0,0,coincident,-6.606115963594465e-07,10,-0.1,0.1,2.0846e-05,3.66e-07,1,1.95e-05,0.000144,0.00905,0,0,,,,,,,,,0.0,-0.249321,-0.017929,-6.7844,-0.4879,6.2965,,
holdout,EA,neutral,200.0,0,coincident,5.7592958134165e-07,10,-0.0999,0.0999,1.9749e-05,3.49e-07,1,1.92e-05,0.000141,0.00903,0,0,,,,,,,,,0.0,-0.24998,-0.018283,-6.8023,-0.4975,6.3048,,
holdout,FEC,anion,5.0,0,coincident,-5.196014319400193e-06,16,-0.115,0.115,6.409e-06,3.19e-07,0,0.000185,0.00473,0.00441,1,1,-0.029,0.754728,0.728062,2.530760482829643,4,0.386499,4.402806499422282,6,0.45973,0.060367,0.081664,1.6427,2.2222,0.5794999999999999,C1,C1 pz
holdout,FEC,anion,20.0,0,coincident,-7.284841996870517e-06,16,-0.113,0.113,1.0755e-05,8.55e-07,0,0.00044,0.0141,0.00401,1,1,-0.024,0.754438,0.84638,2.005488091395846,4,0.414695,4.001407955124816,5,0.496729,0.033081,0.05684,0.9002,1.5467,0.6465,C1,C1 pz
holdout,FEC,anion,200.0,0,coincident,1.2484313387956186e-06,18,-0.113,0.113,3.233e-06,3.43e-07,0,0.000129,0.00378,0.0039,1,1,-0.023,0.754247,0.891089,1.889764642441879,4,0.41994,3.932084885912133,5,0.501002,0.023495,0.04826,0.6393,1.3132,0.6738999999999999,C1,C1 pz
holdout,FEC,cation,5.0,0,coincident,-4.819668369668701e-07,17,-0.086,0.086,4.3700000000000005e-06,7.6e-07,1,2.8e-05,0.000221,0.00355,1,1,-0.029,0.759341,0.496121,4.0462994820450255,6,0.446066,3.7675990334250393,7,0.290129,-0.4052,-0.130038,-11.026,-3.5385,7.4875,O0,O0 py
holdout,FEC,cation,20.0,0,coincident,-1.3275619308697129e-06,18,-0.0832,0.0832,2.7019999999999997e-06,3.92e-07,0,9.78e-06,0.000116,0.00443,1,1,-0.03,0.759694,0.455347,4.23020269353291,7,0.409089,3.933562486224438,7,0.295945,-0.377557,-0.101735,-10.2738,-2.7684,7.5054,O0,O2 pz
holdout,FEC,cation,200.0,0,coincident,-4.861177978506036e-06,18,-0.0824,0.0824,2.981e-06,3.91e-07,0,1.07e-05,0.000117,0.00423,1,1,-0.03,0.759789,0.441551,4.282143069126845,7,0.39659,3.9783856552293266,7,0.306123,-0.369224,-0.09324,-10.0471,-2.5372,7.5099,O0,O2 pz
holdout,FEC,neutral,5.0,0,coincident,1.6359450995200147e-07,10,-0.0818,0.0818,1.4604000000000001e-05,3.24e-07,1,1.67e-05,0.000145,0.00452,0,0,,,,,,,,,0.0,-0.293591,-0.01169,-7.989,-0.3181,7.6709,,
holdout,FEC,neutral,20.0,0,coincident,9.852422285373744e-07,10,-0.081,0.081,1.5697999999999998e-05,2.88e-07,1,1.58e-05,0.000135,0.00441,0,0,,,,,,,,,0.0,-0.295562,-0.012482,-8.0426,-0.3397,7.7029000000000005,,
holdout,FEC,neutral,200.0,0,coincident,1.2641869236673243e-06,10,-0.0808,0.0808,1.6117e-05,2.77e-07,1,1.56e-05,0.000132,0.00439,0,0,,,,,,,,,0.0,-0.29605,-0.012754,-8.0559,-0.3471,7.708799999999999,,
holdout,MA,anion,5.0,0,coincident,-1.4394009067742693e-06,10,-0.13,0.13,1.4089e-05,5.39e-07,0,2.85e-05,0.000287,0.00523,1,1,0.003,0.756057,0.828974,2.4309013860052597,4,0.478635,3.1714908805090025,4,0.663395,0.065824,0.117419,1.7912,3.1951,1.4039000000000001,C2,C2 py
holdout,MA,anion,20.0,0,coincident,-9.985214054589916e-07,10,-0.128,0.128,1.3543e-05,5.43e-07,0,2.64e-05,0.000321,0.00513,1,1,0.007,0.756081,0.834729,2.408451021479681,4,0.482279,3.163169858189695,4,0.667788,0.03638,0.090636,0.99,2.4663,1.4763,C2,C2 py
holdout,MA,anion,200.0,0,coincident,-1.0337881770155292e-06,10,-0.128,0.128,1.3437e-05,5.47e-07,0,2.6e-05,0.000329,0.00511,1,1,0.008,0.756088,0.836464,2.4016861797870255,4,0.483384,3.160599224814135,4,0.669111,0.027487,0.082504,0.748,2.245,1.497,C2,C2 py
holdout,MA,cation,5.0,0,coincident,6.589944292689921e-06,11,-0.0414,0.0414,5.7973e-05,3.73e-07,1,2.68e-05,0.000241,0.00392,1,1,0.003,0.756089,0.832426,1.9339684478692118,3,0.762137,1.7264277482344181,3,0.737963,-0.382594,-0.149129,-10.4109,-4.058,6.3529,O4,O4 px
holdout,MA,cation,20.0,0,coincident,4.974678204965492e-06,11,-0.041,0.041,5.8024000000000006e-05,6.24e-07,1,2.97e-05,0.000258,0.0039,1,1,0.003,0.756081,0.83311,1.9299906108982428,3,0.762942,1.7229085721746082,3,0.738668,-0.355393,-0.121357,-9.6707,-3.3023,6.3684,O4,O4 px
holdout,MA,cation,200.0,0,coincident,6.145120481397926e-06,11,-0.0408,0.0408,5.806e-05,6.6e-07,1,3.01e-05,0.00026,0.0039,1,1,0.004,0.756078,0.833319,1.9287515492978529,3,0.76319,1.7218074669980095,3,0.738885,-0.347233,-0.113014,-9.4487,-3.0753,6.3734,O4,O4 px
holdout,MA,neutral,5.0,0,coincident,-2.969585908118552e-07,10,-0.0803,0.0803,3.0836e-05,4.36e-07,1,2.33e-05,0.000157,0.00879,0,0,,,,,,,,,0.0,-0.249562,-0.018221,-6.7909,-0.4958,6.2951,,
holdout,MA,neutral,20.0,0,coincident,1.6370278512783295e-07,10,-0.0797,0.0797,2.7264000000000002e-05,3.64e-07,1,2.15e-05,0.000143,0.00868,0,0,,,,,,,,,0.0,-0.251417,-0.019104,-6.8414,-0.5198,6.3216,,
holdout,MA,neutral,200.0,0,coincident,3.808223548580109e-07,10,-0.0795,0.0795,2.6345e-05,3.45e-07,1,2.11e-05,0.000139,0.00864,0,0,,,,,,,,,0.0,-0.252003,-0.019387,-6.8574,-0.5275,6.3299,,
holdout,TEGDME,anion,5.0,0,coincident,-6.91169944555541e-07,18,-0.201,0.201,6.891999999999999e-06,5.22e-07,0,0.000128,0.00464,0.00656,1,1,-0.028,0.75082,0.28687,10.00171228901972,10,0.127457,12.712788656084067,12,0.205239,0.070244,0.070993,1.9114,1.9318,0.020399999999999974,C0,C2 px
holdout,TEGDME,anion,20.0,1,moread_lower,-0.12051870025697621,20,-0.199,0.199,6.527e-06,9.17e-07,0,0.000172,0.00787,0.00656,1,1,-0.016,0.751657,0.892095,3.463399736702593,4,0.361147,4.7668385408496725,6,0.418434,0.043401,0.054385,1.181,1.4799,0.29889999999999994,C14,C14 py
holdout,TEGDME,anion,200.0,1,moread_lower,-0.1425925522643189,18,-0.198,0.198,7.779000000000001e-06,6.99e-07,0,0.000279,0.0226,0.00656,1,1,-0.013,0.751716,0.938425,3.3134692403114445,4,0.374596,4.566699459223633,6,0.436026,0.033485,0.05172,0.9112,1.4074,0.4962,C14,O13 s
holdout,TEGDME,cation,5.0,0,coincident,2.8742326011284504e-06,17,-0.104,0.104,3.729e-06,1.19e-07,0,2.51e-06,2.7e-05,0.00969,1,1,-0.069,0.751966,0.192107,9.545081284410404,18,0.186883,8.50407074852696,15,0.101422,-0.274332,0.005312,-7.465,0.1445,7.6095,O1,O1 py
holdout,TEGDME,cation,20.0,0,coincident,7.040673741429411e-06,17,-0.102,0.102,9.422e-06,5.22e-07,0,5.79e-06,6.65e-05,0.0094,1,1,-0.055,0.751998,0.20025,9.337017968073349,18,0.194376,8.36876049031205,15,0.106266,-0.255574,0.022103,-6.9545,0.6015,7.556,O4,O4 px
holdout,TEGDME,cation,200.0,0,coincident,-6.134753906706175e-06,17,-0.102,0.102,1.8747000000000002e-05,8.27e-07,0,8.77e-06,8.81e-05,0.00932,1,1,-0.051,0.752019,0.205357,9.210677038832467,17,0.199401,8.272502543738696,14,0.108902,-0.249631,0.027161,-6.7928,0.7391,7.531899999999999,O4,O4 px
holdout,TEGDME,neutral,5.0,0,coincident,-3.0581797505603168e-06,9,-0.143,0.143,1.606652e-05,6.52e-09,0,1.03e-05,0.000108,0.0128,0,0,,,,,,,,,0.0,-0.209263,0.051468,-5.6943,1.4005,7.0948,,
holdout,TEGDME,neutral,20.0,0,coincident,-2.9042433862924827e-06,9,-0.142,0.142,1.57868e-05,2.68e-08,0,1.01e-05,0.000104,0.0131,0,0,,,,,,,,,0.0,-0.209854,0.051114,-5.7104,1.3909,7.1013,,
holdout,TEGDME,neutral,200.0,0,coincident,-2.935401888320329e-06,9,-0.141,0.141,1.57019e-05,3.19e-08,0,1.01e-05,0.000103,0.0132,0,0,,,,,,,,,0.0,-0.210047,0.050983,-5.7157,1.3873,7.103,,
holdout,VC,anion,5.0,0,coincident,2.284994453888886e-06,10,-0.119,0.119,3.5746999999999995e-05,3.47e-07,1,4.11e-05,0.00107,0.00672,1,1,-0.015,0.755125,0.562785,2.585625093819459,3,0.412929,3.0648450843936432,4,0.475488,0.039388,0.059126,1.0718,1.6089,0.5370999999999999,C3,C3 pz
holdout,VC,anion,20.0,0,coincident,8.932686538214411e-07,10,-0.118,0.118,3.4215000000000004e-05,3.45e-07,1,4.01e-05,0.00104,0.00664,1,1,-0.015,0.755144,0.562091,2.5892491406522242,3,0.412749,3.067023596861682,4,0.475085,0.012839,0.032244,0.3494,0.8774,0.528,C3,C3 pz
holdout,VC,anion,200.0,0,coincident,1.0722645341413569e-06,10,-0.118,0.118,3.3725e-05,3.45e-07,1,3.99e-05,0.00103,0.00661,1,1,-0.015,0.75515,0.56188,2.590380720812977,3,0.412695,3.0677087682567885,4,0.474962,0.004875,0.024166,0.1327,0.6576,0.5248999999999999,C3,C3 pz
holdout,VC,cation,5.0,0,coincident,-1.057687601897988e-05,10,-0.0691,0.0691,3.9917e-05,6.17e-07,0,2.66e-05,0.000362,0.00643,1,1,0.032,0.756641,0.377161,4.419178363474358,5,0.294211,4.803533005683184,5,0.315937,-0.369619,-0.161849,-10.0578,-4.4041,5.653700000000001,C4,C4 pz
holdout,VC,cation,20.0,0,coincident,-9.216523724503718e-06,10,-0.067,0.067,3.8394e-05,5.94e-07,0,2.59e-05,0.000332,0.00581,1,1,0.038,0.756281,0.385996,4.256970937801996,5,0.301636,4.689929056308965,5,0.323374,-0.341088,-0.132523,-9.2815,-3.6061,5.6754,C4,C4 pz
holdout,VC,cation,200.0,0,coincident,-9.442323869759128e-06,10,-0.0664,0.0664,3.8307e-05,6.07e-07,0,2.59e-05,0.000325,0.00562,1,1,0.04,0.756179,0.388749,4.2044868888217914,5,0.303959,4.6520881323278545,5,0.325692,-0.332518,-0.123683,-9.0483,-3.3656,5.682699999999999,C4,C4 pz
holdout,VC,neutral,5.0,0,coincident,3.2264455609553334e-07,10,-0.0731,0.0731,1.7652e-05,3.52e-07,1,2e-05,0.000154,0.00435,0,0,,,,,,,,,0.0,-0.230748,-0.023709,-6.279,-0.6452,5.6338,,
holdout,VC,neutral,20.0,0,coincident,2.3587917201591666e-06,10,-0.0725,0.0725,1.9182e-05,3.02e-07,1,1.86e-05,0.00014,0.00431,0,0,,,,,,,,,0.0,-0.229593,-0.021149,-6.2475,-0.5755,5.672,,
holdout,VC,neutral,200.0,0,coincident,3.2968491738574107e-06,10,-0.0723,0.0723,1.9706e-05,2.86e-07,1,1.82e-05,0.000136,0.00431,0,0,,,,,,,,,0.0,-0.229226,-0.020344,-6.2375,-0.5536,5.6838999999999995,,
